f0,sigma,gain
4.939093581161494,1.1515172294844427,3.4086052557305086e-12
6.839970501667268,1.1517234540808232,-1.2368160255690983e-12
10.00755396836835,1.1522149725521817,-6.7647992231765e-12
14.441779585650847,1.153213501114604,2.5984373592985413e-12
17.4102715893943,1.1540843623680244,-5.940142233683691e-12
19.310567977081632,1.1547270643289171,2.1553868767036503e-12
20.142699054346387,1.1550294424706111,3.6487710379641705e-12
22.477704251805577,1.1559460450744623,1.1788947529152643e-11
26.911661925967792,1.1579630208207463,-4.528270532283488e-12
27.110361070036454,1.158061885809158,-5.331259477258815e-13
32.61243104053219,1.1610883942702894,-6.358676233060188e-12
35.34479629477218,1.162798606805634,1.9423305814492576e-12
38.19315383594717,1.1647278265728245,-1.2900034854370196e-13
39.58000857550306,1.165721254612047,9.29073141267678e-13
40.09339960124817,1.1660979908079039,4.680791180016855e-14
43.26047309649865,1.1685294086770937,2.560171479907536e-13
44.846022705297855,1.169816067621863,-4.032052766763963e-12
47.69437131441765,1.1722437963964798,-9.833913159057131e-14
47.814395113448235,1.1723493775214084,-3.384879511096763e-12
53.395091576262814,1.1775515566685832,-1.3808951197196318e-13
55.61405088949382,1.1797794169061038,-4.160482661199879e-12
57.31559252100737,1.1815492251601976,7.026616505360611e-12
60.362631973351945,1.1848517786823587,2.0176408453856524e-14
67.2888167596245,1.1929949861970879,6.609351274991435e-12
67.64888725248755,1.1934424897930491,5.838900999867813e-12
68.0836028250602,1.1939859461766733,7.250429542693114e-12
68.59699139957333,1.194632238113196,-7.350842863456532e-14
69.18905296775345,1.1953835976160287,-2.39820998845381e-12
72.35611276789837,1.1995124274583207,-1.3117074321021718e-11
76.78999548201374,1.2056031919400503,5.038418865114478e-12
78.09816937279935,1.207469397122919,1.5259494278360953e-13
80.11842779722772,1.210413375705528,-1.0175390958221638e-11
80.95053579625484,1.2116478079038262,2.0463342717697404e-12
82.49070038212383,1.2139662937637379,7.075034553767311e-12
88.866165814523,1.224028404359786,1.574554092940832e-13
89.45822680578539,1.2250008221183386,-1.0337408891939462e-12
93.42006886074448,1.2316740353678894,-3.566124824573424e-12
95.51899910277804,1.235326579345997,-1.71870372277162e-12
97.69257422286918,1.2391945526792418,3.7662134442424945e-12
100.90098086968304,1.24506309495849,-2.20975898219044e-13
104.69742012267857,1.252252150978358,-4.3071777685828356e-12
106.59765360068374,1.255950194490835,1.5628638893863968e-12
107.19374225520943,1.2571239476082718,-7.818219887827829e-12
107.9885271176291,1.2586991332713193,2.9951663476184654e-12
109.76470924701465,1.2622614111556871,8.54812584174136e-12
111.35427888842437,1.265498698713558,3.811706965637892e-13
114.1985868624223,1.271407517189001,-3.2834330632300083e-12
114.20261478524449,1.2714159905401585,-7.744444891730843e-14
117.96173066417661,1.279454155553687,-8.067245406918105e-12
119.89928621250071,1.283698915293297,-4.610652851608789e-12
123.8238034084703,1.2925085640098137,-6.642619863775164e-13
126.86680705723666,1.29953469465753,6.736673614040931e-13
128.4563763255352,1.3032727470869394,-4.801147740636989e-12
128.77106783822643,1.3040182992123532,6.504510898590986e-14
129.9965393229401,1.30693901165018,1.1321723065612865e-11
135.10114917469852,1.3194026309570897,-2.4543623779800775e-12
140.92589837199316,1.3342109086638037,8.366906689710757e-12
143.29816818567542,1.3404210375188783,3.9678737316361694e-12
144.60231237612282,1.3438791863538002,5.094969308232204e-12
144.60634029761124,1.3438899155690702,-1.442557185314567e-14
146.82529223464508,1.349845992033007,-1.0609052535638675e-13
150.41900529289657,1.3596845762934766,-4.214539285811719e-14
152.31923776870997,1.3649830368091642,1.529249865005058e-14
155.37029651251586,1.3736295094959199,5.257253111859117e-12
155.4862918433664,1.3739616151460345,8.364272530473721e-14
157.8666172603644,1.380831441267344,-3.3325917767986177e-12
159.29481249459843,1.385003434800154,1.848827591536213e-13
159.92016744576722,1.3868420275201734,-3.212812628091655e-14
161.70843240689265,1.3921394206907407,1.8170149458688424e-13
165.62086448785405,1.4039346766341017,-4.511485937857407e-14
166.4610272027585,1.40650438760506,6.978319796344234e-12
167.40510147464298,1.4094074355181416,-7.378125942991186e-12
172.5883828732507,1.4256386516767743,6.591778911069021e-15
173.70188658761137,1.429190117489573,7.390952775844202e-13
178.93054614872102,1.446172096472165,-1.2161037773354294e-11
180.07734437815333,1.4499640821442294,4.0150403907450505e-15
180.70672718884038,1.4520554860415926,-2.5857783186744583e-12
180.82272250532642,1.4524417283235809,-2.401572726535351e-14
187.36358165813598,1.474622574342833,-1.0527340347394568e-12
190.3238832936743,1.4849203687363453,4.9853832599102145e-14
190.80397622549296,1.4866056472659959,-9.309488042045763e-12
195.2751736108329,1.502504869173835,2.1717781821203695e-12
199.71307639206108,1.5186498539828366,-2.6409736502232683e-13
199.83309962159927,1.5190915342195703,1.8345873135040525e-12
201.09186515853258,1.5237397215633262,5.144175495765762e-14
204.45358673624122,1.536296463158583,-2.378979757203365e-12
206.3538187771356,1.543486325587156,8.632151867152556e-13
209.17288623942756,1.5542752981634784,-2.0571081292758543e-13
209.52087215779093,1.555617240445502,4.721377927339254e-12
209.532955918783,1.5556638792724942,-2.5681655552809805e-12
211.11044071913227,1.561775479508865,-4.816523320884098e-13
213.1266680331526,1.5696536219392163,-7.219429072481646e-14
213.9547468488974,1.5729109239497072,-1.8135350149900367e-12
219.6554428129843,1.5956777788022918,-2.546596273210442e-12
220.61562860057285,1.5995713767462956,3.9841138274037266e-14
222.00247313656175,1.6052250750685384,4.4755116175398e-12
226.42829186443907,1.6235045914851427,-2.5301599038560644e-14
226.62296000731334,1.6243168941922113,3.7208576509222486e-13
228.21252850895647,1.6309758981271125,6.066789443450964e-12
228.80861669580923,1.6334850242353203,1.3531039640680642e-11
232.96915022461906,1.6511803159066463,-3.1898106273475034e-13
234.85729838682298,1.6593160457948546,-1.3556141238312702e-12
240.99673661233228,1.6862238383086678,2.125064050517093e-14
242.78500113061617,1.6941919774607759,9.719321701030272e-14
244.35845790679596,1.7012516957720467,2.8140952950962112e-12
245.43866686871417,1.7061247325316722,5.558844424353995e-13
246.58143698711163,1.7113033925954446,1.3405719244997592e-13
249.71116765828063,1.7256094660212549,-2.0412618820423944e-12
255.126438525024,1.7507889927720455,2.9037279155521658e-12
256.832002248408,1.7588312570037878,-4.712920291095017e-15
257.6721647592744,1.7628125842443276,-3.6137473347799217e-12
266.2171661679451,1.804043916967159,-8.817876915615188e-12
266.22119408787506,1.8040636696388792,1.2071957548414063e-14
266.801170560317,1.8069109582291147,5.129964281821636e-12
267.16124020336315,1.8086817719295434,-4.0751432479552925e-12
268.70140238851127,1.816283207480248,-1.8614125836188202e-12
270.14168095651536,1.82343120660801,6.297632989886341e-12
271.86845542605204,1.8320514337095277,-1.0181043726249739e-11
271.8805391857614,1.8321119505474512,-4.979695967957654e-12
273.93408875409807,1.8424354286509326,5.93629135089529e-14
276.3023296594471,1.85443735313304,3.910654355326971e-12
280.4628629086765,1.8757725548656683,-1.4281961702795453e-12
282.0030250710839,1.883751368453305,5.491405595295785e-12
283.6419996651427,1.8922900707710095,3.65189849934767e-12
287.11971607030114,1.910572111781991,1.3302444326097225e-12
288.970541640318,1.9203925688592784,-8.023546971671917e-13
290.92420756028264,1.9308271532796444,1.3676357171145882e-13
292.3029961188257,1.9382336208169684,1.311735441470008e-15
295.03130661323587,1.952992549687982,1.1995318303658306e-12
295.3167313315918,1.9545444913265122,-6.185067544432678e-13
296.1115155103558,1.9588738837830233,-6.364117693839733e-12
297.2048793446432,1.9648487300263495,2.9232054235795594e-12
306.7060381608331,2.0176963141163426,-6.068228745206817e-12
309.28908671532065,2.0323513040661085,3.2451546766452493e-12
310.86657129469455,2.0413616509904813,-2.660294347945711e-13
310.87865505396263,2.0414308484585986,5.392733670246303e-12
311.93872433824407,2.0475117875551945,-8.628196010812107e-14
316.8940416210692,2.076211814868543,-1.3820736644696264e-13
317.47401806596116,2.0796004697775152,-6.261508021724762e-12
320.01974414335433,2.0945477883574757,-7.007079600015572e-12
323.34817061895455,2.1142708370286183,-9.39784797040777e-12
327.968656935755,2.1419884398535958,3.350847300040066e-12
329.50881903823887,2.1513150321445607,8.787508637677052e-12
332.7252781249157,2.1709335073321148,4.030666459567377e-13
332.8412734126826,2.171644569405345,1.3016290922247692e-14
337.4617597015569,2.200170153799808,3.765387402752398e-13
339.36199141598024,2.212015774783176,-1.3662744447207327e-13
339.3821310143757,2.2121416767654356,-4.4030649135527695e-12
342.52904426865746,2.2319062872328472,-7.47287231531316e-13
342.8104410576423,2.233682522838607,3.079715502362869e-12
344.1306963313441,2.2420357273774805,-2.0408980060457848e-13
345.98957766308075,2.253851228125814,7.0810501672998905e-12
346.3375635236477,2.256070183844191,7.404325495987593e-14
346.96291825281565,2.2600634073649073,2.870414628209794e-13
351.8516463541629,2.2915288258031357,7.67316375115373e-12
352.6636133594853,2.296797537881877,4.0306830688158385e-13
355.0106433458424,2.312095293393589,3.175345706357912e-14
357.37888410632473,2.3276341499672153,-2.5866302184796967e-12
357.4282903207531,2.327959421579048,4.566351073536699e-12
359.63112957795084,2.3425077679727115,-5.889269644837887e-14
365.9732910495149,2.384892837015567,-4.870337521894019e-12
367.86546689625567,2.3976818733128002,2.1456272199159945e-13
369.15242761740507,2.406418001636297,-2.1335120269229427e-12
372.6341717422417,2.4302056502647993,1.666353911471881e-13
373.2141481688343,2.4341898081243825,5.736567166031198e-13
373.2262319276631,2.4342728836034317,1.0456531192912493e-11
377.36662530171776,2.4628963160639676,-4.4540671059776514e-13
378.4468341437405,2.4704159730325284,3.9439579874984785e-15
381.62194277459844,2.4926432960513516,3.71804298382975e-12
383.3981233236137,2.505158433292379,-4.6145541021020456e-12
386.8758395077722,2.5298310399074584,7.347271676176067e-13
388.1346047814204,2.5388162448744716,-4.595932226801436e-13
390.31623323216866,2.554458078390538,-7.225648565275219e-12
400.1694053226493,2.6261954948790045,6.450008473253987e-13
400.1895449204813,2.6263439555023913,8.060042450995029e-14
401.72970696935135,2.637719514248672,-8.537553354536249e-12
402.4044678966874,2.6427170294752735,8.074340739894752e-14
403.14984581388507,2.648247308321202,4.4681167430666964e-14
408.68513928570377,2.6896362283325486,-1.5966417897535998e-13
409.0452088954954,2.6923481195460317,1.7923781848484227e-12
410.6347771530178,2.7043486154440144,-6.8142729163492844e-12
412.65905992841596,2.719698380204476,-1.4046126322055425e-13
413.4710269132555,2.7258765876986946,2.2605022772471922e-13
416.4353557129394,2.7485350878046972,-7.111823280239645e-12
418.33558736211927,2.7631450654299745,2.5805317633395983e-12
421.5026401082444,2.7876428389494947,1.411428167518132e-11
425.9365139476697,2.8222501245793437,-5.421454154709562e-12
428.0394695419358,2.8387907314411036,-1.898578287703001e-13
428.3208663210327,2.841010212003713,1.0502213125805636e-11
429.1196783646455,2.8473186857450803,-4.5152805571057244e-14
431.50000281627166,2.8661865660063084,-4.1368816944468775e-12
431.6372088755178,2.8672773250220427,-7.612892975690636e-12
432.481399211864,2.8739960894438923,2.2262333532127856e-13
432.49348297043866,2.874092357281362,-1.4426631495159905e-12
433.4415848308423,2.881653997440115,-3.050346107781921e-15
438.6047248858811,2.9231235294665456,1.1123268299916898e-12
439.1382518270349,2.9274367274922954,5.563718178728112e-12
443.8747331984282,2.965957820700228,4.2106199406423113e-14
444.9629978554363,2.974866897180152,2.5141090201394733e-12
446.8390619720559,2.990276513588242,-4.0525196153696874e-12
449.2234143317501,3.009954669943766,-1.584337239161131e-12
456.34022012678884,3.0693127395489572,8.412546452770525e-12
456.35633180478766,3.06944817827607,-6.667673045884965e-14
457.1844104576733,3.0764156496000776,2.522102163599405e-12
460.97681787362944,3.108486436556498,-5.303597725802864e-13
462.53711949292676,3.121758171307553,1.5628416760728785e-13
465.74552257528103,3.1491893730769647,5.4597974827466276e-14
466.06424180577034,3.1519247123772884,5.610601701288061e-12
467.10819934252197,3.1608973559969487,8.680488797815938e-12
468.9085473622165,3.176418215381998,2.695905047272876e-12
471.39278331320685,3.1979329291788754,-3.8650127428960964e-12
478.53375658879537,3.2604103523824577,-9.777515897530622e-12
479.1429996116229,3.265784198066909,-1.2182338926543245e-11
479.3457235596448,3.2675738465767794,-1.1719281802290998e-14
483.15424263492173,3.3013361865000572,-2.5487230621148168e-12
484.8598061431384,3.3165425453725126,5.4440193394765185e-14
492.4446209265894,3.384815787379966,-4.269481647418364e-12
494.82897326225856,3.406497003221645,-4.800557772863999e-13
494.8410570206581,3.4066071490700462,-2.7973204998674236e-12
498.9814502497804,3.44450600481437,7.708574623861733e-13
499.3162811559531,3.4475846617899033,-2.1233463107613716e-13
499.9456637736099,3.4533772115443315,-1.0184653636428882e-13
500.9018214583445,3.462191212680685,1.67881850626808e-12
503.72195947803175,3.4882857438171118,5.0515483110355095e-12
505.6221910876545,3.5059510629939745,-1.8329589268270995e-12
507.0130632802213,3.5189233320436806,3.58590271799443e-12
508.7892437689378,3.535541072432802,-1.0025412580652439e-11
510.3908957464704,3.5505757731157397,-3.763673464099859e-12
513.223117519805,3.5772774883496807,3.850872977625782e-12
513.3713361562294,3.5786789377019073,-2.9256526357666395e-12
514.6301013883526,3.590597232979185,2.63790335866679e-14
518.9238123374553,3.6314707134471313,5.407456544273287e-12
519.531984177021,3.6372875920711114,-5.438553572467799e-12
519.8839979384952,3.6406575518090056,-1.16289530182386e-13
522.8483266657566,3.6691267266520518,-7.952722150180165e-13
525.8913282184619,3.6985198369141097,-7.900882735951621e-13
528.4118154180637,3.722995004697869,1.0878934170768903e-11
532.2496010748201,3.7604865348969403,1.8229438372840026e-12
534.125665158887,3.7789126344260056,2.8785130224495887e-12
534.1538605949654,3.7791900554694435,-6.353527743785968e-14
537.0062219547234,3.8073307365685007,-6.429229864200594e-12
538.8943697957676,3.826041168905464,3.0729608070817112e-12
539.9504110769706,3.836534552285506,1.0017055898966552e-11
542.053366621321,3.8574918145868557,-2.836897415618296e-13
543.6268231544054,3.8732255681446417,-5.975446987566349e-12
545.5018160566432,3.8920340822127484,5.495954025954728e-12
545.6672175487562,3.8936963735272947,-9.96552758293748e-16
549.4757365810852,3.9321115315154516,1.1204123430096543e-11
554.3948022004329,3.982123786718276,-6.1657645000484466e-12
558.3193165082417,4.0223440765109135,2.2134527512299453e-13
563.2493947013654,4.0732719300815345,3.255219389408989e-12
565.4895562947644,4.096560806660521,-3.523579720159536e-14
565.8203592781014,4.1000076908439,-7.089525708892871e-12
566.4296022922504,4.1063611252816035,8.653130217847221e-12
568.664664786632,4.129727819814008,1.4890042966085095e-12
570.2582609112226,4.146444432492535,2.433155798357738e-13
572.7384689011036,4.172554546618461,8.115813743230262e-12
574.377443317186,4.189870848904112,-1.3432070015870943e-13
577.9550429545848,4.22784125338157,-1.4559385929205854e-11
577.9711546322493,4.228012785934487,1.783721521948399e-14
579.7312234251192,4.24678010545575,3.0326165577476576e-12
586.8469578831182,4.3232356986864655,2.3407864435486105e-13
590.192566956199,4.359505228029041,-3.991861781390805e-13
594.2996655943844,4.404311935348279,-2.5470684918903167e-12
598.8575904116591,4.454400723437212,2.1963891700265293e-12
599.3215715294812,4.459521051049686,1.662379820526118e-13
599.3537948847328,4.459876803597995,-1.2466227859983881e-11
599.701780723083,4.463719858272581,-5.625188256200441e-14
600.6579383944619,4.474290871275727,-2.1213428286574243e-12
601.2218031140027,4.480532696687807,-6.031959931850533e-14
601.2419427110307,4.4807557447465864,-6.6263875640535355e-12
604.3888557540262,4.5156999168954,-3.2991944584159207e-13
607.62948212095,4.551875357722555,5.0833929987117154e-15
608.8227294483108,4.56524442788855,1.2672572261942904e-13
610.1349287955622,4.579976509553184,5.648819254616755e-13
611.54191264625,4.595807975604837,-6.936983587262647e-14
613.01548556453,4.61242780103734,1.0058971254319974e-12
614.5234241951732,4.629476632369778,1.7795021702699285e-13
616.162398603754,4.648054465177886,4.033990236521865e-13
621.0269588757552,4.703485813704006,5.3581145212466965e-12
621.4909399925374,4.708795619528038,-2.6000456866873184e-14
625.4850000791301,4.754667690564771,-1.7529612920249168e-12
627.2370130244108,4.774882409150898,-7.1151112644759134e-12
629.7252768379947,4.803689165038723,9.472692048823924e-14
631.0122374875517,4.818633122541906,-3.2108160577469225e-12
632.0057176092135,4.8301901031988255,1.0068470493261194e-12
636.7250159805604,4.885337190110621,-2.604465636136737e-13
636.7623384337733,4.8857749545693725,8.123915776026224e-12
639.2264347288691,4.914733731063653,-1.966416245135169e-13
643.3990512362067,4.964026591078965,5.95694340387332e-13
644.4631483437654,4.976648537694556,6.65506231049557e-13
645.6059182769836,4.990226901708286,-1.5722136538922095e-13
646.2675242381255,4.998099082509324,-3.8068351748130385e-14
646.3794915976703,4.999432134428863,-2.0756974724152384e-14
649.994413662287,5.0425944662510895,-2.0290455740663218e-13
652.9203487127028,5.077706530804434,4.389788088983004e-13
662.0292136352456,5.188025205735723,2.8475928868914386e-13
662.0493532321617,5.188270812435629,1.2129871097814329e-13
665.2416445496666,5.227295941278646,1.0341512349805804e-11
665.3898631834778,5.229112444986619,-7.650013909195848e-13
665.5764754490949,5.231400059996819,-3.9156763418198805e-12
669.1661588131429,5.275529595407901,7.539510767877592e-12
671.9025248528793,5.309328365190616,-4.863712220621591e-13
674.1335594048778,5.336987505588212,1.6972613810455893e-13
675.3308346446803,5.351868471138683,9.97980214577196e-14
675.363057999713,5.35226934096924,1.9504230229660116e-12
682.4838914929114,5.4413241407835145,7.949106380801928e-14
686.1441918392009,5.487464168401715,-1.5600911004665116e-12
686.1723872748323,5.487820544689093,-1.6613220201462026e-14
689.8992766875257,5.53505547056753,-8.381944874705476e-14
694.0920327753034,5.58850066252808,5.195582204584839e-12
694.3532899466187,5.591841633345398,-2.1711121642121177e-12
695.1359902818535,5.601858373329511,-7.619073113268778e-12
700.4140542467086,5.669699920557081,-1.1716552291696827e-12
701.6728194535466,5.685955233457614,-2.3567096589950774e-13
703.2341922038325,5.7061588843543465,1.2461735963279546e-12
705.1344237718101,5.7308078413634025,-4.521751580706528e-13
705.734539760771,5.738606098616259,1.858923771001568e-14
706.5615472084844,5.7493635862746935,-9.054256561454379e-12
708.3014763845816,5.772037247189216,-2.47318216222121e-12
708.313560142691,5.772194910103657,-3.805855600331762e-12
712.7353500413752,5.830068818047879,9.499765482465037e-13
712.7716013156935,5.8305447756820605,-1.271038338548419e-12
715.2679209517297,5.8633781940100995,8.511740058087553e-13
718.4360447411387,5.905212956641908,1.3339714117076062e-12
719.8551123378743,5.924011559532163,1.6607387393808297e-15
722.3726427483238,5.957452944431292,-1.1250980762571831e-11
722.8366238615075,5.9636289363653034,-2.3414522281610923e-13
725.4035604825672,5.997868752160258,-1.9490763339346364e-13
727.3440712415523,6.0238333685845475,-1.966274911915695e-13
727.9240476328563,6.031607090675289,8.443551689408707e-12
731.749749457604,6.083040179897079,-4.727070394277346e-13
732.7099350383506,6.0959913283111735,8.903206436411786e-15
733.6378972641344,6.108523980278322,7.101026488391647e-13
736.518454005897,6.147528563256554,4.4869758683532956e-12
736.5305377639858,6.1476925070174,-2.605875465531616e-12
741.2055289869669,6.211321251381527,-5.17386211679626e-15
743.1390550841298,6.237755103157921,-1.4740865651971763e-12
749.0000521647726,6.318303425238115,4.541215765185335e-12
750.876116211388,6.344220068171586,9.186167714975837e-12
752.6764641733097,6.36915170268718,-5.54686909879959e-13
753.9070339406973,6.386227269447314,-1.5210347404204629e-12
756.4396048450047,6.4214573735558815,1.0074153207863341e-11
756.4527597817583,6.421640677781021,-5.35528660375823e-12
758.4931541379822,6.450110642024637,-1.243686490492147e-14
760.8412551345518,6.482968997718229,3.4031963080217696e-13
762.7616262929155,6.509917376315816,2.5264913773611924e-12
765.0138716077278,6.541609468668934,-1.593573518513794e-13
765.9418338318746,6.554694314281193,2.1346417746263592e-12
769.7825761474079,6.609019865004802,9.861964125363801e-14
773.8896747303329,6.667413552958617,9.374246619554439e-14
779.2434547556334,6.743998759280689,7.481157282509764e-13
780.2358636887815,6.758253061567945,-6.019189825282275e-12
780.6464106702357,6.764155190495167,4.451149233459734e-12
781.7438023018586,6.779946815915146,-5.1339607420175225e-14
782.422591113306,6.789725790240947,5.4117943191345e-12
792.7053780615365,6.938902959172438,1.0489539453180716e-11
793.811896709915,6.95507181255336,-6.283351851404649e-13
793.8481479840747,6.955601910926244,-6.565046958016232e-12
798.3980168982039,7.022326326097177,-5.427500253977849e-15
798.5846291623442,7.025071159934974,6.197472090119731e-13
798.8660259288887,7.029211368643933,-9.675453068916905e-12
798.8781096869392,7.02938919041571,-5.052746474329957e-12
803.9131704866898,7.1037180329984455,-1.2524330110359991e-13
809.6471596926671,7.188933368693203,1.3935028522172914e-13
809.6592434507116,7.18911359024877,7.991514506551873e-12
811.6835261243629,7.21934244383325,-1.6815588538634897e-13
812.5277164234999,7.231971141013094,-7.020137144773727e-13
813.4879020003652,7.246351031245421,2.277967572555066e-13
815.4598217221703,7.275936064222316,-4.207941857897168e-12
817.3600532788884,7.304513317511983,1.5268551756065444e-12
820.527105873081,7.352289883805474,8.351167366420329e-12
824.9609795042522,7.419487479318892,-3.2077748339106502e-12
825.2080105583641,7.423242009961708,2.7687518544548286e-12
826.7492437018732,7.44669200878065,-1.755218792267551e-12
827.3493596870629,7.455834662480726,-1.5555854158446923e-14
830.6616741717213,7.506416506754745,-4.5044046487542825e-12
833.4222077030413,7.54872659399981,1.8544143830870318e-13
836.2372465428773,7.5920166325230145,-2.0214059003515436e-13
836.2866527536777,7.592777711208381,3.292732916554336e-12
837.6291898746413,7.613476055301993,6.581419627737606e-13
837.6775249067647,7.61422187185965,-4.825055506370679e-12
838.1627167927267,7.621710837262826,-6.524881502477258e-12
839.5697006230852,7.643452236072477,-6.423761833960669e-14
842.5834354840733,7.690144641885141,-1.1671089410661591e-11
843.9874625735232,7.711954647103472,3.0097974509940466e-12
845.1181487355799,7.729545000382565,-3.878470235841873e-14
845.8635266120148,7.741153900636025,-2.3977930599454706e-12
852.0523699012126,7.837937404361032,-1.762317212554287e-13
852.4325790886817,7.8439062652562335,-3.06361467383185e-13
855.3646843827163,7.890026504918664,4.977523978159043e-12
858.4600488074013,7.938886551088386,-1.047835868995708e-13
864.7538747919198,8.038778297552248,2.5511279659219172e-12
866.1326631855145,8.060759016798174,5.136050520505851e-12
867.9330111383626,8.089512977227896,-3.161621981574104e-12
869.5266072307899,8.115014649240392,-7.101658994328439e-13
871.4469783802623,8.145807722467104,1.4645112555973043e-12
874.8752881369603,8.20094941930288,1.5137784338880467e-12
877.5582200176887,8.244253305709911,-1.1705211479737118e-11
878.0222011275856,8.251755645124833,1.7809109193594029e-13
878.1674630190948,8.254105271409236,-7.208002237644576e-12
879.9919784872204,8.28365010082914,7.605715866642396e-12
882.0082053167782,8.316370682759654,3.2218680278717885e-14
883.9164927074237,8.347408533568172,-2.552177575880705e-12
885.6564218691283,8.375766540829433,-3.8485522892768746e-13
887.5555822421979,8.406783411746158,5.368548515794498e-12
891.4690838820851,8.470907790372989,-2.5261458596773145e-12
893.6042627289584,8.506012550010718,-3.625962562328993e-12
898.9701264868637,8.594604142575186,1.1943988261690614e-13
904.6990165746455,8.689774794802121,-5.542448436259326e-14
905.2588533648342,8.69910745774403,2.6298412556877564e-13
906.0375257730765,8.712097781796992,2.1216840958036132e-12
906.8978277466506,8.72646289052009,-1.4836844804085618e-14
907.8257899655581,8.741973057240292,-9.388558923400672e-13
912.3957984570103,8.818588611543088,-3.5024421674686193e-12
914.7801507131694,8.858714666819786,6.606180061408133e-13
918.9527671610379,8.929187255838995,1.1676730418152574e-12
921.8727886906466,8.978695140275237,-4.705403603424324e-13
924.9641251892821,9.031278763570512,-3.4985273865661867e-12
925.7135309830726,9.044052663454263,7.442022461949486e-14
931.2619790796871,9.13894986029742,-1.166105520367389e-13
931.2740628376804,9.139157152222342,-2.1378343672953014e-12
931.4222814696094,9.141700001052865,-2.0348824254541364e-12
933.7623266118062,9.181899601676973,-2.1472003859458408e-13
933.7945499664522,9.182453870267187,2.8396514650671776e-12
935.998460234574,9.220408356784125,-5.931192242918413e-13
936.0427673472096,9.221172306085672,1.818616873072407e-12
937.8986917834147,9.253204891264069,2.152137793961947e-13
938.9748726333795,9.271808446888157,5.926795338524994e-12
941.065744364593,9.308013592874701,1.1771162277983102e-12
945.4996179777795,9.38505617783211,-4.521431320315655e-13
945.5358692517448,9.385687569188732,1.1110915464485444e-13
948.500197891784,9.43739944297995,1.3412924599727979e-11
951.2003126225214,9.484643048838812,-6.34905860513675e-13
952.2048053074982,9.50225281914148,-4.419060167460689e-14
955.9518342734711,9.568105999396405,7.818782206360844e-12
955.9649892101263,9.568337649999863,-1.321075400808591e-12
957.3437775998844,9.592634969202624,1.3096304359412073e-13
958.1678282982529,9.607173295083768,9.276654190959722e-14
963.5326208675324,9.70212752286843,-1.0404216331275537e-13
964.8448201904422,9.725433511573437,8.314105236834821e-12
966.4021650043042,9.753134692242359,-3.379740097843763e-13
967.7253769064299,9.776706353318684,2.955752528853978e-12
970.6856776254253,9.829557861938293,-3.42322767366471e-14
971.2030928639773,9.838812069700921,-1.8505171764272845e-12
975.9033227399157,9.923103702476412,7.015922103696603e-13
976.9795035888101,9.942460661271925,-8.614302938259256e-12
979.7480929461176,9.992356530776647,4.2007227332939876e-12
980.1948911986754,10.000422017555028,-5.150934492491729e-12
981.3003386614058,10.020393074203081,2.2640866357395532e-12
981.9348203556194,10.031865812833091,1.335012186134114e-12
985.440731747226,10.095393623082565,4.848835213349936e-14
985.8714183224213,10.103213364883874,2.8022358646592103e-13
986.6713015042504,10.117745474434189,7.23936459058197e-13
994.5697361312125,10.261875353749618,3.930504166597934e-15
997.8820505988604,10.322660163635803,1.2995256706819758e-12
998.3903388197567,10.33200572784187,-3.9215389810269705e-12
998.7061012964083,10.33781384325038,-1.015981527844268e-12
999.6823985449356,10.35578341251899,2.4877496514859956e-12
1000.977415010732,10.379646367347773,-1.1186041767768959e-13
1009.1714725150435,10.531352421769006,1.971387751765743e-12
1012.0077221154412,10.584151330546113,-3.560647911293045e-13
1016.9246452469886,10.67603464848016,-1.8106864160134817e-14
1017.7648076214746,10.691779444633884,-5.675794641150173e-12
1018.7088815150072,10.70948707597522,-1.4754374435824274e-12
1020.0514186288032,10.734696803320425,3.170194851280191e-12
1024.5094597494242,10.818646628604675,-2.0985166678390554e-12
1024.720239528176,10.822624907865627,-1.9322725491971696e-12
1026.5761639603675,10.857689144428953,2.9905496049843235e-13
1026.612415234262,10.858374676524276,5.738859683690241e-13
1026.8736724021999,10.863315913238175,-7.035134215440938e-14
1030.0729483311318,10.92392676679515,5.731117409921306e-12
1030.2343218993353,10.926989012802379,9.891098285203823e-12
1035.7867979010798,11.032645733435956,-9.52705368957399e-12
1037.6749456874065,11.068704236265951,-1.6095873830203288e-12
1042.0956643538318,11.153384849451731,-9.058136125872273e-12
1042.4114268301848,11.159447179492888,-6.632340646766889e-14
1043.48760767748,11.180122593838389,3.937534701050728e-13
1051.0168456885733,11.325369869148702,2.1480022828291853e-13
1059.5135107238862,11.490534016818359,8.353904381863738e-13
1060.4444296799882,11.508710706738178,2.735982202697229e-13
1064.4143221733636,11.586404171978609,-9.157974563761862e-13
1064.4304338506377,11.586720079834729,-1.4436786358941283e-14
1064.850107845818,11.594950473809593,7.4257945013475e-12
1066.7503393890154,11.6322572743895,-2.6944551293472718e-12
1067.4452398718415,11.645916702268705,-7.799213248749132e-13
1067.481491145706,11.646629525634713,-3.734794703707019e-12
1068.190617743812,11.660578235188739,4.460809179674715e-12
1069.0509197140161,11.677513040322985,-2.8783425823654975e-13
1069.071059310607,11.677909645998755,-3.1279561518186383e-12
1069.9173919608593,11.694583086166727,-1.473737567406011e-11
1070.9592070956992,11.715125807621044,-1.0220576423803418e-12
1073.1580182589046,11.758548039187701,-1.9903947836998802e-13
1074.3512655611257,11.782149625357373,5.6607847616839225e-12
1077.8824156404694,11.852146923972223,1.8459414732697716e-14
1080.0519601895055,11.895267294663947,7.948952583702578e-12
1080.1123789792662,11.896469377771101,-1.1005184898048025e-11
1081.5405735757543,11.924904103009073,5.451027638895925e-12
1087.0194758456112,12.034335183275411,-1.1614266182244803e-12
1087.0678108774132,12.035303048007968,4.1666085564222655e-12
1094.1604488268035,12.177793113856948,-4.5078633372672945e-12
1095.2538125289823,12.199841066867153,4.23139452206439e-12
1095.282007964196,12.200409926140146,8.186604702051641e-14
1097.5181415789498,12.245571855007784,-1.2141962266390475e-12
1098.4823550676003,12.265073952208473,2.946382302868129e-14
1102.3230973447774,12.342926440758443,1.1837729501380472e-13
1104.754970239094,12.392361407600996,-8.783846780024456e-12
1105.5860055948601,12.409279619328363,-1.0838945296434722e-11
1111.7960596185358,12.536106581124047,1.490549313759422e-12
1112.756245187637,12.555779711774242,-6.648508511980215e-13
1113.2030434389949,12.5649398992433,-3.654399801470866e-14
1115.522948975365,12.612561354125202,-9.06358872793179e-12
1117.5209217590798,12.653653848407114,7.1717382829641165e-12
1118.4206885383692,12.672183450464775,1.8316949339576952e-13
1118.4649956508308,12.673096286797751,-8.148960459516504e-13
1121.3971009255442,12.73358530281491,-6.65666974106634e-12
1121.644131977746,12.738688760113904,5.230465780027822e-12
1127.557748737166,12.861194741574456,1.2719946127495212e-11
1130.7862912740472,12.928348805002898,-5.273665923841429e-13
1131.3864072545516,12.940852449821028,-3.1351269625867384e-13
1131.4186306090623,12.941524023345096,-6.064999173640347e-12
1133.3067783921279,12.980908693779018,2.2038862952403915e-12
1134.1136462316233,12.997759090875721,-9.115027302218946e-12
1140.5900565178054,13.133445037369366,4.4684175912062303e-13
1140.8593695238296,13.139104091569893,4.457878016940025e-12
1148.0245100145685,13.290155281463052,5.436298470197473e-12
1149.9005740392106,13.329861561520984,5.434992330830231e-12
1151.7009219801757,13.36802629708125,6.504781710974867e-13
1154.896169982688,13.435907884877588,-1.9794648918534753e-13
1155.4278113346597,13.447220612219073,-3.744120514456859e-12
1157.728391656247,13.496234374660045,3.05821145746122e-13
1163.2424740144527,13.614108536433582,7.017353292623643e-14
1164.0262455163765,13.63090862923415,5.54998332533986e-14
1164.3570484906502,13.638002766056065,2.0509395619783692e-12
1167.237605195556,13.69986208863705,-2.062753161489574e-12
1168.7576275508807,13.732565842644199,-6.54990644920051e-15
1168.827173357843,13.734063160506585,3.952369023491539e-12
1171.26307416894,13.786564198115991,8.303577867087645e-13
1175.484025626361,13.877797276166346,6.97526210459758e-13
1179.670868167063,13.968617335919932,2.6335075365023503e-12
1180.8125668995096,13.993438843519723,1.7571768277539969e-12
1183.9917032234384,14.062682506217744,1.0141678994471302e-11
1187.953539870221,14.149234465589341,-1.215564528436669e-12
1188.3651580259427,14.158243430341079,-1.0458936802780537e-11
1188.729255533251,14.166214926058185,6.287534625504282e-13
1191.7298354331654,14.23200215567823,1.2556957175797587e-11
1192.8726053440882,14.257100811381992,7.69874024040943e-12
1199.1946267169724,14.396386027258485,6.136811144644606e-13
1202.0147646308412,14.45875607270784,-5.623534098246436e-12
1203.9149961699102,14.50086412429738,2.0405033621201847e-12
1203.9673591209353,14.502025399248806,1.617608428881805e-13
1206.7340629049384,14.563455576461202,-2.3110829668014246e-13
1207.0820487349197,14.571192021090662,1.1160571511329701e-11
1207.3956688530934,14.578166355959473,4.905028680602273e-14
1208.7360636052892,14.607994690693163,-2.6397794580871006e-14
1210.7079833084442,14.651936758442975,-9.948835175199115e-14
1211.5159223257133,14.669961479303783,-4.286894660963125e-12
1214.5487255791952,14.737729107619744,3.867283148121986e-14
1214.6990865676464,14.741093314326921,-6.353849406645292e-13
1217.2166169420755,14.797482901639253,-6.019715056490912e-12
1217.2770357317097,14.798837642866651,3.96099281079389e-12
1221.4002459444512,14.891449264633732,-6.609007491694886e-12
1224.184132583735,14.954155377286039,8.795441205802904e-13
1226.369788805202,15.003486590529661,1.520148549021643e-11
1229.585176401005,15.076219240471401,4.447950718206695e-12
1230.5907402595374,15.099004369829565,7.186537707314922e-13
1232.4184692503682,15.140466681919522,-3.2044180489087055e-12
1235.2990259526648,15.205937466987107,-2.35013813830035e-12
1235.3111097105884,15.206212434835399,-3.861315274519147e-12
1236.7019818513384,15.23787992575589,-5.7759982207955365e-12
1237.8315968250145,15.263625315576057,1.3524755338013006e-12
1241.9196269416052,15.356993277701525,6.6519682085516304e-12
1241.9357386188356,15.35736186701228,-9.382586808509907e-13
1243.0119194627769,15.381992648007738,1.780717782052254e-12
1243.0602544944686,15.383099402823406,-1.2523827321348273e-12
1247.2723357260204,15.479711113086182,-2.2932415720677293e-12
1247.3005311611728,15.480358927603122,2.1405591694835563e-14
1251.4731475827546,15.576389842295388,1.289730812465603e-13
1252.6876056570343,15.604400313280319,6.863811310428834e-12
1263.8427782152519,15.862956033878646,-2.7197343712267266e-14
1264.7224053962068,15.883441623790574,-9.632746202240094e-12
1267.1217981352181,15.939393415502392,-6.466723497820896e-14
1268.5832872609883,15.973526065700721,2.1829117574200963e-12
1269.4417036666998,15.993592471156946,-5.5943533853358385e-12
1270.4392116861482,16.016927343572593,7.660619521146595e-13
1272.6702461974553,16.0691846501053,-4.909900033804685e-14
1275.2401395211261,16.129492649975568,-8.813642613099828e-13
1276.5826766295593,16.161046510018316,-6.925237308009058e-12
1278.0240261586457,16.194959730853437,-3.375924267397409e-12
1279.016435080029,16.21833216473701,-8.918990292341757e-12
1279.6246068979704,16.232664314361756,-8.541146942343917e-12
1282.9409492697773,16.310936961964455,-3.0551481758988756e-12
1286.964275880022,16.40616790326345,1.9054878414417355e-13
1288.4722144751627,16.441937181897806,2.5334565637418755e-13
1292.5924679438483,16.539885842576467,2.8353976278591373e-12
1292.8778926265686,16.546682678254548,-6.948439398754582e-13
1292.9383114161494,16.548121627093522,1.3934390317143367e-12
1299.4337901069748,16.70321176473782,-3.3206523995284784e-13
1300.2095057689692,16.72178518995264,3.7119222577880093e-13
1300.2457570427155,16.72265344704109,3.2646975221348476e-13
1308.427730751295,16.919239853553655,-6.288238729380532e-13
1311.3082874511445,16.9887438279629,3.676870850350753e-13
1311.4202548083604,16.991448536365223,-2.0721626748552493e-12
1317.580902604984,17.140622434378027,-7.871824592163683e-12
1320.2163138149706,17.20464977659393,-7.2112843897354e-15
1320.9616916843438,17.22278194926853,-8.623886605446518e-15
1321.1563597849608,17.227519159839865,-3.650177518536449e-12
1323.9885814527918,17.296519684868827,4.1025852735652e-12
1325.5298145804536,17.334130344865432,7.920468511438689e-12
1330.346854089884,17.451962492205574,-9.080580569933544e-13
1330.446737689167,17.45441032105877,-2.435887754972525e-12
1330.9107187951602,17.465783429652657,-1.2706569702898014e-13
1330.9308583916793,17.466277181404948,-4.707038376708335e-12
1331.2466208667422,17.474019538583637,-1.4022836276245127e-14
1343.550733601335,17.777141126012857,7.954837799450043e-12
1343.8987194307863,17.785754584078667,1.7501626548180386e-13
1344.6046324902684,17.803234425114322,-6.35425242843394e-12
1347.4924306443895,17.87483775652729,-3.652814691744223e-13
1347.5246539988154,17.875637605425403,7.935489905246653e-12
1349.3118469989697,17.920029302930025,3.6946542865762816e-13
1349.3926621803823,17.922038044036128,1.3254262655513897e-13
1350.285187501784,17.944230643213622,-6.269003827304264e-13
1351.2131497135933,17.967319938396145,1.604587148009062e-13
1352.5597147402955,18.000853000694924,7.24944248927218e-13
1356.9935883240175,18.11150434271976,-2.7845875005075937e-13
1357.074146710074,18.113518099978883,1.1073414786499196e-11
1362.6942829313948,18.25430247281315,-3.91015381107493e-13
1363.534445301754,18.275398525246658,-1.1511937327204579e-11
1363.5505569789643,18.27580320838322,2.509909236392258e-13
1369.6617985622345,18.429646480164067,5.713146397655604e-14
1370.2275488292798,18.443923365499273,2.170011884569539e-12
1370.7873856150443,18.458056826130935,1.1746713214676025e-11
1374.6160441213055,18.55486866816323,-2.9349992420563143e-13
1374.9962533050757,18.564497414471102,-4.867794141458177e-13
1376.0684062282412,18.59166388459165,-8.885068089193604e-15
1377.856670406596,18.63702246748533,2.404753452842831e-13
1377.8961352163042,18.63802414044788,-2.081453316996165e-13
1379.2193471101828,18.671625746280153,-6.1659563735708605e-12
1383.503930883325,18.78064964430159,7.870910071895202e-12
1384.436992192822,18.804436808909138,1.7366474911157469e-12
1384.8958742006205,18.81614128206223,1.657876754681181e-13
1386.7203896525536,18.86271665348365,-2.4076816861597467e-13
1387.397292893338,18.880011915826415,4.320832390485426e-13
1392.3848329847192,19.007706605727726,1.8991040451465e-12
1397.1213141051874,19.12939770475546,-9.761056962033237e-13
1398.16527159304,19.15627495494795,4.458433638996396e-13
1399.2908586455721,19.185276294190615,-9.590847849184317e-12
1401.5914389608836,19.244624547027158,-3.4548518030627933e-13
1403.5118100924756,19.294239170514977,1.1346964846252032e-12
1406.606360103464,19.37433276209228,4.2365390324098495e-12
1406.9522035753957,19.38329489173189,-1.232058805145391e-11
1410.2000713150844,19.467567092947156,-6.257008876561641e-13
1415.9813243058636,19.618053643679414,-1.9774097924752834e-12
1417.73333720991,19.6637802633832,1.7301603450877061e-12
1419.5881904537748,19.71225258121152,1.3500477800635604e-13
1423.5016920591238,19.814730851445162,-2.1928503658809707e-13
1423.5339154135286,19.815575817625533,-1.2415298946806357e-12
1429.0611526924163,19.96079497613668,-4.647199154330401e-12
1429.2587775334844,19.96599766735631,1.1840098519712643e-11
1430.0425490331663,19.986638398308674,5.261965623634535e-13
1430.1029678226714,19.988230005267898,-5.015213044366749e-13
1431.9588922450162,20.037153219590888,-2.9206887108785706e-13
1432.4419417684373,20.04989708363165,-2.3558397530141307e-15
1434.8233372644872,20.11278614076676,-9.524952516664427e-13
1436.763847992067,20.164109341685645,-4.294231441858138e-14
1437.3438243740222,20.179462192238695,1.049645284918518e-12
1438.0701338247914,20.198697438549544,1.8417466533388466e-13
1444.3607462107987,20.365701682456113,8.028904789425665e-12
1453.9053966117037,20.620486748854294,-4.0845528603392665e-14
1454.1645114208911,20.627426961182305,5.7770477914781e-13
1454.7455589814324,20.64299441755738,5.9612251611128606e-12
1460.0982677551115,20.786697004400313,1.7556079976713159e-13
1463.4387776373428,20.876646149951547,-5.418028719039965e-13
1463.6858086886139,20.88330606108459,5.893255413973024e-12
1465.8271577927724,20.941083539065925,7.140898050401769e-14
1465.8593811471667,20.941953628631907,2.200118213904539e-12
1466.5059465951078,20.959416121761915,4.379542618452197e-12
1468.063291398103,21.00150863126644,1.1184958560824012e-12
1471.0074804194674,21.081207363439837,5.144769479202817e-13
1476.155322896227,21.22094231745857,-1.0270039143203633e-11
1478.5286625529045,21.28552954080881,-2.200096173745264e-12
1480.5650289597147,21.341029200501403,6.525074416070306e-12
1480.7153899477837,21.34513020632386,-6.024080964922941e-12
1486.476503338986,21.50257479439016,-1.3297616977200087e-13
1489.3763852476807,21.58205654987304,1.1368233263692786e-14
1490.0822983063301,21.601428095034834,7.856018660235601e-14
1492.402203833233,21.66515519789917,-3.1423094307163942e-12
1492.4505388648147,21.666484000889742,1.0814317567891105e-12
1496.9378465731309,21.79003432081404,-2.2302864144992458e-13
1501.2831059272085,21.91002707395564,-4.255184127466065e-14
1503.1833374608714,21.96261058229347,1.543996231615497e-14
1503.267923766134,21.964952814255753,-1.4337402834678775e-12
1504.610460871914,22.002145903362972,-6.4124783819140906e-12
1505.4345115641477,22.024991504645495,2.336748975829012e-14
1506.350390016922,22.050397573667233,8.444913080760993e-14
1507.9520419317632,22.09486383758,-8.895598230325926e-12
1508.0044048826378,22.096318374866055,7.70411716521746e-14
1509.0121110959392,22.124320262207203,-7.477604000918446e-13
1510.7842635952793,22.173609764293026,-3.2437794691790326e-14
1513.3329461385263,22.244598598481325,5.693459692834948e-14
1516.4849581958329,22.33255755687337,-4.554955449075908e-14
1516.5453769853004,22.33424537036312,-8.40974511135972e-12
1523.4524738184411,22.52764004059721,6.655266499777427e-15
1523.5008088500135,22.528996489635855,1.0120033814142372e-12
1525.126628280459,22.574647704928804,-1.2899664846827246e-12
1525.972960926393,22.598431062037328,1.2220444261968086e-11
1526.033379715857,22.600129435249258,1.1426701706079797e-11
1529.9146579638377,22.709373140982063,1.128041733050972e-13
1531.686810462936,22.75934499113994,-2.424691796731792e-14
1533.1381013894966,22.80031214841604,-1.0910917029038696e-11
1536.4555149329392,22.894102070784168,7.262983974085795e-12
1537.596142482864,22.92639672942201,2.2479938711139202e-12
1541.187968129123,23.028248870663386,5.0333487531765136e-14
1544.0725527428935,23.11021809107788,-1.7499117819167212e-13
1544.1168598551624,23.11147833048421,4.434350471801867e-12
1547.0489651171333,23.194957388668932,3.2161708437845618e-12
1548.8240743566762,23.24557293241462,2.867364566429563e-13
1548.9894758432035,23.250292153934012,-1.4028660252841481e-14
1551.9559468167845,23.335016827815814,5.1936372085536144e-14
1552.084025850975,23.33867851322379,2.7518459668289954e-13
1558.3786661513695,23.519010012976196,4.8818387608956267e-14
1560.8105390342425,23.58887478870532,3.656576005390909e-12
1562.105555491282,23.626123502699013,1.4411786097860404e-13
1563.1111193469137,23.655067963751915,7.937408502878264e-14
1563.4419223199393,23.664593970501738,-7.446375851753341e-12
1563.990746525682,23.6804026977319,-7.288795039623281e-14
1566.2258089509028,23.744840351881127,3.51923791751803e-12
1567.8516283809167,23.79177112540099,-4.634599106746553e-12
1569.7397761558873,23.846335357516313,5.352846452095541e-13
1575.5202147569553,24.013788392444976,3.417907434966258e-14
1577.2923672555587,24.065249002032793,-2.5544511007486507e-14
1583.9774149341247,24.259893328399855,-7.636588761701915e-14
1586.9779948234298,24.34752700028723,-1.455048268832966e-12
1587.4741992828983,24.362034919689588,-2.5011708487971752e-12
1587.834268869611,24.372565396639718,-1.6835653893697544e-13
1590.7542903729293,24.45805160316497,7.428772645623422e-12
1591.8608090061416,24.490486948826035,2.145448424678633e-14
1596.9149381564675,24.638925256280075,-1.4003057384494731e-11
1597.2629239852727,24.649162813302095,-1.3294870828306297e-13
1600.2232246813933,24.73634347864467,3.872105344652899e-13
1600.303783067309,24.738718174161818,2.9339083501300127e-13
1603.024037372259,24.81897584868284,-7.918503785740057e-13
1606.4644308505165,24.920675535459665,-9.561773627029479e-12
1607.6960717771456,24.957136432705628,-4.758085792959861e-15
1609.1634743802338,25.000613181948342,-7.286016728060518e-14
1612.1449858512976,25.089072681446705,-2.767394133652223e-13
1617.2455644706256,25.240783201205055,4.267831925469458e-13
1619.4846548144635,25.307533589999768,2.104562389518348e-14
1620.42470078238,25.335585189576125,7.74973987478702e-12
1621.0863067282146,25.355337712764165,6.371396244374799e-15
1624.798155568275,25.466306034752,5.993122995528346e-14
1624.8827418734757,25.468837759299745,1.6299226853052969e-12
1625.149098137661,25.47681084093408,-9.038224301399343e-13
1626.193055623913,25.508073158308328,-3.912927067861016e-13
1629.566860035693,25.6092422739647,2.3796041438843674e-12
1634.2861582927883,25.75111002962496,-2.9254971315410224e-13
1635.7264366392621,25.79448823063307,-3.4170902517187396e-12
1642.084709262093,25.986442931788464,-1.4991064204731695e-12
1643.1670603792277,26.01919302253203,1.3242797383263696e-15
1650.1818398495916,26.231971376544983,-3.264331164597087e-13
1651.808730457513,26.281449117295782,-1.7716943625616906e-12
1653.4297075841546,26.33079550440788,-5.778104526398991e-13
1662.8027862096965,26.617083350099012,-8.710612061940698e-14
1663.137617101836,26.627340239273042,-9.254264901302096e-12
1663.1980358912526,26.629191270605208,-4.112600322965598e-12
1663.38679051013,26.634974519319936,3.2059966071154043e-12
1663.4512372188412,26.636949250938567,-1.5251040231277051e-13
1664.2782446509493,26.662296632756465,3.0874875338827473e-12
1665.2870220420023,26.69323223339643,-1.1632977316070611e-12
1665.371608347185,26.695827045157657,1.707461442007834e-12
1666.018173794349,26.715665763943377,1.080308879351254e-12
1667.5876023533585,26.76385293948968,4.533100875283613e-13
1668.4540745950824,26.79047623433462,-6.36267493573877e-12
1670.6042939185033,26.8566037871835,1.5948201181577863e-14
1672.8879481693116,26.92692823835061,2.4439692785356047e-12
1672.9241994429597,26.92804536008982,2.1908006830749395e-12
1674.264594190107,26.96936805207553,1.0334808177469733e-12
1677.1250112859911,27.057661802255925,-7.01805244896104e-13
1678.5886427646074,27.10289864814692,3.4318507134628703e-12
1681.9331805617705,27.206417276401655,4.717637510313932e-13
1681.965403916123,27.207415641341672,-1.8074168643639368e-12
1683.7053330593717,27.261351657992673,1.3140466827718003e-14
1685.060768304964,27.303407401256422,6.704911403353026e-14
1685.556158380866,27.318786552912496,-5.014290604054902e-13
1687.5903824278948,27.381985475241827,2.1272446089418964e-13
1693.7904950179632,27.575079728322745,1.8268393182544204e-12
1697.9751951833991,27.70580690111761,-2.7690364374911915e-12
1698.4582447060397,27.720917805079633,-3.9747949500672403e-13
1703.291652675754,27.87235463653947,-3.792281353717939e-12
1705.8747009279448,27.953461273239178,3.205598523996076e-14
1711.2929275811039,28.123990621362235,1.0470619663620416e-12
1711.7034745564313,28.136933920234423,2.285900510343087e-13
1712.8290616067675,28.1724361855109,9.560600777773014e-13
1714.0596313540775,28.211276426210954,-3.9130448036520945e-12
1714.1563014171206,28.21432878689391,-3.4352021744040186e-12
1716.0243095941864,28.273345013875204,2.550195686052326e-13
1716.0576041271947,28.27439747545899,-2.0744368127845816e-12
1717.050013045476,28.305777534462,-4.593509975076727e-12
1724.6388554130497,28.546337204356988,9.001967580323601e-13
1725.545606847473,28.57515138312776,8.86795746210897e-12
1726.0944310527552,28.59259893247187,5.491596191189306e-12
1729.3108898151097,28.694964209351145,3.9814810369912766e-15
1729.3713086045075,28.696888888572712,1.0647719733351082e-12
1729.4711922035265,28.70007089204562,-1.4410527721032018e-12
1729.519527235045,28.70161077277092,8.004992432754723e-12
1733.3119344590068,28.82256526423154,2.0814290556585945e-15
1734.079594280108,28.847081137875385,1.0604154232882925e-11
1736.0321887621617,28.90948783565321,1.253222842086647e-13
1739.3960517715946,29.01716467694335,1.9245981296798828e-12
1742.740589567825,29.124429568337412,-8.635589694798327e-15
1750.3020508828015,29.36769774601796,1.7383951857083572e-13
1751.5648439842498,29.408427099406467,2.2385927262782954e-12
1753.9644935103913,29.48590486773296,-1.61644196324426e-12
1754.0007447840258,29.487076130210866,1.131534844968579e-11
1754.0138997205647,29.48750116632759,4.510563797203245e-14
1756.0986011557993,29.55489816880705,1.3254663550008265e-11
1756.2650738208115,29.56028357033371,-4.816269533852679e-13
1767.3638554693152,29.92048145196606,-1.1432144214816927e-12
1769.7997562689295,29.99983939943469,3.5848735422115336e-13
1769.8642029776092,30.001940459443617,3.4008530599431684e-14
1771.450814391712,30.05369051440972,2.2153987886643341e-13
1775.044525595657,30.171077039628248,1.5456520751449117e-13
1778.2438015015093,30.275779725986222,-3.647703501967572e-12
1779.3975839865682,30.31358581830135,-8.90650722688159e-12
1779.9837306440154,30.332801530654017,-4.558108873162086e-14
1783.558116634685,30.450118002189704,4.995023460178315e-12
1785.7448440259798,30.522005561227544,2.8231761974710826e-13
1786.9018400469847,30.560076853128965,-4.515379528152742e-12
1786.9864263521215,30.562861157475652,-1.9410818357052046e-12
1787.3464959384885,30.574714944530253,1.1748616754582962e-13
1796.0276308207392,30.86122794825655,-8.70469670597e-12
1796.2061872436002,30.86713561181076,6.508789506268278e-13
1796.4392489745783,30.874847504998872,-5.675174358453521e-12
1797.286396002658,30.902887594170938,2.1903763355692174e-14
1802.5040410724212,31.075880156672525,-2.547485103249234e-13
1805.2707448443277,31.167814496382686,-9.977466150986013e-14
1807.220382585174,31.23268337530229,-6.730813780636276e-14
1808.6152826396512,31.279137839510994,-6.011018515791715e-13
1810.0888555179868,31.328251282070436,-1.6590296339201457e-12
1815.005778611879,31.49241925810351,-2.366898077111334e-12
1816.8061265435088,31.552641299358655,5.8040315989655125e-12
1816.8101544628003,31.55277610110011,-1.8903445864860322e-13
1819.9369278208742,31.657509496165183,1.9116163808902382e-12
1824.9064706607219,31.8243382832491,6.562791752800205e-12
1824.9709173693877,31.8265047633173,3.5038144811838714e-14
1828.283231810127,31.93795657289119,7.0043973733338325e-12
1833.8034844168303,32.124149532586486,7.595522470825676e-13
1835.7037159473077,32.18837243731129,-2.756039368815639e-13
1835.7238555437646,32.18905345973079,5.495484077839313e-14
1838.8707684980739,32.295558422663376,-1.5074196557014729e-12
1840.1445741782923,32.338721307170445,-1.3108566098079177e-11
1843.3046420690841,32.44592920485881,5.790153045436434e-13
1843.3852004549105,32.44866461868636,-9.414365387202013e-12
1843.452860699553,32.4509621598762,-1.7985971050207813e-13
1845.8090174959295,32.53102285426799,-9.900340487659973e-13
1845.9056875589213,32.53430982481867,9.684998123880503e-12
1849.0053366602774,32.639795186600104,8.130598437151483e-13
1849.6940668618201,32.663257662793406,-2.5333338663049416e-13
1849.9937176587314,32.67346837869379,-7.239948328977997e-13
1850.009829335896,32.67401743713354,-2.0311040366911037e-13
1851.3209574683442,32.718714472203466,1.2363551324079705e-12
1851.3330412262178,32.719126561016694,4.125887737478823e-12
1855.9728522715754,32.877555457076234,-1.1879643531243713e-13
1857.6470067308965,32.934817738834234,-1.424687728372689e-13
1862.5276785503024,33.1020494445667,5.67901319248654e-14
1863.8025554090718,33.14580419975114,-7.190074081890295e-12
1864.207188902885,33.159697791962586,4.3280672945958663e-13
1865.4941495195199,33.20390722988429,2.6627959029865202e-14
1867.9783853497115,33.2893315364655,-2.41517060469322e-12
1873.7083465540982,33.48679865342098,-8.984499969007117e-13
1873.776821182043,33.48916209724338,2.549259753476781e-13
1875.17977707476,33.53760499458819,-1.2292794441153707e-11
1879.557259775124,33.68898887910081,6.887796419810973e-13
1879.5894831294504,33.69010454897467,3.8600880889293775e-12
1881.3444527697984,33.750895787656155,9.290123729366884e-15
1883.3142301065561,33.81919542914973,-6.311337912572517e-12
1884.476325225092,33.85952319009966,-9.27060011909496e-13
1884.585079045942,33.8632985070407,-1.5614225376920112e-13
1885.1167203950592,33.88175722050758,6.0296560035489935e-12
1891.1654008137684,34.09213542860248,-8.568744450080104e-12
1891.4145742218282,34.10081634335422,-2.99973332039118e-13
1896.5111249157324,34.278625237133326,1.3010418036283162e-12
1896.5312645121853,34.279328818193974,-1.0059390996440079e-15
1898.7824386112197,34.35802115495809,-5.141273975002974e-13
1902.2923778916759,34.480901296081946,1.681128712946253e-12
1909.812745625874,34.74494731614314,4.559658364915439e-13
1913.6685283772117,34.88073088015948,-2.6659267000032326e-12
1913.6806121350826,34.88115684698363,7.99979114926244e-12
1916.1175841120435,34.9671179749332,-3.398349950310034e-12
1916.5622400033383,34.982814454941625,3.2055070421290268e-12
1916.928479866146,34.99574556204818,1.4389814460987983e-14
1920.3546472246073,35.116835511315756,-1.8593770364578567e-14
1920.3747868210583,35.11754793796727,-3.6344378110944303e-12
1924.3811873553602,35.259420635236616,-3.8295867392167814e-13
1928.8352005215186,35.4174910435775,1.800489237280701e-14
1928.8835355530005,35.41920843087414,2.6264327562833516e-13
1929.0357821027164,35.42461816947015,-6.175384322240189e-14
1931.3556876247926,35.5071036152787,3.1892776166107013e-12
1932.162555459565,35.5358154569373,-6.4545979289138955e-12
1932.8443010009933,35.56008425427899,6.333635177032441e-12
1933.60390498294,35.58713474260558,4.29761405609762e-12
1936.6205965449028,35.694667986366774,2.690724269873364e-12
1938.9848091791134,35.77906008110648,-3.0979440125103374e-13
1940.2164501040272,35.82306508900777,8.493078635803349e-14
1942.087415020124,35.88996581768793,3.4341653329076732e-12
1948.821868898392,36.131305739873824,9.8723580953213e-13
1951.0891546742062,36.21274552931749,-5.213148320486532e-12
1953.6268246331238,36.304009690864,1.3754343378232686e-13
1955.5665209724186,36.373848460068125,-1.077597075886842e-13
1957.3185338717033,36.436989258537054,-1.069756750564822e-12
1962.4059575472897,36.620655411438925,-7.002061445170542e-14
1962.466376336636,36.62283951503346,8.731142484728006e-12
1969.3240669458419,36.87117794459029,5.071112902791505e-12
1975.68743865821,37.1023904113913,-2.363798601156746e-14
1977.309230166112,37.1614373179987,9.926640714991013e-12
1978.8614758674248,37.217997548238685,2.5427972357530903e-12
1978.9098108988994,37.21975947713888,-6.911956012548607e-12
1982.7223577158827,37.35887161182058,-7.0468934218059665e-12
1983.0703435441378,37.37158224679608,-3.4856774490547493e-12
1984.3291087252524,37.417578910333724,-1.9566917700841214e-13
1985.2570709339286,37.451506359217376,6.963789236138673e-14
1986.0024488005658,37.478769785966065,-8.607587464232912e-13
1990.6833534200994,37.65021554655203,-5.060836633937854e-13
1995.323164463366,37.8205545016238,1.5548132208035114e-12
1995.4713830937612,37.82600251099694,-4.702585216763663e-14
1996.8107066606178,37.87524980941911,-5.1008444142986136e-14
1997.2435355892835,37.891172113668794,-2.0951290080480132e-14
1997.8275398889741,37.91266111509865,-4.140385893414849e-12
1997.8919865976031,37.915032878801085,5.5320036619602724e-14
1999.328237022743,37.96790952803128,3.511689242515137e-13
2000.1281201974305,37.997374308094955,5.440592733402081e-13
2003.152867597367,38.1089015253507,8.819378087558428e-13
2012.5331876657344,38.45584049936086,-7.534300872265138e-12
2014.4334191951127,38.526319579643676,2.7338246913827515e-12
2016.2257112869854,38.59285616977431,-2.3455197051406284e-13
2017.6004717440544,38.6439325242591,1.495268952719418e-11
2020.1309002472092,38.73803632688623,4.59217750676069e-12
2022.0343453125256,38.80890104942321,-5.74347905158268e-12
2022.2813763631666,38.81810283856382,-4.566027596922504e-12
2023.9071957901408,38.87869188364658,-1.9111231764673137e-12
2023.9353912251634,38.879743066080614,1.9152457817779058e-14
2027.597833849305,39.01641077515774,-2.0061891206766414e-12
2027.634085122906,39.01776476262878,6.436491040478097e-12
2027.7350399004797,39.02153555783854,-8.065054854334707e-12
2033.3479346472982,39.23148002864405,8.02335807780594e-14
2034.7025555078574,39.282235138694006,1.1783871461979659e-12
2036.6430662300086,39.355001339157276,-5.56566819726687e-13
2038.3950791288826,39.42075874286901,-5.721844932529909e-13
2041.1091631525585,39.52273671173448,-8.868139560151181e-13
2042.8974273250105,39.590002430919334,-2.322183839895872e-12
2042.9368921345883,39.59148756766505,-4.293172365949161e-12
2045.4179144274428,39.68491080778293,7.516067553462853e-12
2049.570391233326,39.841526603453175,-5.073110750568338e-13
2050.8452680913615,39.8896738883046,-2.87915216613185e-12
2052.4380497805896,39.94986930691347,8.912056353006683e-12
2052.7011925083652,39.95981866232209,-9.097394884601705e-13
2053.030924302078,39.97228753284006,-9.812552295012443e-13
2058.0659850255306,40.162938102359156,2.873105180226867e-13
2058.6349488266274,40.18451105719881,7.578875400656692e-14
2061.8312679888695,40.305814234420495,-7.106736157975493e-14
2062.2587410241604,40.322051486768174,-2.2505194753468776e-12
2063.2060284457684,40.358045505087524,9.195842234393186e-12
2063.302698508695,40.36171960066023,3.695473701318921e-12
2065.8524522246703,40.45868909143784,4.493244899032795e-14
2068.520343574005,40.56027967456933,-2.4151114133890574e-12
2070.719154721145,40.64410672122807,1.6762161638846788e-15
2074.728255198988,40.79717811296346,3.92191571921529e-12
2075.2408281300213,40.81676999732191,-1.2905490759382379e-11
2077.6735153912036,40.90981968817675,-1.2359421731433321e-11
2079.081570381013,40.96372725535825,2.7914278844691925e-13
2086.534277866758,41.24966334442778,-8.05109368777669e-13
2086.614836252526,41.25275969651337,-2.4942189101411254e-13
2088.5424488332364,41.326885305237745,-4.52288084018446e-12
2090.439466826252,41.39990123536655,6.394439326827528e-13
2090.9388848207423,41.419134780139515,-1.356508932473823e-12
2095.5107788228142,41.595420732687735,8.516958674401879e-14
2097.482698515654,41.67157409640239,-2.351314400450328e-13
2101.804604726435,41.8387318811129,4.1467168574391546e-13
2103.1108905552946,41.88932263694261,3.798693731862782e-12
2106.541085831237,42.022319291742185,-1.213188036728895e-13
2109.357195810649,42.13166844277066,-1.255249786820066e-14
2112.5041087623645,42.25403545937637,8.135929532477191e-13
2113.1928389633663,42.28084091262943,6.208223307597541e-12
2116.0261317985432,42.391204882770076,-1.9255526327036808e-12
2116.078494749289,42.39324594472546,5.516494634758609e-13
2118.9461532960686,42.50510188703047,-8.424555607265657e-13
2119.5068044631535,42.5269883598863,-6.288804055531925e-14
2119.8870136455866,42.54183410649151,2.536190986040469e-12
2122.786895546644,42.65515125689542,6.44763064761831e-13
2124.5096418314583,42.72254344938386,5.275420207247343e-12
2124.6063118943694,42.726326710039295,-4.363566832204878e-12
2128.543981003153,42.880576871818576,9.581226487403118e-12
2128.979766672298,42.89766544109673,-6.811178619057369e-12
2135.1009496339893,43.13806654509921,-1.424978874273779e-12
2136.0482370554255,43.175331636581795,1.0611244886928495e-11
2136.1610187954857,43.17976942903696,6.2566708855370744e-15
2139.740760675505,43.32074865223815,1.201402181824304e-12
2147.57046380658,43.6299248036008,2.483268857452864e-12
2149.2620579156496,43.69687013110808,-5.477839622232825e-15
2150.5892977241106,43.7494329347123,-2.6247478782604876e-12
2154.417141833227,43.901209153163435,2.3447210227717785e-13
2155.1230548899707,43.92922848861616,7.84080242045754e-12
2159.347219858595,44.09708725682242,1.5784865529016754e-12
2161.6478001661008,44.188645372028816,-1.2499078302939063e-13
2161.978603138385,44.20181863141717,2.153636059359984e-12
2162.014854411974,44.20326235475565,2.8435550009497855e-12
2164.798741036717,44.31420420640744,-4.874068392545093e-12
2167.7590417267847,44.432333027550804,-2.9657544645287453e-13
2168.244233606001,44.45170968247146,-9.809007704288095e-13
2168.3529874267656,44.4560534771689,5.3927433368536893e-14
2174.052867629331,44.68402039082867,-1.542262483509576e-11
2181.5528389661845,44.98489382408936,1.1389164606189991e-11
2182.214444910723,45.01148494597463,-8.207537281192952e-15
2182.234584507161,45.012294518702696,-5.468697301513585e-12
2183.853419273575,45.07739297468833,4.556579862514663e-13
2190.1955802073453,45.332896314867384,3.531542900098791e-13
2190.4337410359994,45.34250541056302,-6.483190784474808e-14
2194.9554144435933,45.525139990117275,2.3265826095509128e-12
2195.0520845064893,45.52904869555767,-1.0418591501569684e-11
2195.451618901983,45.54520508083216,-6.04484584250693e-12
2197.4485204933985,45.625999929901816,-2.762908219593769e-12
2198.014527553678,45.64891399602109,-4.752862014646444e-13
2199.5759002713557,45.71215475088803,6.010233612066795e-12
2201.476131799858,45.789180991638524,-2.1808158300086836e-12
2204.643184347346,45.917705870366746,-1.1927997452154466e-11
2207.736406373634,46.04341292221367,2.7822866958210677e-14
2209.0770579137925,46.09795110328878,4.581662692669568e-12
2209.2099792502704,46.10336019451507,6.846041934211359e-12
2213.9980089213336,46.29842093759279,-1.568673683899279e-13
2214.030232275631,46.29973512350858,-1.40012591732322e-12
2214.777752499162,46.33022709310715,6.4336170030385855e-12
2214.8381712884698,46.33269207520905,9.359213541217793e-12
2215.830580205206,46.37319026580837,-6.8051476229198005e-12
2217.1247822758646,46.42603127805535,5.6756389010553585e-12
2218.021335513016,46.4626547653418,-3.314018593111154e-14
2221.679493420808,46.61224107023263,-1.1930391724919395e-11
2221.745268103409,46.61493292901076,-9.400168492244653e-13
2223.4194225610477,46.683475289937846,-4.713979550330477e-13
2229.0516425183664,46.91444572531824,1.7955071658655984e-14
2229.97960472648,46.9525563866751,3.424724868533429e-12
2232.822838961459,47.06942448627641,-1.2628680624123896e-13
2232.872245171562,47.07145659194458,3.251597033418725e-14
2234.857063004959,47.15313047153704,1.8004703135782704e-12
2235.392732272867,47.17518532634161,1.518803831764407e-12
2239.4807623683105,47.34367392826192,-7.1092692685132295e-12
2240.560971125999,47.38824626815556,7.049334279569291e-13
2242.462017037649,47.46674077249401,-2.590839042538985e-13
2246.1889063684825,47.62081784170262,-8.637037007110936e-14
2250.248741028828,47.78895070241948,-7.335642976893927e-12
2252.5431510592816,47.88410503951331,-7.614924850596966e-13
2252.895164806596,47.898712420366124,-4.0137900950555134e-13
2261.3555784999016,48.25047768928054,-3.2136903951278965e-13
2261.503797130202,48.256652043776235,-1.250689722024671e-13
2261.7709677771377,48.26778261342945,1.5704436325770425e-12
2262.2835407079547,48.289140544282525,1.0294868183380596e-11
2262.827009019057,48.31179111241532,-8.60565290791977e-12
2265.263980993847,48.41342566041695,7.986049403143977e-12
2266.1444225537625,48.45017160538912,5.157772682319567e-12
2271.460880036874,48.67236172450502,9.457078108459007e-13
2271.5575500997547,48.676406665397515,1.3273845224850903e-11
2274.204230672759,48.78721792269879,-7.271663972297149e-12
2275.5851614056023,48.84508597547212,3.6079537413808502e-12
2275.6616918720492,48.84829402032749,1.1051048549826672e-12
2276.5775703222166,48.88669467254833,7.510506698743904e-14
2280.5786149596393,49.054630357451465,1.7616742525483963e-14
2282.3386836961063,49.128599043852944,7.39987530414713e-12
2284.5858298736334,49.22312059447224,4.2893431717072363e-13
2286.1270629946043,49.28800315126701,-6.152212289304013e-14
2290.1536031216788,49.45771820409586,-3.0302579587715267e-12
2290.4994465923623,49.47230912352701,1.564769115844318e-12
2291.2338118792595,49.50329884132493,-8.070184217851364e-12
2294.9263354981267,49.65927139331209,1.2497910135960675e-12
2297.055344042284,49.74931507231544,-7.474906622275629e-13
2305.9888658560844,50.12805712474775,6.720348334601773e-13
2308.9660926057495,50.25460505868066,-8.649992942091445e-12
2310.276406353315,50.310352089342445,-3.16580760905794e-13
2311.3657421280873,50.35672173335424,4.127004660082667e-13
2311.4301888366695,50.359465714635256,-2.2393068385481543e-13
2317.8378676560483,50.63267077811957,-1.6232716989432934e-14
2318.470463782091,50.659683883851464,-1.1916913947819822e-11
2318.717494832566,50.670234599648225,-8.62443175045626e-12
2321.549716487853,50.791279336156286,-3.45464181195001e-14
2323.0909496087156,50.857211318508185,-8.464679912560664e-12
2323.203731348732,50.86203769526942,-5.589017791261507e-14
2324.118538620159,50.901194575058454,-3.386278544828004e-12
2329.7639135128907,51.1431770293034,3.7395569247365314e-13
2331.8687545411935,51.23354884941583,7.580511431247466e-12
2334.568869243277,51.34959837211867,-1.9733711892060398e-13
2334.613176355426,51.35150378866121,9.943639410820278e-13
2335.6450500814826,51.395889494292476,1.5916513092388713e-12
2341.459854379464,51.646378052944065,-1.8704011329544333e-13
2346.872981924694,51.8801230778054,4.1488324852697763e-13
2346.933400713986,51.88273507598292,8.316625308406783e-13
2346.973936702196,51.884487547454846,9.72970198917841e-12
2350.1015244392333,52.01979219648309,-6.47413905638456e-13
2350.1136081970917,52.02031530938377,6.112208263550255e-12
2352.537425234967,52.125298137146736,4.8844226619819695e-12
2354.687644553989,52.21852120772031,-8.46359318916064e-14
2360.3158365906093,52.46293550401916,6.078983092288733e-13
2361.095580168218,52.496843282108664,1.2302721914908738e-11
2361.2285015046573,52.50262459091355,-5.029807815944408e-12
2365.8683125440502,52.70463347563142,-1.4320671273400957e-12
2367.788683668372,52.788358953036834,-1.8272549753173683e-14
2372.5573881248615,52.9965615471734,-1.1501089005548886e-12
2373.6980156715704,53.046423655792054,8.765288119502193e-12
2376.7442306394337,53.179705278079915,4.714424701668231e-12
2377.938292315511,53.23199591882389,2.4350018960367e-13
2381.998126974863,53.409981646541745,-1.855926109813325e-12
2384.341943214847,53.512874275642986,-5.419579953812437e-13
2394.480539282501,53.95912033998839,1.9034932996335717e-13
2394.7428676267764,53.9706917423345,-1.0248827285831127e-12
2394.7791189003487,53.97229089939544,-2.485373319162516e-13
2394.931622245249,53.979018564052176,6.277441141501835e-13
2394.975929357393,53.98097324669163,-2.449739507497734e-12
2396.831853773047,54.06288295018001,-2.277771842859381e-13
2396.9607471901927,54.068573911821694,-2.1440991717203e-12
2398.35269050193,54.130051132881704,2.0772571997756646e-13
2399.998906319365,54.202804737870515,-1.2458296268267481e-12
2402.177321073212,54.29915532006979,1.0555488450963134e-12
2403.239532591467,54.34616829715952,-2.99181662270017e-14
2404.167494799282,54.38725647326943,-4.527476539375575e-12
2404.4327798841805,54.3990056433397,4.78535402138448e-13
2404.513338269895,54.402573737823126,-1.3834806804696762e-11
2407.781345593664,54.54742120815781,-1.7809824259466967e-13
2408.722205942639,54.58915931353257,-4.777204293092376e-12
2410.133474467468,54.65179606929012,6.719639297157623e-13
2411.6220878420313,54.71790540402052,3.350058745801228e-13
2415.294471863685,54.88117057994481,-1.4568498639632634e-14
2415.3428068951134,54.8833210931511,-1.6785319776890746e-12
2417.1009900691915,54.961575104910736,-9.818070559294653e-14
2419.1553537084337,55.053083789425166,-5.384082820267808e-12
2423.576072336595,55.25026200760082,-9.752295820117405e-12
2425.335326689308,55.328830525876924,3.576975012755618e-13
2427.603683641357,55.430219775804375,-5.623267738997435e-13
2427.6641024306405,55.43292162363812,-1.184912210381004e-12
2430.063495157137,55.54027363247665,-5.302785130856886e-15
2434.836484327769,55.754138794350524,-7.425314380857885e-13
2438.681254495254,55.92671805928448,-5.658367363492989e-12
2439.137994143873,55.94723771626827,2.872146062971591e-13
2440.0852815647527,55.98980815660622,3.1876855863807366e-12
2441.8775736550137,56.070397745237536,2.2404371850222682e-13
2445.6044629845182,56.23816505897979,-7.661744881373501e-13
2445.7132168052253,56.24306449480626,2.0112769227892956e-13
2451.607508309185,56.508932353091765,-5.005196712976715e-13
2452.306693500969,56.54051225414561,-6.370474929673738e-12
2456.183687022631,56.71578673908067,2.2432979531163394e-13
2457.639262659493,56.78166315489939,1.0752510229351377e-12
2460.9846148327165,56.93321496836684,6.355135848224224e-12
2462.327151934228,56.99409281954493,2.1859472664412527e-12
2463.4205156280045,57.043696338713,2.4704554030031706e-12
2464.067081073716,57.07303996012156,-3.687638791014491e-14
2464.195160107538,57.078853592047125,-5.601693306623323e-13
2467.621327461785,57.23448281922767,-1.573667182922288e-13
2470.940883352626,57.385475603730484,3.7683355155034957e-13
2471.069776769755,57.39134252277289,1.0300836118622486e-11
2472.390031917502,57.451454990529754,-1.086941105986972e-14
2473.6560385525695,57.50912762882922,-1.2396747431912313e-11
2473.7527086154164,57.51353262437438,4.693895851648795e-12
2478.276524377998,57.719863294778555,6.437576244647448e-12
2481.7824357345667,57.880026757701685,9.777087946706153e-14
2481.8509103624165,57.883157195322404,1.8252151420528023e-12
2483.6534006484485,57.965592258707275,2.602696960497088e-12
2484.0376377499033,57.983172691202306,-3.1416688525089413e-13
2484.098056539181,57.985937347500034,-2.9931075642651147e-13
2485.5093250638433,58.05053361358061,-3.1649560750603393e-13
2489.463920230387,58.23173789748774,-7.497050675224398e-13
2501.344587793068,58.777857079043784,7.019065734220514e-14
2501.4855649680467,58.78435299268049,5.568793528111582e-13
2505.5131762723277,58.97009097067518,9.5060876953095e-12
2506.706166769503,59.02516447766335,6.218170197774312e-14
2508.493616556988,59.10772981671731,-3.709277921583979e-12
2514.1065112983965,59.367381523294775,7.080980454382395e-14
2514.754962306029,59.39741616960676,-1.7716758338073863e-13
2518.0350533870974,59.54946055728602,-7.470099409146894e-14
2518.314307791773,59.56241418945219,-1.489964226561969e-12
2518.446671540218,59.56855458120043,-8.840919972070143e-13
2518.891327430928,59.58918465694925,2.9277091563160665e-14
2522.9541188300136,59.77784895887469,1.1571416538067387e-12
2523.594513999066,59.807614802094164,1.2830423835482576e-11
2527.5684343785065,59.99249322184718,5.667427181939114e-12
2529.892367816885,60.10074421522847,1.3766336249437073e-12
2530.7838219556074,60.14229538313035,2.5965117407971213e-12
2534.016649183839,60.29310204129378,-7.761337775210293e-12
2536.8155763052073,60.423823387617404,-1.9535342289165255e-14
2538.8941074597865,60.5209926692815,-3.628929736222988e-13
2541.677994082654,60.65126129851221,1.0476257654291518e-11
2541.730357033358,60.65371292773604,7.56030901624221e-13
2544.598015577887,60.78805359864744,1.4204679235493263e-11
2546.4456273591995,60.87468856736861,6.453868851179708e-13
2546.594917168089,60.88169154881315,2.9720332376950652e-12
2549.6258348413094,61.02395654353476,1.507597304609121e-12
2551.56634556151,61.11512894865945,5.6386463215996376e-14
2556.451302087947,61.344949452348004,1.2849516308123888e-12
2560.7407281454257,61.54711473650645,3.509782048520016e-12
2561.039307763198,61.56119973356867,-3.33383750016871e-12
2563.786943112417,61.69089195257917,-3.760665790278075e-12
2565.392622941246,61.76674665956565,-5.803525325088039e-13
2565.4127625376696,61.76769838567867,3.9022352845687106e-14
2573.1417676806836,62.133495475410626,-7.696125434975348e-14
2577.3538488883464,62.333307415931976,-1.938409427079737e-13
2577.398156000478,62.335410985602856,1.0975709931784282e-12
2580.6618786087747,62.49046225013776,-2.8888802488883277e-12
2581.9692356151513,62.55262653948297,2.967575756589857e-13
2582.865788851752,62.59527547701865,3.080888208573812e-13
2584.615659391478,62.67855927570966,-3.550713894912768e-15
2585.0353333831304,62.69854173607231,-2.8083572438096137e-12
2585.063528818122,62.6998843567359,-2.46695800536256e-14
2594.0765378348915,63.12981969383976,-6.162671784753753e-12
2594.8240580579472,63.16554483696252,1.4206746029823953e-13
2598.600353596707,63.34617716137678,-1.1953357987264048e-12
2598.7574424488053,63.353696915867296,1.6158543633553935e-12
2599.5232167063123,63.39036060539549,-4.728683583983447e-13
2600.5005851239334,63.43717067779167,4.337279671095592e-13
2600.5851714289097,63.44122268070068,-1.8707192909338064e-12
2603.6676376693003,63.58897434929387,2.372278889632139e-12
2608.101511232792,63.80180989209944,-9.112152896206782e-13
2609.0979480681663,63.84969085707014,-1.340484407776398e-12
2611.2269566112745,63.95205565130983,-2.8158951692659624e-12
2613.802205814387,64.07598770891097,-1.2795364922689115e-12
2617.106207615371,64.23516938437704,4.7368129879803864e-14
2617.985834791484,64.27758234997377,-6.524975563099865e-14
2618.070421096459,64.28166159730277,1.8825496791408545e-12
2618.667580331958,64.3104638648125,-1.3279950051924124e-12
2620.6072766686702,64.40406489057378,-2.2222778781179572e-12
2620.7039467314976,64.408731566356,-1.42783906260224e-11
2620.7697214140567,64.41190688891734,1.869530723646556e-13
2622.959405541749,64.51766103425113,-5.873161961722235e-14
2623.0882989588517,64.52388889155158,-7.567929764856889e-12
2626.170765199154,64.67291831307182,2.7782080391395833e-12
2627.1279940203185,64.71923351336149,-2.5427833869886e-12
2629.004058031769,64.81005520779401,-6.811175331364944e-13
2629.51530298828,64.83481620858088,-2.040538912968623e-14
2632.0094802149447,64.95568511977945,-6.11506029451394e-14
2633.8815163071004,65.04648008415151,-2.1108797165974547e-12
2638.505215667484,65.27100912770274,1.4139063616256405e-12
2638.6502207617223,65.27805701298108,-2.0041603200424993e-13
2647.6624153945627,65.71684940249797,-6.65356112347415e-13
2647.74297378025,65.72077843523947,-3.665150880142531e-13
2648.1070712851956,65.73853786685395,7.987682269414861e-13
2649.2731943211593,65.79543379729184,1.458925420471143e-12
2654.070094210681,66.02974123517009,6.165848381279456e-13
2656.6389163417043,66.15539115619093,-1.09701987610339e-13
2660.5121387383388,66.34507358975603,-9.69781329864198e-13
2660.6987509994233,66.35421948718017,9.888729578624567e-12
2660.7591697886874,66.35718075938685,-9.715633239481936e-12
2661.105013259174,66.37413268537458,3.1329611093200813e-12
2661.3079939927447,66.384083051696,-2.0474571640458396e-12
2661.8514623035085,66.41072827606047,-5.090248070032973e-12
2663.791973023427,66.50591224553138,1.8419715127949013e-14
2671.825728059798,66.90071390536713,-8.701305989222343e-15
2673.6322462646554,66.98965509662146,6.72362998590425e-13
2674.6096146821856,67.03779941253627,-7.175530785139004e-13
2676.2101954128443,67.11668062736298,-5.33467925783516e-12
2680.4673981153915,67.3267174874023,6.0005980061923926e-12
2687.155659309876,67.65736930544308,6.804388856320266e-13
2688.9761468345196,67.74751257266615,-1.8491519999887998e-13
2689.1780563894254,67.75751408792033,6.026589593779955e-13
2692.9369122765975,67.94384474951886,-1.045703630866685e-11
2693.748879208108,67.98412903509353,-5.554464730685047e-13
2695.5363289951556,68.07285295030907,2.9588363128667296e-12
2696.079797305898,68.09984083645942,-8.945917137833785e-13
2698.5135557431,68.22076465783262,-2.0416033235714526e-12
2700.309061368707,68.31004616413401,3.261265678886441e-13
2700.8688981519317,68.33789618959352,9.928468696027444e-13
2700.997791569022,68.3443090277512,4.321440350359455e-13
2701.6838218240596,68.37844626135251,-1.1477557824549377e-11
2705.013319114402,68.54424697244205,-1.3365421359034928e-13
2707.9905458623134,68.69267842220611,1.0141166437069341e-11
2711.7174351904814,68.87871488067414,-3.856899933011707e-12
2713.719435878202,68.97875509577857,-2.2708715462778585e-13
2714.6151747313484,69.02353918050643,-8.685651836214605e-13
2717.8265343883986,69.18421839583968,1.0396781404560547e-12
2722.115402857051,69.39910664718198,1.6834498092041965e-12
2722.1999891620135,69.4033481426764,2.126576120010216e-12
2726.9324423425783,69.64086222753222,-8.964553430123336e-15
2727.51644664149,69.67020104469057,-2.9398614283829627e-12
2729.372371056296,69.76347944087247,-8.106175998045134e-13
2729.4811248769624,69.76894735445534,-6.945960231533346e-14
2730.893207784483,69.83996369553364,4.483824767814634e-12
2731.640728007414,69.87757278112514,-1.133083124752385e-11
2740.4843076173024,70.32329037970692,3.71982971922865e-14
2742.8149689196184,70.44099589027971,1.1634464471388407e-11
2744.122325925737,70.50706521617226,5.7564332116040376e-12
2744.235107665686,70.51276629253047,-1.9975937032279033e-14
2746.0628366454703,70.60519000113014,-1.215038456658316e-13
2747.814849542165,70.69384270071669,2.6001533312287263e-13
2759.1426649776517,71.26840029640306,-3.927743591808931e-13
2760.1200333950865,71.31808412407017,-2.4467415051209053e-12
2760.5515343491516,71.34002476709304,-8.22288093843206e-13
2763.4441747919186,71.48719618243231,-3.727163382757793e-12
2769.011948036101,71.77090654449171,-2.367177841757753e-13
2771.6583718118336,71.9059574123147,3.171703961582553e-14
2772.7224688915303,71.96029620506624,1.0490102886456735e-11
2775.913688951954,72.1233829561325,6.4951969682076935e-12
2776.9587176138853,72.1768297399413,-9.999578350925717e-12
2780.0895188850386,72.33707136775519,4.915760915156788e-12
2780.174105189997,72.34140319488313,-2.2417856288251527e-12
2780.2235114000587,72.34393344275979,-7.581623319561078e-12
2781.02258019033,72.38486252081145,3.691017040341123e-13
2782.3900991903,72.45493545851389,-7.174156464993214e-13
2783.3059776397968,72.50188517862894,-2.3768393618743784e-15
2783.366396429052,72.50498290718905,6.353782277152662e-13
2784.9076295489176,72.58402612516147,2.7753571424382895e-13
2787.8276510432847,72.73390145151086,1.3296028456529077e-11
2790.179779915908,72.85474288861657,1.4837881765698118e-14
2796.5874587309854,73.18445658815945,6.581571354611276e-13
2796.6962125516434,73.19005915503168,1.4105093377072144e-13
2798.2696690257567,73.2711417904843,-1.127515122537616e-12
2801.2017742779335,73.42235936576982,6.243431773343026e-13
2803.1919480029574,73.52508889695699,9.00409300803408e-13
2803.590154424076,73.54565242449908,3.336994039197744e-13
2806.2368349950607,73.68240221726103,-6.310313315782894e-13
2807.649989081123,73.7554704917587,1.7726627735074493e-12
2810.582094333272,73.90719471102466,-2.1582965540570525e-12
2812.48232586003,74.00560834263625,7.831384455321069e-13
2815.6493784046183,74.16977887279961,4.283381340131757e-12
2820.0832519670253,74.39992801773087,-1.6452875979790095e-12
2822.483715870971,74.52468003643055,-2.655739725133849e-13
2825.7839465472334,74.69636618013251,-2.3103260922280877e-12
2825.7917455904503,74.69677214322812,-7.226522457424298e-12
2825.9450633185734,74.70475300859572,-7.418179229444749e-14
2826.628136832893,74.74031526601934,1.1183321992079116e-13
2832.751462145219,75.05949244919346,3.3756152891724597e-13
2832.799797176621,75.0620146511503,-6.1157757460105176e-12
2833.393742876001,75.0930112345766,-5.206434691777214e-13
2833.929412143443,75.12097208574377,6.555332437004368e-13
2840.946333951432,75.4877293073036,7.925788271061144e-14
2840.985798760958,75.48979460058915,-1.2298215017979239e-12
2843.466821050523,75.61969036709232,1.0873309958983393e-11
2846.6268889351027,75.78530225619001,-1.263780344445298e-12
2847.554851142388,75.83396956076223,7.735710818223896e-13
2847.687772478742,75.84094196581857,-4.441545424898417e-12
2848.882090949432,75.90360468792042,2.9205443082473135e-12
2850.48695639442,75.98784909648147,2.552938219315236e-12
2850.6319614886224,75.99546320460574,-5.990030900674849e-13
2850.834685426802,76.00610873495647,-1.645345803141554e-13
2851.3311466800583,76.03218232799755,1.2669284543535055e-12
2851.4318446621446,76.0374714279007,6.319446161016671e-13
2856.0544728427512,76.28047324524917,1.0327981599177563e-12
2860.0090680075164,76.48867038504312,-7.45050982792916e-12
2860.157286637693,76.49647923601218,7.740122113504129e-12
2860.6172398220465,76.52071429834943,2.4311773079757544e-12
2861.254935045567,76.55432108551851,2.634221766699718e-12
2863.200288067654,76.6568882304593,4.709172500384274e-12
2867.677654358658,76.89321856194154,1.381208118376705e-13
2872.7771617839817,77.16283738676627,2.776344176447892e-12
2873.2897347143626,77.18996440283514,-3.696865106904704e-12
2877.3009775443766,77.40241946937714,-1.2802676894018535e-12
2878.966004983219,77.49069452577858,2.0907328460573723e-14
2879.038764325668,77.49455318535901,-3.2347698898982307e-12
2879.979624674084,77.5444587888036,-4.18708460289014e-12
2880.9398102356054,77.59540626240027,1.680858422836356e-13
2886.5913554007625,77.89562157005234,-1.2956040597860973e-12
2888.726534219814,78.00919737582511,9.15534047704937e-12
2889.036126416667,78.02567237432993,6.753630855250437e-13
2890.892050831161,78.12447270696293,3.090257437001316e-13
2897.9331401544596,78.49988282102254,-6.964477787765025e-13
2899.8535112774707,78.60242984868906,-1.4152778905581023e-14
2901.1597971047213,78.67222379527777,1.0881514003653686e-12
2904.5376294257685,78.85284476312994,-1.8905068022085286e-12
2907.502772415212,79.01157144808671,2.5012791704789264e-12
2908.9218399823835,79.08759267210209,4.607645196689469e-14
2910.0353432719894,79.14727040908123,-8.611604602235256e-12
2911.241745500458,79.21195280266497,8.981080966578562e-12
2914.1233733635945,79.36656249851832,7.571910856295453e-12
2916.99505982619,79.52079097310542,-2.4132357695623325e-13
2921.7404111469687,79.77598050217736,8.799382965365707e-14
2926.5445524903566,80.03475411089187,-2.5790195289885847e-12
2926.9964498361155,80.05911729994874,-1.1834072137861878e-12
2929.808275097391,80.21079605399373,3.107366444417054e-12
2930.385294736273,80.24194032976372,1.8025835865738034e-14
2931.1650383133174,80.2840362477564,-4.591737375677052e-12
2931.2778200532453,80.29012590842072,1.784344511578858e-13
2933.041102324156,80.38536496871434,1.5435153368327722e-12
2933.1981911761964,80.39385248890916,1.9792801391313117e-12
2934.097143565116,80.44243168461568,3.0396012476769457e-12
2937.9185605978973,80.64910638819755,4.254358399270328e-13
2942.3271954654265,80.88787393003885,9.028281047496833e-12
2945.4096617046744,81.05503009567347,1.7906340236701106e-13
2945.6193703027434,81.06640854500645,1.7578760275219936e-12
2945.6677053341396,81.06903124050577,-3.4492190633894962e-12
2947.4438857461846,81.16543798579252,5.611755644977137e-12
2950.5062123890034,81.33179008535761,1.1645303840453932e-12
2952.466048321443,81.4383431973754,6.716434671008956e-14
2955.6086765545597,81.60935050423676,-2.4516071316394234e-13
2960.0275096179,81.85011072440437,-7.350230231181189e-14
2962.8113962394596,82.00197553207506,7.478886617233486e-13
2962.9564013336476,82.00988966917262,2.6007142090327926e-12
2964.36766985753,82.08693458906997,-2.4723047500751316e-14
2966.450228930402,82.20069406923228,-7.490378738532712e-14
2972.1017740951165,82.50981146543795,-4.417769668098162e-12
2974.8703634228227,82.66145717385169,-1.0605814416525799e-11
2975.31716167062,82.68594317099009,-6.5280531906191746e-12
2980.2834909637545,82.95836177368354,-7.911068989562913e-12
2980.6314767914437,82.97746691100647,-8.233489163952947e-12
2982.878622966926,83.10089356707995,1.567125786961155e-13
2993.0043208860748,83.65821112934297,6.664387272429903e-13
2993.1654376573906,83.667094247911,5.4907602852935526e-14
2993.3157986448646,83.67538478134111,3.912916565561665e-13
2993.848511171604,83.70476058564338,-2.8253000676500637e-14
2994.3597561279203,83.732957501806,1.8968747076269083e-13
2995.545761964534,83.79838833918703,3.837569667148093e-12
3003.0057108953274,84.21054082567652,1.8513812947274898e-13
3003.0500180074387,84.21299179842072,-5.971009644043477e-12
3004.3461056386877,84.28470453838231,1.552934464323694e-13
3010.251409718035,84.61183765863211,-3.3698676209738404e-12
3012.9877756913893,84.7636405245962,6.626223777350692e-13
3015.1736886942595,84.88500551611673,1.6257482529586346e-12
3017.0948742003793,84.99174513556822,-2.2069689771569983e-12
3019.7283998343305,85.13817231346033,-8.44517155648827e-12
3019.8425095482557,85.14451983789289,4.878340542539106e-12
3019.9754308845886,85.15191408953828,-4.0731052226586365e-13
3021.468328972717,85.23498454255532,1.6088198936828672e-14
3025.3039721203736,85.4486023683263,-5.6077032807824185e-12
3025.356591866399,85.4515347953815,1.2534992094492666e-11
3026.152447120512,85.49589294833692,5.056814121582442e-13
3030.876844461116,85.75945432679794,-8.588827098826109e-13
3032.444945041596,85.84702530744764,7.098048201213244e-13
3032.777075987487,85.86557905851588,3.1164575203343543e-13
3032.9543044359284,85.87548036010739,-2.5007504945438574e-12
3033.518169138254,85.90698589230286,1.3999019106534574e-14
3035.9441285314338,86.04260142218988,1.7045481773815101e-12
3038.609877519607,86.19174663927178,2.0192181983898956e-13
3040.378002092945,86.29074313403602,-6.547329339833534e-13
3042.910572949429,86.43264094760454,8.079203720559276e-14
3046.0786966720066,86.61031459675677,-9.193807752517918e-13
3047.1999990046966,86.67324339645278,3.099168996499504e-12
3048.4064012330205,86.74097396592265,-6.800628875684596e-12
3050.592057440477,86.86375069365862,-1.101556378660541e-12
3053.046212268602,87.00171489954114,1.343305528256943e-13
3053.227468636324,87.01190891336202,1.541422226402905e-14
3059.4528199034708,87.36239535577005,1.599904364022492e-13
3059.521294531276,87.36625443749911,-1.8376159258591216e-12
3059.6010385336212,87.37074874563343,4.917887809343499e-13
3059.7232040861086,87.37763412555974,-1.966553180894658e-12
3061.28054888271,87.46543181806449,-4.893995994408407e-13
3061.957195324937,87.50359271770448,1.0662162472386889e-12
3063.312887362054,87.58007519880715,2.2875129565739976e-12
3066.0814766895496,87.73637261014848,2.580253552075762e-12
3066.1580071559206,87.74069505187549,2.477501550315414e-13
3070.7817065143054,88.00204181448865,1.0159245449681294e-12
3076.6628430776373,88.33503210028015,6.907793748439042e-12
3078.675856343853,88.44915538737037,-2.4468276852612062e-14
3081.5496851633607,88.61221003746188,1.0482697457247239e-12
3082.3230016683597,88.65611227137977,-7.897209404684378e-13
3084.082256019762,88.75602857917677,9.561837829622516e-13
3084.1759693419194,88.76135259773388,2.0996261269100662e-15
3089.2827182215383,89.05172058120836,-2.3115924051847305e-12
3091.961365350753,89.20421961040972,-1.2514083813287317e-11
3093.5844848298443,89.29669032211889,-1.471139447335023e-12
3094.56078206832,89.35233430920232,-5.884148343127416e-13
3095.1042503788553,89.38331685158435,-5.291132439203059e-13
3095.964552341444,89.43237286185794,-4.1157121292369936e-13
3097.5380088151314,89.522129532557,2.393400204582982e-12
3106.8861055137218,90.05632519008076,-5.155751839549287e-13
3108.0194916042055,90.12120179202674,3.275509974843877e-12
3109.5475697871134,90.20870857807333,-6.6824651321512675e-12
3112.6944827344555,90.3890549088926,-7.262035846040896e-14
3113.587264846641,90.44025254737335,2.0571786644931595e-12
3115.8263551833174,90.56872039968077,4.241913355991958e-14
3116.519370097994,90.60850085944728,-3.413403823978906e-12
3117.448146688371,90.66182839029119,5.990373719163047e-12
3119.7315441371466,90.79300169123827,5.146205869504008e-13
3120.489005760342,90.83653646115852,-5.708106162777834e-12
3121.4545472149557,90.89204584945509,4.330204911711255e-13
3122.131193657151,90.93095677514393,5.537359846140797e-12
3122.167444930694,90.93304166258747,-4.898390733044587e-12
3126.1091419533973,91.15988141529733,-5.347555341367137e-13
3126.5207601062557,91.18358603120231,-4.795594026013544e-13
3129.235915304286,91.34002688838677,-1.1550477119562496e-11
3130.665181067075,91.4224323776417,2.2533146025120838e-12
3132.7104176874664,91.54041762199203,-1.3810688269896584e-12
3137.2898099335075,91.80487219483588,-9.603250202422613e-14
3137.4307871083925,91.81301959177345,1.0493008089661656e-13
3140.2670366802226,91.97701078675038,-1.1902345345155146e-12
3141.2715293536407,92.03512581911019,-1.2395794922435398e-13
3145.0228429913573,92.25232279298223,2.7868864844727218e-12
3148.1504307255104,92.43360487101852,2.2094461292843494e-14
3154.3918936693335,92.79591280730357,1.2095795085186429e-12
3162.359874019469,93.2594853928087,5.2071418695062705e-12
3165.45309604201,93.43976242831457,5.0352316853975244e-15
3168.0364010823037,93.59045589574123,4.7074773746078694e-14
3170.2260852088434,93.71828430097676,-1.1076634987087843e-12
3170.3670623837247,93.72651722998016,6.3507637178371434e-12
3171.7469219364243,93.80711900532138,6.2043738826140674e-12
3172.76079842239,93.86636495442497,2.6727347946608036e-14
3173.466711478194,93.90762621876071,-1.4144934866267666e-12
3174.793136901563,93.985181827758,1.350343115686751e-12
3174.9381419957267,93.99366218770156,7.77278692812202e-12
3179.2479644423224,94.24589117105276,8.887922286330332e-12
3180.2081500036065,94.30213188506735,-4.904509571078117e-13
3183.075808546298,94.47019964888825,-1.540282859648817e-12
3183.5720130040686,94.49929657884476,-1.2120134114143597e-12
3187.7567131575383,94.7448635976227,8.341107640753472e-13
3192.396524192631,95.01751459025343,-1.758001968435881e-12
3193.1376173433077,95.06110045940805,7.875462875665029e-14
3193.884066387273,95.10501155133547,-4.4169110775314367e-13
3195.009653434469,95.17124546695355,-3.1014520380843286e-12
3195.057988465856,95.17409021062777,2.9778704355059603e-12
3197.3303733353137,95.30787930718176,2.987831518890959e-12
3205.8302518285486,95.80916209620584,-5.1011791014905604e-14
3206.6744421139383,95.85902111485069,-3.525175004709695e-13
3207.7756048500814,95.9240770035059,-4.138460927558741e-12
3209.7998874906384,96.04372841244557,-5.2067774800653e-12
3212.399304207979,96.19748557618233,-9.998574626379541e-12
3213.299070980008,96.25073635532866,2.6520131851526627e-13
3213.3917131234994,96.25622002997434,5.728244781910144e-14
3215.1982313274602,96.36318307228203,5.094884476885477e-13
3215.642887217859,96.38952014542232,-7.45711867813259e-14
3216.607100698402,96.4466432488188,-5.443262733516284e-13
3219.487657382175,96.6173986836246,2.842042346996929e-13
3230.5824110826075,97.27650849728408,-1.1307094502028934e-13
3232.373888788077,97.38314804814277,2.5257865971561686e-13
3235.4684387844713,97.56749357667681,6.469457477467787e-13
3238.134187772249,97.72643641724333,9.130230458537293e-13
3238.182522803634,97.72931955745818,-1.5868635717534068e-12
3246.2796533656797,98.212913423399,-1.5817582997701746e-13
3246.579304161912,98.23083297280633,-1.5383384507718434e-13
3249.656414507142,98.41494430710068,-3.5427592164995326e-13
3253.4971567520874,98.64499039506426,-4.049211221059567e-14
3258.9046276059707,98.96933826781054,8.035203529827551e-14
3259.1817396531264,98.98597435536894,9.262455863395566e-12
3259.3321006405704,98.99500168791437,3.709100833187435e-12
3259.4846039853305,99.00415806813801,7.42614628745145e-12
3259.6779441108706,99.01576692579552,5.7929812508546195e-12
3261.384835511381,99.11828488487201,-2.6945780813744534e-12
3261.4371984620484,99.12143071538664,2.6947778763059085e-13
3262.224741082108,99.16875032943041,-5.520477423315762e-12
3262.9258118352773,99.21088388077217,3.890645632381193e-13
3263.7055554121207,99.2577562137084,-5.5100006382324415e-12
3264.551888054794,99.3086440569061,-1.4738005374418953e-11
3265.7185686780645,99.37881524557237,2.1855642944326115e-13
3268.9857616155605,99.57545730045636,5.661003626890108e-12
3269.118682951868,99.58346157972679,1.4899851822216653e-11
3271.704944732602,99.73926629627461,-3.5506605437418904e-12
3274.6864561936695,99.91903501822529,7.949218375722036e-12
3274.8475729649513,99.92875413573792,2.924553674119548e-13
3279.8998165358935,100.23376542865263,-6.228685219234036e-14
3281.6539717891073,100.33977629940183,-1.1614580348364328e-12
3281.835228156799,100.35073360382397,-6.128018090048851e-13
3283.607637444454,100.45791112872884,9.102825250204324e-13
3287.750987226163,100.7086850939309,-1.820636263339314e-12
3287.9080760781617,100.71819903229697,-6.570155441867271e-12
3289.888308401857,100.83816891966141,4.231477040143893e-12
3292.2855587689123,100.9834999738341,8.744172322117872e-13
3292.5478871129408,100.99940980944604,1.3117535407094745e-12
3294.5560580762553,101.12124447625636,-4.2073198879785234e-13
3297.0502353014203,101.27266831403712,5.903036670539154e-13
3297.086486574958,101.27487000771741,-3.7749779663067516e-12
3299.3894660318992,101.41478934116589,-8.783941570966602e-12
3300.37759023273,101.47485355860252,1.1449548289363823e-11
3306.542522709546,101.85000192519013,-1.0623943003938441e-12
3307.53171808903,101.91026160567135,-2.285496996488501e-12
3308.9429866125483,101.99626428704534,2.1484780278084902e-13
3309.5774682998695,102.03494154591722,-9.198623933436514e-13
3310.1574446792097,102.07030271256339,-9.063597070024997e-12
3310.254114741977,102.0761972898851,-1.6644842476369855e-12
3316.2786276318457,102.44388910808752,9.213198483992058e-12
3321.1601138234573,102.74230934517722,2.4863943814416904e-13
3322.1922443437643,102.80546286898871,1.2719817504594737e-11
3328.8327280911108,103.21224697583801,1.837804515000594e-12
3330.18949130663,103.29545978903343,9.13109071854281e-13
3332.1743091375147,103.41725344764968,2.3484346096901605e-12
3333.234378297439,103.48233181711804,5.417384103950345e-14
3335.493865025536,103.621112332063,4.457778582358056e-12
3336.8141201721637,103.70224759234758,-1.3583077772068086e-12
3342.646921703021,104.06108218236689,4.0683898469091675e-12
3342.8080384742957,104.07100299842668,-3.6935608033600956e-14
3344.494533482957,104.17487816036372,9.335093995924205e-13
3344.6921583231174,104.18705376475987,-4.1275555522225896e-12
3346.4683387346363,104.2965159725514,-6.5784668865217836e-12
3347.6747409627055,104.3708971075911,-5.144674006755482e-14
3350.062306724492,104.51818230989372,-3.743986999387385e-12
3350.255646850022,104.53011375611938,-1.2738568847721368e-11
3352.19641436413,104.64992095392917,1.4029520334482098e-11
3352.4958083649944,104.66840928120729,-4.497557405611853e-14
3353.9887064527684,104.76062411077622,-2.871144326216392e-13
3357.7155957789087,104.99100953049953,5.438217673043437e-13
3357.824349599518,104.9977362162572,-1.816496422434582e-13
3365.3175930612824,105.4617360274782,1.108992622234605e-12
3365.897569440603,105.49769269707498,8.30316123042319e-13
3369.8792888601292,105.74471378198267,4.927982456204089e-12
3370.1185208671104,105.75956474850662,1.2285961755281533e-12
3370.195051333464,105.76431580441495,-4.9929898088377615e-14
3373.8948164032545,105.99412805540955,2.1090480619517415e-12
3375.4953971329605,106.09362684586813,-4.315348973785604e-12
3378.7601909175664,106.2967263793171,2.192085294363602e-12
3379.7525998329797,106.35850205115234,-1.7317221823604898e-12
3380.018141712967,106.37503463266823,8.499385642731963e-14
3382.9996531738334,106.56075207468714,-1.0458248058738533e-11
3387.6641893119904,106.85163310116653,8.301036474962686e-12
3392.222113986843,107.13625298340934,3.017801852810552e-12
3395.087886967174,107.31540229725394,5.373438993061103e-13
3396.842599808224,107.42517009893939,-2.0847529667232014e-12
3401.3685579241464,107.70855771029707,-2.31089186379418e-13
3404.80976577379,107.92427746037025,2.4089770045546996e-13
3406.283338648418,108.01671834979864,-1.1282192565244151e-11
3407.755025961078,108.10908087547683,-1.0442235794097818e-12
3409.2758626884256,108.2045699169354,-1.993030112110544e-12
3411.1035916672295,108.31938422560941,-2.5051666142966104e-12
3413.0046375764105,108.43886944656971,6.553480887670672e-14
3416.6963468075437,108.67109224672537,-3.747018022398931e-14
3416.716486403952,108.67235979381412,4.531677076745879e-14
3418.656182739327,108.79447552744404,-6.364708087401078e-13
3418.8669625159814,108.80774957684122,-9.70088400823266e-13
3421.0042836915054,108.9423955579581,1.519995487829139e-11
3421.137205027801,108.95077205480713,-1.0946229683396307e-11
3425.225235117876,109.20855231063925,1.265745515051001e-12
3426.125001889784,109.26533053410596,-2.0299134413896824e-14
3431.469398005855,109.60288675370865,8.493854400890572e-13
3431.9787574000493,109.6350857517636,2.931501457973733e-12
3433.3857412088328,109.7240526356955,8.121989104814078e-14
3440.5398690645616,110.17698901629285,3.616801724357081e-13
3441.90683047587,110.2636402582099,-2.2929667324427084e-12
3442.0035005386294,110.26976944539932,4.692332528982655e-12
3442.0679472471356,110.27385566582733,-2.1646173779626537e-13
3442.100170601389,110.27589880473185,-3.3575475764989237e-12
3449.3713649115994,110.73742185608081,2.5901005608724753e-13
3458.4289378290596,111.3136935569519,3.6331840287213956e-13
3458.561044782045,111.32210980453051,-2.7774622735320434e-13
3459.0612771590095,111.35398143819147,-5.754468727409526e-13
3459.190170576021,111.36219445591101,4.495128265720388e-12
3461.7369675469504,111.52453772303383,-1.3615413486843337e-12
3464.0761982772,111.6737551380787,-5.59356923730509e-12
3465.1059296447575,111.73947272359688,-5.130955351682285e-13
3471.2775899855283,112.13375821291622,-1.3010388199652954e-11
3472.863944599984,112.23521813401443,3.6029330858636878e-12
3477.651974264364,112.5417315970124,1.5252483511734381e-13
3479.5087130613765,112.66070736763328,2.1879290549406123e-12
3480.670808177255,112.73520419837193,-3.9429690823866137e-13
3481.598770384106,112.79470965664532,3.3559109418464107e-13
3481.659189173329,112.79858455381758,-7.068518163769001e-13
3485.333458753188,113.03435645713253,-6.278681984745872e-12
3487.0250528596493,113.14298690083231,6.309935881990512e-15
3487.420302539939,113.16837656072241,4.584277115615759e-12
3487.512387095455,113.17429221107712,-6.947316193375953e-13
3490.985818299184,113.39754472228157,-7.401064078764771e-12
3491.999694784948,113.46275287119585,-1.41290664978551e-12
3496.4053729101443,113.74632694012553,-6.204438326384301e-12
3498.305604435926,113.86874682678526,2.2512807761215573e-12
3499.0466975864624,113.91650879548625,6.250355329659529e-13
3499.7327278410658,113.96073108825033,-3.2871375594033818e-12
3501.4726569788922,114.07292778202891,1.2313385167086482e-11
3505.9065305390354,114.3590915220725,-4.729682594976255e-12
3506.1159823416733,114.37261857172807,-1.3634821348373042e-13
3509.7784249589877,114.60928112901655,3.875683159420768e-12
3511.6072251163478,114.72754844961867,-6.641447535214997e-12
3511.6343493726604,114.72930302134407,9.621929033064526e-13
3512.2153969305896,114.76689217720407,-7.870373893438986e-12
3512.611717789531,114.79253455243133,-4.090763984587056e-13
3518.574740710816,115.1786976538562,9.703793403727881e-13
3518.755997078483,115.19044600490142,-6.032545768365428e-13
3519.5134587014863,115.23954834653603,-6.830484916551258e-12
3525.230264955883,115.61048039065074,2.1407332481851562e-14
3526.809077322429,115.71302691046067,-3.535327519213831e-12
3526.8372727573983,115.71485866872834,-4.2275490470474967e-13
3527.5783659079243,115.76301013579618,9.645951619452891e-14
3529.8144995033904,115.9083610342335,-2.808855599768456e-13
3529.850750776924,115.91071816163628,3.2991076877466446e-13
3532.718409319004,116.09725552395525,2.8476790616171896e-12
3535.2115153651675,116.25955184189941,6.985525761716159e-12
3536.310234951168,116.33111268159372,7.338827759090583e-12
3538.1852277825633,116.45328442294519,7.95318246128242e-12
3539.239126665767,116.52198333517106,-1.1190403874209881e-11
3542.171231916337,116.71322168941259,1.6486015946731935e-12
3545.912090561895,116.957438633281,-1.022251101923086e-12
3545.9805651896795,116.96191131004868,-1.6224668824751751e-12
3547.0782135970157,117.03362011590373,7.572466910902641e-12
3549.767873304641,117.20942802290274,-9.884559638391014e-12
3551.761003769191,117.33979370001424,-7.327463171780883e-13
3558.301860712298,117.76812890564949,8.288431119805914e-12
3558.6004403298184,117.78770052864286,2.8058598500457725e-14
3559.113013259951,117.82130304852531,-1.0627158478612807e-11
3561.3843269502563,117.97026080658593,-1.0354479963861065e-12
3562.9416717463587,118.07244982792632,1.6189149804108021e-12
3565.4218796513305,118.2352870212723,1.1743975590804048e-11
3565.4742426019884,118.23872611412155,1.2830954739392303e-13
3567.242110379377,118.35486573763625,2.2186782731523484e-14
3572.414633939952,118.6950040010797,-3.7243818222700865e-12
3572.620057823302,118.7085225773841,-4.552076238104082e-12
3573.9625949234764,118.79689167025151,4.59690852248436e-12
3578.223011159008,119.07754260131699,-3.2423418586750203e-12
3578.820170394042,119.11690662374413,-3.4138727547439283e-12
3579.264826284346,119.14622207480046,1.208287030452942e-12
3579.7116245319644,119.17568243652505,-3.866396661777755e-14
3585.8765570078094,119.58255260531293,3.8078326563678806e-12
3586.9830756369943,119.65565418167438,3.1280192055802462e-12
3593.925352536849,120.1148067316438,-9.58836211929177e-12
3595.426049667638,120.21417745331854,3.7163770262710695e-13
3598.1463039628325,120.39440858134945,1.9981935588443924e-12
3600.3128917517784,120.53805391365313,3.3821083873090394e-14
3600.494148119438,120.55007517740528,-8.396282003520963e-16
3602.818338351051,120.70427348490335,-6.937098632758607e-13
3606.800057770063,120.96867175628549,4.851163990217751e-12
3608.8243404101495,121.10320225404921,-6.23048776983589e-12
3611.4237571268864,121.27606591578837,1.988215027896775e-12
3611.524455108918,121.28276493076181,-1.0430567321070576e-12
3612.420193961458,121.34236290550386,1.1115484329129337e-12
3614.355605582001,121.47118596399818,-1.984970630895243e-14
3618.3416097156214,121.73671603355889,-4.4538755041546756e-14
3619.9204220820934,121.84197049184706,8.737608906782e-12
3620.42845350223,121.87584911453116,-7.254551502188706e-13
3620.580956846958,121.8860198921975,1.3218867768399854e-13
3623.6956464390714,122.09383900000435,-4.6458679158217985e-12
3627.1368542883097,122.32365192883243,-4.590780470259453e-14
3629.589681141543,122.48759132437502,4.301660833324961e-14
3630.848703115433,122.57178351973329,-1.7514629701305176e-12
3631.4426488144804,122.61151146372927,1.77652716327567e-14
3631.490983845855,122.61474479170958,7.229997839545392e-13
3636.2113532653725,122.93071693772362,-4.732717097647406e-13
3638.2893268300923,123.06994247007235,1.9306897783725497e-13
3638.950932773609,123.11428717725862,-2.532660238811606e-13
3641.612397046145,123.29275556673787,-2.6052867975585327e-12
3649.1287368437997,123.79747934309259,-4.753475429957559e-13
3654.732761357955,124.17446795878524,1.755055150219626e-13
3657.9250525950174,124.38947537363258,-1.2699140513324041e-11
3658.206192561391,124.40841972570665,5.477837594288258e-12
3658.3203022752714,124.41610931679942,1.0377414232608845e-11
3658.6661457454948,124.43941637770125,3.516168751548909e-12
3659.400511031416,124.48891398208472,3.910707031367284e-12
3662.7300083193804,124.71345299625283,1.0956534107445735e-12
3662.8870971713454,124.724052005257,3.1658657543704606e-12
3666.9982235979414,125.00159718717201,-2.8031475159531992e-14
3672.3761710416056,125.36513641144002,-2.5138810273711447e-12
3675.3566113233564,125.56683806482627,-5.517017421854706e-12
3676.954492107535,125.6750422177318,3.5047439148373415e-14
3677.087670239162,125.68406280294207,-9.26373462322042e-13
3678.827599376835,125.80194384306738,1.915706114058581e-12
3678.855794811803,125.80385455657905,-1.1052105357479194e-13
3680.195118375937,125.89463305557817,9.180911054287714e-13
3687.036697293455,126.35886642690411,-3.1412268828288127e-12
3694.5012317282567,126.86635382404083,6.478549973759077e-13
3696.1109394749146,126.97592671672315,4.425018114981428e-12
3696.1391349098817,126.97784640684054,-1.1980766507824082e-13
3699.4020431319773,127.20010087354183,1.3700449829367673e-11
3700.9969671755143,127.30881120540309,4.6732519605864255e-12
3702.399666269474,127.4044581747539,1.5962388949880337e-13
3703.7795258217534,127.4985831294097,5.38305053772574e-13
3705.551678313655,127.61951917906143,-8.534593976751865e-14
3712.27297724062,128.07872295875762,-1.912086800800595e-13
3712.7197754882113,128.10927802117297,-2.7426710142031793e-16
3715.3030805276976,128.2860138506799,-1.8320113830827105e-12
3715.3876668326016,128.29180286895567,2.455063165440087e-12
3718.268223515575,128.4890245058508,-1.4878033691765598e-13
3719.761121603064,128.59129814962682,-2.271369840441755e-12
3720.027477866313,128.60954967593707,-1.3080160742882184e-12
3720.607454245527,128.64929590976504,1.2215858290030706e-11
3720.704124308272,128.65592138705918,-2.1137332402040118e-12
3724.433155991017,128.91162947415208,5.804251694129116e-13
3724.5934583789513,128.92262751169415,-7.385679655565848e-13
3724.641793410324,128.92594377781867,1.0138819293636532e-11
3725.234667930687,128.966624395398,6.138089944037724e-12
3734.5948483836846,129.60973963937067,-1.1686637725012693e-12
3734.7237418006785,129.61860685768286,5.420371985108222e-12
3740.376101345987,130.00776171652777,1.3057087586782788e-11
3741.639151239093,130.0948008934805,-9.377988524551299e-13
3743.5393827646485,130.22580483497558,3.4028029716550373e-13
3743.7166112130158,130.238026539995,-2.4410110089698663e-12
3746.7064353072387,130.44429254827824,1.861163231573069e-12
3749.136165823311,130.61203934931356,6.575419637822394e-12
3749.236863805336,130.61899381052842,-8.086911851783942e-13
3751.140308866857,130.75048574960445,-7.148893034119722e-13
3755.4450322141265,131.04810659925846,3.655087070529186e-12
3756.8410034434974,131.1446948416568,-1.0038510902630347e-12
3759.798904976068,131.34947276660264,-7.493451126953162e-13
3762.465981937094,131.53425484614183,6.560081304923533e-13
3762.643210385458,131.54653834023625,-3.999837860642176e-12
3763.8085190371503,131.62731891362418,1.466721913249902e-13
3766.75433681187,131.83163802739406,-1.5480302342666183e-14
3769.1429737518006,131.9974289682566,-2.442997385536274e-13
3772.042855647804,132.19884574118208,-5.343619503699949e-13
3772.26841912754,132.21451917176208,1.3058506821463444e-12
3773.366067534759,132.2908033892308,-1.869443997224579e-12
3775.1059966723583,132.41177021737298,-6.644586197039378e-12
3778.7448293614766,132.66493667893178,7.72003486723579e-13
3780.9275288273684,132.81691183409586,-5.3470425873596476e-15
3781.5440132754447,132.85985178649216,1.1092569151747979e-12
3781.6890183695596,132.8699528341754,-3.0737221962517045e-14
3782.4687619461884,132.92427637442358,-2.9642474291800774e-13
3786.6886421931513,133.21846328350796,-9.730303743175421e-12
3791.149896804352,133.52983419457163,-1.1024427089784052e-11
3791.2465668670957,133.536585288794,3.611025424262717e-12
3791.5494311992134,133.55773737376154,-1.3996892163543715e-11
3791.710547970452,133.56899047887075,1.4560136185318892e-13
3792.3119919200567,133.61100219820275,1.14456999080412e-12
3793.0509427131756,133.66262808975978,2.835785671613059e-14
3793.5020256753814,133.69414739224703,2.0867925982709833e-13
3793.5463327874713,133.6972435421274,-1.3383013396399193e-12
3795.8308014140302,133.85692960474765,-2.6623894011542384e-12
3802.3426485381237,134.31264015130216,-9.81162549160447e-12
3804.3467915816254,134.45305081144855,-1.6062812595009305e-12
3805.384321992228,134.52576946458214,3.9781390881984446e-13
3806.171307024102,134.58094106448888,1.5151987867989408e-12
3806.3122841989352,134.59082547679319,1.1964310672176649e-12
3808.364762273805,134.73477349673215,-3.913536216316608e-14
3817.6484122601314,135.3868401478508,-5.629347285135163e-13
3819.5454302496537,135.52027858386512,-1.1260157353324066e-13
3822.1464757327626,135.70334688469418,-1.4528525367670554e-12
3823.3528779605435,135.78829889617148,-8.10987687062257e-12
3823.4054977065452,135.7920048652798,3.5895961879447653e-12
3824.249687991655,135.85146752465639,-2.516843731322086e-13
3828.9206512007418,136.18071579813738,-2.924108926206943e-13
3829.1019075683816,136.1935003524907,3.337818695029654e-14
3830.493850878429,136.29169845095063,5.023140684933317e-13
3830.846121420571,136.3165559105596,8.01067339542692e-12
3832.216853955554,136.41330141551686,4.727947075613106e-13
3846.4432233046277,137.4194339722683,-3.119232855395973e-12
3848.0521166678714,137.53345450904087,-1.0485287920903972e-13
3851.1434531272957,137.75266801476025,-6.969328289543194e-13
3853.6760239825962,137.9323893979799,1.0837491083187018e-12
3857.5702003556453,138.20896627477543,6.269796377522811e-14
3857.977533793709,138.2379125378854,-6.869922875639658e-12
3858.9248212134917,138.30524127288152,-9.105655625673655e-12
3859.555018186008,138.35004186630286,9.46738453747652e-13
3860.6164153196605,138.42551294108986,3.881415866858439e-12
3860.8653319317646,138.44321526204527,1.5944637472667017e-13
3862.399323595279,138.5523340659018,-2.208890266511623e-12
3864.255248008651,138.68441114678285,-3.4401547403772656e-13
3865.154200397061,138.7484080095032,1.3206700593453808e-12
3867.5586922186712,138.91965812373604,2.189683546286884e-12
3867.65536228141,138.9265452812672,6.4292860101892315e-12
3870.447047944674,139.1255102735446,1.1971905513134596e-11
3874.7117488942713,139.42973505605534,1.97812378653833e-12
3877.5407570097104,139.6317287369884,-9.886581479661807e-12
3878.533165924883,139.7026225404199,-2.5646060517197602e-12
3880.6232232472285,139.85198738203923,-6.672924340273441e-14
3882.288250685033,139.97103527364217,-3.201660004832857e-13
3883.5231051430974,140.0593591844707,2.9181889618083326e-14
3884.3579116156207,140.119085270072,-7.512795580248618e-12
3891.1208177088965,140.60340947558564,-5.007041263403705e-13
3891.229571529477,140.61120474237526,2.5998170882418005e-13
3891.653530235357,140.64159537532439,-1.4662659609187731e-13
3895.6231658960255,140.92631141534392,1.091323598270092e-12
3897.3824202466326,141.05258406722422,-3.6861603230836677e-13
3899.762487757178,141.22350708875769,2.449697192138643e-15
3903.1588309059566,141.46759398799676,-1.9194392360125226e-12
3905.2765700725495,141.61989828996252,9.263096399760894e-15
3907.4635542529586,141.77726928839348,9.555376068837494e-13
3907.5964755892246,141.78683688149405,-9.663929210889596e-12
3911.6845056783654,142.08124961072593,-8.086818266414357e-12
3915.116843305308,142.3286782646751,-2.3720578581786784e-13
3918.5379115577125,142.57551048289454,-4.039389136353745e-12
3920.325104547921,142.70454330847585,-1.3319576238531745e-11
3923.9574661676215,142.9669760321806,2.6243388014663176e-12
3924.061377685611,142.97448706062107,2.8955295068747736e-13
3924.7468943493836,143.0240431944007,4.762734408457993e-12
3927.2848210979,143.20758576425789,-3.30754998685061e-12
3927.966566637739,143.25690973977268,8.020582533980745e-12
3935.4796928985115,143.80104803352938,-3.580036209213272e-15
3938.2635795184897,144.00293508905136,2.2250888744454884e-12
3941.3084665084016,144.22391331842124,-1.7291052589097083e-13
3943.0312127901047,144.34901476393506,4.0280171195892027e-13
3944.888208382074,144.48392627863575,-2.9388450126418954e-13
3946.230745482033,144.58150172936973,7.063457237365459e-13
3948.6352373035675,144.75634291643274,1.1308737975013844e-11
3951.032487669845,144.9307635654281,7.079159280541712e-14
3957.4229836244217,145.3962445218038,2.158197762530273e-12
3957.5282231164183,145.40391641706273,-1.0205708022198794e-11
3957.733646999733,145.41889228158388,8.679570257987931e-12
3959.311131391971,145.5339203566893,5.228294204740321e-13
3960.517533619688,145.6219205440528,6.140617251956422e-12
3963.9630261830666,145.87339727217318,-3.170170747034054e-13
3969.6669342951936,146.29019000775546,8.772902800657249e-14
3969.8924977749116,146.30668457287246,-3.76099219399014e-12
3971.6445106702176,146.43483425772564,5.335685390580011e-12
3974.132774413314,146.61693364284838,-8.438551073482867e-14
3977.8244836434937,146.88731528692463,-3.0956343187770255e-14
3978.192609067389,146.91429064384775,8.793141739177048e-12
3978.7360773776677,146.95411927412903,-4.626287953428162e-14
3981.1247143173987,147.12923747907453,-4.4106153072915285e-13
3986.200868606931,147.50173471879654,-2.3997257550834395e-12
3990.6750213589344,147.8304495673856,-8.16735758808357e-14
3991.073741370456,147.8597613186627,-5.671638246250205e-12
3992.365801081709,147.95476672186123,-3.0536227538631468e-12
3993.106894232085,148.00927332384313,4.306361234350015e-12
3993.6608175335846,148.0500203922362,-7.438694564543674e-13
3994.3699441250633,148.10219259577715,9.938468286021523e-13
3995.185938975154,148.1622388245623,2.4272524928726463e-12
3995.4074745355883,148.17854297452348,3.495463725572427e-13
3997.086170500518,148.30211780580248,-8.80728347222917e-13
3997.170756805413,148.30834588082567,-3.973149363865622e-13
3998.275133077089,148.38967300875564,1.1167742273726156e-12
4000.25322304279,148.53539725201358,-4.817142457870553e-12
4003.455198884579,148.7714369170761,8.492265729715815e-14
4004.687096601965,148.86229887941167,1.8503062711664225e-12
4007.848793250942,149.09562634663376,-3.684509999890301e-12
4010.3877911780364,149.28313309069927,2.598207634877865e-12
4014.656006455994,149.5986113292735,1.857099813170843e-14
4017.355306770997,149.79829897506525,-3.796225653537686e-13
4019.67388431357,149.96992883607373,-4.72311855968332e-12
4019.7705543763045,149.97708686944165,4.184356317864018e-12
4020.3397749716128,150.01923887992044,-1.0042983894267633e-12
4021.658702143811,150.11693121313874,-1.127304250362981e-12
4023.018422099511,150.21767859519218,-6.420869592481932e-13
4025.5896433808375,150.4082843081851,1.3830547951110116e-12
4028.470200063459,150.62196582495312,1.1693586187150125e-11
4034.779066453587,151.09049549237898,-1.3099873500851119e-11
4035.0908010075464,151.11366555222057,-2.871015705261729e-12
4036.231428552735,151.19845937617876,-4.543916169310434e-13
4038.0720556721726,151.3353414465979,1.5229624531331507e-12
4039.076548345128,151.41006895918846,-5.69272376063194e-13
4041.7989449971346,151.61269044580698,-3.2574722922079274e-13
4043.700247701126,151.7542808377532,1.4283277136324524e-12
4044.7611312440085,151.83331399080237,7.317275583311561e-12
4045.8587796511124,151.91510785582,-2.962410805788501e-12
4045.9675334716867,151.9232131121716,7.262680947189068e-12
4047.5764268348107,152.04314693315706,-1.4829775541780931e-12
4057.1790968267705,152.75996278877804,-2.7266902159535438e-12
4057.3447551079703,152.77234367898114,-2.0633938616001813e-12
4057.4897602020706,152.78318141596864,4.793209894014636e-12
4057.89357931152,152.81336505411798,4.157420632651788e-12
4058.1352544683527,152.8314306075431,3.9912001576006325e-12
4065.8414200616294,153.40804129120167,2.442913247541832e-13
4066.022676429253,153.42161689217798,3.28563872699918e-14
4067.244119155388,153.51311535675575,1.7556414264717488e-13
4069.850520531542,153.70845317982761,4.9659206203168425e-12
4070.604768618397,153.76500395893086,-6.955277696895863e-12
4071.1951999887547,153.80927966873568,1.4570008486199407e-12
4074.3810641533414,154.04829444420426,-6.601212082976869e-12
4076.0798997146276,154.1758235149455,1.2107692210553482e-12
4078.0453923317364,154.32343647093114,-6.324883838178865e-13
4079.7512125529242,154.4516051213636,6.025409187805583e-12
4079.884133889181,154.46159456105318,-8.861599845512391e-13
4085.7636416828013,154.90378290778074,-1.2236964472111572e-12
4091.387292201685,155.32732445397588,-1.510404368866411e-13
4092.319282327574,155.39757295160555,-8.273482217966476e-14
4092.60496380388,155.41910931773052,-1.2047254693519496e-13
4095.0064988846643,155.6002107314009,7.871068327522935e-13
4095.0991410281154,155.60719906740968,-2.0139087295900656e-14
4097.583376851824,155.79465303011256,2.696873270807618e-13
4098.4264959581915,155.8582984394621,8.10188290010056e-12
4101.598904393639,156.09789466584704,2.7138180384602233e-13
4102.900648710021,156.19626258077156,-2.667843362122954e-14
4104.479461076185,156.31560937195667,-1.829338996715465e-12
4105.850193611031,156.41926407123046,5.866528695614501e-13
4105.995198705128,156.43023137073297,3.988021933510029e-13
4107.040227366215,156.50928240888712,-8.445168224312599e-13
4113.447906176221,156.99443015831616,9.541473048831414e-14
4115.009278891252,157.11276174272183,-6.397190947973955e-12
4118.700988121251,157.39272352401508,-3.4181719809555826e-12
4118.785574426141,157.39914109162362,4.5162335112119805e-13
4119.837330951777,157.478948924917,-1.0334904385980863e-11
4120.482825218047,157.5279394567766,7.738197158106483e-12
4125.990179668431,157.94623857588493,3.1868962528367104e-12
4128.3874300345615,158.12849103887106,-5.192568132505909e-13
4130.2715498827165,158.27180672858478,-3.2606486292248935e-12
4136.887308523989,158.7755527344432,-2.2161665439681616e-14
4137.069892865615,158.78946674985164,-7.55287232320153e-14
4142.692729001097,159.21826103947208,3.1441184211843326e-12
4144.384323107093,159.3473750050546,-7.982867237031656e-13
4147.5795710841685,159.59140187588002,-1.3160867978779157e-12
4150.245320070802,159.795133852376,4.0171406427669235e-12
4156.705618626712,160.2894102974102,4.967892594858777e-12
4156.9352100256965,160.30699044643848,-1.5057824265215313e-12
4157.891367667247,160.38021527707036,-5.042503953513422e-12
4160.114346325637,160.55052137077465,-6.15946284119872e-13
4161.622284911342,160.6660988721173,1.0810947984721917e-15
4161.667663202083,160.66957758701628,4.688234422254184e-12
4167.928194560568,161.14987561744482,7.126044061001299e-12
4169.191244453472,161.24686232350126,3.966505914735831e-13
4171.156737070521,161.3978464420143,1.3158874207269426e-12
4171.2928719427455,161.4083066100237,1.5624489474427498e-12
4172.583860475262,161.50751900739127,1.0733801883435812e-12
4173.495967800073,161.5776329126978,2.54078793414785e-12
4173.54833075072,161.58165853021646,9.182741066786268e-13
4176.759690404888,161.82864156496737,-1.3989623859469233e-12
4176.809096614908,161.83244283982683,-7.478421214124731e-14
4177.608165404518,161.89392880723034,-7.494192825576435e-13
4181.493214759903,162.19303941334516,5.893841424753137e-14
4185.317845326074,162.4877699490089,-8.90730655079004e-13
4185.556006154316,162.50613181481788,-9.447643441531277e-12
4190.090577695224,162.85594025327086,-1.1187952097229633e-12
4190.2387963252895,162.86738060990513,4.752177987607956e-13
4190.271019679532,162.86986784515943,2.1353793233466422e-12
4190.4979111332395,162.88738153621594,-7.58494433605154e-13
4193.36638405786,163.10887997781765,2.3309445881894824e-14
4199.7775331990115,163.6044856063383,-1.8281556496291845e-12
4201.419464299605,163.73153476037734,-1.754992015710335e-13
4202.7620013994465,163.83545434380886,-1.5425166142863386e-12
4203.6129195489975,163.90133717023411,-4.9336682060082744e-14
4209.15249735348,164.33056821524812,-7.17302428797905e-13
4216.801758485754,164.92419606065897,-1.510438456892423e-11
4217.048789535861,164.9433850952347,6.709706445526868e-13
4218.965132738208,165.0922822017695,1.141790552957077e-12
4219.282780773395,165.11696953243418,3.246692184377417e-12
4222.268576947819,165.34911387504368,6.4311174256195545e-12
4222.461917073273,165.36415164615218,-1.1942024801278812e-12
4223.213722010167,165.4226327082466,-2.2705866931609126e-13
4227.994510217821,165.7947621120558,4.7382290541568515e-12
4237.599579361881,166.54367898725636,-4.615306466177723e-13
4241.3232551506335,166.83447485033255,7.584427925013222e-13
4245.467676109235,167.15842862522416,6.20193429470095e-13
4247.91673183796,167.35001081295434,-2.5722494954459056e-12
4256.526178530948,168.0243785605666,-1.8080235079455135e-13
4256.893232776152,168.0531598310302,-3.960758480564159e-12
4257.045736120845,168.06511857536944,1.1006210815339231e-12
4257.2028249727755,168.07743734604009,1.5170790473952716e-12
4257.239076246298,168.08028020382548,6.4999274499549715e-12
4257.267271681259,168.0824913321723,1.5425939706619673e-13
4257.647480862963,168.11230933728396,-2.7846514909230098e-12
4258.579470988801,168.1854121719665,-1.1096600084754924e-12
4258.9459676460465,168.21416358126447,-3.993601767549844e-13
4259.785873216399,168.28006292489988,4.6448457531559375e-14
4259.870459521284,168.28670032213245,7.78186573524494e-13
4262.113020188047,168.46271973523343,-2.1842991690675134e-12
4263.3602591964045,168.5606560736567,1.8522367747324825e-12
4265.53490282336,168.73148308879885,8.102982744022005e-15
4266.546893746844,168.81100875349264,8.390078819323695e-13
4268.000070229192,168.92523726389126,6.38822025164551e-14
4269.326495651885,169.02953632796596,-3.725179717471974e-12
4269.471500745975,169.04094028779943,1.4324137769833346e-11
4271.699835297576,169.2162368940638,1.0943916037680576e-11
4272.247588322431,169.25934103874442,1.1781375652595798e-12
4272.308007111636,169.26409589265003,-1.2348536799174346e-11
4273.703978340748,169.37397513222095,1.7673854531195214e-12
4273.886562682366,169.38834930694702,2.59929281459158e-12
4275.749214960031,169.5350239640565,-2.117605377777625e-13
4275.829773345636,169.5413689804118,-3.227802878636003e-12
4279.215103914802,169.80811568017788,-1.7213684465050361e-13
4283.3823644150325,170.13676433399235,-4.442621552158979e-12
4287.44944052395,170.45782045346832,6.271346745714167e-13
4289.943360952687,170.65484193105337,2.3827900379558705e-13
4292.17760898552,170.83144640284488,-9.462956030283062e-13
4296.612296927586,171.182255401069,-7.009466906538997e-14
4296.950598149864,171.20903182077754,-1.3018368001206137e-12
4301.12321454336,171.53946626319637,3.838183773167109e-12
4305.092850203484,171.85412411507275,-5.395574547508814e-12
4305.592011401622,171.89371126113517,7.613889674858492e-15
4307.7185767925375,172.0624149307539,-1.3432775218630178e-12
4310.365000565948,172.27247609626002,-6.680557864549021e-13
4310.7089584741225,172.29978739482567,1.6078751570060613e-12
4310.809656456128,172.30778353166386,3.009355595095194e-13
4311.075198336011,172.32887034356574,3.69224012183273e-14
4312.899713778169,172.47379113860762,-4.7935758255939347e-14
4316.671981393549,172.773615844624,-5.033734010028286e-12
4319.753376451954,173.01872361853196,1.885141089330863e-12
4319.995051608767,173.03795492487532,6.004109464879703e-12
4323.614258291492,173.32608208173122,-6.80485996160039e-12
4325.7078299421055,173.49286269972666,3.591124518016912e-12
4329.626687420915,173.80526844116105,-3.13365548640272e-12
4329.735441241481,173.8139421752691,-2.5076967156723746e-12
4330.767314965999,173.89625079863524,8.15340699723871e-13
4333.054997128104,174.07880040573295,6.606616008933153e-13
4338.91278055551,174.54667196521942,5.633469478972249e-12
4344.029470832613,174.95586828749015,5.5348277063318665e-14
4347.176383778136,175.20777540909324,-3.313774352474458e-13
4347.623438820975,175.24357650046448,-5.548713072706466e-13
4347.816778946424,175.25906071748855,-1.429258006360677e-11
4349.713239347643,175.4109808726407,-2.7648677717159465e-13
4354.179079465222,175.76898856664675,-3.651157472254602e-14
4356.758099789493,175.97590516324078,-1.0173046593365916e-11
4359.396981315005,176.18775128678556,-1.51834235227463e-12
4359.6265727139735,176.2061886641765,4.297407030374601e-13
4361.179889590328,176.33095355452417,1.156194669683835e-12
4362.526454609388,176.43914777102145,4.357548802330792e-14
4362.910948505708,176.47004733400476,-2.6623776323987227e-12
4363.116372388996,176.48655718612244,-2.340105988604072e-12
4363.458701530548,176.51407179732038,1.230547949999742e-13
4367.872993080776,176.86906266483354,-3.588722519468691e-12
4368.820280500397,176.94528891197243,1.1095822673204639e-11
4368.916950563122,176.9530686802301,-4.499874923499623e-12
4370.540070041239,177.08371904314657,1.598402841837743e-12
4376.18733048736,177.53866424498779,1.1378050633594903e-11
4377.21706185455,177.62168307620104,-1.7482917217642805e-12
4377.760530164758,177.66550636271387,-2.7356691724303933e-14
4380.342507229636,177.87378182663682,6.253888666555741e-12
4380.560785256809,177.89139487738117,-1.5499258226130309e-12
4380.673566996653,177.90049568150926,-9.301806983259235e-14
4389.618101375613,178.62301165728204,-1.2065277222326362e-13
4390.434096225604,178.68899893250122,5.735740226303929e-14
4390.655631786011,178.706916025303,4.4064816991206416e-13
4393.474955295797,178.93501292184803,1.064041993653593e-13
4394.403731885629,179.01018749890613,-4.921477239417426e-12
4398.929689999743,179.37674300821374,-3.4247452713348164e-14
4401.125030810975,179.55467867237428,1.3580874521262903e-13
4403.844470722057,179.77521645469554,1.2046936913022226e-11
4403.92100118838,179.78142479882072,-6.260885455699476e-13
4408.837924268002,180.1805241156329,-2.289588936497979e-14
4410.416736634022,180.3087684189608,-2.1225997415413093e-12
4418.56541575933,180.97140214387144,2.2526172035599823e-12
4421.889557153112,181.2420657008805,-3.498926982102908e-12
4421.974143457993,181.24895567791194,-9.265803560735763e-13
4422.738032152683,181.31118419722569,-1.0265821293750813e-12
4427.619518342069,181.70909759427857,3.593541113987547e-13
4429.447247320139,181.85819750931648,-2.854099788407964e-13
4429.53988946358,181.8657565789457,-2.4663462868232603e-14
4430.0272236992105,181.9055228716067,1.5172468402407046e-12
4430.220563824655,181.92130056614434,-6.9578115101570076e-12
4430.7897844198915,181.96775632181243,-1.427907456055872e-12
4439.46796253555,182.67674692489382,-3.398122798941454e-13
4439.661302660993,182.69255824221415,-3.766999390266188e-12
4444.9919862504985,183.1287717098879,-1.4439823584187248e-12
4446.729773030392,183.27108912047112,-6.335578326898187e-13
4450.570515273395,183.5858270551206,-3.5040808132780276e-13
4452.248954442743,183.72345570607763,-4.136154459680502e-13
4452.357708263305,183.73237509175274,-3.3472639530401056e-13
4456.203549604239,184.04792976353772,3.1958133898703735e-12
4456.308789096218,184.05656858636297,3.992214796903176e-12
4457.449416641262,184.1502126786827,1.1196570579951597e-12
4458.091697371497,184.2029536689163,-2.7365795087733777e-13
4459.1893457784645,184.29310484273373,-5.372594113417895e-12
4461.637330328386,184.4942406783072,-8.289461551877035e-13
4462.872485578835,184.5957676892744,-1.2922793846611178e-12
4467.629106270488,184.98701381768453,4.533953003026914e-12
4469.6292213942725,185.151653676501,-8.321568542554774e-12
4473.228288480448,185.44809717704098,7.161281249587864e-13
4473.40551692877,185.46270107456309,-3.903441527446302e-12
4473.65254797886,185.48305777943585,-4.529788703568648e-12
4479.220321217881,185.94217082876608,7.547408664530383e-13
4484.981434582336,186.41782764402828,1.0821696546807915e-11
4485.073519137819,186.42543541762416,-1.0295563645334217e-13
4485.133937927018,186.4304271372615,1.563086039588786e-12
4486.1220621273715,186.5120741811969,7.893833661836797e-12
4489.6212456148405,186.80135045873627,-1.4822166141368006e-12
4491.146367056181,186.92750229180356,1.194491301745894e-12
4492.634723633303,187.05065439463624,-6.800254253040571e-14
4498.299166935019,187.51972445999286,-3.855297990985261e-15
4506.1331547656,188.1694275178845,-4.169319836356794e-12
4506.904585708136,188.23346642686423,1.7142144947980676e-13
4509.228775939006,188.42647103505098,1.0315990704467661e-11
4509.329473921005,188.43483541133617,1.3344055126456724e-12
4509.7765289638255,188.47197184284366,-1.1663367408705453e-12
4513.35065814824,188.76900368237165,4.436067410967185e-14
4514.033731661962,188.82579802291073,1.2718890780138061e-12
4516.317129109329,189.01571413710082,5.075149747559509e-15
4516.933613557256,189.06700522026333,1.6540380161774323e-12
4522.690699002378,189.54632873670437,2.9027369246330675e-12
4525.091162904208,189.74636695644838,-2.618730567138821e-13
4525.220056321168,189.7571110537023,2.7863254849924267e-12
4525.906086575512,189.81430124725665,3.286447874699378e-12
4527.218542678307,189.9237369335399,8.773850228838106e-13
4527.250766032546,189.9264241919246,-4.5741674875269915e-12
4529.11877420337,190.08223894899933,-3.183589416558275e-13
4532.285826745139,190.3465567855757,-1.741262558616381e-12
4532.772647390058,190.38720254826893,7.83710424254864e-12
4535.746359806385,190.63557934045122,1.1785956625559647e-12
4536.000118721025,190.65678188053587,-8.782325461379082e-12
4536.719700303613,190.71691215948525,6.688334184590651e-13
4539.88139695209,190.9812255271614,-3.19616756738799e-13
4541.507473170759,191.11723490411208,4.144155806303361e-13
4542.420394878785,191.19361547343033,9.391774323264384e-13
4549.387910470651,191.77706581659996,-1.3722244109391557e-13
4551.062064925327,191.9173904995118,3.2441513980476966e-13
4551.80315807558,191.97952411018883,1.0515226076038248e-13
4555.862992728954,192.3200821434234,-8.849687820361619e-12
4556.270326166929,192.35426794818713,-2.508797546909238e-12
4556.915820433118,192.4084478620425,5.909960381732731e-12
4557.622247079206,192.46775096466962,4.999328943480441e-13
4560.5350271156185,192.71237011212682,5.684763857013291e-12
4561.905759650286,192.82754013526142,-7.607833459169524e-13
4562.9830116654775,192.91807598341876,1.7403400052415711e-12
4564.621986025286,193.0558618515893,-9.555842981189006e-14
4567.123404704441,193.26624737980097,-1.0377840167457441e-12
4567.385219457638,193.2882743612218,2.5037791064247954e-12
4570.3173247071345,193.53504429926627,9.238954174410518e-13
4571.608313239509,193.64374585228333,1.2842125616594026e-12
4573.408661165861,193.79538685194953,5.722860561243306e-12
4576.825958293651,194.08338563421955,2.852186910948828e-12
4577.8913833463475,194.17322021064246,-1.0708179766515038e-12
4580.698923890769,194.41004673908114,5.591530389310178e-12
4584.342298088926,194.7175954287801,1.7709293420182136e-13
4589.198802379126,195.12792844996434,-3.156215846853142e-12
4589.926183004916,195.18942329232854,1.502772280863508e-12
4591.48648454108,195.32136853120466,-1.4208827208950339e-12
4591.6435733929975,195.3346550675796,1.857858546677752e-12
4592.306250514959,195.390709138641,-8.287894153050171e-13
4593.1684380389515,195.46365136570975,-9.744071762950275e-12
4593.944153696098,195.52928965841969,-5.500978685593874e-13
4595.8806364946495,195.69319630121123,2.0449024054863449e-13
4599.147829430407,195.96989272080472,-1.381848165070451e-11
4599.200192381047,195.9743289055918,1.2580265770735759e-12
4603.227803680136,196.31569914648054,5.266568407706566e-13
4603.260027034375,196.31843152214748,7.155692290929024e-13
4604.361189769886,196.41181598627614,-4.081109605414146e-14
4606.349221135763,196.58046819773094,-3.563886183934637e-12
4608.144726759511,196.7328502923036,-4.0238180355931943e-13
4613.108099308277,197.15439387666189,-9.505147034425814e-12
4613.769705251577,197.21061892623516,4.233682194757574e-14
4613.950961619173,197.22602398615612,-2.1160077914145775e-13
4617.7962453719965,197.552978981206,-4.423237083610756e-13
4619.130213042429,197.66646659648208,5.5992957867180064e-14
4621.25677843317,197.84745242975367,-6.884545531926686e-13
4627.150813133663,198.3495120924057,4.8258699155286886e-14
4629.732790198379,198.56964900089048,-5.3984646258850625e-12
4630.4590996455045,198.6315955844373,7.027923420159602e-13
4633.631508080483,198.90228269109875,9.809473885972439e-14
4633.772485255278,198.914315931097,5.05303218387345e-13
4643.046494631315,199.7067119645187,1.0840793251367364e-11
4643.164889059786,199.71683814143546,3.122574150567245e-13
4650.733591805584,200.36471885723938,-1.2355412512354293e-12
4652.293893341726,200.49841181149696,2.6007198332889395e-14
4652.515428902119,200.5173975111404,1.944554077761932e-13
4655.650514884905,200.78617274814474,-3.2080022969512935e-13
4655.715775976692,200.79176959503548,7.881200851311941e-13
4655.917685531384,200.80908602749327,7.87459114902019e-13
4656.973726771495,200.89966785900046,-2.606826192217538e-12
4658.055006705942,200.9924358224723,2.467407006268731e-12
4658.894912276205,201.06451003442658,-9.120416545274383e-13
4666.947992516956,201.7562228178431,-1.2674910604855128e-12
4668.495953499905,201.88932055303522,8.469901502676996e-12
4669.102496547284,201.94148474719472,-2.7300695455279793e-14
4669.937303019611,202.01329123974628,-5.9338387343391165e-12
4673.164774350473,202.29102531514948,3.160314087149776e-12
4674.576042873253,202.41252971296402,7.881490835975779e-14
4674.854226098912,202.43648446973546,-3.86173856858892e-12
4676.549848123944,202.58252774105438,-9.875791765371135e-13
4677.744166593571,202.6854257199846,4.454940946015555e-13
4678.4208130353245,202.7437346878,-3.823005302407266e-13
4680.455037075212,202.91908161053487,-7.06421603831797e-12
4684.336572101494,203.25387533377588,3.695503541076028e-12
4684.597829266725,203.27641949535223,-4.654748934607094e-13
4688.0591767111555,203.57522156378275,-1.323385543490831e-11
4688.738222305571,203.6338663150182,1.795692091070775e-12
4689.012120816598,203.65752355187283,2.4766010233158905e-12
4690.855961471672,203.81681622382726,1.302005977151878e-13
4693.6720714452795,204.06022583727912,-3.722469891331407e-14
4700.393370370134,204.64176969367244,-3.9619560980373145e-13
4701.481634964472,204.73600738827867,-4.3158424983705165e-12
4704.423124026443,204.9908332460263,-8.119857838301671e-13
4709.640769080426,205.44323820124927,-2.708834786046815e-13
4712.948798796857,205.7303264107026,-2.621137850181155e-12
4718.168586208143,206.1837369867235,1.8101512588226265e-12
4718.22900499734,206.18898813073383,1.2813884990732607e-11
4722.054706741633,206.52162611134403,-1.305777494463e-12
4722.264158544182,206.53984535835372,-9.372209060520978e-14
4722.303623353672,206.54327831072834,1.8522825170406366e-13
4722.795799891855,206.58609401786376,6.885815558036349e-12
4726.015472179471,206.86629169083693,2.296131579170322e-12
4726.176588950661,206.88031817958156,-6.911675343510924e-14
4726.775076159474,206.93242540997784,-1.853370900094686e-12
4728.759893989326,207.10528060553355,4.985622504696274e-13
4731.810136871835,207.37106373291434,-6.607979452005967e-13
4735.51234508971,207.6938861546074,-6.814018362651732e-12
4742.985448951294,208.34628954832536,1.1549468523859044e-12
4751.218714380827,209.06624622450806,-9.241356913929124e-13
4751.359691555618,209.07858482619633,4.801591345785547e-12
4753.006164165957,209.22271447750117,5.416045489496093e-13
4754.462554184099,209.35024621567587,1.5590969065739987e-12
4754.494520742987,209.3530458702786,-3.00087814751587e-14
4755.246325679779,209.41889492352587,-8.207130542210984e-14
4756.428046800847,209.52242049864645,1.4574441052705762e-12
4762.060266747978,210.01618886992443,4.4006488288434585e-13
4762.140825133572,210.0232555428481,2.742578043861204e-12
4764.315468760257,210.2140629173615,-3.653872412897123e-14
4766.464873692603,210.40274140286652,3.0741971024759353e-12
4767.941403307139,210.5324030385688,-2.6607441415171616e-12
4770.480401233701,210.75545936733693,-4.28070289451829e-12
4771.035953301698,210.8042816237871,8.219399021079366e-12
4778.428241982284,211.4544616193246,-3.461943270753498e-13
4779.366959972555,211.53709747750165,7.482012775434907e-12
4779.669824304583,211.5637622536951,-2.8045792106001585e-12
4779.949335504242,211.58837247308296,-9.297452313323406e-13
4780.211150257426,211.61142587267494,-3.901028452767975e-12
4784.249774135536,211.96719608740318,8.185140659016531e-14
4788.768233998629,212.36559210154414,-3.1288689305689256e-12
4789.034590261792,212.38908867242753,1.1936207996197114e-12
4789.110563140147,212.39579084606254,-2.0740043329634103e-12
4793.391933353691,212.77365648764197,2.8423935558979815e-12
4796.324038603039,213.03263335898436,3.197025229962811e-13
4798.592138756449,213.2330709124015,-1.9091495232761697e-12
4802.868923462745,213.61127863587106,-2.3950558907419294e-12
4805.704358649375,213.86220963235075,-7.097027056396198e-12
4805.768805357848,213.86791477330755,8.591565674791551e-13
4805.919166345206,213.88122576807098,9.395146762046833e-13
4806.17292525983,213.90369120715044,-5.000821379479878e-13
4807.604590174316,214.03045964228417,2.575153968010485e-12
4809.493552324729,214.19777776530864,-1.2557938744624157e-12
4810.771642715887,214.31102413631743,1.408478590836058e-11
4811.061652904028,214.33672494349412,3.3269726806867684e-12
4815.205516274083,214.70412483066656,-5.4100805200346765e-12
4815.414968076628,214.7227034763011,-3.8535635642241804e-13
4815.452547324151,214.7260368896352,1.9689220731148938e-12
4819.707607664679,215.1036441543691,-1.6297693126417973e-12
4820.906210848898,215.2100721280339,-7.596842534899136e-12
4826.481783130687,215.7054936572707,-4.332761926590145e-14
4827.873726440331,215.82926511760863,1.1099675060983288e-12
4829.128206903765,215.9408439726531,5.276635513488639e-14
4831.844176483255,216.18251323804725,7.22478956372443e-14
4833.155818202653,216.29927288146203,1.387303553477638e-12
4834.489785873023,216.41805243977385,-3.061299567989976e-14
4836.068598238887,216.55867589043098,1.1543611996267704e-11
4836.108063048377,216.5621915750661,-4.043862884315571e-12
4842.377464627653,217.1210594859482,-3.6600098182539895e-13
4842.55872099524,217.13722783647037,8.4110644301732e-12
4845.6092206730245,217.40942796256792,8.394429885480561e-12
4848.837506387075,217.69767886308534,-9.055371796364652e-14
4855.279550907403,218.2734573426055,9.794111887935178e-12
4855.775755364853,218.3178389235862,2.80402587954066e-12
4856.377199314273,218.37163942876265,8.661624211569634e-12
4857.740433598251,218.49360844976195,9.023829720239764e-14
4858.34187754767,218.54743072162213,-1.4365355758579878e-12
4858.4071386394535,218.55327123469152,-2.2491494875970556e-13
4859.960455515626,218.69230781030436,-5.213516749361849e-12
4860.939709494027,218.77998316015925,-3.7014156023454695e-12
4861.659291076564,218.84442057271437,-1.1326460928096017e-12
4861.6915144308,218.847306347141,1.0413668219618173e-12
4865.119824137557,219.15443916247554,3.244484044873912e-13
4866.653559005287,219.29191233595145,-5.313649643980563e-12
4867.899426042193,219.4036149634399,1.4215760295936221e-12
4868.411998972109,219.44957980878473,-1.215559584728671e-11
4868.653674128892,219.47125364505206,-4.920401890619391e-12
4875.1018889257875,220.04993775380407,1.0554653918050045e-11
4876.094297840683,220.13906782042827,2.1572664619953255e-14
4877.268476713861,220.24454641147213,-1.0371964741574956e-12
4878.244773951637,220.33226827796216,-1.5004841991173516e-13
4881.713619646528,220.64409162425545,-4.260005246698782e-12
4885.146514860509,220.9529015107126,9.443839851631745e-12
4888.480040066502,221.25298020691915,-3.749634688151799e-13
4888.524347178578,221.25697004190167,-1.727828193442888e-12
4891.42958496692,221.51866428777274,-5.487945827821839e-13
4894.975775511422,221.8383041597961,-2.0611977346387633e-12
4896.282061337517,221.9561060832823,3.5778480012672583e-12
4898.3482519362,222.14250101956765,2.4119554566850103e-12
4905.024686160733,222.74533229951334,1.415809593049267e-13
4906.35192596653,222.86526980857144,-3.85126404052594e-12
4908.304520442072,223.04177717631518,-2.7371089683594446e-13
4909.1973025536245,223.1225047966091,8.30228981415843e-13
4909.438977710404,223.14436020174335,4.275613668165244e-13
4909.793133814404,223.17638953790856,-2.3728903796907804e-15
4912.117324045068,223.38664308045935,-7.934628242589346e-13
4912.18177075354,223.39247454980648,-1.915578951143814e-13
4913.219301163814,223.48636616326263,6.172877103234019e-13
4917.886236452178,223.90894701813392,-1.4940916592893476e-11
4921.908491857708,224.2734754124326,-7.45087877141089e-13
4922.466699873702,224.32408815906842,2.073130245292712e-14
4929.2194077691665,224.93681119686693,9.993951885537024e-12
4936.8815670412505,225.63307274485777,7.281659602366484e-13
4940.741634496924,225.98424729068734,9.000334872593346e-13
4940.789969528279,225.98864637158573,-4.364224447735825e-12
4942.69101543648,226.16169900631328,-1.6180168746735154e-14
4944.069803809595,226.28725207164914,2.3598632314344775e-14
4946.196369200193,226.48096669270674,1.6755745581443334e-12
4946.310222118679,226.49134021384043,9.13572395125493e-13
4946.353458052098,226.49527964725286,-6.165585254602724e-12
4947.588312509803,226.60780770007185,2.2082731236626787e-13
4950.871917915045,226.90716805458302,3.725385098162495e-12
4954.770635796889,227.2628650055188,-3.710459503495842e-13
4954.887445455997,227.27352637774976,1.7593650622664586e-12
4955.149773799872,227.29747034903912,-1.0704271069178673e-11
4956.872263285757,227.45472174830095,1.2339544036873207e-12
4957.969911692603,227.554957981281,2.101403258759797e-12
4958.078665513152,227.56489048756382,-6.555334543757563e-12
4961.653051492568,227.89146106532888,6.763303953329814e-13
4962.25316746797,227.94631319823455,-1.7483283502038086e-13
4967.224038266966,228.4009185441277,-1.4524793085318815e-11
4967.288484975438,228.40681543353412,-1.9734306944883168e-13
4969.205642560748,228.58227080662118,-4.488037670249394e-14
4970.632765965212,228.71292294815635,7.59320130843041e-13
4971.593208321202,228.80087188913004,-9.984369320951277e-12
4971.786548446622,228.81857834748382,8.289438445125949e-13
4972.433113891412,228.8777970488672,-6.7068934840998255e-12
4988.126585040639,230.3175183695739,2.191086617715597e-12
4988.3413927364645,230.33725633252834,1.4429279838472943e-12
4988.6348732559145,230.36422465286486,-8.403311422308459e-13
4988.747654995744,230.374588740896,2.968134554216653e-13
4989.192310885853,230.41545271648738,-6.934006079893707e-13
4992.192890762843,230.6913018909857,-1.165717639372758e-11
4998.104365114006,231.23524051742007,1.3319271926266806e-12
5005.438120567032,231.9109436387899,-3.3857317498561436e-13
5008.009341847713,232.1480803308843,-4.03489078586639e-12
5009.195090888003,232.25747974568185,-5.401641914431441e-13
5010.295952830811,232.3590705034368,5.344961635903795e-12
5014.850663967221,232.77962981369626,-4.323665416464414e-12
5016.5905931042125,232.94038706626554,2.342833074437956e-12
5016.618788539168,232.94299258592378,1.272006851536773e-13
5017.331686254393,233.00887581185665,4.693507292709954e-12
5021.532498082154,233.39728857011264,2.734050018016732e-13
5021.552637678554,233.39915148746175,-4.509545352267378e-12
5023.1789706924055,233.54961233198722,4.317281683582364e-13
5023.662020213343,233.59431123496492,-5.232028956372329e-14
5026.1924487105225,233.82853422604907,6.64167959453378e-13
5027.567209164337,233.95583504856222,8.980361871517607e-13
5032.340198327877,234.39807717728326,-1.940890922819126e-12
5032.796937975822,234.44041846766308,-1.0045566602702495e-13
5033.732141637466,234.5271269592289,6.638440482182212e-13
5034.022151825596,234.55401886265713,7.858534170980623e-12
5038.101311691649,234.9324330816752,1.0856110113558744e-11
5038.197981754359,234.9414046576465,-1.6249846064145367e-12
5042.322263115793,235.32432365378273,-7.81118634650354e-12
5054.804675403936,236.48516273071485,1.7065407871815135e-13
5054.916642760454,236.49558845628403,-5.284968726451173e-15
5055.050892070686,236.50808924756336,1.1312218224084068e-11
5058.4351514605905,236.8233284369493,7.520339312629761e-12
5059.283369664697,236.9023718822727,-1.6532402567431415e-12
5059.315593018932,236.90537496163313,-2.223456455272123e-12
5060.4519358492,237.01128950353572,-2.871771379753538e-12
5063.583808295758,237.30332350273466,-2.763560706420271e-16
5066.165785360246,237.5442179392028,-1.3103552227425552e-12
5068.032722352201,237.7184767508271,-2.2067323357159937e-13
5070.457610564783,237.9449102582843,1.1021494211515533e-12
5073.878678816154,238.26455021004006,-2.2833022064723808e-12
5077.31234441606,238.585583949744,8.927141817044468e-13
5079.2982334244325,238.77135560606774,3.057406547889359e-13
5079.479489792011,238.78831500321294,8.278744291030205e-12
5081.302376467234,238.95890850274526,1.7445738101239632e-12
5083.9002084134845,239.2021304557332,-8.742953028431928e-12
5084.404982300169,239.24940432308344,-7.599337508773117e-12
5088.194175975323,239.60442562771982,5.656015858710053e-13
5090.22651445308,239.79495069192333,-2.708725239171945e-13
5091.171402719889,239.88355677680363,1.0700555537448271e-13
5092.503184035619,240.0084713507184,6.2051259115591466e-12
5094.403415560459,240.18676034003568,-2.2515274140374855e-12
5096.654589653315,240.39806254824794,-3.453737350695465e-14
5097.570468101857,240.48405646637522,-1.231470815173016e-11
5100.506087679619,240.75979262642463,-5.16310124452927e-12
5102.004341659813,240.90058144595315,4.730176782742801e-12
5102.349928334543,240.93306160867112,8.013427788092364e-14
5105.87623607786,241.2646094267447,8.966317235480406e-12
5107.705036234321,241.43664568147182,6.642116232319865e-12
5108.951204063783,241.55390868030656,-2.982874538728173e-13
5111.641634156186,241.80717269060335,-1.122127710739145e-11
5111.888665206241,241.83043367622813,3.7176652500276854e-12
5111.973251511112,241.838398766618,5.210825186923817e-13
5114.672551825379,242.09264826212043,-9.704725353983934e-13
5115.611269815591,242.18109839785564,-7.22129470826013e-12
5116.770151394909,242.29031570395284,-1.4603851570632585e-12
5118.043957071364,242.41039242472263,8.67941397006438e-12
5121.308750854116,242.71828834744986,5.69715537592604e-12
5122.906888432983,242.86907696357423,3.5356476413246194e-12
5123.551311520441,242.92989334051543,4.721559279924543e-13
5127.832681733715,243.33413490380866,3.480616013368721e-12
5131.11251601492,243.64404112229093,-2.1075784091204002e-13
5131.309326471657,243.66264372503355,3.3806422506714446e-12
5132.408046057126,243.76650824799498,-7.339445795337169e-12
5134.9331186609725,244.00529352360573,-6.232371511782647e-13
5135.292630658243,244.03930058126278,2.586236460456698e-13
5140.145107028626,244.49854029896724,9.161436586294916e-12
5140.209553737096,244.50464247200784,-3.115047429107564e-13
5143.176024697803,244.785607264031,-7.573050256245817e-12
5143.2726947605115,244.79476594952382,3.2171513008299823e-12
5147.402632807768,245.186204048217,1.0860801198848833e-12
5153.434387149195,245.7584620068553,-6.845235579744538e-13
5154.496341870448,245.85928351079025,-3.5535755716453555e-12
5155.210824355007,245.92712784681706,1.0627891868718143e-11
5159.228795045738,246.30883305200808,-3.9431310515465854e-14
5161.03638442713,246.48065012571172,3.580933731508738e-13
5165.728558409619,246.9269369638563,4.957371619094424e-13
5166.869185954494,247.03548677131127,3.176044246730448e-12
5167.030302725674,247.05082166124149,5.5740872868124726e-14
5168.185156385701,247.16075316530123,2.3585037084075086e-14
5168.512445028731,247.19191251797417,3.724605814962497e-12
5169.91540091747,247.32550259411977,4.43892349948491e-12
5171.057099641001,247.43424240635238,3.7642403236151126e-13
5171.298774797769,247.45726356440485,6.431364303425473e-13
5171.945340242537,247.518858491444,-1.6539169914689398e-12
5174.917981479822,247.8021456513629,-7.89756435971865e-12
5175.079098251001,247.81750442915705,2.7238981321417176e-13
5175.197492679459,247.82879091915348,1.1285621536422044e-13
5178.391412681765,248.1333633793475,4.423758467500293e-12
5183.080886718967,248.58089248561,-3.1281769485129845e-12
5187.79268670714,249.0309602070921,3.666739243646985e-12
5192.416386061861,249.47301018001644,-5.650606032642529e-13
5194.417315568655,249.6644316500261,-3.217677770891468e-13
5197.280689394687,249.9384882389567,-1.2083074064965914e-12
5198.916149425706,250.0950876443185,6.937375223652346e-13
5200.383552022907,250.23563706437193,-1.6177053750583093e-12
5200.528557116968,250.24952796376448,7.346227930333921e-13
5200.952515822705,250.2901437084924,-1.6768447845159155e-13
5204.922151482052,250.67060013027327,-6.586576212401451e-12
5208.513977112437,251.0150967641991,8.340383578730602e-12
5208.614675094423,251.02475826234914,-3.8489255874570236e-13
5210.086105610901,251.1659564116196,3.980030102170307e-12
5214.609921366926,251.60031057547582,-7.16209255388498e-13
5216.018233148937,251.73560657518004,-8.737857657919462e-12
5216.369175716948,251.76932718624295,1.3356183311107117e-12
5219.829708777719,252.10195689049624,9.527666296067006e-13
5220.023048903132,252.12054743240327,-1.3393994812155327e-12
5220.835272629048,252.19865400019128,5.107057694372182e-13
5221.064864027978,252.2207345981243,3.1460471824694012e-12
5225.687492204013,252.6655153061669,2.081655964041919e-14
5233.256451744314,253.39463646100265,3.0011820534076492e-12
5234.3871378886515,253.50364654576168,-1.9307210986085215e-13
5234.689231834609,253.5327755789209,7.87365872661005e-13
5235.145413894578,253.57676555286943,-1.720230854840454e-12
5237.67798474898,253.82105295147014,-8.156569703237903e-13
5241.959354962174,254.23429520087373,4.7199301088944556e-14
5244.778678471459,254.50660358428956,-1.8134351193102373e-13
5245.2265478975205,254.54987516904032,-1.0996050871251975e-12
5249.580420657737,254.97072375071127,7.009875337648043e-12
5254.022863644836,255.4004935101163,1.2699180276304578e-11
5255.208612685078,255.51526642716672,-6.571370526746397e-12
5256.140602810715,255.60549528416738,9.332635176838976e-15
5258.807679770685,255.8637916933399,-6.698336979621406e-13
5261.824371324652,256.1561048879432,3.5406332480245995e-13
5262.0499348042995,256.1779684096482,-1.2215705829564565e-11
5266.827208682279,256.64124235705464,-1.1670987527215627e-11
5269.869138930577,256.93645122267463,-1.829391021405909e-12
5274.126341628072,257.34988429974703,-2.0982097553179644e-12
5274.925410417485,257.42752210878416,-1.9156854160127954e-12
5275.022080480192,257.4369154041447,-9.068527381948557e-12
5277.208807864509,257.6494426473928,1.3539930378243421e-13
5278.991716139491,257.82278804366985,2.041516498787096e-12
5280.4107837053225,257.9608004405709,7.703557842350838e-15
5282.832458381847,258.1964077506083,-2.652728679829966e-13
5283.392295164421,258.250890241328,1.2064367042426627e-13
5283.412434760819,258.2528503047537,-6.783160406944552e-12
5284.170967562089,258.32667909120914,5.583595111284819e-12
5295.499854163731,259.4305926431085,1.4482591270802871e-11
5297.094778206582,259.5861956687911,-4.673132398649791e-12
5297.372704636859,259.6133153550951,-2.826532653454466e-12
5298.9300494321915,259.76530528479896,6.23402120927309e-13
5299.974006914336,259.86721590676837,-2.307701093374811e-13
5301.664786636584,260.03231158853873,-3.491978605603161e-12
5301.726019809083,260.0382916715044,8.007309218331597e-13
5302.513004840655,260.1151554377401,-1.5470897918605178e-12
5302.653982015433,260.12892569310503,5.759147129685991e-12
5310.521264377664,260.8979600686495,-1.0776968072698533e-13
5311.9279913903,261.03558913769,1.3590426988734383e-11
5316.801935330947,261.5127200797742,-4.889392927311447e-12
5320.530967012117,261.87806620364984,-5.804012509285272e-13
5320.9329445567455,261.9174646276471,-8.913260423557478e-13
5321.1753900995545,261.94122851910186,-1.0080938159383596e-12
5321.33247895145,261.9566265442861,2.970149739464396e-12
5323.188403364145,262.13858074347706,3.6344913267303695e-13
5323.2689617497335,262.1464800970568,4.02757779565596e-12
5323.954992003972,262.21375534977386,9.40656462798942e-13
5324.532011642315,262.2703472373137,4.620510893309851e-14
5334.445345006653,263.2435670249224,4.347921583875179e-13
5334.8491641159835,263.28324945410714,-4.514742546099263e-12
5337.769185607212,263.57028303383214,1.337196825168976e-11
5342.797004863764,264.0648779098986,-7.489860285855669e-12
5345.233976834074,264.3047744133592,-6.575040386726414e-12
5347.485150926841,264.52647810322566,7.115814556877839e-13
5349.336533829552,264.708878880631,-8.855874903006912e-12
5354.073014923976,265.1758108734243,-4.978094162502899e-13
5354.319231590714,265.20009471542477,8.555543846777505e-14
5357.103118209744,265.47474140418495,1.3031480494281196e-12
5357.187704514608,265.48308857236424,1.0140821579036329e-12
5365.494543668923,266.30346829580105,-6.395989501098485e-13
5371.203807672446,266.8680496844051,6.644087920334679e-12
5373.748462284635,267.1198805824784,1.6855440493582973e-12
5375.140405594147,267.257684257798,2.7934878338677647e-13
5377.964057815262,267.537338073973,1.1145915626108074e-12
5387.163935876381,268.44951051899494,1.2636160197119149e-12
5387.304913051156,268.46350060398396,9.042000610577153e-13
5387.344377860643,268.46741702014185,3.8169405951474944e-12
5387.615018838405,268.49427571319904,1.2757476955478302e-12
5388.506472975879,268.58275409356156,4.861893564272808e-13
5389.515250363154,268.68289466680966,-4.629044241866495e-13
5389.644143780095,268.6956911700484,-3.0955482999342964e-12
5391.217343457171,268.8519026672426,-6.8920897487163435e-12
5391.964863679248,268.92614396750366,5.252908008330492e-12
5392.6823029044035,268.997407400305,-2.5318504340560616e-12
5392.972313092515,269.0262168819302,-9.299864513919355e-14
5393.724118029221,269.10090806006474,3.7635298762024074e-13
5393.756341383454,269.10410965546714,8.061309496506727e-13
5395.058085699462,269.23346223480786,-8.664535453592969e-14
5396.104185538907,269.33743438817163,4.930527921381332e-15
5396.79291573841,269.4058984786312,-9.374481927875315e-13
5397.116176462151,269.438035629901,9.725032414368393e-13
5398.440459527215,269.569710089759,9.810711569449417e-12
5398.746581392444,269.60015261365845,2.420413581112914e-14
5400.686277726678,269.79308732686815,-4.2674387632858764e-13
5402.8168710363925,270.0050897583001,1.365588501956697e-12
5404.398126552026,270.16248497316604,-1.0200382919791727e-12
5404.709604310539,270.1934943162532,7.868437035567504e-13
5408.21954358122,270.5430518282984,6.329982228892149e-13
5409.784386627126,270.6989688746913,-1.9952451164800248e-13
5409.965642994695,270.7170317207102,-7.478670110318644e-14
5411.838750263141,270.903729008485,6.597050711557327e-12
5413.778446597368,271.0971315117862,-2.0918173222014375e-12
5418.018723234346,271.52016075474995,7.269115067213383e-13
5418.244286713988,271.5426732691169,-7.029728832964251e-13
5426.9439323983715,272.4116623888797,-8.009775014342713e-12
5427.519880858051,272.46924186063796,-1.5089516530848298e-12
5427.588355485799,272.4760879019913,2.247598550074254e-13
5427.781695611207,272.49541836732743,-7.803100855500334e-12
5427.842114400394,272.5014592789558,-1.2400215659891869e-12
5433.046604517212,273.0220773420705,9.400750553613332e-12
5438.287859498233,273.5468773410036,-1.5569774412839293e-12
5441.229906147779,273.84168236501233,3.0004399244839797e-13
5441.346715806878,273.8533904581916,1.5527795350839402e-12
5449.092646999871,274.63034340123687,-4.89028887701731e-12
5450.322659154887,274.75382103098144,2.1850328176596873e-12
5453.683308616865,275.09132973363313,-9.128070615117047e-13
5453.747755325332,275.0978041242524,1.2604252165698671e-12
5453.764681385758,275.0995045484787,-2.6875713563390814e-14
5453.9303396669075,275.11614717309203,4.1863698361806404e-12
5456.714226285897,275.3959020277114,-3.88090354610189e-12
5460.4336173590755,275.7698892085411,-3.0493297028749875e-12
5463.624279828009,276.09091545219275,7.657560591278853e-13
5463.753173244947,276.10388791283214,1.487047908141332e-11
5465.0734283907195,276.2367824363345,-7.214853011292685e-14
5465.25065683901,276.2546243796026,8.080287679367859e-13
5467.453495900383,276.47643689399194,-6.87981630889934e-14
5478.19272151759,277.5590918127451,-6.431327956760763e-13
5480.455722572799,277.7875030316393,-7.940712405033731e-12
5482.147316678311,277.95830211341433,9.185237015528413e-13
5482.5425663583765,277.9982177959651,-1.1550034320318257e-11
5482.6754876945915,278.01164197238325,-2.8579585029867125e-12
5482.69506970303,278.01361965331387,2.3154500334706826e-13
5486.108082115623,278.35842404635514,-3.787627022500692e-12
5487.751341189781,278.52451313868573,1.4660420876476612e-13
5490.002515282498,278.7521267613099,7.594369790047308e-13
5491.7491722839095,278.92879355559006,7.034931213549763e-13
5494.027984223622,279.1593700072324,1.4262763541045245e-13
5494.854991652617,279.24307254766137,-1.080273692781283e-11
5495.145001840723,279.2724278547003,4.980393555922619e-12
5496.884930977582,279.4485788669769,-6.970028379140127e-13
5498.009703640631,279.5624809074903,6.013668733992821e-13
5499.5305403670545,279.7165281155515,-3.0525329253855455e-12
5502.665369554019,280.0341927997352,6.585394439360835e-14
5503.819152035331,280.15115573204037,2.0826830520467716e-14
5510.97220870816,280.8768331709753,7.905688015316454e-15
5511.130067946098,280.89285861673505,-1.7964392999033935e-12
5511.4402177306,280.92434552657346,1.0543839611172205e-11
5511.755980203738,280.9564040660059,-9.712323488257968e-13
5515.371158966324,281.3235746150874,-9.162548390878047e-13
5515.92752541756,281.38010256796076,1.0815262149848401e-13
5516.4229154916475,281.4304399968715,-6.444348493686571e-12
5520.055277110006,281.7996685407201,-2.623881599912363e-12
5520.255858690661,281.82006468343724,-1.3704552807102827e-12
5520.333203540275,281.82792969426515,-6.67615865279155e-12
5526.857134419478,282.49172911311484,-6.918990339405549e-13
5529.498972685008,282.7607549088198,-3.969411657734162e-14
5533.5612504875835,283.1746788783457,-9.848836914315261e-12
5537.293495704607,283.5552422646799,5.417716524547583e-12
5539.068604936313,283.7363336986065,6.138728169991548e-14
5539.129023725501,283.7424984675824,9.316047573187286e-13
5540.0419454333605,283.83565567868493,-1.458173808872207e-12
5544.24974192068,284.2652300395847,3.742427063326931e-13
5545.02305842503,284.3442134762627,-5.540846123586602e-12
5546.427085492348,284.4876433089387,1.2991958964416893e-12
5549.134698440345,284.76434483754036,2.610845878098153e-12
5553.62603404656,285.2236297392187,1.0203701649628236e-11
5553.722704109263,285.2335193246841,4.08418579678839e-12
5554.476952195875,285.3106866725146,-4.9698689391853315e-14
5564.946351218508,286.38289628434154,5.907790225812702e-12
5565.006770007695,286.38908985409023,4.4619815139016133e-13
5569.0848586947595,286.8072928477158,2.3523875481666855e-12
5570.037245212098,286.9050030434361,-3.938479788561938e-13
5574.38709005283,287.35148826226947,-3.044032501174239e-12
5574.833888300213,287.39736913435416,-4.8894862559234517e-14
5578.078799281692,287.7306932760453,-1.195700614180205e-13
5580.998820772821,288.0308098819845,1.251303322525871e-11
5582.1007978914495,288.14411070311246,7.737967261781934e-13
5582.431600863043,288.1781268893442,3.610545970784255e-12
5587.320585301964,288.68109201462454,5.485016743800685e-13
5588.030783071848,288.75419181165375,-1.1318758699130742e-12
5588.463611999428,288.7987469260721,3.052951523767452e-12
5588.660980044111,288.81906500348583,-1.6650109244277142e-13
5591.348196600349,289.0957722333517,-8.035283167688578e-13
5592.206613000258,289.18419285353326,-9.607520655735593e-13
5596.708961185628,289.6481765865149,-2.0468792483950885e-12
5601.123252734814,290.1034482804539,-1.6861083722354197e-13
5605.9112823963915,290.59767158752766,-1.9802057187309517e-13
5607.731769918809,290.78569421372475,1.560914152459102e-13
5609.110558291781,290.9281381307261,2.3530336640696453e-12
5613.592766880747,291.3914412518255,2.9382785236889406e-13
5613.634374047544,291.39574370678906,1.4237058117281321e-13
5615.642801804815,291.60346628134465,-1.193246931995304e-13
5615.771695221748,291.61679968024185,-1.092312858381983e-11
5615.868365284449,291.62679993024847,2.0243633963603314e-12
5615.932811992917,291.6334668592214,-2.1965717639359587e-13
5620.069177111824,292.06152854216083,-4.3016017827026265e-13
5624.568010968598,292.5274589796573,-1.1690734362880442e-11
5624.6928764662525,292.5403962341469,-4.0582197681596695e-13
5625.970966857242,292.67283508335726,-5.755319351406737e-12
5626.564912555988,292.7343914287777,2.585740898879646e-12
5627.354340737448,292.81621757560316,-9.62034689441383e-13
5628.153152731472,292.8990280625815,3.5325210269442785e-14
5633.713684514071,293.47579770704465,-9.226499544834695e-13
5634.375290457255,293.5444611135101,6.380664393417545e-15
5640.345811625755,294.164464026869,-1.3517584370814375e-12
5640.607626378903,294.1916669517296,1.2156739458627796e-11
5642.0532606129955,294.34189313704434,-1.258157348316353e-12
5643.921268783449,294.5360682280107,1.3435002932492003e-12
5653.328456289435,295.5149003421096,2.8029908021057805e-12
5655.616138450964,295.75318355217235,3.654786654684696e-13
5656.456044021084,295.8406916632036,7.66931517652096e-15
5657.072528468887,295.9049302359264,9.969464608458335e-13
5661.074387482207,296.32209996878765,-1.461245016117764e-11
5661.939230954051,296.41229346483743,-2.4422566214338795e-13
5663.470823464274,296.57205522960624,-3.268920178436272e-13
5666.31564246307,296.8689154765919,1.3659495035061924e-12
5667.498434762619,296.99238513668337,6.332718626572405e-12
5670.478875042899,297.30362247152556,-6.9763227016717504e-12
5670.725906092936,297.3294264348962,7.456588208342038e-12
5672.209933957853,297.48446623906614,-3.0439522627637113e-12
5677.898287978696,298.0791174394066,-1.2060303224779496e-12
5682.187714030179,298.5279211969912,1.9937545981429596e-12
5686.839608819526,299.0150332480708,-1.5263512875013316e-12
5691.039863058904,299.4551952899872,-3.6100843330641676e-12
5692.940094583577,299.6544351928011,1.3099170100987997e-12
5693.552294316749,299.7186387034854,2.0169648212568574e-12
5693.681187733682,299.7321570832399,6.236719036825446e-13
5696.107147124696,299.9866495083016,7.164573173364724e-12
5697.761161982643,300.16022415184904,1.7914874222079733e-13
5698.014920897228,300.1868584278083,-7.060205520910346e-14
5700.541020682263,300.45205995270493,-2.751966160965727e-12
5700.5772719557735,300.4558666329624,1.8288001820422172e-12
5700.673942018475,300.466017898665,-1.2421361329482488e-11
5700.879365901713,300.48758990985135,2.130101517231339e-13
5701.678434691079,300.5715092635348,-1.1448066129154877e-12
5706.241715256271,301.05097692871334,-3.864306535773426e-12
5706.402832027437,301.0679126119103,-1.5068951241732935e-12
5707.294542960224,301.16165286564956,-3.261696847331372e-12
5710.424016253821,301.49075163889,3.8364384418600013e-13
5713.209230846721,301.7837995255159,5.646087327435928e-13
5715.790136732305,302.05547851719774,1.897977978930864e-12
5716.5806360924125,302.13871495843307,3.7434362937151895e-12
5719.7157220746385,302.4689404058663,-2.4267498139429623e-12
5719.845429874881,302.4826067117908,-1.646262625123887e-12
5719.957397231388,302.4944040938428,-5.26951148952772e-13
5720.8378387896455,302.5871794064939,-3.5207408452649046e-12
5721.443567453609,302.65101551878826,-2.0569911581762635e-12
5722.055767186778,302.71554046700754,-1.6467080447959437e-12
5727.381094881764,303.2771133697657,1.3880632398956088e-13
5729.313292965314,303.48099901752255,-3.035664320814629e-14
5729.649195034836,303.51645043930836,3.3158554573671497e-13
5730.94472507693,303.6532013706918,4.2699784528514974e-12
5733.307352935389,303.90267045182964,6.135377140048773e-12
5738.838874899649,304.4871441808844,-1.2489679959085144e-12
5740.482133973753,304.6608834218686,7.980303644738577e-13
5741.712703716683,304.7910222298753,4.405874130608855e-12
5744.535284759003,305.08962943922853,-4.298662435756222e-12
5746.600917769459,305.3082504096223,2.0840646922842715e-15
5748.360986502655,305.4945933071726,1.0377280406565907e-11
5748.920823285193,305.55387659558204,5.384205678642633e-12
5751.826061073148,305.8616162131034,-7.978615662358489e-13
5752.8678761979145,305.97200918054006,1.845558146965461e-13
5753.747503372858,306.0652319314729,-6.183111345426626e-12
5754.089876511585,306.10152043678795,1.3323359735464425e-13
5759.701956861415,306.69665878270416,-2.306121704109075e-14
5761.876600487751,306.9274268759598,3.899336834604169e-14
5767.049124045455,307.4766729971062,-2.166899717297283e-12
5767.390682800871,307.5129588728796,1.6511276540859664e-12
5768.488331207585,307.6295833269992,-6.142276259412624e-12
5769.742811670836,307.7628982656166,-3.178490975262802e-13
5772.857501261297,308.0940248954922,-3.235033285803605e-12
5773.802646323362,308.1945398159121,3.546404915198964e-12
5776.049792496717,308.4335868938024,-7.781667910965313e-13
5776.98851048684,308.5334734486401,1.3332507534843301e-12
5777.230956029633,308.5592740896967,-4.154004277786194e-13
5777.772281982391,308.6168849818225,-9.203852692031833e-12
5781.617565734463,309.02627663488244,1.8199029355914383e-12
5781.653817007975,309.0301374558788,9.444350214982219e-12
5782.863175975845,309.1589500742041,3.0139738006032345e-14
5783.185409518175,309.1932767254674,-6.8257682009530725e-12
5786.285058610171,309.5235714920438,4.794693841545471e-13
5789.379608604231,309.85349945124955,9.35882609300484e-13
5790.9893163500865,310.0251894941594,-1.044160562973482e-12
5797.452828439879,310.71506273939576,-4.0359927712654186e-13
5798.956482310469,310.875663313169,6.17193284743934e-13
5800.635479067379,311.05504092993516,1.1762428087669919e-13
5809.241411429252,311.9752811762439,4.8929182434021755e-14
5814.554912161695,312.54413989172656,5.083447041667351e-12
5815.167111894856,312.60971486922716,-5.394305506813999e-13
5815.195864917769,312.61279488158823,-3.1547028010454517e-13
5816.203571126331,312.7207495889527,4.842175614768867e-13
5818.527761356676,312.9698094321922,1.1793545063092628e-11
5818.559727915558,312.97323565709667,-5.776690469827804e-13
5820.593951955071,313.1913056276053,4.447814938727606e-12
5824.092321058422,313.56651104580175,-4.736443406373182e-12
5825.616114525405,313.7300107018747,2.569954927471565e-13
5832.071057185915,314.4230860724647,5.557611360293039e-12
5832.923816899903,314.51470535944156,1.1232356680650445e-13
5833.225910845836,314.54716511522435,-2.2751253576319537e-13
5839.93859634294,315.26887156426164,-5.420884219707431e-14
5840.496033972809,315.3288411385249,-7.425665505672308e-14
5841.577570702396,315.4452100283697,2.928998408434033e-12
5841.819245859142,315.4712162234711,3.1402598762363015e-12
5843.960594952565,315.7016896474797,3.4142737996069335e-13
5848.737868830172,316.2161721035769,2.097718747091898e-12
5852.559542654497,316.62804509659435,-7.387966199397932e-12
5852.6924639907065,316.64237526013295,9.12398888245317e-12
5853.300635804588,316.7079460224008,3.5079842473129427e-12
5854.288760004707,316.8144963276809,-5.472333058462353e-12
5857.521587228235,317.1632206233376,5.5635351816178035e-12
5858.500841206491,317.2688905044938,-4.150347566044396e-12
5862.854156378389,317.7388642635209,6.612391970590881e-13
5862.98304979532,317.75278461744534,-2.5360469061789705e-13
5864.214690716887,317.8858159796605,4.467836081418168e-14
5864.275109506072,317.89234262167156,-9.468267331554072e-13
5865.569311574141,318.0321628546283,1.5136131010621414e-11
5866.315503822168,318.1127923985786,4.351676576739307e-14
5866.881767676638,318.17398668760666,-1.6314694823127738e-12
5867.797646125082,318.2729751889332,-1.0939472956404717e-11
5869.8340125218965,318.4931218376597,6.498807480179125e-12
5871.798690754991,318.7055908526196,3.9074863152272847e-13
5873.462089425467,318.88553374372447,1.1144770633115674e-12
5873.623206196629,318.9029657170261,1.1151436388595728e-12
5875.07128358061,319.05966141076254,-1.188350507130825e-13
5881.567019024573,319.7630367959566,2.295853696749939e-12
5883.575446781776,319.9806719691435,6.276355741324174e-13
5886.085478886899,320.252765933224,-4.0763502889349e-12
5886.997329416064,320.35164162458994,8.866245211602345e-13
5894.169454506289,321.12987856200454,5.957324635587107e-12
5895.631457212806,321.28863462785813,2.7186457454909843e-12
5903.913057672209,322.1886609219706,-5.704001076434114e-13
5904.16681658679,322.21625883681446,6.0880989013693745e-12
5910.619316097319,322.91840823004685,-2.579817560680268e-12
5912.7697922079415,323.15258956905524,5.031539521171732e-12
5913.660175166702,323.24957492940126,-2.0664932568398994e-12
5919.067646016505,323.83889976250805,3.376527800914402e-13
5919.67984574966,323.9056533443043,-2.403408000687753e-12
5920.350065119339,323.9787412394032,2.4560727255208746e-12
5921.805640753908,324.13750128839763,1.7370075206351705e-12
5922.407084703232,324.2031123461021,-1.0865947319848414e-11
5923.249947013949,324.29507075933327,-5.976779181681279e-13
5925.788944940063,324.5721609497614,2.913036153805635e-13
5930.601956500436,325.09774853008577,-5.209433907674404e-13
5933.6436299531215,325.43012356444774,-1.8611478403993644e-14
5935.010591363549,325.5795520558543,1.3025719194316823e-11
5941.575359023171,326.2976549155741,-3.967126520390024e-12
5943.7706558365535,326.5379698476731,3.825055426828051e-12
5945.451538155398,326.7220328206412,7.680545702446765e-13
5945.907720215325,326.7719954610878,-1.877060883334221e-12
5947.873212831713,326.9873068645613,2.558867326491533e-12
5952.609693925776,327.5064607073736,7.831604523095365e-13
5954.4333949840875,327.7064622085435,-1.3167448859382825e-12
5957.051065733806,327.9936437939222,-5.020824082867921e-14
5957.232322101365,328.01353388987246,4.071512809384936e-15
5959.008759306984,328.20850255643603,2.6611349149504414e-12
5959.133624804635,328.22220906058817,-4.968863100572827e-13
5959.874717954715,328.30356487611556,-3.115181066547825e-14
5964.067473943363,328.7640282908407,5.704512277953182e-12
5965.014761362721,328.86810761947027,-4.7546443562209925e-12
5969.1543400174305,329.3231208303889,-1.478717235897647e-12
5969.347680142823,329.3443800595411,9.294406613627738e-13
5969.740486672943,329.38757426983864,-3.865199003447823e-12
5969.9942455875225,329.4154798892032,5.6390582687730246e-14
5973.411542714538,329.79139225270626,6.05067144841412e-13
5976.24697790067,330.1034614467068,-1.4489082092113087e-12
5976.536988088758,330.13538843883407,-9.940887848268193e-12
5980.927882508116,330.61896783445405,-3.591891237856804e-13
5981.456053524366,330.6771604640503,-4.230659618740109e-12
5982.6976358464435,330.8139752967346,-5.295417044231593e-12
5985.962943219509,331.17392788432704,1.512767077546078e-12
5987.29691088965,331.3210349024184,-3.88136914549674e-14
5988.976421237218,331.50629422138064,-1.3681862972937252e-13
5995.665496806493,332.24465198369137,3.1421838786416886e-12
5995.689106734208,332.2472595693476,3.7596541588587294e-13
5996.977138525664,332.3895311019769,-5.707343855234186e-12
5997.31951166438,332.4273535948884,-2.1587221488683918e-13
6002.777716698146,333.0306215969177,-6.954925226019643e-14
6002.97105682354,333.05200057427095,-1.88480191723759e-12
6004.677948222749,333.2407734338442,2.523589967096388e-14
6006.514547422197,333.44395120783065,2.12154178193761e-12
6007.845000763756,333.5911743061994,1.3802735122288054e-13
6009.778270025902,333.80516092257693,2.7021515549492848e-12
6012.278874321163,334.08204593019923,-5.301730771073343e-14
6012.617219540603,334.11951880887636,3.5145683309830033e-13
6017.97956889497,334.71369870854613,-7.444676447014213e-14
6017.98736793818,334.71456327422794,-8.089778300551656e-12
6021.283570691457,335.08006529802947,-1.1759219683038822e-13
6024.947084485172,335.48653173042914,1.0877308727937008e-14
6025.480611394705,335.54574710354603,4.659622711186018e-12
6026.318374607479,335.63873980098003,-3.365221332881493e-12
6026.415044670174,335.6494711231021,1.1059442763719786e-11
6031.353692114193,336.19793831514676,-1.4926296301833707e-12
6031.563143916699,336.2212091581353,-2.647074654986982e-13
6033.181421091769,336.4010327715235,-3.9628334791986846e-14
6035.593968750847,336.6692056084162,1.6405856963107775e-13
6035.66244337859,336.6768186435677,1.6077802966079682e-12
6041.331472186111,337.30740299836344,-2.1906266923335734e-12
6042.682578714756,337.45777829399117,8.226186372542685e-14
6045.910864428244,337.81721581976984,1.0224162896485111e-13
6047.403762514962,337.98350009940907,-3.310890542254641e-13
6052.50326993478,338.5518109415886,-1.597098952760256e-12
6052.612023755315,338.56393614778904,-1.207070221110579e-11
6052.877308839768,338.59351428791075,5.809148818667411e-13
6053.358216003326,338.64713666286787,-3.886173851294508e-13
6053.45055735413,338.65743344648035,8.487979813980513e-14
6055.250905280058,338.85821772049087,2.257667871794858e-12
6055.287156553568,338.8622612664803,5.369741663485367e-12
6060.098840139872,339.39918177890814,-8.638377554855504e-12
6063.787335832553,339.8110580868241,-2.3346970424336373e-13
6063.823587106065,339.8151073332127,-7.206539445355706e-12
6065.485357009887,340.00075206412566,-1.1911834175771334e-13
6065.727032166627,340.02775505659076,-8.792120454591262e-12
6065.990174893769,340.0571578999037,1.082311251813359e-13
6066.522887419991,340.11668563467504,-1.2587449418615993e-12
6076.765651783715,341.26227553545107,1.9415535958605006e-12
6077.040621473344,341.29305583294985,-6.960337043695921e-14
6077.055661971802,341.2947395169387,-1.391934618266238e-13
6078.786977682022,341.4885766685485,-4.174549665805619e-14
6081.461340094226,341.7881053282875,-9.802444992241235e-12
6086.288020181712,342.3290270852428,-8.52845322684953e-14
6087.582523042359,342.47417385454344,-4.127763062878751e-12
6087.727227343793,342.49040081358237,-3.9572130891994116e-13
6090.2214045670935,342.77015534300796,-2.9301181131023157e-12
6092.222334073655,342.99466854457415,4.1140033974163743e-13
6093.355419370531,343.1218384678564,3.506050934812474e-14
6093.548759495923,343.14354003377775,4.144185192908375e-12
6097.926242183384,343.635077209388,1.3787551532293908e-12
6099.90381855758,343.85725033430424,-2.495898580666533e-13
6100.052037187594,343.87390503123004,7.193183444020012e-12
6102.230965528474,344.118788642383,-9.63923482646943e-12
6103.43736775568,344.2544104020449,1.3278661440343993e-12
6103.6790429124185,344.28158235006464,4.723087087281783e-12
6105.326586701083,344.4668471621129,-1.0310169713512269e-11
6106.512335741197,344.60021451430066,-7.036651433048822e-13
6109.190682075407,344.9015573566429,-7.77534162631602e-15
6109.5451389719565,344.94144748059676,-7.050739219164319e-14
6110.1114028264155,345.00517888960013,-4.3206087625607407e-14
6118.591956099654,345.9603480167189,1.5263866541033349e-12
6119.204155832797,346.0293516612612,-9.737049569560833e-13
6120.834560762948,346.2131552351064,1.5620403337131984e-13
6125.345478377301,346.7219483379339,-1.0111247664103727e-12
6126.292765796644,346.82884191598885,9.793240872315606e-14
6132.097929476289,347.48426782997456,-4.247367835024105e-12
6132.331805589819,347.5106863757367,7.338573171167155e-12
6133.954925067456,347.69406101889183,-8.221152941297353e-13
6141.1431618346105,348.5067474799494,2.04043797319677e-13
6144.661670534238,348.9048894134611,2.1639039519076988e-15
6145.367583589451,348.98479549065945,1.3194639234199693e-11
6149.78911659361,349.4855012873615,-1.374864408888951e-13
6149.930093768374,349.5014718302711,-8.002544348856373e-12
6152.057473541926,349.7425156437729,3.791685616295556e-12
6152.1627130338775,349.75444202032384,-5.9357340292091325e-12
6156.632837864729,350.2612120109423,-5.681361784982037e-12
6160.901053140935,350.7454353986159,-7.750531167478986e-15
6162.90948089808,350.97340498314196,-2.2488945277339534e-12
6163.579700267742,351.0494957662708,-3.9793934403333235e-12
6164.297396288179,351.1309858031127,-1.423281759491406e-13
6167.70612398587,351.5181557416611,1.356737475741635e-12
6171.931360124011,351.998363383268,-1.0879919757984874e-11
6172.479113148685,352.06064083284485,-1.1695556123115868e-12
6174.0858641538525,352.2433542359782,-4.5462286424319653e-13
6174.339623068427,352.27221504981674,3.466142863174382e-13
6175.835734691095,352.4423967275923,-7.87207943494416e-14
6176.01296313937,352.4625590742881,7.881567259647125e-13
6180.637476876817,352.988870156651,-1.2172779928331596e-12
6180.968279848389,353.02653359552136,-1.0431910821013437e-12
6185.199943058462,353.50850572548364,2.1470192410492673e-14
6185.353818374369,353.52603781900376,-3.0826642616007747e-14
6185.393283183853,353.5305343917015,1.092181925145945e-12
6187.000290984366,353.7136592879477,-1.7759584745061596e-12
6187.338636203799,353.75222112646156,5.214597284961406e-12
6187.741384134431,353.7981258116674,4.29502043410384e-12
6194.841821060721,354.60791506478154,-1.3546689874235964e-12
6195.503427003863,354.68341706994437,-8.211748330110103e-15
6196.735067925388,354.82399254281484,-7.970275796127476e-13
6199.454507835671,355.1344794964601,4.857158023885196e-12
6204.274760851161,355.6851575815114,-2.355925021207232e-12
6207.369310845082,356.03891250760023,5.237405117967166e-14
6207.881626979553,356.09749518487564,1.0343586945788757e-12
6209.20591004449,356.24894761566924,9.499125685549543e-12
6212.364393156178,356.6102998470065,-2.488510944002597e-12
6218.625995691037,357.3272135926152,7.42123175851444e-12
6219.618404605747,357.4409044189144,-5.211523205875936e-12
6223.104689951116,357.8404386979679,6.8006554294261574e-12
6223.265806722272,357.8589083687614,-7.498266656422441e-13
6224.833907301259,358.03869303729607,4.3365628830907145e-12
6225.92727099329,358.16407533689,8.57971921999203e-12
6230.805499648026,358.72375816297443,6.504779097332483e-15
6233.060188069134,358.9825883790544,5.1018493882274374e-14
6239.144305360359,359.6814906969989,5.2425238385256276e-12
6239.327146497265,359.70250480610855,-1.178565197705713e-12
6242.787679557598,360.1003433494779,-1.6283648556493877e-13
6245.616430876363,360.4257132638442,9.417080557141294e-14
6247.967745362897,360.69627940443706,-1.2603387401570945e-12
6251.9900007677015,361.1593571058516,-4.569355146590518e-14
6252.769744343934,361.24916258568044,7.011395986116012e-12
6253.313212653977,361.31176213555375,-6.5453689110984355e-12
6254.120594077204,361.4047706367305,5.470596695149565e-13
6254.908136696646,361.4955053217317,6.757048475266488e-12
6255.0120482145885,361.5074780715585,4.083241968813305e-13
6255.5085094672895,361.56468339160585,7.368830354526753e-14
6256.546039877373,361.6842486877678,-1.1058204832884367e-12
6260.47590993411,362.1373078152474,1.4206798356096465e-13
6263.045803240359,362.4337344654809,1.2666426598490358e-12
6264.448759128906,362.5956110077569,-1.223445461880618e-11
6270.952036820468,363.3464489368397,-4.0795464573498934e-12
6274.518623756048,363.75856111991544,-8.83755977892617e-13
6274.711963881437,363.78090789074906,-4.8244906923248595e-12
6274.830358309879,363.7945925766232,3.042838556599079e-13
6278.504627887334,364.2194134183088,-2.2720902154032093e-12
6281.478340302865,364.5634175799799,-7.446140316763639e-14
6287.094749364273,365.2135777890658,2.8794440922894937e-12
6293.1939071539255,365.9202795202895,3.5216284446831194e-12
6294.933836290627,366.1220085419557,2.3761856996755498e-14
6296.551599874956,366.3096236046382,1.110625498903811e-13
6296.587851148466,366.31382828474915,6.296395702937589e-13
6299.113950933339,366.60688289113625,-1.0638171359713958e-12
6299.416044879258,366.6419368906486,-6.154296669301576e-14
6301.626382191019,366.8984683954614,4.36130894029323e-13
6302.51462279243,367.0015828512332,-1.0059498262530949e-12
6305.835249856639,367.38719795404234,1.2814212447767227e-12
6308.7149921547425,367.7217788010682,-1.0994914472143536e-13
6309.489123042338,367.8117467095597,1.5235899728583574e-11
6312.12050631642,368.1176432277483,3.1437160378385766e-12
6313.843509392694,368.3180102666723,1.648658480830535e-12
6314.363066982408,368.37844005194137,-7.24030677233949e-13
6315.218013050931,368.4778897216139,-1.7146334683501525e-13
6318.152517452319,368.81934173605043,1.304855526251609e-12
6322.828579757023,369.3637650954639,-8.056120511428787e-13
6324.728811281568,369.5851198514131,2.923157197390761e-13
6325.889578422675,369.7203683775016,2.6776528378999083e-12
6327.895863822476,369.9541922554725,1.5988154953729008e-12
6332.006476656038,370.4334979726841,1.0255856792214603e-12
6332.329737379743,370.4712040238579,-6.14116275475538e-13
6335.455182753853,370.8358641466883,-4.427687500693098e-13
6337.218465022914,371.04167381432944,8.976498408277391e-14
6338.030431953372,371.13646555927227,-8.623398065493695e-13
6338.413084284868,371.1811418871438,3.032272786427149e-13
6339.0188129487915,371.2518688634704,-4.642114077806189e-13
6339.151734284996,371.26739012326055,8.051176628182609e-12
6340.599811668907,371.4365035908491,4.648204863819763e-12
6344.9979475433565,371.9503759509042,1.2599510044470731e-13
6347.4131951476365,372.2327218418359,3.9589821786611545e-13
6347.457502259703,372.2379024101562,2.3218447974763694e-12
6349.442320089102,372.4700125031516,-6.208167833816884e-12
6350.398991320987,372.5819142043096,1.1038652042919844e-12
6350.882598429804,372.63848807594593,-5.284137092335538e-13
6351.4730297999195,372.7075644243666,-3.5676646921008747e-12
6353.232284149698,372.91342297442935,-4.590262767300648e-13
6353.457847629316,372.93982133185716,2.617148807752149e-13
6354.748836161348,373.090927549183,-1.081940124656322e-12
6357.8420581812225,373.4531045302186,3.075736561472398e-14
6362.562684393326,374.00616959144804,7.106138710284604e-12
6362.733441772392,374.02618309200955,9.528613619229812e-13
6364.103660715997,374.1867981034052,4.819055317930592e-13
6366.98875890737,374.52509806570805,4.3492520216563914e-14
6371.665122004665,375.073763300015,-1.1474776583556613e-14
6372.882793606367,375.21669557035256,-1.3989934166416752e-14
6373.501420411436,375.2893214522927,9.83184187245204e-13
6373.610174231965,375.3020897203173,1.0583180279234487e-12
6374.526052680363,375.4096272895381,3.459368883025066e-13
6375.464770670429,375.5198625907706,7.903458881655798e-12
6375.561440733121,375.5312156477825,-1.1889892632318706e-11
6380.19049598046,376.07505935657304,-5.493688180864368e-12
6385.536220066824,376.7035918904138,-1.379775684778677e-12
6387.20527542311,376.89994172671913,-4.583808130993493e-13
6388.597218732459,377.06373098533794,3.4942278451703634e-13
6398.025873808102,378.1741356876356,-1.6429450493964683e-15
6398.837840738554,378.2698369279939,-4.835470168765822e-13
6400.438421467097,378.4585224930031,-2.1194627430498672e-12
6400.760655009407,378.4965149234494,5.878665652465807e-13
6405.688033078719,379.07770779640424,4.344930769277294e-13
6405.780675222132,379.08863938288187,-5.321190443132248e-15
6409.5609986747995,379.5348447914467,1.2416338692855983e-12
6411.641672183571,379.78054661690794,2.0775700866686635e-13
6411.876619475751,379.8082959991763,1.7359168910163698e-12
6413.406282426624,379.98898777314065,4.0611258804636976e-13
6413.732543888212,380.0275330573738,4.962448639333524e-13
6417.1651383088865,380.4331865448705,-1.6440457230407815e-12
6419.130630925188,380.6655601586868,-1.2850257688771685e-12
6420.102900243484,380.780534613606,-4.555969463380009e-13
6422.629000028328,381.07933668125287,2.7551145913178495e-12
6424.66215288906,381.3199154392029,-3.5873880171773883e-12
6425.403246039106,381.40762638964424,-1.3900911106603406e-12
6429.241545131024,381.8620643204478,-9.006307908516131e-14
6429.382522305785,381.87876057211906,2.0369612439891438e-13
6430.3298097251,381.9909594990294,2.940461513271267e-14
6432.166408924474,382.2085376745899,-1.1534584612141877e-11
6436.199420113042,382.6865383449153,1.5292897698357684e-13
6438.169197443967,382.9201092559866,-3.8306259192174886e-13
6442.6519196232375,383.45192483195825,-9.321362328265618e-13
6446.343628851754,383.8901751509962,1.134364833120034e-12
6446.653778636226,383.92700509504334,-1.1534639146467206e-11
6448.125465947837,384.10179048874323,7.320692284734877e-13
6451.636476396767,384.51893784709597,2.3991212950138663e-12
6451.744672629336,384.5317963777556,-1.16791079218116e-12
6451.873566046261,384.54711493707225,6.4812403941527986e-12
6452.571680058244,384.6300888123441,3.676667194253166e-12
6457.037520174345,385.16108566403733,-1.789715973144511e-12
6457.9947489941815,385.2749497964388,3.253237621801524e-12
6461.314304879688,385.6699478467803,2.2019142156647404e-12
6462.848039747097,385.852517409563,8.44358983936083e-12
6463.900566658357,385.9778310052938,-1.1434665733030366e-13
6464.712533588805,386.07451753235216,2.5064741585419608e-14
6465.72859642847,386.1955242803552,-1.5347741050816588e-12
6466.334325092389,386.2676718348057,6.3632497322888625e-12
6468.527780340957,386.5289879910721,-1.9960212287677573e-12
6474.2241901998905,387.2080407812767,-3.742676724561171e-12
6477.484141679519,387.59691922665957,6.659703174538807e-14
6478.198110573267,387.68211445257964,2.6745454549387985e-12
6481.2443255357675,388.0457133385846,9.975088073429147e-12
6483.890749308267,388.3617315530033,-3.747783733878909e-15
6484.348259342174,388.41637741856954,-1.6485988589286705e-12
6491.073586184643,389.2201081263387,2.059504943434947e-12
6498.738144607862,390.1371003983192,-3.4212111409521607e-14
6498.799377780353,390.1444307282242,-9.03877813550363e-13
6498.9806341479,390.1661296490193,5.807907157384124e-14
6499.076489827285,390.1776051583634,8.603297759392533e-12
6500.141914879685,390.30516554448036,1.0210371465311006e-12
6504.317744807694,390.8053276612683,1.9527113265454606e-12
6505.250806111852,390.9171294501877,2.4869029314764504e-13
6508.55883582747,391.3136352387969,-1.0565614797320876e-12
6511.30647117263,391.64312450101335,-2.9267024707921745e-12
6511.439392508832,391.6590676073924,7.381451212573153e-13
6512.960486030438,391.84153670247497,-1.2977970631843454e-13
6517.812962400023,392.4239205260853,9.531326852255119e-12
6517.874195572513,392.4312723715591,5.498990565078511e-13
6517.894335168908,392.43369040934545,5.61193551342734e-14
6527.420173897836,393.5782369542329,6.066494090889419e-13
6528.076167152325,393.65711723377234,-2.9754558828360366e-12
6531.356258228335,394.05165255062474,4.337971110884507e-12
6532.180308916615,394.15080201485335,2.927558521986211e-14
6534.842543573604,394.4712065564825,1.3100739162986205e-13
6536.690155352141,394.6936465715821,1.37941038809534e-13
6537.9253106022115,394.8423860155157,-2.1152079993265223e-13
6540.112037986213,395.1057842726045,1.1461145948639678e-12
6542.45126871485,395.3876495540814,-1.425030611961001e-11
6542.584190051051,395.4036689185439,-6.211105580749329e-12
6544.884770353519,395.6809809688147,-2.7466167998464174e-13
6550.104557763508,396.31053592083055,-1.1296587481003447e-13
6550.856362700118,396.40125194421796,7.534471638591956e-14
6551.081926179731,396.42847143618263,-7.53606772073764e-13
6551.247584460861,396.44846256640386,1.0695050948559985e-11
6557.5454382690405,397.20884305014425,-1.5478880894067386e-12
6558.157638002159,397.28279683272757,2.6037881118293976e-13
6558.447648190234,397.3178324993037,2.777982663275258e-13
6562.507482842444,397.8084572760922,-6.30256821404898e-12
6562.567901631625,397.8157610867155,1.0523889722343038e-12
6565.43958809111,398.1629865101935,4.723949168652301e-13
6565.484709586485,398.1684435165765,1.9388474231009336e-12
6567.8843591043,398.4587118397185,4.007829882639062e-13
6572.2137635555755,398.982677044647,2.7367752393100582e-15
6575.559372518689,399.38781512014145,8.535272164145214e-13
6584.321065757783,400.44979348061264,-1.0363067102801081e-11
6584.385512466241,400.45761011037877,1.2165784368774381e-12
6584.535873453564,400.47584743186525,-5.770434638392369e-13
6586.36308884035,400.6975041209969,-6.109591790154847e-12
6588.290701416497,400.9314065018992,-1.2312053641797217e-11
6589.001970364966,401.01773132980173,1.1456789086070291e-12
6592.131443658286,401.39765791615025,-7.490036116533893e-13
6593.177543497594,401.5246975188848,-5.565395777052963e-15
6594.31092958703,401.6623600185277,5.242708632662841e-12
6599.483453144312,402.2909216521505,-5.935253676671145e-12
6600.272881325696,402.3868957901792,4.560422103410984e-13
6601.529203353544,402.53965586848915,-8.624789887773734e-13
6605.051226381609,402.9680645389533,-1.2340111861467507e-12
6606.780443731696,403.17848515908423,-9.136102249712862e-12
6610.851804553768,403.67412811416284,-2.0493102498947912e-14
6611.206261450302,403.7172937528083,1.8969127552582987e-14
6612.688403753113,403.8978136028907,-2.340719192843818e-12
6613.264352212718,403.9679730678071,2.682322595938282e-13
6613.332826840459,403.9763147470672,-1.617316328306225e-12
6623.858359936503,405.259577599724,5.186572272623417e-12
6627.454213485584,405.6984482861606,-4.2386788703271796e-13
6627.562967306111,405.7117253027439,-1.9839473777019042e-13
6628.765855204678,405.8585922622331,-1.2735253142685473e-12
6631.274816130969,406.1650103753956,7.755369067197e-15
6634.295792399101,406.53411452625625,-3.755541322222034e-12
6650.756666568168,408.548264702866,-8.942403922196383e-15
6651.192452236324,408.6016551927392,6.550743931951998e-12
6651.794196978217,408.6753839883026,-1.3935086759410985e-12
6651.894894960187,408.68772266355774,6.112712070571698e-13
6652.0959901315155,408.7123637164641,-8.558726740991695e-12
6652.337665288242,408.74197819440764,-3.869014868383126e-12
6653.092683760815,408.83450385262046,-2.3769318315144543e-12
6653.350470594658,408.86609740025597,3.396692010479889e-13
6653.823835510327,408.92411471068186,-3.1233136850292616e-12
6656.259736301635,409.22273276323335,-1.3000579634476155e-11
6656.658500310235,409.2716278136049,1.0163968726484044e-11
6657.26932807208,409.3465310608314,1.039731088806746e-12
6657.378081892608,409.3598678066126,-3.6532081600617054e-13
6660.693609858781,409.76656364079395,4.993611027614729e-12
6661.031955078201,409.8080777962541,-3.6641707503246593e-13
6662.360266062365,409.9710787918561,2.0819269463417308e-12
6663.618216856827,410.1254756439285,4.33037223195508e-12
6665.240822743691,410.324672143484,1.0705936599082257e-12
6666.394304432252,410.46630688800474,7.0120046846192776e-12
6668.287037706145,410.6987666232738,-7.954511359854374e-12
6669.637887439367,410.8647142286673,7.111192507070917e-14
6669.895931068554,410.89641789391413,-5.420699209368604e-13
6670.711925918269,410.99668043702223,4.253986329992258e-12
6670.933461478604,411.02390296928877,3.3467184813280666e-14
6673.361820022048,411.32236159405466,-1.0245118960633525e-12
6675.396044061393,411.5724625303918,-3.0545202215199174e-13
6679.748845642259,412.1078807612091,4.7021774932948875e-12
6679.998019049586,412.1385410047629,-4.226782023522505e-12
6681.596156628164,412.335215534619,3.7325050602776446e-12
6681.962697282533,412.3803304307194,-2.0100758900426055e-13
6687.039621955742,413.0054677102289,5.037637547668952e-13
6688.794334795498,413.2216412842838,-5.413272587828915e-12
6688.822530230447,413.22511531162536,-7.94038786619616e-13
6691.097314250599,413.50544517185983,-7.748042760600664e-12
6691.242319344635,413.52331790566467,9.234002885589926e-14
6691.928349598769,413.6078804350793,-1.0582789336668429e-13
6694.067042744012,413.871559001405,-6.622966616253499e-12
6696.603898312629,414.18443608881785,-5.4527603524735335e-12
6701.865292889352,414.8337156544253,-7.994596252862791e-12
6703.863265655184,415.0804079950577,5.996841808055024e-12
6708.045566652324,415.5970402989,6.833656250047268e-14
6711.144958948702,415.9801106575783,-3.683203359659381e-12
6713.900092544416,416.32078081745004,1.1219394549126312e-11
6718.076736855659,416.8374863428568,-1.9029771756394397e-14
6721.137735521213,417.2163759606639,7.53822104469534e-12
6724.160083760589,417.59065078003465,2.1855519396950296e-12
6727.201713215791,417.9674831825552,3.931867279246288e-12
6727.278243682087,417.97696686395375,-2.3710703204735337e-12
6727.407137099008,417.9929396238628,7.812599274351035e-12
6727.58839346655,418.01540183525896,-2.3082093126691834e-12
6731.487111347558,418.4986972996866,1.7548691995125973e-12
6734.366853645561,418.85585762161173,5.307297253907356e-14
6736.62959790513,419.1366018738329,-3.808606178157214e-12
6738.301052414026,419.3440439163276,9.491880305258117e-14
6739.3705053856875,419.476799329985,-3.2139770848568077e-12
6739.788594607371,419.52870412152066,-6.479704824304301e-14
6741.770154903472,419.7747539578484,-3.3022178821090297e-12
6745.922118108336,420.2905367215682,-8.722245584094334e-14
6749.90705106081,420.78586859077814,-6.319747663974041e-13
6750.380672771822,420.84475977763276,3.405839399496198e-13
6753.688702487376,421.2562028388338,-2.6419215921411305e-12
6753.773288792228,421.26672607912724,2.1503097631074786e-13
6755.169516816165,421.4404475082946,3.3044840004081013e-12
6756.67317068662,421.62757523292066,1.1153594450752045e-13
6757.412121479336,421.71955193956177,-8.270557307763038e-14
6757.605417607454,421.7436130379235,7.323271257170922e-13
6757.863204441295,421.77570287566397,-6.580429410580708e-13
6763.063666638112,422.4233285949761,-1.3602351456329433e-12
6770.418632864663,423.34011026629037,-4.789589045805857e-13
6772.876302018958,423.6466758764553,-5.451864298338939e-13
6774.585893363326,423.8599931077118,-7.028058264262981e-12
6774.707501327735,423.8751690038611,-9.223804000085715e-12
6775.333413585296,423.953283159601,9.818013712156555e-12
6778.072178708531,424.29516725975884,1.2257735392026442e-13
6779.372037462386,424.4574789010862,1.1902058143767748e-11
6780.746541120573,424.629145209256,-7.65070152847081e-12
6783.951429704222,425.0295495199608,-1.3244336005415807e-12
6785.7343379789145,425.25237993617196,1.87922120372005e-13
6785.875315153671,425.2700019623825,-1.506420029068952e-12
6786.185420940873,425.3087662087996,4.2335253078935936e-13
6786.507654483173,425.3490483413201,4.237085827701561e-12
6791.446301926861,425.96666362672255,1.0495248202397885e-12
6793.076406064309,426.17061912322805,-2.03807165446274e-13
6793.378500010215,426.2084219132194,-5.841122518894775e-13
6793.823155900231,426.26406737496836,-3.657053151851238e-12
6798.19661066815,426.81156761851975,2.7739770455064815e-13
6798.248973618774,426.81812492042843,-1.693899722915745e-13
6804.61178772599,427.615302669236,-8.331792096598133e-12
6806.183916224179,427.8123847939309,4.203009759655147e-12
6806.744567389971,427.88267907159013,-1.2117800395505416e-13
6806.862961818409,427.897524070544,1.0993453765545644e-13
6807.742588993265,428.0078250530936,-5.524959940262519e-12
6812.71213181717,428.63124935007755,1.3405099523789817e-11
6818.789007652853,429.39420576173166,-3.962639566794652e-13
6821.785302814572,429.77064330365397,4.810364244814683e-14
6823.044324787674,429.9288690333027,-5.637769360934501e-14
6823.916196916584,430.03845738884496,-2.7609314633870426e-12
6825.226510661653,430.2031811884177,3.0533231206112893e-13
6833.614678586316,431.2584343249494,-2.022146597133795e-12
6837.19365007218,431.70907263822085,4.487898294063834e-13
6837.932300072278,431.80210750009746,-3.1478542927958678e-12
6844.717231320435,432.65715715171893,-8.96826566087803e-13
6846.3594192157125,432.8642361848238,2.198461972804596e-12
6850.41471235786,433.3758193296235,-1.0010352244387903e-12
6850.8617674005345,433.4322347343463,5.193529173700468e-13
6854.893406617703,433.9411673813219,1.5173941231554773e-12
6855.276058949184,433.9894869297352,-6.387306800868394e-12
6855.7840463717375,434.05363737486977,-4.932763127070718e-12
6856.170726622494,434.1024719084033,7.884612240415532e-12
6857.019201621775,434.20963697081453,-6.465559489799715e-13
6861.582482186472,434.78622111864155,-7.367052492831785e-13
6861.83624110103,434.818295574886,7.957823339741268e-15
6863.021689348457,434.96814881463723,4.6664953441700404e-12
6863.642759303427,435.04666898218494,-8.305130052748994e-13
6863.7759374349735,435.0635072525215,-2.5152143581660355e-12
6867.7455730936035,435.5655549616847,1.113069842378894e-11
6869.28329188298,435.7601113125119,-2.981711871723756e-14
6869.637748779508,435.8049643375136,-2.7012028890928185e-14
6871.119891082289,435.99253990219535,9.058784153810165e-12
6871.216561144979,436.00477558633787,3.136652962536551e-12
6877.2225632002355,436.7653024369257,3.1986478449295374e-12
6879.220235173431,437.01841051335117,-6.126379397379165e-13
6883.505633305152,437.56162496512763,-1.2889375526349341e-12
6883.646610479905,437.57950089317734,4.348163550671122e-12
6883.912966742999,437.6132759087368,1.7226378842139222e-12
6888.528096667613,438.1986999243326,2.4170777996802426e-13
6892.264626598767,438.6729619435953,3.1698561933392845e-14
6895.124530092954,439.036131213001,-9.903240334390112e-13
6898.100942453611,439.4142555364777,5.085263175797438e-12
6901.727948178193,439.8752520305176,6.823536663353096e-12
6903.923244991391,440.1543944403927,-6.94012014041199e-12
6907.800238506599,440.64758940013246,-4.811518135836613e-13
6908.025801986207,440.67629200562436,6.569295304312189e-12
6910.657185260161,441.01120071661114,-9.081447345604772e-13
6916.689196395777,441.7794048806119,-7.589201771950567e-13
6916.789079994435,441.792131154141,-2.3770730377757512e-14
6917.030755151158,441.82292399831505,-9.41192683877963e-13
6917.430289545797,441.87383270886943,6.863089448124001e-12
6917.623629671175,441.89846918177733,-1.2382901646029667e-11
6917.911196709318,441.93511384512834,5.79195848185712e-12
6923.442718672974,442.6402920721612,1.402574320664369e-12
6923.672310071861,442.66957338834163,-1.5245159858445106e-12
6926.83130677406,443.07255981412044,5.786170140408852e-13
6929.893075825611,443.4633185424799,7.012882969218258e-12
6930.902667596035,443.59220569990134,-2.3735910571544023e-13
6932.571722952248,443.8053229017214,1.928376658468605e-12
6932.793258512578,443.83361404082945,1.476518581226725e-14
6934.028112969997,443.9913273611163,-8.179468843095575e-13
6935.863897785993,444.225842310892,2.954289492697089e-12
6938.894815454576,444.61316706940147,7.481475118912963e-12
6943.674275686294,445.2242840846986,1.8012478896099236e-14
6955.03217210424,446.67822904375623,8.068817604545059e-12
6957.129727676084,446.94700089258464,1.035509356100749e-11
6961.415125807781,447.49636551586667,7.359072697732193e-14
6961.531935466863,447.51134461200905,1.252565125313569e-12
6963.795193317092,447.80162328009726,-1.3833507779419678e-13
6964.327905843274,447.869961110305,-6.525074483770558e-12
6964.509162210816,447.89321436832466,-2.2714735357385595e-12
6965.561689122033,448.0282543014312,-6.016394082738451e-14
6965.755029247411,448.05306219223564,3.881167908639536e-13
6970.5078788135215,448.66312714931735,-6.27873940710531e-14
6970.689135181062,448.68640104143634,1.0250682260530213e-12
6970.8075296094985,448.7016035880765,-1.0357385733967056e-13
6973.062731621169,448.99123420116456,-2.0119835422808064e-13
6979.017185109067,449.7564017488574,3.5555816976251145e-14
6983.358416522702,450.3146764320184,-5.411015556978684e-13
6985.633200542803,450.607348250165,-8.454068789015097e-12
6986.019880793557,450.6571076879848,3.2868477038095094e-12
6987.658855152849,450.8680475189755,-4.887798528538887e-13
6987.869334136733,450.89514024149526,-6.017977684762663e-12
6989.769565661179,451.1397737902184,2.183617470975559e-12
6992.936618201921,451.5476441822343,1.19432454067666e-11
6993.226628389987,451.5850025185934,-3.3515533782149054e-12
6997.370491758959,452.11897313375914,-4.5874789015382675e-12
7000.128369297156,452.47452347398587,8.517607743038431e-13
7000.753723966746,452.5551647656463,7.894241177994248e-14
7003.071186332293,452.8540710474955,-6.441710734356475e-12
7005.8048963548135,453.2067921300536,-1.0926173430754356e-11
7007.936560842845,453.48192889787856,-6.589361763452089e-12
7009.972927239455,453.74484358845575,-1.4191216917476492e-11
7010.03870192192,453.7533370126321,9.411863095611142e-13
7010.219958289461,453.7767428928597,-2.885901022177737e-13
7011.979212639149,454.00394923244335,-1.225726649726031e-12
7014.342097292682,454.30920366923493,-1.624246079550179e-12
7015.403494425763,454.4463560611662,-4.096093780544288e-12
7015.548499519795,454.4650950467902,-1.1975999211667112e-12
7015.601119265766,454.4718951841108,1.155155457366174e-13
7018.273038527836,454.81725880484424,-3.4289290427604634e-12
7018.639579182197,454.86464691913534,7.165602263630598e-13
7020.910892870977,455.15834830840225,1.8496320840582823e-14
7022.882812559125,455.4134124131331,3.0656310156045885e-12
7023.939924977578,455.5501774090001,-5.993511726819417e-13
7023.976176251087,455.55486781949384,1.2394783727895623e-11
7024.605815635304,455.63633825840634,1.7983873694510142e-12
7027.774196150043,456.0464128862942,7.11786130736893e-12
7029.144415093579,456.2238137695332,9.925948425365389e-12
7030.70308786264,456.42565562894595,6.708466416691535e-12
7034.48234013647,456.9152394134569,-6.606459926525321e-13
7036.705876381861,457.2034106734558,1.1065417774975776e-13
7038.5421747885375,457.44146440563,7.3443504280613e-12
7038.892603765783,457.4869003140032,-5.165718066865806e-12
7040.591439326291,457.70719994167695,-3.8170465701886634e-13
7046.440609324957,458.4661084580193,1.5473006379690823e-13
7050.006425874278,458.92906938632257,-9.475812210802027e-13
7050.576974443317,459.0031671979864,-1.0306840157502293e-11
7054.417716684979,459.50212494381105,6.147017169016367e-13
7054.788285258618,459.5502805484635,4.455371088674966e-12
7056.680460944497,459.79620932873814,2.4120637226543664e-13
7058.706071557271,460.0595539297409,-4.017573502787691e-14
7060.1087706503795,460.2419596438375,-7.473110154284487e-14
7063.388861726259,460.66864117422347,3.7609096711838424e-13
7063.878595114377,460.73236378498433,-3.61205335843438e-12
7066.907370425623,461.1265569183934,6.365295846221988e-14
7067.311490327496,461.17916563784144,1.5808425260438888e-12
7069.000942075436,461.3991326762775,-1.1669803591852867e-12
7078.245127247085,462.603658801137,-9.17410146304372e-13
7078.44249529174,462.62939320828485,1.5557909590979078e-12
7078.447036801715,462.6299853747314,3.033612761302916e-12
7078.744545240379,462.668778259642,-2.769257663054089e-12
7079.002332074212,462.70239306152223,4.5397419824782884e-13
7084.070687318025,463.3635433952015,-1.0005430265967258e-12
7085.348777708843,463.530340806786,-8.890071077813413e-13
7087.414968307012,463.8000530174846,6.17451744429262e-13
7089.61026512018,464.0867043990887,-1.197781865459059e-12
7093.091495364637,464.54144883977636,7.759027766383009e-12
7094.2822995053275,464.69705186182176,-6.727575363015899e-13
7097.4649501324675,465.1130587434781,2.097529493299746e-15
7098.12304174698,465.1991017194752,1.419706981894988e-12
7098.264018921732,465.21753498651316,2.3204434965924454e-12
7099.723622475438,465.4084048601163,-1.7126198002480212e-12
7099.792097103174,465.4173601344147,-1.4269292952219528e-12
7104.073467315551,465.9774594169256,7.505169821782361e-13
7111.3843832252105,466.9346718273358,8.47349294064175e-12
7112.315302172017,467.05662697143794,1.0768801987930886e-11
7112.520726055228,467.0835407009622,-1.488894225512971e-11
7116.450339316354,467.59853092736915,4.739402153925089e-13
7117.135855979772,467.6883995388635,-9.605721661419327e-12
7119.480442601595,467.99583130697994,-1.0642437307607689e-13
7121.034573860672,468.1996711479602,4.138927696302745e-13
7121.308472371623,468.23560028558785,1.2748830662810166e-12
7129.753287961363,469.3440425388405,1.8722797194236513e-13
7133.136520169119,469.7884844572648,6.040910703072331e-15
7133.77798651582,469.87277514856896,-2.2216435997278223e-12
7135.654050524574,470.11933934853516,-4.554742261841931e-12
7141.120868984344,470.83819293685536,-2.677899546740243e-12
7142.524896051454,471.0229028616347,1.3716752332453104e-12
7143.095187825142,471.09793924321764,-6.529699122289553e-13
7143.421449286713,471.1408699272859,4.3197281583516854e-13
7147.152880119869,471.6320047852981,3.2219566858598025e-12
7147.491225339274,471.6765508221253,-8.968327225295394e-12
7148.931503679892,471.8661993565914,-3.7353393353364834e-13
7149.389013713776,471.92644995038887,-1.2314594835181565e-11
7149.784263393782,471.97850443321215,-6.2200119491800235e-12
7149.820514667287,471.9832788791739,-4.079039757677775e-12
7154.35105828697,472.5801611878847,-5.7319371105374016e-12
7154.560510089461,472.60776482960296,-4.824381020876756e-14
7161.14083183757,473.47539658459914,-9.383331978822622e-12
7161.991449194148,473.58761081182513,1.0423152308016826e-11
7164.021388518796,473.85545613831636,-5.600513940029251e-13
7166.231725830416,474.1471908433468,1.862039491243915e-12
7170.2915604824475,474.68326870252076,1.8576395346222155e-12
7173.320335793673,475.08339883905717,-1.419066300651938e-14
7173.513675919051,475.1089466532909,2.260756204161013e-12
7174.357866203684,475.220505369929,-1.9511514887639464e-12
7183.257279083926,476.3973505795993,-1.233761952735948e-11
7183.656043092512,476.45011669278824,2.4715647358938494e-12
7184.370268781573,476.54463332996096,-3.3542464560480046e-13
7185.3025157023785,476.6680158159425,6.357840871231891e-13
7186.049779128975,476.7669273739582,1.5438998403530196e-13
7187.171081460532,476.91536790667993,3.409373728316186e-13
7187.574900569788,476.9688320639292,2.116330679283943e-12
7187.796436130115,476.9981638291408,-7.049162350488214e-13
7188.582349982883,477.1022277370324,-3.499190255805481e-13
7188.691103803404,477.11662887250105,2.5526941235831593e-13
7189.3341549194565,477.201785885307,-3.4534156673855486e-13
7192.460928267371,477.6159621222622,4.531455456513474e-12
7194.356618281818,477.867155241209,-1.4194177589701494e-13
7202.744529410925,478.9794107266057,1.5367850447126093e-12
7209.561684013145,479.88433513827107,-9.85912610558533e-13
7211.225082683434,480.10526833942174,1.361291103508068e-12
7211.96617583344,480.20371700675065,4.676753824399779e-12
7215.897117068546,480.7260822231263,5.627945866542273e-13
7216.187127256607,480.7646316557368,-7.914986731818643e-12
7217.179536171244,480.8965587452291,4.379496201890107e-14
7220.628499064181,481.35519191920486,-2.577331664346694e-13
7221.06458552493,481.41319704786224,-1.610488617452642e-12
7222.662723103451,481.6257999184735,-2.582357476222078e-12
7222.940649533674,481.6627777309494,3.23445390937304e-12
7228.427050001849,482.39302869029876,-1.4618469483497528e-14
7234.006650201391,483.1362534036857,1.537809655537647e-12
7236.839943029918,483.513878702498,-2.7531060981557376e-13
7239.900941695362,483.92201913600223,-5.950950863668144e-13
7240.600126885963,484.0152697051116,6.37545966949067e-12
7249.518652181169,485.20552651238495,-7.350539722696311e-13
7251.262866032372,485.43847871446224,1.3565300527358721e-12
7256.224910605532,486.1015016538906,2.15521160951832e-13
7257.172198024791,486.2281287151552,-1.5426468075667916e-11
7259.266540060625,486.5081450554646,1.9298979501652557e-12
7259.568634006522,486.54854208918556,-1.5797494496876792e-13
7266.5699577196165,487.4852539547035,-6.44227885736599e-12
7266.770025709544,487.5120344572297,1.3310999414283526e-11
7266.786137386658,487.51419115020155,-1.5756361824086068e-14
7268.694424749626,487.7696664097521,-3.7557238309066507e-13
7269.470140406523,487.8735358563664,-5.26336927756372e-14
7272.079755317404,488.2230484292077,-1.308160647595288e-13
7272.273095442779,488.2489479708399,-5.406450713071959e-12
7273.932722989131,488.4712974123099,1.776388226132814e-13
7276.24701581593,488.7814406722527,1.8905472519205784e-12
7278.152603233625,489.0368865224014,-4.653047681051789e-12
7279.293230778258,489.1898207584063,2.8532377297849987e-12
7282.671063095435,489.6428578163756,-8.641027478240906e-13
7284.655880924695,489.90916090285685,6.7893234748837686e-12
7284.800585226115,489.92857872286464,-3.87549376020714e-15
7285.612552156516,490.0375434380321,-6.968091840609328e-13
7285.721305977038,490.0521389559878,-9.543967493251695e-13
7289.295691955558,490.5319676304466,-4.642117310479405e-13
7289.476948323097,490.55630591225355,-8.155683274639732e-15
7292.603721670991,490.97625010307985,1.913034725806496e-12
7293.806609569503,491.1378530448744,-9.512513624683092e-12
7296.771752555558,491.53632139200465,1.2404495173879141e-11
7299.171402073253,491.858914926215,8.421243429113215e-13
7299.429188907084,491.8935764490436,7.835703807082986e-14
7303.048395588364,492.3803372681582,-1.3544251290617213e-12
7303.939849725678,492.5002693478652,-6.07033390519172e-15
7306.618496852254,492.86073011136574,-6.092816878906981e-13
7311.537562287338,493.5230241923779,-6.341902111508133e-13
7312.678446627318,493.6766944757849,8.647634397287694e-12
7318.540257971682,494.4666234051937,1.0641189752768229e-13
7318.5724813259085,494.4709675254927,4.178207741067971e-13
7319.07725521248,494.53901999823336,3.0866453300587383e-12
7320.179232330938,494.6876023666744,-5.3941751842142277e-14
7320.820698677632,494.774103200823,-8.892560518118716e-13
7322.310082435618,494.97497373508236,7.766141532936527e-12
7329.567608213166,495.9543679890766,-1.0937690419992084e-12
7332.8592254588675,496.3988875401246,-1.6187044796683547e-12
7334.759456983272,496.65559696259913,5.873452178485411e-13
7335.651982299242,496.7761945216367,1.33787370984716e-12
7337.907184310861,497.08098163295466,1.8690921400586462e-12
7337.926509523946,497.0835938108675,3.2124696596647756e-12
7338.160943225412,497.1152826270783,-3.9059155187834964e-14
7340.343085102056,497.4102951557784,9.965916564860252e-12
7342.360383080888,497.6830998011458,-1.2339298798233876e-12
7342.440941466459,497.6939954854008,1.292178790658756e-13
7348.0610776541,498.4544253361367,-1.732675614037893e-12
7349.4414947934765,498.6412910256857,1.243475458612914e-11
7352.080376317953,498.9986114712721,3.762769341739534e-12
7354.056624717954,499.2662914067033,-9.452479591888523e-12
7355.028593243577,499.39796950502875,2.5315773972676643e-13
7355.981023758026,499.5270175592078,-2.7225432233054806e-13
7360.123815948249,500.0885329985316,1.051832204702449e-12
7363.262929849317,500.5142200834973,-9.223029354513035e-13
7369.964903559012,501.42366480096865,-1.1371441410721826e-12
7369.99712691324,501.4280394457095,-1.2262346851127103e-12
7372.147603023611,501.7200314592246,7.770711183644489e-13
7372.764087471323,501.803753533705,1.914538127751757e-12
7373.0863210136085,501.84751745711765,1.4074135816034929e-12
7373.3569619913205,501.88427585027426,-1.885694899348776e-13
7379.283220044122,502.6895170524716,-3.2983806214407524e-12
7382.781589147027,503.16516805496417,-4.997876456221949e-12
7383.117491216503,503.210850385875,-1.4213810285326857e-13
7383.168269397774,503.2177563463814,1.917211107496803e-12
7383.532066109589,503.2672350042992,1.9754553358668457e-12
7386.339606653065,503.6491603132417,-3.5215691539858088e-12
7386.958233458086,503.73333506952594,7.372084426878524e-13
7392.251081002753,504.45380567177125,6.660360301432539e-13
7392.408169854617,504.4751967346899,5.054111808756117e-12
7393.8084257977725,504.66589211331063,8.992948767572269e-13
7395.566865764113,504.9054183304149,-2.7722897040292116e-12
7396.7856525416455,505.0714690117765,2.663903770003202e-13
7398.321786561619,505.28079488455086,6.587440804286902e-13
7399.152821909749,505.39405650748296,1.0185827136826932e-12
7399.520389745495,505.44415630392035,-3.346902393055485e-12
7399.584836453951,505.4529406993909,-8.660558733955063e-13
7401.348118722878,505.69331421304065,-2.3071390005636495e-14
7401.702575619391,505.74164126877514,-2.663618054328424e-15
7403.1484666486185,505.93879966892115,4.845284425511165e-12
7404.829348967268,506.1680493520039,-6.4577300990232575e-12
7404.877683998611,506.1746423683413,-8.807411122062589e-12
7408.868486434896,506.7191460336736,-9.715527735711843e-13
7409.43775102718,506.79684020120374,4.0928346389828165e-12
7411.542848846825,507.0841992651189,-8.26349379895056e-13
7414.6575384368625,507.5095236837365,-1.3343705366466384e-12
7415.421427131262,507.61386329780856,2.5438834103073076e-12
7422.452875838474,508.57479424611967,7.974653367362738e-13
7423.436928121928,508.709349322182,8.159648854132499e-13
7425.660207571918,509.0134166671597,-1.9125573097900419e-13
7426.48691420816,509.12650462106785,-1.1542960382422306e-11
7429.985327308317,509.60520356178733,-3.741190333660288e-14
7430.133545938316,509.6254897643783,4.408433409661381e-13
7439.272190825213,510.8770480905349,-1.8095429989478793e-13
7439.531305633047,510.9125568844011,-1.2325647828304462e-12
7444.214910185236,511.5546058574807,1.2300901602436734e-11
7444.932349410258,511.6529912500315,-8.384207032626228e-13
7448.790274507599,512.1822069660759,-9.110676601157694e-12
7448.886944570285,512.1954713242536,-3.905832446334169e-12
7448.992184062224,512.2099117124768,-9.89234326575452e-12
7449.434697594909,512.270633234721,9.593006776943837e-13
7449.656233155232,512.3010336067744,-3.1098016898696857e-13
7453.828849546998,512.8737926791715,1.4069350243904776e-13
7454.755740574505,513.0010669952425,9.798134947283226e-12
7455.475322156839,513.0998859128955,5.066622259192373e-13
7455.737136909945,513.1358428552113,-1.5032856494463335e-13
7456.374274544744,513.2233509198124,2.2791438537745666e-12
7460.409171294994,513.7776999484811,-7.094839757701969e-14
7461.522116995359,513.9306588274027,-1.1980745512765169e-13
7463.1084716086325,514.1487206041204,2.550845610073e-12
7469.656570002396,515.049318874261,-5.267973017316278e-12
7471.459060285444,515.2973645378713,5.308954194228745e-12
7474.74317928052,515.7494550775816,5.035920310126638e-14
7481.230345294404,516.6430596449524,-1.2426940100198446e-11
7483.829762009384,517.0013458217707,-2.959711340977729e-12
7486.4394209175,517.3611689183839,-7.233180276342728e-13
7490.267265017914,517.8891839010303,6.288212913264081e-12
7492.164283006332,518.1509596623274,-6.3845052209182356e-12
7493.371198824109,518.3175404554485,-1.6434943489374251e-13
7494.378905032537,518.4566465178955,-3.312279790336967e-12
7494.652803543477,518.4944593259002,-1.5595756741730056e-12
7496.496644197965,518.7490450225741,2.049602314721139e-13
7499.587980655626,519.1760174576814,1.134964085260899e-12
7500.264627097161,519.2694986996821,2.941683227085906e-12
7503.097919925644,519.6610203171922,-1.4914341494906075e-13
7515.281451800787,521.3462998812939,4.996513029444217e-13
7517.698027378874,521.6808961756429,2.8077724521814373e-12
7517.774557845166,521.691494253913,-5.307824044752507e-13
7517.903451262078,521.7093438927635,4.012076001167646e-12
7518.084707629613,521.7344454651716,3.2410303111474465e-13
7519.934160972732,521.9906045040665,1.1333363726337658e-11
7522.962936283897,522.4102419365929,2.6220450912853013e-14
7524.923329802113,522.6819449393075,-1.1419185376571288e-13
7525.367985692106,522.7435823854038,-9.099301891602032e-13
7525.637298695811,522.7809158686583,-3.3340218444481308e-12
7526.699767007517,522.9282134449879,5.20156294023404e-13
7529.858250118902,523.3662193252771,-2.047521946490635e-12
7532.8024391252175,523.7746732371277,-2.656705294293922e-12
7534.678503133929,524.0350270742185,-2.6919451550096236e-12
7535.486442145042,524.1471700985538,-4.986841206451793e-13
7537.431494372186,524.4171952895118,-4.350643593591198e-12
7537.4508195852695,524.419878494803,1.2188265525563427e-12
7537.885834867352,524.4802799237916,-6.246306394508004e-14
7540.012400257381,524.7756015350697,-2.109135219065818e-12
7542.252561770516,525.0867886296031,-1.0424751236888912e-13
7542.327764262803,525.0972368216283,3.5680561365081493e-12
7548.477913031271,525.952054958342,-1.6930283652686118e-13
7549.5992153628,526.1079814993517,-7.222076603671805e-12
7549.699913344765,526.1219855359186,-7.811216230444132e-13
7553.568851021262,526.6601789322946,-2.3305147224399e-12
7554.91541603978,526.8475592214265,2.6575331427692905e-13
7557.3053809522635,527.1802153242278,2.367529945099961e-13
7557.486637319799,527.2054484543867,1.5705580450328538e-14
7560.129033172828,527.5733713879716,-1.1222464606030446e-12
7560.88700838598,527.6789343719353,1.5137447026222585e-13
7563.110287835952,527.9886308916126,7.748138026683076e-14
7564.207121859201,528.1414502997038,7.71748579907963e-12
7565.203815488441,528.2803365911376,2.2383766789507807e-12
7582.0390293540795,530.6290385285893,-2.3796546841074268e-14
7583.924220379999,530.8923689553773,5.1334023457065096e-14
7585.590018202914,531.1251082126902,1.7147968682684815e-12
7585.6705765884835,531.1363648352032,3.4215547168262403e-15
7588.745287778317,531.5660911909505,2.378403131581282e-14
7591.88358729604,532.004884334889,2.5496189771149986e-12
7591.920396157505,532.0100319806513,-3.5252628985752225e-12
7592.205820838321,532.049948899328,-3.9694065516166754e-12
7594.675272957718,532.3953668336269,1.878767478781476e-12
7595.943421947974,532.5727945336048,-1.7727894411944647e-12
7604.232821449502,533.7333004909725,1.2020833341618518e-12
7604.851448254517,533.8199582552411,-4.488343615315393e-14
7605.87608052336,533.9635051148765,-2.697926439134936e-12
7606.473239757978,534.0471736416977,3.831793763760038e-12
7606.634356529119,534.0697489851759,-1.400799906141249e-12
7608.715030037724,534.361331546889,3.7094854073019887e-13
7611.559849036066,534.7601294035528,-1.7327626303955084e-12
7613.976424614141,535.0990115275969,5.665277464202969e-12
7615.2115798641225,535.2722618202025,1.572843946270321e-12
7620.089038132335,535.9566780038233,1.886575772218251e-12
7622.416185102971,536.2833830515109,-7.772322722401373e-12
7622.512855165655,536.2969565902716,5.3433307134526035e-12
7629.614363269875,537.2945571545122,2.5864761568893554e-12
7630.29662240004,537.390447975412,8.38198286215529e-13
7631.856923935663,537.6097789833575,-5.558225397507659e-13
7635.848283959854,538.1710470700334,-7.735646152672389e-13
7638.796500885433,538.5858160174953,-2.558545477680889e-12
7639.570631772955,538.6947509121453,1.2842287192955674e-12
7648.450719439879,539.9451372330362,9.19513584561376e-12
7649.645037909111,540.1134175043123,3.6000845197447464e-14
7651.578307171019,540.3858721266506,1.114389038009797e-12
7653.13162404674,540.604830139748,2.240695920005019e-12
7654.219631845379,540.7582239150493,1.1388197152108508e-11
7654.2679668767205,540.7650389795616,7.600314279510565e-12
7655.217139857925,540.898877655621,-3.793076069056513e-13
7662.491804493847,541.9251968947924,1.4965055016936766e-12
7662.801954278295,541.9689749003065,2.523911293139332e-12
7664.015854755963,542.140335414748,-1.0877258698373648e-11
7665.794478315932,542.3914642037556,7.86689899515903e-12
7667.259437762873,542.598349652416,1.5971765344835965e-13
7667.299973751006,542.6040748139757,2.0888216792448717e-12
7667.71887735597,542.6632410704821,-4.491101550809252e-13
7668.5751513984205,542.7841919094304,-6.245142070430092e-12
7670.681320396691,543.0817509877392,6.966426413899811e-13
7675.335915130562,543.7396409125417,2.5304827217434323e-14
7676.78180615977,543.9440873443295,5.334757465479111e-13
7677.019966987899,543.9777665578365,-9.15451006911911e-12
7677.309977175953,544.0187793940578,-5.014062796359498e-12
7680.964107156662,544.5356741014239,-3.2379989527800584e-14
7681.044665542232,544.5470722533913,1.088291211050466e-11
7685.951647219382,545.2415832129512,-1.783325421493562e-13
7686.1621262032595,545.2713833326571,4.699081715049713e-12
7686.31921505512,545.2936248811435,2.9253796509812e-12
7688.062357727627,545.5404596137929,-1.7050563795338368e-12
7691.229410268241,545.9890678931631,-9.32575793719995e-12
7694.12072273321,546.3987793352475,-5.901263411323516e-13
7695.663283825098,546.6174298869843,3.5820801626836475e-12
7697.070267632784,546.8169012389388,1.0120496032003122e-12
7701.363978398202,547.4258559979586,5.029927409496945e-12
7701.827189115232,547.4915710693912,2.363253278492971e-13
7708.3314939875445,548.4147453152749,-7.349117944201068e-13
7708.706090480447,548.4679365801951,3.094540905609372e-14
7714.886320245774,549.3458786114852,9.332490835251175e-14
7714.94755341826,549.3545807038984,-6.203574567862026e-13
7715.079660371142,549.3733551895347,-2.6917620931917713e-13
7715.3221059139005,549.4078113688056,-5.993652807361892e-12
7715.688646568247,549.4599059084705,6.206640429597475e-14
7716.56583059313,549.5845856146088,2.6774235002904597e-12
7719.4584710321,549.9958353078227,4.59093119873776e-12
7719.607504045409,550.0170276611298,7.644528054679483e-13
7721.398981749252,550.2718061121288,-2.6719359911792906e-13
7724.928547024925,550.7739430128172,5.577404988498962e-13
7724.968268629753,550.7795953498513,1.1562248752764854e-12
7726.066988214955,550.9359533581221,-5.557850887181623e-12
7728.107382530761,551.2263794248164,-3.822986586466887e-14
7728.195739959539,551.2389577951086,-9.809038474852713e-12
7728.429616073043,551.2722525811745,7.744950422408431e-12
7728.592060818187,551.2953789348504,2.1734660650521689e-13
7729.370476420335,551.4062043744339,1.428138265505101e-12
7730.922722117394,551.6272357215285,-1.2107034231801588e-11
7733.961138036435,552.0600180962977,-4.096913914497866e-12
7736.834966853018,552.469513694463,-5.7346827335682045e-12
7743.902109245657,553.4771670524365,-1.872572672060458e-12
7746.027904249616,553.7804489701808,-3.866082667688618e-12
7748.357193577553,554.1128584974044,2.371926939328358e-12
7748.869766507319,554.1860204587665,8.047852752552777e-12
7750.043431789456,554.35356148993,-5.302762268998807e-13
7754.82421999495,555.036282468309,-3.3506194197123127e-12
7755.005476362483,555.0621750873403,3.189198936234915e-13
7755.484754759363,555.1306433106547,-1.171627535491991e-13
7760.41131844493,555.8346821905252,6.842068866902992e-13
7762.171387177852,556.086316172653,2.8203756278465773e-12
7763.1637960924545,556.2282243172884,1.0603025444788776e-11
7767.895178087946,556.9050311924698,1.0020927152676676e-11
7768.029170602796,556.9242043356777,1.0861733500551357e-11
7768.331264548684,556.9674325195408,7.88895949268434e-12
7776.739828864614,558.1713320442304,-2.368705633782961e-12
7781.394423598464,558.8383155107731,-1.0146542456857185e-13
7781.572980020724,558.8639098288695,-1.387498872567135e-12
7784.068786010341,559.2217207020968,4.747176950185971e-12
7786.3331150391205,559.5464451872876,1.108475381505443e-12
7791.384287426961,560.2711675983493,-8.620995600606149e-12
7791.7180471391175,560.3190706868425,-3.0789932867409207e-12
7792.575091567607,560.4420879680931,5.253001392871206e-13
7792.929548464114,560.4929694767046,1.2653842519306214e-12
7793.982075375286,560.6440710414699,-2.6606473462510596e-12
7794.832993524445,560.7662444166219,-1.0911614187942683e-12
7795.757742194623,560.8990333757353,-2.957822979123643e-13
7798.177274513298,561.2465397919614,6.019766264652026e-13
7803.902136602038,562.0692051183526,-1.0531679568416175e-11
7808.135942168951,562.677993270015,-4.8766190415931495e-12
7808.279619288974,562.69865870977,1.6387846654899717e-13
7808.558873693199,562.7388256574146,2.5019936355772413e-12
7809.677175286826,562.8996925253214,-6.616209523090231e-12
7810.185206706614,562.9727800840491,-1.6807221050089057e-12
7814.052816409056,563.5293467188047,7.718154582516346e-14
7819.346434339648,564.2915690913037,7.118813960627977e-15
7819.601264432851,564.3282748259215,4.651261179241573e-13
7820.738377648867,564.4920792273224,8.42945755466876e-13
7821.028387836922,564.5338598338943,-4.360022026238956e-12
7821.19940201132,564.5584978874058,1.5015915711842023e-12
7821.735071278095,564.6356753749282,1.336174435374733e-12
7821.811601744387,564.6467020673798,1.0690985419181273e-13
7824.527571323053,565.0380953084388,4.78151751840067e-13
7827.193320308408,565.4223834891504,2.838663501161265e-12
7828.046080022268,565.5453429834819,-1.4618916457584613e-13
7828.819653321827,565.6568961695413,-7.960407742375417e-13
7834.754781596352,566.5131384418484,-3.770428641414044e-15
7835.242115831787,566.5834734451743,1.2106426891005688e-11
7841.810911409778,567.5319483707592,-9.467892161685974e-14
7843.0137993082535,567.7057206531198,3.03658459467069e-13
7843.239362787848,567.7383091016724,-2.4443077376625333e-12
7847.681805773929,568.3803252966278,9.615283452187732e-12
7848.222060547942,568.458427021145,-4.860725243039735e-12
7849.169347967171,568.5953842427134,-8.37961777957184e-14
7849.411023123881,568.6303278768548,-6.9072649240449834e-12
7850.605084797754,568.8029921707367,1.0492080257753749e-14
7851.005947166378,568.8609637568541,-6.745380610260071e-12
7854.374909261585,569.3482905362708,-2.5791044841192776e-12
7859.336953834592,570.0664404729715,6.4908606154947634e-12
7862.378627286845,570.5068819420633,-2.2594753609023314e-13
7864.92405228454,570.8755964531153,3.0481934411321466e-12
7868.08737769846,571.3339825203373,4.355910946623468e-12
7868.584352541805,571.4060141052989,-1.4504433168040319e-12
7870.809774349058,571.7286227718373,-2.3305498130104026e-12
7870.906444411744,571.7426386321079,4.850428032220773e-12
7872.665698761344,571.9977369483447,-5.234641471502148e-13
7876.841785484341,572.6035130918541,1.376435594808725e-12
7890.7537203258935,574.6238727365217,-3.5381335610060844e-12
7891.18873560797,574.6871052797406,7.478667344058744e-12
7895.308431461063,575.2861049873035,-7.212843481479649e-12
7896.812085331418,575.5048126534209,1.683678653995016e-13
7900.987915259061,576.1124089161622,-5.545104624062127e-13
7901.880697370352,576.2423531728114,-2.056067170722785e-12
7902.029730383658,576.2640463279511,-4.4291780725148766e-13
7902.295272263427,576.3026994570565,6.367615617559872e-14
7905.721439611835,576.8015398794716,3.9624616976963597e-14
7908.314986842782,577.1792969276771,-3.1605383975811596e-12
7908.782438277171,577.2473956504318,-6.777604906684002e-12
7914.189909126193,578.0354532038089,-4.394236735509967e-13
7914.991421065348,578.1523073509543,1.0156218405405955e-12
7915.184761190715,578.1804965946606,-1.3872887205674796e-11
7915.472328228842,578.2224255194847,-6.1755137316835765e-12
7916.444597547045,578.3641992487553,-9.155407693423692e-13
7918.211093351894,578.6218295343314,7.380213477761467e-14
7918.715911235711,578.6954640317497,8.48201843514105e-14
7921.233441591061,579.0627498710555,-3.5936405551844134e-12
7930.4349484168315,580.4061630707931,-9.391087988618876e-12
7931.826891726043,580.6095215766677,-1.5700628375920746e-12
7933.215320706673,580.8124022054071,3.649004513143233e-13
7935.249544745864,581.1097121095339,-8.036822703729438e-12
7935.374410243497,581.127964179873,-1.0706891909527967e-13
7936.861952436735,581.3454260383527,-5.597599662799336e-13
7938.892918942694,581.6423962071588,-4.977851225095211e-12
7940.573801261301,581.8882341438685,3.922624914506765e-13
7940.93331325848,581.940821432714,-4.76799835348836e-13
7941.352216863437,582.0020991780297,4.2664935841296865e-12
7943.555312719715,582.3244240098113,5.3613899361777845e-12
7947.667510322202,582.9262999360917,1.5267518865954417e-12
7949.809417003254,583.2399204259794,1.754379981624101e-12
7950.653306495243,583.3635069228773,-5.203820796949328e-12
7954.036538702852,583.8591085128445,-3.092100894335222e-14
7954.51770266169,583.9296101955241,7.862727085012186e-14
7959.153485773113,584.6090784476906,2.2299688265928365e-13
7962.070293727724,585.0367988457364,1.908237215432047e-14
7962.278931146895,585.0673994198878,-3.057213905727862e-12
7964.862749775399,585.4464311330576,5.0299844168793224e-12
7965.116508689942,585.4836627757678,8.191687001297195e-12
7969.695900931463,586.1557574890043,4.1691792755295995e-13
7970.684281926782,586.3008679565546,-4.518351331875515e-13
7971.659251190256,586.4440269933854,-1.2546266867299993e-11
7980.8381752696905,587.792667317924,-2.080525479614842e-13
7981.4310497896695,587.8798305041852,6.012534344987563e-13
7983.061454719615,588.1195626524672,-6.638805012480536e-14
7986.78834404263,588.6677424261944,2.460378071578628e-13
7988.519659752623,588.9224847991367,1.0274897586731085e-14
7990.855676945084,589.2662892642336,-1.2166430705516606e-11
7991.113463778907,589.3042353252104,-3.0879136960528493e-14
7992.0994016242985,589.4493760544765,7.427094703403235e-12
7995.141075076537,589.8972561631018,9.21350194855883e-13
7996.8584654639935,590.1502136141545,2.8395477830000646e-13
7998.093319921341,590.3321310764321,-6.181240577071317e-12
8000.057998154133,590.6216233078028,-5.062241766210168e-13
8000.6927366362515,590.7151662161966,9.991197618340328e-12
8001.0955285641,590.7745304624668,-6.891487921857325e-13
8008.071099991905,591.8030775886263,-1.7450898961576438e-12
8011.903228806849,592.3685059585287,-2.4035140330962666e-13
8012.156987721391,592.4059574878162,3.4010728158891033e-12
8020.602874489391,593.6531377308746,-6.063527620653334e-12
8020.75996334125,593.6763470450654,3.5807881500441773e-12
8022.009858297055,593.8610307370095,-2.462118622823209e-12
8028.638815868815,594.8410023783161,-3.0296712060022243e-12
8034.937183267131,595.7728521492819,1.0807659600922315e-12
8036.45373527862,595.997336698274,5.507524758203206e-12
8041.226467645494,596.7040872363187,-5.519008773916677e-13
8047.326953408466,597.6080636411012,5.297385014574251e-12
8047.488070179603,597.6319473857649,1.1291098051620526e-12
8047.567557386517,597.6437306440863,-1.0615413620081536e-12
8047.778036370388,597.674932808763,-8.9860719836706e-13
8048.379781112232,597.7641421239549,2.8229802156228313e-12
8049.565530152188,597.9399502356717,-2.2161337991769544e-12
8049.678267894725,597.9566669334698,3.26058491723933e-13
8049.762854199573,597.9692095034666,2.1722380171016866e-12
8050.373168370669,598.0597116081962,-2.937811218266997e-12
8051.998987793373,598.3008341689836,5.5053703548423494e-12
8052.3494167706,598.3528120832835,1.050177739144341e-11
8052.3655284477145,598.3552019268392,-2.2122474085054977e-13
8052.845320435283,598.4263716187913,1.7833669015670062e-12
8053.135330623332,598.4693921836106,-4.1323452113310645e-12
8055.221103229826,598.778844594225,-4.411389370971005e-12
8057.279193992065,599.0842685809445,-6.850015800949217e-13
8060.095047169354,599.5022721371271,4.568357493415848e-14
8062.9798885650725,599.9306682226315,-9.618727387266212e-13
8063.141005336211,599.9545984233379,2.232390175832521e-12
8064.448362340567,600.1487940007794,1.2347299843558345e-12
8066.7111065999625,600.4849777655446,-2.333327073783507e-13
8066.743329954188,600.4897659821935,-2.6540968239422317e-13
8069.947404154298,600.9659696330409,1.4053699366202692e-13
8070.41867070988,601.0360273016772,3.762297535303489e-12
8072.1628845610085,601.2953546983164,-1.0110166197148327e-11
8076.3344297739895,601.9158017864141,9.9630390876377e-13
8078.181740759744,602.1906605878484,-5.120023713629121e-13
8080.069118140197,602.4715457332928,1.3012912187218828e-11
8081.410283268135,602.671181818873,1.1097441669936368e-13
8087.682898381409,603.6053175492161,1.0628235502379834e-12
8088.671022581373,603.7525379026172,1.3589901349852324e-11
8089.519240785247,603.878928046254,5.672642850844358e-15
8090.652626874582,604.0478307837466,-6.51791537332011e-14
8090.700961905924,604.0550344325652,1.8437875500757678e-12
8092.326781328625,604.297364758364,8.800842788002849e-13
8095.174300272174,604.7219081767062,9.077490006320299e-12
8095.28708201197,604.738726151411,-2.1681403466938712e-14
8098.4508770192915,605.2106056657916,1.0966371845489938e-12
8101.445286618831,605.6573912143564,-1.1750282312326147e-12
8104.570731992595,606.1239043284126,9.806531217060952e-13
8104.572059966597,606.1241025839383,-9.204488341851291e-12
8104.796295472185,606.1575795546106,-1.5336494523901114e-12
8107.537202952532,606.5668549012829,-7.367445001835508e-13
8108.153687400221,606.6589281065295,2.8516635125854633e-12
8109.936852470127,606.9252868447252,1.1280034155960457e-11
8110.081857564152,606.9469494302392,-2.203134004893007e-12
8110.485676673391,607.0072787727105,-1.5389793909915851e-12
8110.828049812059,607.0584306277331,-6.447061667466536e-13
8113.714219181776,607.4897211818219,-1.9861199211519485e-12
8123.7872973437015,608.9961793915929,-5.393353207028392e-13
8124.1739775944325,609.0540458025325,-1.4371002765597508e-12
8124.238424302888,609.0636904721341,-9.967144336186653e-14
8125.236445906109,609.2130575733728,-3.0243796447364507e-13
8125.578819044776,609.2643024577542,-3.330348280952312e-14
8132.937255602078,610.3662023347858,2.892054526304704e-14
8138.355739030225,611.1782387305472,4.5296228941926337e-13
8141.079250856712,611.5865997442922,2.760885738726974e-13
8146.117781898676,612.342432951995,-1.3863502895899247e-12
8147.284976111591,612.5175912024473,7.723305071164355e-12
8149.3216433006855,612.8232894360503,-1.2236301076104465e-12
8150.358872918034,612.9790041604065,-4.355854334941385e-13
8153.125833476011,613.3944927380415,-1.3115489098558172e-12
8154.1910017329565,613.5544766841667,-1.0045173245823874e-13
8154.67435204637,613.6270808318926,1.7061409946473074e-12
8158.411953155924,614.1886519502486,-1.2273024945807788e-12
8158.701963343972,614.2322364715587,1.0003701348053698e-11
8160.868551131372,614.5578936801636,1.5602511684833136e-13
8163.98216954264,615.0260493476483,9.25315133202415e-13
8167.275158759476,615.5213690583089,6.724313905549758e-14
8167.355717145042,615.5334888668446,-9.24052625137218e-12
8169.220210986558,615.8140307247654,-9.703993539975696e-13
8171.135226213993,616.1022409672422,4.024517724162758e-13
8171.293085451895,616.1260018335323,1.2651966796796889e-12
8171.377671756745,616.1387338961151,-2.4686498829897205e-12
8180.4760814477895,617.50901024872,-4.477288202264056e-12
8180.515546257268,617.5149572127674,3.5812850805975247e-12
8181.217174597762,617.6206905882063,2.768651415444212e-12
8182.122554057575,617.75714207264,2.3107286837524807e-12
8184.732212965602,618.1505332863803,8.035808520182385e-13
8185.164227509787,618.2156691206474,8.092918033407051e-13
8187.281966675147,618.5350152968751,-3.739645825203233e-14
8189.66199018704,618.8940114462112,2.7955210880201604e-14
8192.082894476938,619.2592809867634,-1.1117163639243573e-12
8194.782194790485,619.6666826178381,5.877135045897674e-14
8195.581263579705,619.7873107025069,5.923643888614353e-12
8197.827081778667,620.1264042562051,6.818680360458767e-13
8199.364800567932,620.3586362655842,-6.936361251015494e-13
8202.926589197756,620.8967181193448,-6.223743222814422e-12
8204.41275941971,621.1213039722855,1.5686424221683332e-12
8207.046285050794,621.5193748650831,-1.3891750420568143e-13
8209.297715938384,621.859791476256,-1.8386894823890754e-12
8209.527307337255,621.8945109687845,6.919959971243638e-13
8210.350286846799,622.0189723503797,1.237604204186722e-12
8211.669214018282,622.218463236245,2.638055273458745e-12
8213.518667361339,622.4982514435873,-1.2642733634737076e-12
8218.226953019725,623.2108126707768,-8.848178029563831e-12
8219.956170369649,623.4726183592455,5.471987918515469e-12
8220.052840432332,623.4872559544057,-5.213242507800072e-12
8220.501781036939,623.5552359342523,-2.716932696707942e-14
8228.151042165566,624.7140813343358,-7.469253287231636e-13
8230.200262705926,625.0247165642066,2.773611890354235e-13
8230.361379477064,625.0491430550178,-1.6517579100660308e-12
8231.809456860808,625.2687037288811,5.749643310937314e-13
8234.085312059418,625.6138519522283,-3.221331785283542e-13
8236.110966669328,625.9211358842916,3.0511524491640538e-12
8237.804446336442,626.1780881777438,-1.0876376431351184e-14
8238.261956370305,626.247515407533,8.546557226680468e-13
8246.870588675976,627.554595745912,-5.529642986298147e-13
8248.580480812814,627.8143774677861,-5.316984851458161e-12
8252.369630489664,628.3902500370892,6.765777289809355e-13
8252.756310740393,628.4490323288586,4.908622658512731e-12
8253.60478573961,628.5780253076045,1.3096410399561437e-12
8255.59817299803,628.8811305617207,-1.8483566403382855e-13
8262.955325578552,630.0004587923346,-3.039971747848011e-13
8269.36300438528,630.9761450163433,-1.1545916982737745e-13
8269.892202582843,631.0567589261143,-3.3516298567299816e-13
8273.62689094902,631.625818777149,-7.449648477685378e-12
8275.51585309881,631.9137405036049,-1.754642097997365e-12
8275.805819289593,631.9579439084166,8.402826335810076e-14
8276.095829477641,632.0021555694875,-9.757931746074628e-12
8282.076035250158,632.9141752160078,-1.9152039226183152e-13
8282.2170124249,632.9356830852786,-7.2378201161314e-12
8282.329794164694,632.9528896442896,1.935875286216414e-13
8282.42213551549,632.966977887475,-8.702142659141323e-15
8284.85589394926,633.3383457432407,-1.7008552443036154e-12
8284.892145222766,633.3438781595446,5.402362150149469e-12
8288.316170213804,633.866538076429,1.7980525505701036e-12
8290.056099350293,634.1322121215696,3.4508774861903684e-12
8291.839007624838,634.4045066058496,-6.138264468855564e-13
8294.236213992492,634.770711996822,1.3840205966381782e-12
8294.590670888992,634.8248690201252,-3.4031566059480956e-13
8295.64319780014,634.9856969222666,-1.3995198863835768e-12
8298.059773378138,635.3550309941429,-3.3893556323987375e-12
8298.458537386701,635.4159858940604,5.914975311983721e-12
8300.50882910571,635.7294388781877,9.518800604849666e-13
8307.339439436668,636.7742759155907,3.701927569369959e-12
8308.570522770067,636.9626786761701,1.1898595493812678e-13
8310.239578126158,637.2181524633497,1.2794937455546409e-12
8314.496780822603,637.8700131284436,1.2270377318875199e-12
8315.87179807137,638.0806263837545,7.359292378373013e-13
8316.133612824466,638.1207328513392,4.680172970029073e-13
8317.396662716747,638.3142326953226,-1.5274322600110014e-12
8318.38183017608,638.4651812181777,-2.095837530942933e-12
8323.46522591803,639.2443492526635,-8.769248944988299e-13
8326.478659938013,639.706464332888,-9.618453571444304e-13
8327.532558820427,639.8681209464766,1.1174840073558977e-11
8330.209877972866,640.2788845616803,5.2175138467853766e-14
8334.141076003103,640.8822619139169,6.039165588847384e-13
8335.867079817048,641.1472664106755,-3.854171544591776e-12
8340.376669456758,641.8399117854125,2.5212457367994798e-12
8345.682627940414,642.6553542243753,2.6870216084148733e-12
8346.004861482688,642.7048931599167,-6.666961352303966e-13
8351.617756214808,643.5681046621124,7.939623977275023e-14
8353.715311786496,643.8908383454893,-1.420220536688865e-12
8354.057684925163,643.9435241881087,1.0443373983603296e-12
8354.186578342069,643.9633594177359,1.3233591385209723e-12
8358.117519576956,644.5684335141931,-2.536997279149966e-12
8359.064806996164,644.7142882479044,1.0202424883110857e-13
8361.30338373986,645.0590296981184,-3.65539948500131e-12
8363.301055712904,645.3667496894248,-8.786063571163284e-12
8366.56584949476,645.869814478128,-6.315029567711847e-12
8366.86794344064,645.9163733846146,-2.278103084667232e-12
8368.005056656631,646.0916410525152,-4.586609030481069e-14
8375.312759029855,647.2185739373277,7.1467770352633265e-12
8375.469847881712,647.2428096696898,-1.1877352307993912e-11
8380.145910185836,647.9644426306734,5.290224774166355e-13
8380.254664006356,647.981230848547,-1.755514667433819e-12
8381.161973025391,648.1212997199723,-5.220802544129943e-12
8381.588631676286,648.1871718215654,-3.770683494465963e-14
8382.218784651157,648.2844676754502,1.1594721381038515e-12
8382.605464901886,648.344174871506,2.046095933545202e-12
8386.439736074084,648.936372739806,-1.9951793535857613e-12
8389.476310428337,649.4055596031773,-1.3483772353567675e-12
8391.429976081921,649.7075139831111,1.6007457763489204e-13
8393.631487168805,650.0478590756248,9.097843365773609e-12
8396.988879096798,650.5670707684526,1.480597251747422e-12
8400.902938268518,651.1726316979416,-7.727123388544303e-13
8402.649037681591,651.4428692760399,-1.5141527396199193e-13
8402.939047869639,651.4877585570603,1.2178627072328193e-13
8406.76393522927,652.079939421781,1.0606489381554682e-13
8406.998882521422,652.1163234718624,-4.3629767804833765e-12
8411.989078531991,652.889347768715,5.617678603015506e-13
8412.21866993086,652.9249244896065,-1.9742349524095948e-13
8414.414010741151,653.2651562444448,1.9756086370453599e-13
8417.706955960686,653.7756601037528,6.394474189639407e-13
8417.751263072745,653.7825303778638,-3.584020911707464e-12
8419.607187484991,654.0703430569397,-2.3202262359258304e-13
8422.774240025503,654.5616291230624,-1.2690399892617077e-12
8423.173004034063,654.6235001136547,1.1623864389621565e-12
8424.84715848808,654.8832887056981,9.711121296854056e-14
8425.70985960244,655.0171793713441,-6.764160379106376e-13
8427.208113582217,655.2497400183366,4.874452932318788e-13
8429.809159063703,655.6535753921244,9.55227953441063e-12
8432.908808155136,656.134986145465,6.84465466647965e-13
8435.478187870354,656.5341741911992,-1.0942902425311747e-12
8435.623192964375,656.5567063277462,-2.1280412231518368e-12
8436.974299492813,656.766671478801,-5.824702759868742e-15
8439.876323744258,657.2177665936366,-1.0000555324228038e-13
8443.026193428994,657.7075627577154,-2.1220413335683225e-14
8443.509543742406,657.7827385905302,-1.0121028699337922e-11
8446.613734343811,658.2656382277223,-1.0360513272054546e-11
8448.11066034958,658.4985691385262,3.6433834199795987e-13
8448.589982743706,658.5731633813047,2.595688656529573e-12
8449.542626056198,658.7214304553215,3.92169392885106e-12
8449.561951269283,658.7244383571992,-2.475407832472261e-12
8452.316872066649,659.153302544291,1.0974649199509712e-11
8452.988118617612,659.2578180575274,3.3490088152220873e-13
8453.298268402044,659.3061123029945,-3.5428101514473675e-13
8457.611817971103,659.9779702422965,-7.562988440913888e-13
8460.915306176375,660.4927375914951,3.552408529377522e-13
8461.456588131774,660.5771022328212,-8.277401433451666e-12
8463.650043380088,660.9190311821045,-6.543447019854249e-12
8463.859495182569,660.9516864198023,-1.36078062377304e-13
8463.897074430077,660.9575454153032,-3.2017063473553675e-12
8467.31437155654,661.4904463167227,-3.1299503590178182e-12
8468.379796608822,661.656635053595,-7.803591244166627e-13
8473.3203736113,662.427556884119,3.37409856747426e-12
8475.330129342163,662.7412854613688,3.7978194672966586e-13
8477.57273400513,663.091450251357,-7.555853362312125e-13
8479.09357073122,663.3289694641759,7.689684792604731e-12
8479.700113778377,663.4237092209642,5.513942805177465e-13
8480.414596262743,663.5353174075573,1.095124617010318e-12
8480.918086172542,663.6139724236184,6.594802234157009e-12
8484.0005524082,664.0956160186736,6.0751851631024015e-15
8490.693098307718,665.1419467561934,1.217410415150812e-12
8493.716216932857,665.6148598258035,3.8378562832039347e-13
8497.584083430535,666.2201641427799,7.888695330729874e-12
8497.970763681258,666.2806930758732,4.58786399461803e-12
8503.40184445786,667.1311374798015,-3.30061870281658e-13
8503.820748062808,667.19675550767,-1.8336853181625793e-12
8504.123612394735,667.2441988892538,1.516354294586315e-11
8506.428734206926,667.605349185981,3.806951531415601e-12
8506.85166573116,667.6716217536656,9.126400384791472e-13
8508.0545536296,667.8601300183312,2.267391971627743e-12
8508.284658619164,667.8961935164415,-3.2232271620674686e-13
8508.610920080711,667.9473289321916,7.151649435603738e-13
8508.900886271493,667.9927773850795,-1.4768277234476897e-12
8513.016598202466,668.6380290453989,8.148565104364332e-12
8513.721440078922,668.7485637953334,-5.979201519708593e-12
8515.464582751361,669.0219663097125,5.935712535563144e-13
8516.15061300543,669.1295817990803,3.021043228588944e-14
8524.119921321664,670.3803383740658,7.14801138761808e-14
8526.478521260391,670.750737189779,2.214416482966687e-12
8526.639638031525,670.7760429990867,6.45192948991648e-14
8527.09714806538,670.8479044297009,-1.6086534078543018e-12
8527.47980039683,670.9080108681028,-3.5788405059107592e-12
8533.04757363354,671.7828932502227,5.315711868449359e-13
8533.786223633573,671.899002639683,4.672426480972935e-12
8535.289877503885,672.1353950730352,5.21342958050018e-13
8539.949314540176,672.868178980823,6.236532652743444e-12
8541.222005040352,673.068402979756,-9.002947140639144e-13
8543.73846421698,673.4643887207377,-4.4184843053867146e-13
8544.189591176157,673.5353896230607,8.539266435276873e-14
8552.667701298202,674.870419607612,2.0133607446023305e-12
8553.0221581947,674.9262640172713,4.845212900089307e-13
8557.726415933741,675.6676353655591,-1.9875951915137725e-12
8558.50855866253,675.7909373119339,-3.4000184880459615e-13
8559.59090977523,675.96158460108,-1.9892446411279757e-14
8560.425716247248,676.0932178709093,6.510727103821437e-12
8560.561851119404,676.1146849956442,1.5485013035975588e-12
8560.731838112406,676.1414907447552,1.354269537175306e-13
8566.625828813392,677.0712606684156,-6.9477115125596064e-12
8568.631343826884,677.387774158241,3.3666684555390766e-13
8570.762193931445,677.7241494062246,2.958685015274476e-13
8570.94345029897,677.752766332552,3.951452413931533e-12
8579.226635526291,679.0611691920901,1.3083757864090723e-12
8579.842863178617,679.1585583467203,1.6919044984878822e-12
8580.003979949754,679.1840225350237,1.110265854154621e-12
8580.412384566223,679.248572222444,1.0195109766009125e-12
8580.674199319319,679.2899545179512,3.6412302951695875e-12
8589.481527643518,680.6827716516367,-8.307555185143281e-12
8589.766952324322,680.7279334643529,-4.445779707633681e-12
8589.8273711135,680.7374935239977,-6.9379006660296065e-12
8591.107347066187,680.9400398072253,1.302087902446393e-12
8596.593747534009,681.8085621141441,-3.275637151610557e-14
8598.77593340779,682.1541662548899,-2.300248856351608e-14
8599.632207450204,682.2898027971487,1.0834608724591292e-12
8600.129182293535,682.3685313933265,-1.9736420706507185e-13
8600.173489405595,682.375550554469,1.6050329079582073e-12
8601.902706755494,682.6495225237405,-1.1524502759824944e-11
8602.35460410072,682.7211288510535,-4.554641671159939e-13
8602.472998529145,682.739889906651,-1.0076908928074407e-13
8614.882093883283,684.7076957157554,-9.013486508699734e-14
8617.214083156405,685.0778138278911,3.534315484389061e-14
8617.650169617129,685.1470377417675,-1.5844564140506396e-14
8619.07729302115,685.3736023258981,-3.0805753351551206e-12
8619.296642226882,685.4084286825604,-2.0817445292569495e-12
8619.977316587663,685.5165058723128,-1.1498352562022153e-12
8620.037735376838,685.5260995547396,-1.383342431218834e-12
8622.298550076957,685.8851345318152,-4.814363899767007e-13
8626.39707915214,686.5362529179904,1.1259779932630847e-12
8627.058685095186,686.6413888508409,4.218623478296027e-14
8627.235913543434,686.6695536282882,4.520684563199273e-12
8634.73665524934,687.8620863724807,3.1129812666977444e-12
8636.93439521227,688.2116983825421,-9.672574523903345e-13
8643.021770035872,689.180530126867,-7.850132826546693e-12
8645.734738876556,689.6125306210691,-5.979226855228947e-14
8646.104236271509,689.6713781516872,-4.575082001085669e-13
8646.136716421082,689.6765511814725,-1.167365587248039e-13
8647.459928307175,689.8873122533911,-1.974827936494469e-12
8647.604933401193,689.910410612784,-6.357022066192309e-12
8648.102209037135,689.9896262982389,6.399102806908987e-13
8648.946098529103,690.1240677697939,4.062213981487939e-12
8654.80388195383,691.0576427890031,4.00848740631424e-14
8655.852124150335,691.2247714155998,-2.6464248135983563e-13
8658.740479874567,691.6853870093454,1.4193714169322598e-11
8660.363085761262,691.9442167257602,-2.6902146942197685e-12
8670.437748692328,693.552360361087,-6.773298492745232e-13
8670.581682607693,693.5753490098234,-2.4409454792293246e-12
8672.522450120116,693.8853592399129,3.0052075532615506e-12
8672.957465402178,693.9548563130038,4.4227340727409736e-14
8675.064448783667,694.291512617866,5.136012736732434e-12
8678.303703078545,694.8092440158814,-1.2161837666500505e-13
8679.115670008896,694.9390513343202,1.181408499482846e-12
8679.25664718364,694.9615902740434,1.7498616440262486e-12
8681.241465012774,695.2789548974644,1.4380237679307076e-12
8682.391476369894,695.4628704286581,-1.5730682917790295e-13
8684.138133370909,695.7422510958336,-1.415878574981092e-12
8686.70695549814,696.153240533576,4.283569300763805e-14
8687.533962926946,696.2855804725631,-8.950073763396863e-12
8695.756986160404,697.6021360476823,-1.154758922913267e-13
8696.40757952427,697.7063531383543,6.844181147423746e-13
8698.985528668714,698.1193856833133,-7.79922904134117e-12
8699.97793758328,698.2784195846648,8.069557559125368e-12
8706.07388183612,699.2556949217884,4.28308097151388e-13
8708.316486499067,699.6153918064572,-1.9435153152136123e-13
8708.509782627165,699.6463993851568,-4.300473199552433e-12
8713.682350181127,700.4764119181286,-5.760563400166871e-13
8723.64423137238,702.0763270258432,1.0105788463301796e-12
8725.756871439764,702.4158598125374,-1.4510824564438465e-12
8726.93160790051,702.6046930613953,3.3653257373056882e-12
8726.992026689688,702.6144057791605,2.4960192350431323e-12
8728.403295211938,702.8412956061118,5.54917318608194e-14
8728.483853597505,702.8542480953037,-1.3559229910586678e-11
8731.42962737302,703.3279631195389,-5.365514966267188e-13
8731.751860915287,703.3797917571542,-4.803749103570501e-12
8734.89153240412,703.8848824230757,4.514055957741517e-12
8734.959192648545,703.895769177749,-5.393821672587847e-13
8736.928669186607,704.2127013484618,-1.3665386562036952e-12
8737.21867937465,704.2593764131435,-6.180287690532266e-12
8737.412019500009,704.2904939836465,9.95657928092537e-12
8739.615929739528,704.6452560398889,-4.3404371000178375e-13
8741.044381117546,704.8752407562525,-1.2662348113508966e-11
8746.773271125348,705.797985925541,8.807519738588533e-13
8750.291779824433,706.3650074112426,-4.297482988587987e-12
8750.448868676285,706.3903282142425,5.7186091655658e-12
8752.147704236655,706.6641887830119,-8.250358480663035e-13
8752.566607841602,706.7317262557125,-2.678324781519896e-15
8757.025162504631,707.4507542451386,-6.744751129805199e-14
8758.185929645579,707.638010425907,-4.458089940017796e-12
8758.250376354032,707.6484077642183,1.2310202345074135e-12
8760.327836326562,707.9836102273304,-2.1599740222248075e-12
8761.280479639041,708.1373477826676,7.552536231381525e-14
8762.42620628153,708.322267264373,-6.43236933968286e-13
8766.486040933265,708.9777163968287,-8.77320633318398e-12
8769.708156369628,709.4981341720725,-3.586905804706662e-12
8774.82056192975,710.3242533138683,-6.487618175191827e-12
8779.367173228942,711.059349628747,6.852979603175738e-13
8779.753853479662,711.1218856783997,1.1932068285413691e-12
8781.35199105807,711.3803744627431,-2.7224133903528876e-12
8781.917998117087,711.471933855805,-3.9973059788149397e-13
8785.637389189387,712.0737431017649,4.729514273252282e-13
8788.836665084085,712.5915999343677,-1.3486780433076217e-12
8788.9454189046,712.6092068903613,9.188550539491807e-12
8789.339597405919,712.6730251734132,-5.381150402725498e-12
8790.619573358596,712.8802755615739,3.209974882805532e-13
8791.603625641994,713.0396312762529,-2.7861659098747687e-12
8792.655939755034,713.2100609296708,1.0877178406691095e-11
8794.117942461284,713.4468763816869,-3.4436480960404907e-12
8795.948884974525,713.7435082985739,-5.8003743904800995e-12
8797.849116498806,714.0514310651514,2.1046573024473666e-12
8801.016169039274,714.5647834869243,1.1511347051871636e-11
8802.864851996246,714.8645247562816,7.184898190613888e-12
8805.450042595929,715.2837872801089,-4.421569104169414e-12
8806.02333510746,715.3767797193425,8.668264371059659e-13
8811.150737168771,716.2087528474082,-6.208714447412895e-12
8812.95511301368,716.5016463766542,1.5099489359988486e-14
8816.520929562701,717.0806404006879,-1.0833720054565308e-13
8818.118252757797,717.3400792780102,9.071388842666863e-13
8820.542113788259,717.7338550524998,-6.347031888645965e-14
8823.0724982874,718.1450518858336,1.5827052942696148e-12
8823.915918185927,718.2821369449325,9.747150036786578e-13
8826.352589363007,718.6782543475906,-3.3048669435322204e-12
8830.491140835598,719.3512885183284,1.48501191547896e-13
8832.803247307662,719.7274334520041,1.7908625955850307e-12
8834.260965299281,719.9646328495093,-7.245233134236095e-12
8835.853746984401,720.2238545183119,6.86028070387529e-12
8836.201476016346,720.2804528580212,3.498198945626051e-13
8836.385432329143,720.3103955265165,-1.6985480497907004e-12
8845.259048926422,721.7554991644762,-2.702343610679507e-13
8845.524077215483,721.7986823793633,8.998224701700814e-14
8846.621725621979,721.9775449388218,7.0785160885666686e-12
8847.360676414615,722.0979699763545,-1.3532883989530832e-12
8853.04444492703,723.0245763181601,6.09745300986752e-13
8855.461020504978,723.4187230882704,1.3076630443356888e-11
8855.537550971267,723.4312070689388,1.3380059080797101e-12
8855.666444388175,723.4522329644602,-3.645594222338503e-13
8855.718807338792,723.4607748219319,-2.8083373448526747e-13
8856.70474518415,723.6216182076173,9.580005610470824e-13
8856.958504098684,723.6630186872078,1.1551497269019245e-12
8857.167955901157,723.6971914052218,-3.688405224387036e-14
8858.656525275737,723.940079444255,-9.933685963943845e-12
8858.898200432437,723.9795171345145,-8.242773896374567e-12
8860.000177550823,724.1593565880571,-3.948764291822254e-13
8862.867836090682,724.6274549492189,1.4037481940774012e-11
8865.648509173036,725.0814990160494,1.0263860500840103e-11
8867.754678171203,725.4255010292594,-7.854503674358342e-13
8868.044644361978,725.4728678035033,-7.279146073747831e-13
8868.467575886207,725.5419576074072,5.4319027702515744e-12
8871.630857302735,726.0588135753225,1.7010180041886101e-13
8871.958145945675,726.1123005562328,-3.4812457304037022e-12
8872.409272904846,726.1860289856708,2.1849767930291458e-13
8874.576675075497,726.5403034005574,-3.582006208746616e-12
8878.829805855315,727.2357537246762,1.0508333254735064e-12
8879.94253875753,727.4177571450668,-7.723731617018087e-12
8880.866473044356,727.5688971764654,-3.043316162085291e-13
8883.428824102371,727.9881367730642,-3.140536313231275e-12
8886.263488901955,728.4520719451468,1.889557150109784e-12
8886.526587631788,728.4951394828622,2.9237207287091227e-12
8888.74986708164,728.8591266713155,-6.280311729224074e-14
8890.150123024705,729.0884181904084,-9.16166017765533e-13
8893.223205447755,729.5917611917636,2.595095525906814e-12
8899.683504000304,730.6504666946006,3.0198582894551735e-13
8902.36185033408,731.0896161187381,-6.483792710396871e-13
8902.845200647478,731.1688817117109,-1.0834981476800297e-12
8903.30271068133,731.2439136697312,6.380941182345178e-12
8911.811459388142,732.6400569409236,9.86843202284869e-13
8913.667383800353,732.944760249144,3.1439452877677286e-13
8914.283611452674,733.0459457520253,-3.8496535823547987e-13
8914.670291703393,733.1094427997897,2.0169480179253362e-13
8915.752085228125,733.287099539853,7.956401036093605e-14
8916.64461054403,733.4336900783698,-3.792963666507792e-13
8918.79457306356,733.7868654223994,3.830017185939175e-12
8919.463934052545,733.8968390449403,8.166339161019003e-12
8923.67203133151,734.588403456029,-1.231215706891165e-12
8930.836870967887,735.7666334211958,8.191363727664338e-13
8931.034495807871,735.7991454573166,-4.00900828495617e-14
8932.072026217804,735.9698454501072,-1.0560915190004494e-13
8934.403758695553,736.3535467733939,1.1128152401333157e-12
8936.924245791422,736.7684215046957,7.722392438912484e-12
8937.832838787182,736.9180055290358,1.8043868318888193e-13
8938.973767124344,737.1058610610264,7.456077364888613e-12
8941.116444191357,737.4587207988158,7.930564033798315e-13
8945.539305168815,738.1873525915511,-1.2404227728879967e-11
8949.771782761532,738.8849576162565,-1.203857506880852e-12
8949.915716676898,738.9086868802739,8.237662783183915e-15
8950.170546770089,738.9506996696667,2.8254675574100765e-13
8957.46856453799,740.1544015250782,-1.1867865155454879e-11
8960.87729223514,740.7169577108389,1.2718148931132664e-12
8961.789399559479,740.8675227881535,-3.068886866697154e-13
8968.184994608215,741.92369881836,2.6161104481581165e-13
8969.393583189794,742.1233711932455,-1.2045319140959839e-14
8973.611277079402,742.8203922710055,8.88343143631605e-13
8974.006526759376,742.8857284932127,6.9044633626779426e-12
8974.034208603625,742.8903045114577,4.2564634065630444e-13
8974.13944809556,742.9077015243648,5.1607430582381904e-12
8975.381030417415,743.1129613951716,-7.611078871546573e-12
8975.542147188547,743.1395994935289,-2.54090050171515e-13
8978.371111304965,743.6074016736069,1.790222721185118e-12
8979.72654654527,743.8315909224096,8.371252402155085e-13
8984.30114048129,744.5884794904008,9.591903178034475e-13
8986.278159267194,744.9157060553206,-1.9128818943991606e-12
8986.50372274678,744.953044804838,-7.41734962318801e-13
8987.143002738852,745.0588733908778,-2.5147918582639268e-14
8990.002906232756,745.5324037214514,-1.4266077252450842e-12
8995.25063228169,746.4016911512812,1.074079721954383e-12
8995.929677875845,746.5142123297197,-1.156180034053381e-12
8998.354566087688,746.9160974980737,-1.4082421941438696e-12
9000.540479088104,747.2784693016478,4.366928320751313e-12
9005.632231461104,748.1229006858624,-4.111726514794683e-12
9007.286246318694,748.397310203204,-1.610678923829349e-14
9007.479542446792,748.4293823074621,-9.603386385393239e-12
9007.584825935986,748.4468514572098,5.66677613477104e-13
9009.718119190436,748.8008618574138,3.808573062321069e-12
9010.562008682393,748.9409246551298,-7.767057756585335e-13
9011.126174176708,749.0345681624342,6.663874380681715e-13
9011.797163932306,749.1459506223063,-3.184488698496948e-12
9017.811735416206,750.1447233543626,8.248232593196172e-15
9018.005075541565,750.176840244892,1.5642805109466265e-12
9023.38383736471,751.070614750117,-1.5265941763193923e-13
9023.428144476773,751.0779793578123,-6.797864537372519e-13
9023.976667887408,751.1691564227141,5.423511589955642e-13
9025.781043732304,751.469123824357,1.8830146517136005e-13
9025.825350844365,751.4764903885732,-8.722360648659251e-12
9026.199947337247,751.538772785867,2.5440615303597114e-14
9026.260366126424,751.5488185758943,-5.294427572091569e-12
9036.381779319352,753.2326480706544,8.251436974277757e-13
9044.967828878462,754.6625291333952,2.1699991816714998e-12
9044.984754938881,754.6653492625306,3.895985462624227e-12
9045.186664493494,754.6989907533285,3.949576628212937e-12
9045.560703398418,754.7613138416174,1.1751918795629539e-12
9046.629385983913,754.9393940087633,-3.7561824269861665e-12
9048.679677702869,755.2811037368045,6.143757444622376e-12
9049.910548238153,755.4862826867343,-1.1191934710893291e-11
9050.696462090858,755.6173045475641,-6.112282890012864e-13
9050.853550942711,755.6434946266629,4.7294284762040825e-12
9059.38753834381,757.0669763951581,5.344632487681685e-13
9060.601438821408,757.2695657826822,1.4912214087221837e-12
9064.123205053691,757.8574714170386,-3.823733833316179e-12
9065.685905741886,758.1184138545307,8.216422972425297e-14
9065.851050432297,758.1459926259134,1.8194401244754922e-12
9073.79032174873,759.4724247169258,-5.376537553245115e-13
9074.649508534489,759.6160406304047,-6.208026472402961e-12
9079.45476504802,760.4195058499089,-1.90404869525589e-12
9081.331342647309,760.7333953955077,8.745127590856944e-13
9084.732528096589,761.3024668866958,1.5572817827009608e-12
9085.086984993077,761.3617853270879,4.776008922440843e-14
9085.389034941689,761.4123352794983,5.482587864418119e-13
9085.775715192405,761.4770510963845,1.4655355447598832e-12
9086.558415509136,761.6080542960339,-1.069998420955668e-11
9092.587213108176,762.6174927677188,3.0441551404046174e-13
9096.362437462372,763.249942578245,6.7874450602120795e-12
9101.886160382262,764.1757851764863,-9.166433644098682e-12
9102.192282247415,764.2271113312356,1.745046607075568e-13
9102.976053742806,764.3585308413157,1.4268896674706485e-12
9105.855796040476,764.841491094821,-6.631601180803572e-14
9106.857588767592,765.0095371057214,9.723231363405305e-13
9111.475932227699,765.7844815268614,-2.35919602354413e-12
9111.90768997652,765.8569492870241,8.216772373887631e-13
9113.517955310008,766.1272522480567,1.0321266989994686e-12
9114.150294639438,766.2334112898917,3.9981022690825995e-13
9118.028872923604,766.8847199031848,2.500252798858025e-12
9119.511873606798,767.1338253973958,-5.2599982821525275e-15
9121.859974557,767.5283280618733,-1.74171446402724e-13
9125.177644880087,768.0859004715334,-4.40025875619049e-13
9125.419320036783,768.1265246660844,4.692812535139082e-13
9128.900249488317,768.7117681011728,-2.801205046046372e-12
9130.38963324619,768.9622441345082,7.483436176934805e-12
9137.88883417988,770.2240376561707,-8.17772890737801e-13
9142.472511135831,770.9957837826955,-2.7810163140687854e-13
9144.053766651063,771.2621069503715,-1.9058082126579663e-13
9144.906526364877,771.4057522343467,8.086468703615372e-12
9145.697025724816,771.538921878478,7.203385363395093e-12
9146.882774764725,771.7386979275851,-2.8829095024038806e-12
9149.296092809423,772.1453758887384,-4.876017883251192e-13
9151.109896464139,772.451097878303,-2.6695409498266115e-13
9152.23548351022,772.6408493885626,1.9104491778110515e-12
9156.436295336642,773.3492285012569,1.0754213061792762e-13
9158.671357751698,773.7262575490473,-1.7757931006799317e-14
9158.96239512113,773.7753589414324,-3.7845975235809685e-12
9160.159927126262,773.9774129504142,3.625714391011157e-12
9161.543301006159,774.2108560793248,1.3685997522862057e-13
9164.480762147727,774.7066669708565,-1.3737391004745588e-12
9164.565348452572,774.7209465562205,-2.8435407679995602e-12
9164.916848608442,774.7802870831462,7.758963591228971e-14
9165.574940222892,774.8913927355331,1.0418981713263326e-12
9167.168022700605,775.1603859905675,-5.292233049546978e-13
9168.635938888083,775.4082862017577,7.406960223730141e-12
9173.54643489353,776.2378543130806,-2.968508697751607e-13
9173.84501451082,776.2883100047416,7.597827090342617e-12
9179.250856592973,777.2021041433455,-1.948290922634206e-12
9182.293344428388,777.7166377347119,-8.563434554919431e-13
9182.503823412253,777.7522394198157,5.655821420470005e-12
9184.40405493651,778.073692984693,-2.0522058405757247e-12
9187.57110747694,778.6095967369656,-1.1224459936967602e-11
9187.76689075222,778.6427317088117,9.09729287084249e-13
9187.96987148549,778.677085546383,-1.825444391762715e-12
9188.303631197627,778.7335749563107,-1.915803798596724e-12
9191.19704202248,779.2233757566364,-1.369576602434674e-13
9191.680392335878,779.3052130346981,6.426858081596247e-12
9192.00498103354,779.36017239285,4.311371163946393e-12
9192.137902369723,779.3826791935434,-1.20093962352901e-11
9193.001417867368,779.5289012008767,-1.126115594696263e-12
9195.166677680685,779.8956123894998,-6.047813696024724e-14
9197.705675606312,780.3257303550486,6.053970245430992e-12
9204.673191195256,781.5066697127505,-8.845286221525057e-13
9206.347345649228,781.790559039632,-1.7696869985419675e-12
9211.289250625588,782.6288677333,6.318687757461692e-13
9212.301799136532,782.8006846037509,6.355350861080827e-12
9212.907527800366,782.9034782416304,3.222489486490462e-12
9218.32065533502,783.8223993233663,-1.8316642651403925e-13
9218.610665523056,783.8716460731364,1.2327842630226963e-11
9219.373226243393,784.0011442165754,7.796070808137897e-13
9221.27024423168,784.3233424837583,1.1198887345974457e-12
9222.408685421646,784.5167324038512,-6.689270371741498e-12
9223.500977934842,784.7023053720922,2.451107850932014e-12
9225.175433181428,784.9868264452016,-5.927673107712909e-13
9225.772592416011,785.0883073938152,-1.3051625158674399e-12
9233.176664059092,786.3470973480601,-6.902053671818476e-12
9235.409884909435,786.726972610364,-2.030596271884863e-12
9235.894005608876,786.8093346106351,6.399712703209172e-13
9237.973563941428,787.163172725919,5.179172001671361e-13
9238.29982540297,787.2186935415042,6.221416998879016e-13
9239.824946843646,787.4782536828178,4.948256328986566e-12
9240.651139889129,787.6188812197202,-2.549045881033588e-12
9245.008482979438,788.3607590430302,3.083108761061162e-12
9245.211463712707,788.3953269093926,9.686027352795674e-12
9245.266269813248,788.4046605852643,-1.1682981732003839e-12
9247.676117526613,788.815121015065,-1.1114293537198592e-12
9248.292601974279,788.920141709872,1.7158600512631292e-12
9251.085358814433,789.3959871694981,-4.641949707117038e-13
9253.340560825874,789.7803458965228,-2.3300244838382923e-14
9257.071734863342,790.4164633021855,-9.531327335945316e-12
9258.513084382486,790.6622636094695,3.394446841602864e-12
9263.81668771057,791.5670422232126,-4.734949267427011e-13
9267.513752831848,792.1980567838614,-7.522755221310816e-13
9269.05498594964,792.4611885971436,-2.309195191097038e-13
9269.444622940975,792.5277175125452,2.4994519558414155e-13
9270.896985039291,792.775727013594,-5.799170918124377e-15
9271.369278776247,792.8563856136018,9.64474146329732e-13
9273.081526068427,793.1488386563981,-2.8508160632031366e-12
9273.427369538396,793.2079155202273,-1.8867947021685732e-13
9273.65696093726,793.2471354616607,-1.4431925544428839e-12
9274.41549373832,793.3767187001272,9.34729512265636e-12
9278.071252485419,794.0013954439415,-6.122254470269331e-12
9284.212531031597,795.0513388341334,2.739040458057029e-13
9285.744380336824,795.3133396356919,1.3295950572345194e-13
9288.91678877053,795.8560719447729,6.322099428630938e-13
9289.40013908392,795.9387792844561,-1.4461077748775384e-12
9290.540766628461,796.1339721156439,1.0668676231502444e-11
9291.909312807977,796.3681997388071,-2.851623183521874e-12
9292.360439767142,796.4454179900273,-1.8717146888432058e-13
9296.01966884556,797.0718974305767,6.622889169200691e-12
9304.900570895226,798.5933807334163,-3.1082045660833535e-14
9306.018872488794,798.7850720556739,-7.962664428685169e-12
9306.5545857528,798.876908382354,4.696137821392109e-14
9311.323290200186,799.6946314778799,2.31669901928588e-13
9312.219029052054,799.8482768140275,9.05498681337005e-13
9315.942961634268,800.4871983041636,2.2333245028615596e-12
9317.819025642846,800.8091745821541,-7.608743132479008e-13
9318.601168371615,800.9434276399517,2.388765269952471e-13
9320.869268524193,801.3328057002635,-4.869909542235048e-13
9322.696483910737,801.6465634072791,1.4418746170283345e-12
9324.387777223217,801.9370362566683,-1.7593788287383488e-13
9324.93154632578,802.0304376150051,-3.2727825308543255e-13
9326.71843852228,802.3374043318165,1.1446761871254415e-11
9327.020532468152,802.3893062725115,-5.8428273552575185e-12
9328.013711768743,802.5599535603334,1.0919173458179513e-11
9329.80090475785,802.8670734235986,-5.001829360061598e-14
9331.718319137874,803.1966365822751,2.1835064911128407e-13
9333.0294472661,803.4220308879599,-2.4295750301983214e-12
9333.283206180631,803.4656579054291,-5.667537951113158e-12
9337.820991255141,804.2460082113364,4.598593809005883e-14
9337.862598421929,804.2531650352369,9.550351103626124e-14
9337.998219703386,804.2764933922115,4.405368807344322e-12
9340.096589658315,804.6374793553903,8.006080002551373e-13
9340.41882320058,804.6929208947478,-1.1868302880519644e-11
9342.12571459947,804.9866301257858,-8.918881640704424e-12
9344.023502973796,805.3132505018093,1.1571800529707829e-11
9344.156424309977,805.3361295200812,8.819428462827755e-12
9348.985547546525,806.1675606344236,-3.3239921706145112e-12
9350.922030344278,806.5010859344499,3.341490560211326e-12
9355.739069822988,807.3310363831821,-4.5140434127862107e-13
9358.720324485908,807.8449049369688,-4.5364172665334074e-13
9364.348516511644,808.8154632207066,-7.579644446626707e-14
9364.92604974053,808.9150894316367,-1.7455565971324624e-12
9365.384931745639,808.9942523316284,2.2809415752457154e-13
9373.357240799536,810.370194694296,1.872964928133852e-12
9377.588904008893,811.1010139171779,3.5036606587643264e-14
9377.649066002723,811.1114064278638,-8.939059358860432e-14
9377.827365629622,811.1422066759851,7.733207340898131e-12
9380.49092826025,811.6023917135849,5.526203458541102e-13
9381.461869604398,811.7701742337642,-1.153574041851764e-11
9385.528175325255,812.4730366661721,-8.867141347689764e-13
9387.037441884164,812.7339914486213,-1.994148047471996e-13
9387.095417523415,812.744016373176,-4.257958053613093e-12
9387.279117040858,812.7757813960903,7.05565908524989e-13
9387.441260993382,812.8038195821276,1.6676428845284476e-12
9390.176555784976,813.2768840335814,1.0620348947133662e-12
9398.270729598613,814.6775645796458,-6.2978928524920985e-12
9399.95161191713,814.96858922647,-3.2940971724259717e-12
9399.999946948468,814.9769586282068,-1.1102496914937075e-11
9404.022972738658,815.6737123040417,-1.7079028519356726e-12
9409.695215081101,816.6566027009545,-7.108312349680394e-12
9410.53160632245,816.8015833399407,-5.288155831791421e-13
9418.296092340484,818.1480998212144,4.7432968233987525e-14
9422.065916804102,818.802262934632,-5.034969930641975e-13
9423.548917487287,819.0596740769688,7.56554208678638e-14
9425.906659045375,819.4690013570699,-7.67841758649053e-13
9430.530358398722,820.272018657791,-1.0609846670596747e-12
9431.716107438622,820.4780161232824,1.0904066025496506e-13
9431.990005949543,820.5256035666434,5.702689993521266e-13
9433.184324418697,820.733121986199,-5.013131326824075e-12
9434.877804085745,821.0274170408466,-9.388701660539153e-14
9435.234616137634,821.0894310319295,-5.990402460245905e-12
9440.808860443385,822.0585400788907,1.4802458607659309e-12
9441.070675196474,822.1040718996666,-1.1331644950935919e-11
9443.9278347478,822.6010384154094,-7.452286015023007e-13
9444.45952009253,822.6935349048712,-9.937532768336247e-13
9445.897355283081,822.9436989848609,7.865917960522602e-13
9446.151114197612,822.9878535934284,-2.1792583308127337e-14
9446.348438244984,823.0221892309465,-2.97736688647744e-13
9448.935000815887,823.4723338673314,2.2233502170605508e-12
9450.859399855799,823.8073208194087,3.775006320550524e-13
9455.434764177804,824.6040445852769,-6.4727250556739145e-12
9455.531434240482,824.6208822322089,-1.0293662796486717e-11
9457.535577282653,824.9699955019989,9.600469550821425e-13
9457.939697184482,825.0404004491443,5.177451078338563e-14
9458.536856419061,825.1444418231923,6.206806199775891e-13
9461.204446968963,825.609288835628,6.053041880197398e-12
9463.018764214357,825.9255216772452,6.72306957271285e-13
9464.778832947168,826.2323570262529,6.8469232938375605e-12
9465.242043664166,826.3131187113163,-2.1579286087281814e-14
9466.907584691615,826.6035416686207,-5.3760280345533154e-12
9467.004254754294,826.6203997455298,2.340587156564043e-12
9470.70024869689,827.2650650042242,-7.287837894046349e-14
9472.814774326187,827.6339994456624,6.296296429966022e-13
9472.920013818119,827.6523633861356,-2.0166432917252285e-12
9477.58347877355,828.4663272987153,4.2696256099605734e-12
9481.836609553287,829.2090205311071,-5.846080492607991e-13
9485.099517773058,829.7790242900544,-8.81890209568485e-12
9485.582868086449,829.8634783704861,-6.321851943969811e-12
9488.441098816435,830.3629748240079,8.937552534258332e-12
9489.775066486318,830.5961468107724,-5.108301296173711e-12
9491.664028636033,830.9263855910643,3.8357928232602006e-13
9493.938812655892,831.3241631153053,-8.468775310668069e-12
9494.337576664437,831.393902350077,1.1054911406911039e-12
9497.437225755766,831.9360951704975,-1.3835049912631168e-12
9501.242230314223,832.6019112464303,2.6113549298868645e-12
9501.68474384687,832.6793614807424,2.242466296772611e-12
9506.522436512652,833.5263062916744,-1.5460378193047426e-12
9511.298683207868,834.3629165555232,2.3312611836630327e-13
9515.21754068477,835.049659845805,-7.002394042240058e-13
9516.944571680046,835.3523957565277,-7.296545062828813e-12
9522.208710198622,836.2754997270221,3.5543676585399473e-13
9527.538021814433,837.2105522387858,4.422484090090583e-12
9529.800766073717,837.6077194673495,-1.3730164106724992e-12
9531.74611909332,837.9492521308907,-7.203196387532746e-13
9532.553757311762,838.091064268319,5.654326705078372e-12
9534.40968172394,838.4169891362337,9.773818418567127e-13
9536.913286756608,838.856755812101,-9.775897347387658e-13
9537.12779365975,838.8944400439121,-3.2292392276212405e-12
9537.45002720201,838.951051113446,4.4973255225706404e-12
9539.931049488365,839.3869894878794,-9.204676045695101e-12
9542.787952244335,839.8891139658928,-2.2838817251641415e-13
9543.829767368876,840.0722590699197,-1.1498224935460041e-12
9544.075984035544,840.1155454640474,7.20971544924292e-12
9546.714865559794,840.5795470791317,-3.5351489138677824e-12
9561.214319027193,843.1313136026766,-8.16822324292961e-12
9565.07841440081,843.8120113535837,-4.48677354453665e-16
9567.963255796381,844.3203833724172,3.3834022451385805e-13
9568.414382755544,844.3998956500371,2.071263581085772e-14
9571.243346871915,844.8985932588987,1.0213649809013081e-11
9577.371771274169,845.9794344397043,1.9416092100861333e-12
9577.467670950798,845.9963533091345,-7.047001694599821e-15
9577.75198045568,846.046512924252,1.335359725825592e-13
9578.235330769068,846.1317919490242,8.577306782695128e-12
9578.516984325932,846.1814869615313,-8.561344986559422e-13
9578.66198941995,846.2070722604836,-3.2546940136815096e-13
9579.046483316086,846.2749158300307,7.44711306684822e-12
9579.272002798407,846.3147097877912,-7.045096045269661e-13
9579.449231246648,846.3459832262171,3.7730335931255695e-12
9581.31779700462,846.6757424532609,1.7011441249103805e-13
9581.685364840332,846.7406173608772,-2.831329261554394e-12
9582.4390553388,846.8736498454131,-3.8532858371928054e-12
9586.872928895353,847.6564763287863,1.4800652671913109e-12
9587.042659092996,847.6864503912531,8.851530973125985e-12
9587.175580429179,847.7099244422932,6.0244579571625985e-12
9587.388502562968,847.7475273985281,-7.76729681745801e-12
9588.24957491068,847.8996049623587,1.3031735785704245e-13
9588.668478515616,847.9735942064212,-1.0931270195307198e-14
9591.367778829037,848.4504381916729,-1.1895231907684056e-13
9592.57362346806,848.6634996406136,2.0782860772565558e-12
9592.956275799495,848.7311163205546,6.549615719978049e-13
9599.35508438408,849.8622191257424,3.93699595260551e-12
9599.541139056928,849.8951188700838,-3.036522039662069e-13
9599.645094572115,849.9135014319561,-1.0498238557209143e-11
9601.595502692395,850.2584310328684,-4.979715475272708e-12
9605.795243340106,851.001392898735,1.5394382560748903e-12
9606.121504801644,851.0591243072457,-8.90690881606442e-13
9607.775475661949,851.3518217928719,1.1062555595763037e-12
9608.254798056058,851.4366552321152,1.641042333934002e-12
9610.055916367695,851.7554661108055,-2.3898580259188593e-12
9610.5916296317,851.850302736756,-6.754371862912466e-13
9612.503644121158,852.1888272930395,-2.0227921471075873e-13
9616.215492945506,852.8462070341758,-4.697375075883308e-12
9617.276633283125,853.0341848711403,-2.2963708563537467e-12
9617.598866825383,853.0912716850471,-2.0456623914772806e-13
9620.246361776144,853.5603736444643,-1.310073975656662e-12
9620.427618143665,853.5924946574597,-2.2796824255074526e-13
9624.199885757187,854.2611274685339,6.941539039587825e-13
9628.044611920455,854.9428732535366,-2.3694133844927413e-12
9630.670896096166,855.4087217677665,4.4148271405078316e-14
9631.502232236839,855.5562100858248,-3.9769727056846817e-13
9634.434337485085,856.0764999451932,-1.1997036871617364e-12
9637.420948041266,856.6066243546096,5.542148603044944e-13
9640.07941157394,857.0786407751964,3.325120085657579e-12
9643.356289113499,857.6606371851548,1.3423857820582758e-13
9643.521433803906,857.6899732746809,-2.2644092678993326e-12
9643.62667329584,857.7086681441967,9.293102158744908e-12
9646.03386506117,858.1363402785555,6.866358237930118e-13
9646.21512142869,858.1685473925603,3.940506095362585e-14
9649.523151143816,858.7564514829024,1.1678625334161288e-11
9653.381032243577,859.44232995774,1.1652784158897708e-12
9657.210248314948,860.1233832942244,-1.5887602352541722e-13
9660.723401120653,860.7484601084956,-6.400711449488474e-14
9660.916741246008,860.7828667010992,4.01204356731457e-12
9662.454460035198,861.0565419348851,-2.4842207175284444e-12
9663.395320382428,861.224012869862,-1.0511850840795158e-11
9666.226470853371,861.728049371524,-7.762549991646984e-13
9667.94947392936,862.0348720092751,-9.786532530318538e-13
9668.26069489244,862.0902983082664,1.0080487824690743e-11
9671.904069089054,862.7392907334113,-6.932528063228929e-13
9672.32700061327,862.8146431541486,1.552081724908261e-13
9676.16692847121,863.4989421627098,1.3715686866141078e-11
9678.46425124011,863.9084692163158,2.7803343189165646e-12
9683.784736631296,864.8572868243962,2.1703003192525865e-13
9686.931693572551,865.4187382180218,-7.609579555499e-12
9689.146315598575,865.81396027057,2.3714281644547383e-12
9689.56521920351,865.8887280832796,1.2753324459997992e-11
9693.849802951405,866.6536456076162,8.573725662600137e-13
9694.645357412006,866.7957114588015,4.644930050104346e-13
9697.639767011387,867.3305415996408,4.056575722214373e-13
9699.729824332393,867.7039436667817,3.5585886062508927e-14
9700.765212384984,867.8889521493885,-1.5549343571763918e-12
9700.886820349378,867.910682984183,-2.7334787438913704e-12
9703.828353407445,868.4364056313219,4.488835691292207e-12
9709.960248140991,869.5328350177816,-1.9803545923393204e-12
9710.201923297687,869.5760625597504,-8.815093977259593e-13
9711.082364855742,869.7335529862754,-2.4833322660126804e-12
9714.568650200501,870.3573082055397,-1.0646138625715126e-11
9714.967414209048,870.4286680777745,-4.436446852102535e-13
9719.255725083607,871.1962577562032,-6.039699529356838e-14
9719.799494186167,871.2936143476558,2.2835122605829112e-14
9720.271787923115,871.3781783869881,-3.314491032332637e-12
9723.712995769769,871.9944495651492,5.568627900979699e-13
9724.492739345864,872.1341208169879,-3.5854807235627396e-12
9724.55315813504,872.1449437756276,5.879281380679595e-12
9732.452663849243,873.5605798021178,-3.7894069210258104e-14
9732.653245429847,873.5965401181944,-7.444550753381149e-14
9734.779810819704,873.9778368750435,-9.138854207477474e-13
9734.973150945058,874.0125072163449,1.114615999615864e-11
9738.89145083398,874.7152970945094,3.9724231484976025e-12
9743.479456501744,875.5385654699453,-3.082139980603843e-12
9743.627975924339,875.5652221654782,-1.0711669130197025e-12
9744.233704588167,875.6739443059471,-4.186617745893437e-12
9746.372096940508,876.0578180517597,6.5276667814951905e-12
9750.095515931982,876.7264290592797,-5.460469079982163e-13
9750.546598893881,876.807446965522,-1.3300494384242993e-12
9750.772162373461,876.8479612755071,8.231472053111643e-13
9751.939870177015,877.0577126767324,-2.2238930237942986e-13
9754.270531476053,877.4764365755467,6.240962238073498e-12
9754.972974199816,877.6026562418582,-1.6902596515281314e-13
9756.097490067226,877.8047357914859,1.8666171635194395e-12
9757.370180567359,878.0334709558862,-1.1864463350094155e-12
9757.635208856414,878.0811070986861,1.514649650885173e-14
9758.732857262881,878.2784120261067,-5.012010778121602e-12
9759.793997600496,878.4691756396418,-5.992209690845458e-13
9759.886639743894,878.4858311130866,1.2040370485647109e-12
9764.510383094463,879.3173019668039,6.291353221707334e-14
9767.055808091993,879.7752045089326,-1.3538219058741036e-13
9771.857550276847,880.6393262367328,1.7865750693402823e-12
9776.573891773549,881.4884927101499,4.463822779624968e-12
9776.851818203751,881.5385455110235,-9.055660443613952e-12
9776.880013638694,881.5436234108976,4.0533357480066776e-14
9778.671491342408,881.8662923460541,3.885695521723908e-13
9781.963365383153,882.459356718626,-1.4616818646079352e-12
9782.398380665201,882.5377440497818,9.239487616744196e-13
9784.552627899304,882.9259787784875,-5.23869572243603e-13
9786.687806715674,883.310861384437,-4.201314649118702e-12
9790.577911169645,884.0122988812432,1.6651761637745797e-12
9790.751111698606,884.0435357187885,-8.437831499883637e-13
9793.299537434019,884.5032099790658,3.069684788733793e-13
9805.399554181948,886.6873923449751,-1.8153235660119548e-13
9805.975546638732,886.7914323878118,-2.076486576253119e-12
9808.772287400861,887.296687389588,9.62256381991429e-12
9816.150650756072,888.6303429462612,-5.4942758351505335e-12
9816.277357818395,888.6532542876014,2.1182316126732921e-13
9816.321664930458,888.661266028954,-1.9510864357626484e-12
9822.315583227135,889.7454371803598,9.295304273321604e-12
9823.712112043497,889.9981343243182,1.7111170169100036e-13
9824.280261459811,890.1009493115115,1.124927607333529e-12
9826.394743091827,890.4836480846736,-1.3089880520374316e-12
9829.877044514564,891.114087254996,-5.468680944663024e-13
9830.10256399688,891.154923218688,-2.056383131341926e-12
9830.482773178388,891.223771756908,7.26580500028503e-13
9830.615694514567,891.2478418714313,7.77690760174126e-12
9832.063771898238,891.5100886429115,2.214515834489839e-12
9843.384089067322,893.5615290319653,1.3529975247232111e-12
9843.483972665968,893.579640201322,-1.1879011575113558e-12
9843.581413114693,893.5973085490925,5.691425475448026e-12
9846.212796388325,894.074509133517,6.459478407726657e-13
9846.23212160141,894.0780142270429,7.02143055611412e-13
9848.85412106248,894.5536408598076,1.132015030291124e-11
9849.03537743,894.5865251634041,9.057334890836446e-12
9849.883852429173,894.7404671651909,-7.498793071352474e-14
9853.227575829831,895.3472605507268,-5.390511163724339e-14
9855.813837608093,895.8167368403668,1.3882745075569486e-13
9856.072394827945,895.8636787262501,2.0778770677680956e-12
9856.326153742471,895.9097506619236,-1.6784273985824944e-12
9860.07853855493,896.5911642244394,5.302039547521974e-12
9863.209640614412,897.1599545803924,-1.0934676099325564e-11
9870.03082313521,898.3997035575395,3.81696027331264e-13
9871.654456203241,898.6949249280503,8.598166636364375e-12
9872.137806516625,898.7828207551927,-8.4367648563934e-12
9872.45142663237,898.8398539491996,-2.978962659626564e-13
9876.451356085496,899.567417583546,1.099910040720818e-12
9877.503670198506,899.758876296729,6.483436045435678e-14
9881.211491103553,900.4336422003701,1.59556545448328e-12
9883.309046675146,900.8154769406336,3.0680527894549554e-12
9883.824620342755,900.9093433287874,2.1151842873909337e-12
9885.12927740176,901.1468937129307,-5.194704113377308e-15
9886.153909670518,901.3334795029177,-3.4402476477132288e-12
9887.771673254569,901.6281140244671,-1.6297598882546407e-13
9889.105640924441,901.8710985987358,1.3236511390404172e-14
9890.430694375187,902.1124918834066,9.371397812069777e-12
9894.169667455802,902.7938184141,-1.0809775444392918e-12
9894.55634770651,902.8642951054288,2.8534738351455767e-12
9901.347192435043,904.1024495172741,-4.2753625062992305e-13
9905.09126461359,904.785458289185,-7.380730070211896e-14
9911.812519538475,906.0122246212967,-2.504721522358309e-12
9912.651610725083,906.1654343333615,-8.864185400472667e-12
9913.81670657788,906.3781907645359,7.450247371975346e-13
9914.092960244201,906.4286407054788,-4.311760600121168e-12
9916.1261131046,906.799981980225,-3.4647489987783027e-12
9919.695957572789,907.4521735473909,6.646192599203234e-13
9919.848460917401,907.4800403244785,-3.742587952774134e-13
9921.188855659215,907.7249876880715,1.9490459782929065e-13
9926.675256126826,908.7279323303035,-7.612810926007417e-13
9926.949154637745,908.7780170390811,-8.005395931821129e-13
9930.770571665882,909.476940294744,8.434796110559953e-13
9934.15911576929,910.0969176894554,-1.2512134002552258e-11
9934.599230149272,910.1774577527055,1.6178096531285875e-14
9935.696064172427,910.3781917416197,1.2843560736083178e-12
9935.937739329116,910.4224242190123,-5.775441873031568e-13
9937.892175368657,910.7801734518258,-2.407058044861535e-13
9941.582813417928,911.4559172141837,-1.2135222924273862e-12
9943.140202210065,911.741145289139,7.469967588140751e-13
9949.062131550416,912.8261253803274,6.780547850979692e-13
9949.458709204382,912.8988070195494,-1.9419793901459834e-12
9954.311999956526,913.7885147210355,4.022010769743441e-12
9955.259287375688,913.9622225362373,-4.3602011430828005e-14
9957.192556637441,914.316785006453,2.7674395491104552e-12
9957.401194056598,914.3550533208511,-3.852090481175717e-12
9957.798285301265,914.4278900864891,-9.957865569972414e-12
9963.211412835815,915.4210868283903,9.51997426171748e-13
9963.37252960694,915.4506566893779,2.0713370821172416e-12
9963.6947631492,915.50979784588,-8.287873981505582e-13
9965.806544835936,915.8974311927608,5.870168700060928e-13
9966.491503911317,916.023178205542,-1.1818793284233942e-12
9972.61992831351,917.1486388517264,4.5839101538022526e-14
9972.942161855766,917.2078348985788,-1.125346283451947e-12
9976.364044489315,917.8365712726601,-2.2322279646710217e-12
9978.703275217593,918.2665054173863,4.718249917262642e-12
9980.55272856055,918.6064932761069,-5.649625453202915e-12
9980.774264120852,918.6472227253074,-7.41053155961497e-13
9982.452960084767,918.955881392313,2.049956345152921e-12
9985.62001262513,919.5383427301335,1.1212144572366317e-11
9986.067111665012,919.6205848263164,-1.7582564612025068e-12
9990.053886181639,920.3540990057851,-4.306634405557902e-12
9995.754580754292,921.4034606219701,-6.047307460315521e-12
9997.000748583348,921.6329300676462,7.702752043637492e-13
9998.669547144005,921.9402675743318,-1.254893690991671e-11
