f0,sigma,gain
6.9487196460026075,1.1517372650622428,8.248884988599945e-12
8.942755699816553,1.1520291239378058,-2.859533659954342e-12
12.26570289046912,1.1526782188798534,-1.4253242095181492e-11
16.917444052133597,1.1539285451125507,4.5065379922912575e-12
22.897996416693484,1.1561216959497274,3.2679212832438807e-12
25.223004834064223,1.1571521647916985,-1.2106533166639734e-11
27.216479110108097,1.1581149839537896,4.1968143108422346e-12
30.207400551556784,1.1596968627948798,2.8458100226474628e-12
30.538920012797636,1.1598823460400511,2.0918868597990064e-11
35.19031285619492,1.1626982462746476,-6.6140511833279594e-12
38.84568851897063,1.1651908351411697,8.933069137359189e-12
41.17064740892847,1.1669042779714092,-4.796186713811244e-12
48.47991856189286,1.172939632533832,-4.17667204201171e-12
48.812881515471744,1.1732380005714247,-1.1149540039356282e-11
55.67721865735179,1.1798441657930667,-1.7805382014186966e-13
57.11812483542508,1.1813410994550777,-1.3110677578115406e-11
57.670648966495314,1.1819252520993717,6.172359925317057e-14
60.108992993336834,1.1845703447581384,-7.965241242036274e-12
60.99303107834995,1.185556392759323,3.0765902705475144e-13
65.64436294159931,1.190981582997085,-9.727449751991149e-14
67.08526669519263,1.192743066317974,1.6363694406977423e-11
71.6246424960095,1.198542416126488,-7.053870678870393e-14
72.7340315089646,1.2000174514634698,6.2742783059759405e-12
78.38134540129145,1.2078775187950148,1.1690236715150769e-11
78.93386802192225,1.208678083551028,-6.142734524551853e-14
86.6880026010388,1.220506502539244,-4.879380779406155e-13
87.57203828493198,1.221925374763867,-1.9282194565394757e-13
91.00636238920372,1.2275740406483586,-9.208483373838229e-12
97.53915252225495,1.2389186773478325,2.406648302339765e-13
98.31268333681336,1.2403140202447618,2.3872561310297652e-12
100.30610558281944,1.2439606805529662,-8.275589672714891e-13
101.97090993682282,1.2470622779269518,8.758847388817286e-12
103.628475659997,1.250201111216083,-4.124937215544584e-12
104.9603189936691,1.2527598137298308,7.161252626249199e-13
108.279793133435,1.2592793074582767,1.3042073413122796e-12
108.83521034870859,1.2603899769754179,1.7193112754403588e-13
114.2600575013827,1.2715368625933776,9.457472594379633e-13
118.58275600225356,1.2808071556577498,3.167697244902353e-12
120.24321635405599,1.2844596179809222,-1.285497369140805e-11
121.46021164392458,1.2871688574087827,-1.3543136154979337e-13
121.56926826288549,1.2874129680248818,8.235866307048248e-13
130.20742496873152,1.307444413245951,2.5852582670208337e-12
135.4141564537096,1.3201825004997514,1.0532223190823422e-14
136.5235425211657,1.3229611118524602,-1.463132338435802e-11
136.85505540332406,1.3237958314327891,-4.6490888327016126e-12
140.17452725054954,1.3322655858394135,-3.2267106806473116e-12
150.69704491639732,1.3604556861898152,-1.890610941620166e-13
151.47057483007742,1.3626084714777618,-2.305163963672576e-12
153.12958661323444,1.3672627811965627,6.2249663846381055e-12
154.7958368898215,1.3719884302062542,2.1473741832174408e-11
155.12300658238559,1.3729223223643519,-2.157927861395705e-12
155.7932707145514,1.3748417207215713,-1.6275029560270293e-13
158.44537310726693,1.38251755446011,-1.0756111188225765e-11
163.0966860639203,1.3962924727080017,3.4008269577448885e-12
164.09556751433144,1.3993026539231554,1.8157935009389892e-12
167.3088772132756,1.4091107925101307,-6.837521856762912e-14
169.0769452993742,1.4145886704218573,2.4661127359247495e-12
174.06556140824216,1.4303549885118052,2.388613268309823e-13
176.38615064699442,1.4378453390051726,2.1475686225180013e-12
176.3919414642906,1.4378641545652373,2.6078676407710075e-12
178.0495051829586,1.4432753150274196,-1.4121055454968136e-13
185.02430194066093,1.4665992679511097,6.741268289506982e-12
185.2496535378628,1.4673677955815199,3.1581918715475433e-13
193.33238777279527,1.495551234732045,2.534831839434453e-12
194.66422942983309,1.500310678649597,-3.827450049378498e-12
194.99139902599305,1.501484844842496,-8.413904987414284e-12
198.3195554188051,1.5135411837732777,1.1383374030039483e-12
204.5193740783664,1.536544269614471,3.5129867994461164e-15
206.28744176783707,1.5432340553518253,-6.010897001244499e-12
209.94421526285944,1.557252791068188,9.16738742823903e-13
216.59184132839349,1.5833682710094483,-1.6706863308731198e-12
218.91243005409402,1.5926764832412563,4.7348235208191475e-12
220.1279765215298,1.5975918025696143,4.252215677893697e-13
221.57611306268484,1.6034831768251778,1.2081389820487846e-11
222.12139565966197,1.6057115314546737,-1.4740600358483302e-13
225.11803900868867,1.6180553869091385,-5.629114664238556e-14
225.44376085902647,1.619407076412549,-7.347396756477109e-13
227.8849876614304,1.629599960156671,-4.234335160498702e-12
230.09507207614627,1.6389224326674052,2.323072090726773e-13
232.8663637965253,1.6507393103626142,-3.6821744383422415e-13
236.07532925531214,1.6645991935330717,1.6845775400507096e-13
239.84839740140907,1.681138134070845,-1.7731306372805104e-11
243.38453233279353,1.696876550413045,1.4669828651780193e-13
246.16161476349583,1.7093981002900889,-5.894755068357384e-12
247.04564848465083,1.7134139178553423,-2.45711431368477e-14
247.1547049957699,1.7139103162079825,-4.710023653894043e-14
248.14924292940856,1.7184473166573904,6.6097677813469685e-12
252.0226812411508,1.7362912928004872,4.604892517016095e-13
261.9897759131733,1.7834778082782257,-5.747452206945858e-13
264.4338978867421,1.7953282344029384,8.651462294461337e-12
264.76106740690295,1.7969228801567403,2.390465437265227e-12
267.7533673044093,1.8115990315222765,7.547211249734739e-13
270.3022026432213,1.8242302309325664,-2.6077805866265357e-13
272.0760608038414,1.8330915188268286,-1.1204816810627554e-11
273.2858162851116,1.8391680825187535,-4.105980797972486e-13
282.7018371998304,1.8873859769814874,-1.1041343863945797e-11
285.9108022990375,1.9041916992842303,3.2343072232678236e-13
289.68097463163383,1.9241788764893726,3.294364150415105e-13
290.34834297562315,1.927744136664546,1.6444793694753085e-11
294.88770160335304,1.9522122927099632,1.2723883896227118e-13
299.3078697737949,1.9764027391564265,-1.1267623933326165e-11
299.319451403708,1.9764665951838793,3.5569638810537448e-12
299.8647339043149,1.9794758404264807,-2.5152529297557722e-14
301.30128855246653,1.9874299626164422,3.905999672217223e-12
301.97155229237603,1.9911541813421185,-1.2281731571325598e-13
304.62365317120464,2.0059713318659105,1.946930618224054e-11
309.27496361227577,2.0322708421289972,-6.155730574932294e-12
312.93752702370784,2.0532602195887555,3.496367780177358e-12
315.147611058274,2.0660452858869958,4.5150578672638327e-13
315.2552198524266,2.0666700867195313,-4.463831948865423e-12
317.591732822698,2.0802890036041495,-5.220391018394363e-12
320.8021454675857,2.0991656678463504,2.418568902824004e-13
322.5644218642407,2.10960825704101,-3.887243681765639e-12
322.5702126790242,2.1096426655387894,1.967989669990911e-12
327.8917867362937,2.1415240901993897,-1.7684397331161404e-12
331.20256961761396,2.1616221425865936,-1.2202142678588359e-11
331.7594337262458,2.165022413696933,1.6328992361619038e-13
337.523024526411,2.2005510273895776,-1.7059471354023818e-12
341.1696630812157,2.2233461309391123,1.522971676097983e-11
344.49781836189,2.2443641999613186,8.590287389023515e-13
346.16406755378557,2.254963596059899,2.595456460845979e-12
348.04553432392726,2.2669935190902097,-7.677731467172744e-14
349.7002018811307,2.277627199977113,-7.542210244244375e-13
352.4657022238194,2.295512207771056,1.088010808358086e-11
357.7930669393882,2.330362362801176,7.375364377514227e-12
363.4374671835189,2.3678568645506566,-3.242680317614592e-12
365.090687015426,2.378949956844587,-8.570326848210222e-12
367.7543693485064,2.396929153089192,9.117021277652954e-12
368.9699155026712,2.4051772189380247,-8.38949976220284e-15
376.0653472718726,2.4538662729596092,-1.0824475608415508e-11
376.61786824774805,2.45769660727969,3.817187338686851e-14
379.04461742813237,2.474586560011529,6.664960462120879e-13
389.023292123668,2.5451773700067144,8.91464375646058e-12
389.56857457656724,2.5490876428798224,1.34430876093424e-13
390.6692734070595,2.5569975466208765,4.513855374439986e-12
390.68085503594426,2.5570808938204723,1.0293862872528362e-12
392.33986565005466,2.5690454914915604,-4.448372869909532e-12
392.66269201029115,2.571379571513533,-1.5647590278200802e-12
394.3274934367361,2.5834467972133726,-1.1964071924081216e-11
395.9850563434114,2.5955122764840706,-7.79948062161615e-12
400.6363663983137,2.6296396567566536,2.4660094386259164e-12
406.5191473035521,2.6733732913426067,-1.5919756754719861e-13
406.6166221642067,2.6741033056451124,1.788227907664052e-12
407.295572061762,2.6791929913207584,-1.3083600478475784e-11
410.9393150190924,2.7066530464812755,-4.326879908774294e-12
411.49617909354293,2.710871242192326,5.867912665215995e-14
413.925823628111,2.729342414552942,1.5572440397205119e-12
418.2543072799954,2.762518779827242,-8.455503861885828e-12
419.25318812132593,2.7702238760371767,-5.117863681088989e-13
421.58246237882423,2.7882626669231563,-1.2288934858677387e-11
422.56397077542283,2.7958937729733058,4.888221385067863e-12
428.88008215625484,2.845425283936059,1.9985445449916047e-11
432.5310635904996,2.874391768489031,-6.101075917887693e-12
434.7527290484402,2.892138385355021,6.227713623855335e-13
437.749371546564,2.916219528296439,-1.9242285897462046e-13
439.8547419936917,2.933237306250495,1.8035883253900767e-11
443.8271020572292,2.9655683867726097,-4.358606127706358e-12
445.49769425303697,2.9792521808447177,2.684191300159309e-12
448.1497948324449,3.0010810837882103,2.2230589914884998e-13
449.154466473907,3.0093841701285835,2.1344276371987512e-12
455.47057777813865,3.0620094067473094,-4.088414058817212e-12
456.452086159551,3.070253211586203,3.433298716600515e-12
459.3382244393846,3.0945970389370565,-3.0386211045801417e-13
468.74845303489343,3.175035618337886,-3.5621619012721974e-12
470.3085410241197,3.1885288732483343,2.6525686015585984e-13
470.4060158819028,3.1893734247816354,-2.6700017888228877e-13
473.74285712616444,3.2183903709456283,6.000368659634346e-12
474.0700265843833,3.2212464553821376,-1.3345151719042676e-12
480.38469012459797,3.2767577331121713,2.579891427513967e-12
485.2526652670509,3.3200527675972533,-5.775831883410792e-13
485.6888912095818,3.3239538063003957,4.792837855516053e-12
490.67605675359454,3.368801657974905,-1.5548838469603388e-12
490.68763838194405,3.3689063407656508,1.3735549272553416e-12
494.21219079920013,3.400878481498204,-2.275784237387688e-13
496.20560930871784,3.419062614681188,7.889161987708591e-14
499.5279734884707,3.44953216680227,3.9323215976608964e-13
502.30071212901515,3.4751167341736444,1.7333580747432956e-12
503.97130428919866,3.490599962367318,5.565650616125099e-12
504.17928333440926,3.492531133085616,-1.2433058937151984e-13
504.19665577686055,3.4926924793951035,8.824842354019721e-14
508.9599175081745,3.5371409366926367,-2.0158999562906903e-12
510.15953884108603,3.548401106845055,-9.015836221172212e-14
512.4960515340326,3.570408734084091,1.8335306950122835e-13
512.9438591011473,3.574638120095089,-3.556404402504275e-12
513.9326059810111,3.583989571178751,-1.650222902326256e-11
517.4687400018581,3.6175812794840843,-7.851265892904694e-14
520.2414786279394,3.6440821845222,-8.00621007761208e-12
526.1068868091236,3.7006084404958646,-2.4645277503269394e-13
527.2336442402652,3.7115398183543293,-1.6633890044002629e-12
535.201527382241,3.7895086588177356,6.727219885617948e-12
536.0739792545744,3.798116977463224,3.0760195253456433e-13
538.5181007117586,3.8223073245185764,8.051747982912373e-12
539.4137158397533,3.8311990980232222,-2.9648163896663255e-14
539.5111906955017,3.8321677315565523,-8.905612965744502e-14
541.06838324432,3.8476656992357197,-9.115865079968067e-14
545.5059231809676,3.8920753528676664,2.441274694882914e-12
546.8319734283693,3.905416484274147,-1.1831810585349166e-12
547.3700173294545,3.9108388760586568,2.1975060108125993e-13
559.9950010248075,4.039603720044321,-1.7309869774744196e-13
560.109848322292,4.040788547576856,1.427007128394215e-12
564.4325409422879,4.085560482653199,1.5304804797027736e-11
565.1085953948534,4.092593786979149,1.3117583969501421e-11
567.7606958776248,4.12026609984054,-9.273528461908522e-12
570.9696604028738,4.153922021979955,3.8018059825338733e-13
573.948930331703,4.185338691272039,1.3461501367993518e-14
575.9597212429529,4.206635078508837,3.5904201692416006e-14
582.0374515003175,4.27145740297293,6.228881612404458e-13
582.0490331283992,4.271581576935821,3.975042559949044e-13
583.3808741794393,4.2858775669365246,-1.9252030920473655e-11
589.2318052414364,4.349068569683308,-2.41643099164434e-13
591.6759266705834,4.3756522083311005,-4.858486995157772e-12
601.6488097886747,4.485263438632539,-3.085210079137411e-12
602.1998830152847,4.491373659334274,4.595251160768007e-13
604.3124918807704,4.514849792195584,4.755258215534158e-13
605.2940002229383,4.52578466622426,6.610805038573639e-12
605.843625745693,4.531915733309281,-8.739158904143578e-14
609.9366237348115,4.5777481011950165,1.1138581300268121e-11
611.9300421906383,4.600181649526013,-3.861265153348691e-12
613.8346720125294,4.621684368317758,-2.8314243766872787e-13
615.2524062822018,4.637733560227115,-1.9246320384841848e-11
618.5950382209508,4.675719747456258,-4.813810305993635e-13
619.9037160073303,4.69064782852249,6.085224108044925e-12
620.2482578958866,4.69458326239043,2.415518333461761e-12
622.5847705332543,4.721329124454683,-6.979055824620815e-13
623.7843918366772,4.735100158270779,4.036528217514626e-13
625.8839713630805,4.759266047725967,4.412700715480693e-12
629.8794944847716,4.805478303899996,-3.225533115508995e-12
633.1931723458271,4.8440274092410425,3.842713369281903e-12
634.7590510875092,4.862314166405828,-6.334586103078832e-13
636.865869127851,4.886989426480211,1.0365135068133225e-12
641.8313189513702,4.945468702560877,1.206234753719477e-11
643.0541035072075,4.959939418778292,4.4899806178623245e-15
644.8453337276319,4.981186977648785,-1.2086148334808204e-11
650.1495346184477,5.0444520037590035,-1.0074000535024541e-11
651.7984111750533,5.064224315268298,-1.505521642616482e-11
653.0385681710799,5.079128513005453,-1.0264194471281575e-14
655.7939342815777,5.1123438806589565,-6.131104200436321e-12
656.4699887235671,5.120514943301265,3.7961937626051105e-12
663.0944490118854,5.201026233035799,-1.0755429298511844e-11
663.1176122677468,5.20130916906729,1.773823292352128e-11
663.6527607507765,5.207848687131973,-7.19459588522299e-14
668.6471646256643,5.269134696391424,-2.107451380360554e-13
673.4118739067206,5.328030412759704,-1.2552256110164786e-12
675.7194324566652,5.356704039625544,8.472102738076133e-12
681.3797568393092,5.427454389454299,-1.2176453782599634e-11
683.037319610137,5.448284559249625,1.9463076758964084e-12
685.5803635615827,5.480340733721643,-3.140435855285126e-14
686.7071209605853,5.494582085073544,9.025927714155486e-13
689.6733615040971,5.532184916889349,-6.58856173711878e-13
693.5714097382463,5.581846656217076,2.6087852426463225e-13
695.6738846518549,5.608748710026314,1.3761569670192471e-13
703.8642236358762,5.714324000577539,7.080229909150531e-14
704.9562361489006,5.728493644768713,1.182690739705208e-11
704.9793994046452,5.728794442509145,-1.3246896575764236e-12
708.8369119345361,5.7790259270267885,-3.332988100443067e-13
711.2868241359613,5.811070344936823,9.898760441106906e-12
711.6096504681244,5.815301100510149,-9.676544883526996e-13
713.938924560121,5.845883974583467,1.6785309258863828e-11
721.568056385906,5.946752601294792,4.27726429805753e-12
729.8978536010968,6.0581094542943426,-3.3450702981261917e-12
733.4224058652451,6.105612233616554,1.6262243399094496e-13
735.4331967311442,6.132815539687421,-1.9482374622172426e-14
736.2067260197028,6.143300191276557,-3.4976884018306094e-12
737.8425732285183,6.165509263989286,-1.1437200588071073e-11
739.5088222101343,6.1881817625884,-1.9756229689054865e-11
739.8359916518144,6.192639534325977,3.964783143270074e-12
740.4102281241679,6.200468428340322,-8.574202618616393e-14
741.5109268539862,6.215491863368342,4.0356310175099664e-12
743.1583556898032,6.2380193150365795,1.976229812159701e-11
747.80966534125,6.301892601345246,-6.248362319171202e-12
747.8270377829837,6.302131912343313,5.5842927926528096e-12
748.170131962664,6.306859284604721,4.909388494343215e-12
750.4907198253901,6.338890768567044,3.5883932090020337e-13
753.7899206044733,6.38460098656582,-4.530998953761017e-12
758.7785336168663,6.454098702860035,-2.1975569345757237e-13
759.3368453499858,6.461905218149768,3.0911292332775155e-13
761.0991214773856,6.486583662101786,-3.94572951560249e-12
769.7372679575469,6.6083774174463095,-1.238571138823836e-11
772.7411487668252,6.651052804841688,4.8778651373568575e-12
774.4175316675756,6.674941023225323,4.108218533884472e-12
778.068512839474,6.727146128786787,2.612067250326661e-13
778.2851780963791,6.730251927145579,6.761644041406951e-13
778.6239291647319,6.735109503240965,7.220294407529986e-14
779.3771906016905,6.745918594409844,3.5212887720520732e-12
779.7043600422227,6.750616640182223,1.545880399071712e-11
783.0440965103194,6.798686954020315,-1.8761064273305435e-12
786.5802303856597,6.849808043374903,-9.81272095264593e-14
791.0003977284447,6.9140333159820155,1.1043745125421763e-11
791.0235609840046,6.9143708272955084,-9.120376498217777e-12
792.6898099579865,6.938675633268167,-6.029420057512715e-12
801.3047931605411,7.0651542076276534,1.5370383509670203e-12
803.6253810130754,7.0994570286078424,-8.699204616495903e-12
805.3003162062921,7.124277480037332,-6.7241558652775755e-12
815.1525609697469,7.271321470130113,4.8786283157936876e-14
817.4890735581128,7.306456042548781,2.4511564941849983e-14
817.5793098928712,7.307814959911537,6.765168662658556e-13
819.5901007447668,7.338135448990624,2.271973849014212e-12
820.2661551758797,7.348346327870271,1.3185273648617633e-11
821.2592451221852,7.363360862381482,-9.68048321560493e-13
823.1436070521158,7.391900484791851,-8.867532752373068e-14
824.5613412897189,7.41341591099294,1.631278271760719e-11
832.8621843645409,7.540131889834587,-1.214391868227606e-11
832.8853476200308,7.54048726285702,6.811073826489322e-13
838.5384334046577,7.627513024503266,-1.935133803751489e-11
839.1884291724906,7.63755704215208,-2.2370518168946635e-12
845.0538371002508,7.728543857343212,-2.0346434114117343e-13
849.1468349859034,7.792411671074861,-7.959288176499659e-12
849.4740044248022,7.797530196408145,-4.391909226522183e-12
857.4650504890947,7.923161344720045,-1.7916837142772137e-11
858.0219145147009,7.93195991819508,-6.229931733384086e-13
865.7789228776626,8.055116329974787,1.1888979738033067e-12
867.414770070431,8.081229855753037,2.02857429979502e-11
867.4437241397309,8.08169250232268,-7.79763952750387e-12
868.992230404809,8.106458020343867,-2.8460203822723987e-13
874.4054876658905,8.193380242472413,7.515618910579608e-13
875.0612742461519,8.203947052532236,-1.5129005842064055e-11
876.0760797409787,8.220314415076054,-2.524223702275122e-12
876.2840587756432,8.223671162031678,-2.4592691242089114e-13
877.930039891662,8.250265129030351,-4.876616917259967e-13
879.9234582943262,8.282539428230427,1.6905121271206486e-13
883.2458222982686,8.33649259038,8.426286364788893e-13
885.7160023149148,8.37673859240351,1.1444184480275907e-11
886.6844812983037,8.39254844207975,2.2564542934032435e-13
887.8971319027528,8.412368610703231,-2.664187917741629e-13
893.8773871067715,8.510509082513954,-1.9319347737997429e-13
896.6689457461341,8.556546186764043,-6.495005431437982e-13
899.8837009711835,8.609740295819266,4.6524916233363154e-14
901.1865879090676,8.631353197215661,-1.6823859101943433e-13
902.3046590678911,8.649925218113543,4.802662907724211e-12
907.2831381054336,8.73290112768844,-3.615659871516197e-12
908.8432259948105,8.758996939302662,3.390107178794348e-13
909.8247343081614,8.775437744301515,-5.281035031003092e-13
910.9514916872539,8.794333430374483,-9.101437722810983e-13
911.6275461146782,8.805682067570487,3.8157458197238505e-12
915.9502385710459,8.878444278765665,-6.557809352250115e-12
916.1697992329555,8.882149243990508,1.683106495261906e-13
919.7918263023804,8.943397111354345,6.591340233913851e-13
920.5957573536957,8.957024221866755,3.1000946120562097e-12
929.2107404889996,9.103800682968929,-1.5782293744499977e-12
930.876989448903,9.13234692865693,-2.3877551400116014e-12
931.0878638898917,9.135963284046642,4.70883992751176e-13
934.2225166994524,9.189817069152017,9.624547526769526e-12
937.201786518728,9.241169118767779,1.6507875485652104e-11
942.7313387569995,9.336912342352969,1.1278492736285401e-13
943.0744329323022,9.342871515245825,-1.7242384584943325e-13
943.7128470687376,9.353965846140568,-3.709170332078368e-13
948.8264412375684,9.44310055332409,7.177403992527765e-12
952.4672884463662,9.506857476400693,-1.674992745543963e-11
957.6667758368682,9.598331979487945,2.884532955873134e-14
958.8051148410776,9.618425209262075,-2.256590015152823e-12
960.7782653873061,9.65331054309022,9.958174567185378e-12
964.67631354551,9.722438887914883,1.4154899799787114e-13
965.7856984802174,9.742163987472038,2.0751179052356714e-13
966.4443804644193,9.753886219232905,9.949685253966285e-12
972.9496501921774,9.870086464030265,-5.177920030253792e-13
977.0527819751007,9.94377947455289,8.17256790248952e-12
977.9483970617689,9.959906122469079,-3.7891265433664724e-14
979.0635728096868,9.980006882466043,-1.232800765208208e-12
984.0579765676516,10.0703107850216,-3.0455388732982124e-13
987.594110402499,10.134525514388905,2.1175998349719336e-13
988.0303363179931,10.142463156876703,2.6018659320182404e-13
989.5614701325339,10.170351677798687,-1.872618982798214e-13
992.0084868815295,10.215012018430878,1.2036406054708975e-11
1002.9672210729807,10.416372242084336,1.55343861930382e-11
1007.3116290638826,10.496810487232672,-1.897787100863775e-12
1007.5022356558114,10.50034759691403,8.649410900716064e-13
1013.621949078833,10.614267541268005,-5.884127823251946e-12
1014.4944009089422,10.63056462902714,4.588636698937049e-14
1014.5117733504024,10.630889282389811,-4.479095784956511e-15
1016.9501038763393,10.67651155680427,-4.9920083550483145e-12
1022.2543046217613,10.776133817683313,4.5688195201638446e-12
1024.5676539302913,10.819744909786069,-1.6592182592190737e-11
1026.771946759916,10.861391795586785,9.621032050750831e-15
1028.5631769298138,10.895300384677483,-6.612960197204372e-12
1030.1990241103638,10.926319156338918,-1.9578972950892335e-12
1030.210605737997,10.926538941743512,-4.931342650744753e-12
1032.1924424994354,10.964184791260063,6.787182092656118e-13
1033.4427333859192,10.98797182925227,6.796381225229159e-13
1035.2223819277651,11.02187966837472,7.326499147720609e-12
1035.5148064809125,11.027456846278085,3.3830415600132493e-12
1040.1661160543379,11.116379316617142,-1.0696355894886908e-12
1046.146371219084,11.231293795591071,-7.756455131632029e-13
1047.37060344281,11.254899446117108,-1.5416371464379733e-13
1052.3693502985657,11.351571809492956,-3.6185981178359427e-13
1053.455571974364,11.372639474603364,-6.75454727405758e-13
1057.1470887893895,11.444400231755083,6.005243965175043e-14
1058.4557665325688,11.469900370352585,-5.520017345500591e-12
1058.7829359683546,11.476280334368575,2.4517275130809913e-12
1062.0937183192464,11.540953143147185,-2.1202615261222193e-12
1062.1284632021095,11.541632920155159,-4.9485326999068195e-12
1065.676178654669,11.611160355777749,1.0775127640179323e-13
1066.7739819576188,11.63272186233373,-5.611124823616874e-12
1069.2982057025313,11.68238331889481,-6.729211247405261e-14
1069.4434547673968,11.685244513214489,1.1624666369399062e-11
1070.4249630744002,11.704588978461217,4.938521237783007e-13
1072.060810252672,11.73686918880536,2.6463290173210985e-12
1080.6203018864267,11.906577593929432,-4.019295288741303e-13
1083.3568477734707,11.961119597250379,1.8905306573479278e-12
1087.715732787076,12.048281245663517,-1.70608837301523e-11
1088.684211762466,12.067694778887327,-1.022495613315454e-11
1091.5732452308705,12.125709209422006,-1.3117683232364734e-14
1092.5547535372116,12.145453782399382,-7.141778543990338e-13
1093.6728246875748,12.167967151416915,1.8545038886527203e-12
1095.9818308803826,12.214533952244409,-1.4891766769041116e-12
1108.311494023252,12.464854371191771,-1.444648973404823e-12
1109.935759572076,12.498039435639273,1.1580960173531048e-13
1111.9639228389622,12.53954468616719,1.5658822957103132e-13
1112.6226048198266,12.553040552421086,-1.8008730897218526e-11
1113.615694753177,12.573403278052378,-1.8302369433205028e-12
1117.1402469450884,12.64581880319998,3.4845873979656154e-13
1118.16952946457,12.667009634530846,-2.509153053673275e-13
1119.9144331189445,12.70297823231726,-1.2358843253023254e-11
1123.265751160424,12.772217981244482,6.689000388058023e-12
1125.2186338471677,12.812660827376453,-2.078853952472731e-12
1129.1268159076108,12.893807540603502,-3.3802099078680097e-13
1130.2188283947307,12.916531602355207,-2.245802422139036e-12
1132.1060857062398,12.95585597245943,3.33401363830519e-13
1141.538029152028,13.153370641429774,-9.817074089311716e-12
1141.8304537042425,13.159520505487118,-7.518264550289243e-13
1143.054685924515,13.18528394595541,6.623480517535944e-13
1152.4736000365942,13.384424249765512,1.703663254986757e-11
1158.1353719675978,13.504915221365126,2.2477732930188312e-12
1159.7712191418714,13.539838446092084,3.4725956401041006e-12
1159.8001732108444,13.54045702203887,1.0650122750928676e-11
1160.804844770554,13.56193043199488,3.3640826498531272e-12
1163.1283279936836,13.611662767666557,-3.7669537056962124e-12
1168.0937776536414,13.718277670633261,1.7710361644636813e-11
1170.2980704739668,13.765752373414161,-2.102599967434014e-13
1171.9918257856846,13.802292243190875,-1.4438012094914531e-13
1173.9678717251777,13.844988840340026,-2.4898180025793176e-14
1178.4169930616388,13.941384683525735,-1.0653863332472654e-11
1178.9622754528036,13.953223999547294,1.0696106885677386e-14
1179.0409301586283,13.954932223401837,3.862680752314597e-14
1186.3617125143978,14.1144239844289,5.667870178938082e-12
1194.6495261382029,14.296175106807047,9.093187309610662e-12
1196.6429445180258,14.340079384306943,-3.1522138457818714e-12
1196.6892710283425,14.341100578304978,1.5636076480653936e-11
1198.870400592046,14.389224846414388,1.0453529465667407e-13
1199.6395867531064,14.40621700971654,-6.189402861883967e-13
1199.9653084841996,14.41341584362289,-1.571206999755874e-11
1203.983994719121,14.502394344403234,7.214145968698781e-12
1204.61661803643,14.516428479979043,4.967773403351735e-12
1207.2976724640714,14.575986901806548,6.420123654618415e-13
1208.306687133014,14.598436003370203,8.956692679394171e-12
1210.5968731743123,14.649458886689239,3.602375992076837e-12
1214.6271410358727,14.739483538706189,1.9357376131396928e-12
1215.6216786701875,14.761744691105406,8.771908336174958e-12
1217.1586032882847,14.796182152888274,9.2273540168095e-14
1217.9060738973371,14.81294625515696,3.137052468902343e-12
1221.5671889239313,14.895205575426003,-2.7016565708539407e-13
1221.5787705515036,14.895466187593891,-1.904172913313722e-12
1226.5442202048996,15.007427374875382,9.847244291395035e-12
1227.1430676230016,15.020960904389327,2.2996027218641625e-13
1228.771676277481,15.057799723883894,-4.3596481516087094e-13
1230.1266805250934,15.088486899123268,-2.5730977282267147e-13
1234.8971804765497,15.19679494077936,-1.0172542481965229e-12
1236.5113120963076,15.233536633427333,-1.2290479333094016e-11
1244.8237366697726,15.423508289009714,-2.867290634990948e-12
1247.8073495707922,15.492006016485297,-8.780280075248318e-12
1247.8305128259256,15.49253843952023,-1.631746818913948e-11
1251.1615630091976,15.5692077812602,-4.2663418217559035e-12
1253.1694584211082,15.61552137701024,1.4929662482080739e-12
1258.124774147214,15.730137208636645,2.305947060706857e-12
1258.1421465885605,15.730539826687892,-2.834190389001553e-13
1260.0018975291266,15.773672962840164,-5.269470986480733e-13
1260.4323326275194,15.783665107811437,6.916246988427895e-12
1261.6782803962358,15.812607848018327,-1.1332390630364878e-13
1269.4092299893555,15.992833117036826,1.398994540069435e-12
1269.4439748720404,15.993645581025504,5.047465757185687e-12
1269.7783828233396,16.001466413957193,-3.0831274296066114e-12
1274.386261265602,16.10944108925758,-5.378589753090809e-13
1282.6200311273406,16.303353765783566,5.991829477518351e-13
1283.6232549809856,16.327065938847312,2.1957086137496123e-14
1289.6691354841098,16.47035874076522,9.654891011845586e-12
1289.6922987392247,16.47090902550909,1.2185746145750972e-12
1292.5610643459613,16.539138118390348,7.263937898874973e-13
1292.7063134100545,16.542596671816163,-4.55465638467122e-12
1295.3236688814675,16.60498562416615,2.6591951209984143e-12
1295.9997233009694,16.621120995022963,-1.8184624496215425e-11
1299.6680768392534,16.70882026411914,-3.5879625729800398e-12
1306.2809552820825,16.867540440365495,3.4917287919904176e-12
1307.5269030497584,16.897535461733952,-3.637082010092471e-13
1309.3065515795884,16.940428420354397,6.818028829265941e-12
1310.978591334865,16.98078095635636,6.6846073793994266e-12
1322.5670533449654,17.26186897314619,-8.441504238961304e-13
1324.221720658542,17.302206164179253,-1.612785391547417e-11
1324.5952166025,17.311318160058356,-8.039292292824403e-12
1326.2585701366838,17.351929378468995,-2.943831376120095e-13
1326.4491767270824,17.35658634373126,2.4166146236790034e-13
1332.8830302040915,17.514172999597612,-4.516071406670171e-12
1335.2036180123355,17.571199092308305,-6.592033279153816e-13
1336.4423272621923,17.60167972406997,3.4477684213832326e-13
1341.432387863645,17.72475526537563,9.831058958478712e-14
1343.4914316125007,17.775673486416974,-1.7939511216375656e-13
1349.5035362106828,17.92479412325286,1.135346501767769e-13
1351.13938337878,17.96548392481507,4.196868367706745e-13
1351.844391866518,17.983035393536618,-5.538117016852976e-13
1354.7044712496215,18.054332128128653,2.1509134268497415e-13
1361.6662346717007,18.22850639014936,-8.118821497907458e-14
1361.7999021080852,18.23185931082188,-1.5876736722374403e-11
1364.090088142974,18.289357579378805,2.8745503984041274e-12
1370.1166697736742,18.44112483324382,8.12797235239716e-13
1371.2815461472774,18.470537042198163,1.1064617077738596e-12
1373.2749645206327,18.520927269134514,-3.8356225197536604e-13
1375.7364582809923,18.58325064413784,1.6754359601937102e-11
1376.5973284760928,18.605073644177853,-1.9118485512257586e-12
1377.402707220732,18.62550229969993,5.546311008184628e-12
1381.0406589819179,18.71792883810061,-1.7503021046322112e-12
1381.0754038645384,18.718812748925057,-7.676066211237627e-13
1381.248638013464,18.72322016255237,6.044796851192739e-13
1384.067702979281,18.795020351052397,-1.3180687931926232e-12
1386.0176902489884,18.844771213454568,1.2547311021587838e-12
1387.2288931324767,18.87570841757188,4.3833765507826487e-13
1391.5935689320984,18.98741749661397,-5.49138451863365e-13
1394.5380938327921,19.062977600639883,3.817168126138626e-13
1398.2122381791346,19.157484607020802,9.831844788276564e-14
1400.5704662745852,19.218274400874773,1.1953808318493786e-14
1400.6679411248392,19.22078928702383,-2.731224442832064e-12
1403.176240114006,19.28556450124955,1.1982127636086938e-12
1403.2109849966164,19.286462579385542,1.8088988190050203e-13
1409.27423792959,19.44352475712375,1.3316544486404832e-11
1412.270880153465,19.52139967002029,-2.115571605063314e-12
1412.3114158498386,19.522454220930822,1.505950286182657e-11
1413.1433319756536,19.5441035069837,-1.4955045231457866e-12
1415.6221981759206,19.60868762263208,-9.135642839989144e-12
1417.5982441067179,19.66025239224636,-1.2511984945042368e-12
1423.2513297894207,19.808166461819845,1.7800607075107797e-11
1424.4393694172163,19.839326603514817,-1.0683828732460687e-12
1430.5836937411736,20.000896122662713,-2.2101946571253062e-11
1433.8597311838519,20.087326176955493,-6.497332826876329e-12
1436.0871872488033,20.146204941811412,-7.753344054916105e-13
1437.0643524381285,20.172063374605077,8.415668843658153e-13
1438.8845366608734,20.220277266436423,-3.4368714245392787e-12
1443.20578135419,20.334984848607878,-1.6026681537644746e-13
1444.8300468925863,20.378189975681266,2.9162982347734937e-12
1448.073756139324,20.46461740413666,-5.243268063214483e-14
1451.0182810377853,20.543241002106306,-6.544645337741595e-14
1453.0464442915502,20.597489145777452,-5.7239240316972116e-15
1453.1612915830308,20.6005632818842,6.3600265748272925e-12
1459.7741700108813,20.77798103760863,-1.2350044622714352e-11
1460.7889754893795,20.80527867645834,4.6369657128890525e-12
1461.0374902170515,20.81196646033482,-3.250530613353866e-13
1466.301155215547,20.95388426595998,1.1748017435689298e-12
1470.4288979104902,21.065532620050853,-1.0526976665215513e-11
1470.7734397848567,21.074866078416527,1.4550639724067153e-11
1474.1073853635096,21.165293867078596,-2.154795557918582e-12
1475.2910818802175,21.197448940076626,-2.8106263507335208e-14
1478.718159198524,21.29069090828035,9.702111814598236e-13
1482.9129749707492,21.405115544197262,4.2487108764795977e-13
1487.0175544098236,21.51739250183165,3.920462929307095e-12
1492.3796632406336,21.664535537692867,3.162465206696749e-12
1498.022614993991,21.819957229492925,-4.178960119974535e-13
1500.8537403027096,21.898154812938984,-1.9624232500922168e-12
1503.672805264185,21.97616598612554,4.35803900162032e-12
1504.2108491352326,21.99107175566681,1.376961712174862e-13
1505.3086524289217,22.02150143468792,-5.694771072204411e-12
1505.8828888859648,22.037427365448863,-2.3476098991497593e-13
1506.9835875865135,22.067971232375722,3.659619285467031e-12
1513.9352170705959,22.261391219104002,-3.2594993329244873e-13
1515.5898843798657,22.307561330462676,-1.949135378704176e-12
1515.8239220729772,22.314095745461636,7.143491378976696e-13
1518.9354115843146,22.401065506576042,-8.853071802387905e-12
1520.1234512107337,22.434319646395622,-2.1828610328188273e-14
1522.8334596939767,22.510272156835594,4.651030104612254e-14
1527.2536269365444,22.634444998896303,1.389317426056757e-12
1537.2323004106656,22.91609264314936,-7.277630359057386e-12
1540.722107694122,23.01502521686733,3.497717657834478e-13
1545.4911599202428,23.15058588242954,8.128843817396211e-12
1550.4812205081948,23.292877257528385,3.9472252279547693e-13
1551.1572749253542,23.312190202938883,-1.827703743608252e-11
1555.5045782749964,23.436581389503694,1.0680939834200842e-11
1556.7041995284715,23.470967935505783,-3.2064348363561703e-13
1557.6857078267578,23.49912209970121,-5.334673468563081e-14
1558.489638866166,23.52219575308466,1.1363578873958011e-11
1560.0950842577142,23.568309325147105,-8.951255265693036e-12
1562.0885026264364,23.625632808377585,3.103011214767899e-12
1562.134829136495,23.626965861129904,-5.8287840942703655e-12
1562.649709752177,23.641784294743935,1.5267389412340712e-13
1565.0209671739603,23.710092897451048,-2.854500706446192e-14
1565.4108665742165,23.7213346105778,1.5466813823211407e-11
1565.4687747117891,23.7230044766852,-6.235704473468921e-13
1568.7708708113064,23.818327451668242,2.8013832415117365e-13
1570.0621761009231,23.85565872697194,-4.890225909340347e-12
1576.0424312063724,24.02894675087383,-3.546139265979544e-12
1576.7213810302362,24.048662114749703,9.825226299200012e-12
1583.351631890333,24.241637873686958,-3.088076467314021e-12
1585.062759632534,24.291572302882223,6.220488952998167e-12
1585.9062573842077,24.316207248504924,1.6203353937885204e-12
1585.958374708012,24.31772980154653,1.570842035475424e-13
1588.3561695107828,24.3878329710193,-3.1127547463634014e-12
1591.989778152528,24.494268884904503,-9.693495269368394e-12
1598.3348429787468,24.680712115304743,1.0808702244320272e-11
1600.876439141307,24.755602342619824,1.9770352629774762e-13
1601.6861609941307,24.779486458402292,-3.161300330066382e-13
1601.9568699926374,24.787474172109278,1.2098564683276701e-11
1609.2805477091788,25.004083582530342,-1.3543964174994408e-11
1610.4917505895355,25.040002044719426,-7.905834174025161e-13
1610.5264954720637,25.04103280983613,-1.845008556374863e-13
1613.252907410304,25.12198572097378,8.643161944889434e-12
1618.6150162341276,25.281597488867867,-5.565400569364326e-13
1619.9352755919026,25.320978383689926,-6.739062054645946e-12
1619.9584388469193,25.32166958735437,4.639647845086337e-13
1620.2856082794842,25.331433550291447,-1.6259565214863883e-12
1625.4879910051027,25.48695711513332,7.762047998074845e-13
1625.877890405135,25.498633115260166,-6.808225598347646e-12
1627.5600640778898,25.549039905132215,-1.1283864918844613e-13
1628.5936896992962,25.580038631456276,-2.106048654962172e-12
1636.4061893675,25.814974248046287,-1.5027276692165952e-12
1639.8318189767094,25.918343536820274,5.294572981912027e-13
1643.1686599564525,26.01924143896825,-4.50587485822662e-12
1644.2008378742782,26.050493507274762,7.563588561848028e-13
1645.3961160164372,26.086708412131635,-2.4280390651324697e-13
1646.8413565892154,26.13053190396859,9.089976364354523e-12
1650.4122352615605,26.238975303726786,6.8235080456308945e-15
1655.1146931245785,26.38214176559558,-9.504053699455717e-12
1663.64957371746,26.643027021233976,4.770327928575034e-13
1665.6777369667946,26.705219101289366,2.938592797905085e-13
1667.468967116448,26.76020882018617,-8.029162985506586e-12
1668.092904209109,26.77937720351229,2.867901097721732e-12
1671.726512848274,26.891150179617238,-3.437169176945632e-12
1672.4286259265596,26.91277582909323,1.5692744624190125e-11
1676.4241488805096,27.0360140344004,-2.4918305735784807e-12
1678.3857177714897,27.096624435349895,1.5137797673471387e-12
1683.410523235857,27.25220893228271,-5.491502379885418e-12
1685.7412449588026,27.324533638593678,1.1783907300916929e-11
1687.2839603810528,27.372460731575494,-1.1106299235867347e-13
1689.667278147312,27.446588755006086,1.5875806472477343e-11
1691.2447384520174,27.495709844240423,-7.792629636980893e-13
1692.2219036388,27.52616112512064,-2.3716575058988853e-13
1693.0475502287998,27.551904359697946,-9.148356818661391e-14
1696.6768157569186,27.665211899203246,-2.8763394470348516e-13
1704.6678616631377,27.91555172706403,-2.0567106503915744e-11
1708.9369890211956,28.049775065972607,1.7659099098480158e-13
1709.9546899040922,28.081821607894316,-2.1417083537758555e-13
1714.9317211537739,28.23881892105145,-1.8331694768924463e-12
1716.195041356803,28.27874217072515,1.7330521987139323e-13
1722.1231791309317,28.466474918634106,9.890945048432505e-13
1722.1579240134279,28.467577130586584,2.805800629410008e-14
1726.250921815745,28.59757491241992,9.029708774768411e-12
1729.5356454694218,28.702124284816954,-2.8296094650741148e-12
1734.5807187799167,28.863090833939413,7.728229215686883e-12
1735.5622270766867,28.894461014627957,-3.029848430265914e-13
1738.4223064479697,28.985973773039692,4.608404464985737e-13
1747.8412204820493,29.288412029371177,6.919359247288971e-12
1747.8643837370423,29.289157808317626,-2.3854220547762336e-13
1750.4088753033457,29.37114205794699,-3.751032708178423e-13
1751.4632474914833,29.405149181928934,-1.2351104092339044e-12
1752.8066701028358,29.4485088435387,1.4456211173237657e-11
1752.8529966128199,29.450004648660045,-1.1342239557830476e-11
1753.145421162546,29.45944745810276,7.937170534765207e-13
1753.3534001932956,29.466164358791836,1.1955027268033243e-12
1758.8303563022093,29.643335168758988,-2.3235205731805647e-12
1761.0901405554187,29.71659661916001,4.51162410388467e-13
1763.0835589207518,29.781300665542293,-1.563983757881946e-13
1766.405922862911,29.88930340632886,-7.795601492904816e-13
1766.4638310003857,29.89118767532984,2.942831227632318e-12
1771.0572323818046,30.040848836743894,2.4647763882254535e-13
1774.7197950868751,30.160460125788042,-1.3108262234685913e-11
1777.0374874773051,30.236278550101222,1.7873276420747193e-13
1779.9670566127086,30.33225481653859,1.256255003372444e-13
1781.4021632599363,30.379328356301503,-1.4381812128653112e-11
1783.3067929957213,30.441861507980047,-1.6680949638433459e-13
1784.3466881492498,30.476031737804323,1.5564535484627086e-13
1785.9125668253637,30.52752300070099,-1.647983131766455e-12
1786.9288200042583,30.56096493071253,3.8755965163960346e-13
1792.010564618254,30.72847574836712,5.240422330921472e-13
1792.9848343974456,30.76064518934639,4.885715858040774e-13
1796.0292508236525,30.861281544540688,8.238823549436614e-12
1797.665097984229,30.915426692051792,-9.747780384219684e-13
1799.3052882550965,30.96976508296344,6.3956849299196394e-12
1800.3345707648284,31.003889820924524,-1.6112543885620148e-11
1802.9519262216675,31.090753292310215,-6.097913933701478e-13
1803.0214159866196,31.093061203190185,1.1515570887630459e-11
1813.6471897846532,31.447013685744974,-6.058540327432862e-12
1814.247963621663,31.467088032368306,-4.3563190387105564e-13
1814.8627357734053,31.48763700350697,-1.629386530603464e-14
1819.8006790266413,31.65294199755839,-5.482580357123599e-13
1821.2936938109451,31.703011321081622,-1.690067566322114e-11
1825.219726995654,31.834869618113927,1.2156785549979153e-11
1825.9421079212684,31.859162164077826,2.2364290798780213e-12
1826.8729465971562,31.89047899328284,3.431472364668282e-13
1829.5887458872123,31.9819396632416,9.939074131639237e-12
1832.543404699653,32.08159877918188,-1.3318992400999235e-11
1836.7642791208896,32.224245647531774,-1.2263506731619883e-14
1837.8823502596113,32.26208648145907,-1.3731874447775743e-12
1839.1051347653588,32.303497676045865,1.5274925008798204e-14
1840.826875147846,32.36185335690562,-2.6685601590849356e-14
1843.5137203689435,32.45302884574515,-3.1284760569695393e-12
1851.7474901801215,32.73326201901963,-2.4855679754866825e-13
1852.4631113080661,32.75767689398801,-3.859097707184583e-12
1854.156866605498,32.81550039840506,-9.271237379132861e-12
1855.0177367966648,32.84491010065049,1.8419059370786833e-13
1856.1097492734134,32.88223590317815,4.790208123847281e-13
1857.8252201223488,32.940916337218376,-1.1788439972731322e-12
1872.7215689735226,33.45274901013157,1.7323905432684336e-13
1872.7910587384447,33.455146229556256,-7.446128153904727e-12
1874.4051903466993,33.510854677717745,9.946408293451359e-13
1880.6455417925501,33.726679075604224,-4.138339297864498e-13
1880.7589413801727,33.73060767000316,5.831441780736282e-12
1881.0354411918643,33.74018767142382,1.9186180815644616e-12
1887.9286837979037,33.97947585185988,2.95011615364228e-13
1890.6623342478233,34.07461265388671,-8.001658969244578e-13
1890.691288316538,34.075621053276386,1.850112277900576e-12
1891.0633365549716,34.08857995747618,1.0928205912730122e-11
1891.5637401350057,34.10601365935343,-2.23052039121322e-13
1894.0426063247337,34.1924436000585,4.317360112349822e-13
1894.382805087575,34.20431404918262,3.3324180250734136e-12
1895.6914828152476,34.24999720670345,-6.148222933052411e-12
1899.572158472074,34.38564882409851,-4.153576842480796e-13
1909.3081080043205,34.72719648444428,1.476645644164395e-11
1909.932045095957,34.74914440865408,-8.900452417033205e-15
1910.9367166465959,34.78450030934916,-8.001535303535364e-12
1917.5959215591017,35.019317783799195,-3.686127687471075e-12
1920.9501349736665,35.137903703830446,-3.981400477073224e-12
1921.5171329116506,35.15797000546167,1.6072005096207194e-13
1929.438689041268,35.438936621133045,1.7589635930062936e-12
1930.530701517555,35.477759446733806,1.426163402112344e-13
1939.1978018268965,35.78666804682858,1.5559108650624772e-12
1940.4220340353706,35.83041307014901,-6.869672217845992e-13
1942.1669376718269,35.89281076478152,-9.671304072444663e-12
1943.8896470371083,35.954469812745046,-1.8349563447634338e-12
1947.757293362002,36.093099379677206,3.9832101555596767e-13
1949.1996385249695,36.14486846462037,8.689196283532648e-12
1952.4583035122453,36.26197053851572,6.225120611778248e-14
1954.8295609273198,36.34730604893509,-7.475661830027188e-13
1959.8254123139918,36.5274329931293,1.0965269325774222e-11
1961.3681277335259,36.58314897377633,5.9430888548927e-14
1962.1155983366077,36.61016003534042,4.5269851675070764e-12
1962.1619248465322,36.61183445755115,2.6930465713604002e-12
1964.1524478025926,36.68381712569114,-2.154782064393036e-12
1965.7882949615698,36.7430283997633,1.4099093508591406e-12
1968.6425835150887,36.846460531544786,6.376280285257543e-14
1974.266715103141,37.05070388861441,-8.538584315096556e-13
1974.726104267142,37.06741259282807,1.3331717853218778e-11
1975.7148510796533,37.103388052479275,6.606725478498878e-13
1976.2601334659491,37.123235805006196,2.959955108452009e-13
1979.5824974039185,37.24428499580859,1.4753748892687012e-12
1984.233806916984,37.41409545624578,-4.664768572422377e-13
1985.403995378452,37.456879553636085,-1.7294465363275102e-13
1989.0332608999388,37.58973215667456,-4.9233357513423226e-14
1990.2140620050538,37.633008779631595,-3.3826457497043145e-13
1992.6157211918126,37.72110936701361,3.9606335586323176e-14
1994.2443298333844,37.7809124269409,-3.952830894621803e-13
1997.523262668013,37.90146415736951,-2.9456980520729175e-13
2000.3003442194067,38.00371995519369,-3.223497257288366e-13
2006.161408905724,38.219998378952745,-9.246554534399839e-13
2007.9642206789988,38.28665096834513,1.4528969206304029e-11
2008.6142164321468,38.310696946685596,4.435240729576283e-12
2009.175423556138,38.331464534233824,-1.6205826426491638e-12
2015.2965845962933,38.55835612314411,2.0327854365339996e-11
2016.1285007180243,38.58924583196404,1.1540712831076825e-12
2016.1979904828943,38.59182661925403,5.935209488504784e-13
2016.3171808841755,38.59625345055376,-4.767631082292836e-12
2018.969281220302,38.69482237121436,-5.6185311248246096e-12
2023.5974274775306,38.8671440631729,6.3126197844348145e-12
2024.4930425503576,38.90053643624875,2.0071996172871962e-13
2026.2147829311339,38.9647718113177,-6.127143542602272e-13
2026.9371638559617,38.991738947892465,-1.0554203521405636e-11
2027.4245381047344,39.009938502075954,8.244618898178852e-13
2034.5894586871186,39.27799631910371,6.997139457158305e-12
2035.2510360676629,39.302795293310815,-5.31003524369236e-13
2040.0495210656545,39.48290597305063,-6.494278736348753e-13
2040.1976655356152,39.48847331117677,1.1843565940958908e-12
2043.8312741664677,39.62515257764056,-1.490041733983463e-12
2049.3955711920635,39.83492664486705,6.295720244496207e-13
2051.0372091641148,39.89692537093493,1.210221191485473e-13
2051.186801337503,39.90257739398406,-4.392452553219615e-12
2053.4581672144714,39.988446783599876,1.9450200398062461e-13
2054.003449600567,40.00907542673989,5.0504128032464076e-14
2055.1417885860947,40.052157716906905,-8.592086598693417e-12
2065.0432550219853,40.427901601472605,1.0290605483931374e-13
2069.286323709241,40.58947164308522,-9.065748596317031e-13
2077.092553822628,40.887588142410316,-2.9085746678170134e-12
2080.377277469755,41.01336583506915,1.8044129317223596e-12
2082.0304970690595,41.07674563287831,-9.669984925837553e-14
2082.735505552495,41.10378899157358,7.675528714847045e-13
2085.898143391431,41.22521700011777,-3.278645415520347e-13
2085.967633156279,41.22788709595248,-3.8377650871408235e-13
2088.946902923189,41.342447120774956,8.718878618181623e-15
2090.0678694673325,41.385593289492554,-1.384573884027801e-12
2090.0736602810703,41.38581623886911,-5.723486721824927e-12
2092.6910157339044,41.486649036787355,-2.7578963004587666e-12
2094.22794033875,41.54591738147259,-4.4850517843276407e-13
2095.377860951555,41.590290167876105,-1.5726327420258945e-11
2103.6483020577402,41.910145013208776,-7.225764894695648e-12
2103.8389086468815,41.9175314739584,1.514356025991041e-12
2105.875758111542,41.99650604464861,6.011168314048589e-14
2107.678569884021,42.06647004983881,-1.3796632914322087e-12
2108.3459380780914,42.09238463802062,8.39998136139778e-12
2111.9317724945504,42.23176671808082,4.0328261404021754e-13
2118.2522263416804,42.47802066643717,-1.422935735250484e-11
2118.298552851573,42.479828330312806,4.227777549053516e-12
2123.108619475328,42.667732638817554,1.6844545208027382e-14
2138.7476170798045,43.28161250376097,5.508136975723211e-13
2138.7997344034293,43.283665804725416,1.235373593601916e-13
2140.2174686067697,43.33954041790314,-9.823296081501242e-12
2143.161993490606,43.4557059962249,4.87438774333779e-13
2143.2025291867576,43.45730629995544,-2.087126590096105e-11
2143.707275876498,43.47723566699541,-2.699079632399925e-13
2146.5133114948085,43.5881144580481,-1.5868967304765893e-12
2153.483761093814,43.864175187523614,2.28642563360277e-13
2154.729708852613,43.91361453470374,2.2144166288603797e-13
2157.066221383133,44.00640470947998,-9.457380624808655e-14
2157.456120781938,44.02189861730003,-5.158156234047995e-13
2162.495403267136,44.22240271725216,-3.5974198032345485e-12
2163.6848905919696,44.269798545096336,2.6913852045485817e-13
2165.1475036016245,44.32811295469799,1.0168775200031717e-11
2165.159085229095,44.328574871667584,1.4106987448124857e-11
2165.6348778501156,44.347553328881794,-1.1781303195015102e-13
2175.7211600569008,44.75085702241769,-6.719237031371717e-13
2181.4350492528006,44.980160491161925,-1.6562653793276998e-12
2183.4313630206966,45.06041610827831,-2.0703876759034574e-11
2184.5962393870627,45.107280273803795,1.7677831677132563e-12
2186.7392499213747,45.19356106615047,6.299598089829799e-12
2188.8914253959,45.28029599295616,-1.2503480599847248e-12
2197.988960790245,45.647878831302954,1.310982479565218e-11
2199.6248079475795,45.71413639875919,1.2747729322516813e-11
2201.618226308475,45.79494349201815,-4.419081437452512e-12
2201.664552818353,45.796822297590516,2.5274602160422438e-12
2204.6481656942183,45.91790816821386,-5.500201277422901e-12
2204.6713289491568,45.918848858881745,-4.267032465676427e-13
2204.9405902432704,45.92978464426586,-2.2026684556169663e-11
2204.998498380617,45.93213670139829,2.98631787553129e-12
2209.591899751916,46.11890385072647,6.96428695051367e-12
2209.6092721931204,46.11961094985599,-2.2353720122898425e-13
2213.4769185135697,46.277171625787666,6.100578465967429e-13
2213.8851593373015,46.293818670748486,-3.0448874947954985e-13
2215.572154834348,46.362642704713835,5.05013314714821e-12
2221.8414603391916,46.61886978347348,-2.1313909757954381e-13
2222.8229686335103,46.65904966311073,3.2724500509006386e-14
2222.881355490481,46.66144039763142,4.3977874834374754e-12
2229.4937551643643,46.932600957633724,-2.4572252719059623e-13
2231.519501720216,47.01583371897243,1.3804656150080574e-11
2231.7738072603397,47.02628782569465,-1.045421253241838e-12
2236.2460918069687,47.21033120806561,2.5058790527519855e-12
2236.2518826207033,47.21056975037989,-4.318641982865957e-12
2239.3913572028455,47.33998579203517,1.1595801304261773e-12
2239.850746366341,47.358938050180704,-9.790142745703679e-13
2241.4865935234343,47.42645705631964,-1.7229706729438725e-11
2241.573455729443,47.43004364101529,3.4501927484707137e-12
2244.8263298989664,47.5644565298263,7.509824030438455e-14
2252.7826309000047,47.894042395345586,-1.23087903444944e-11
2256.5088925475798,48.048801903114814,-4.073362111455664e-12
2256.5204741750467,48.049283311256524,4.082275211382586e-12
2257.14151585888,48.07510148173165,1.2807738930616857e-11
2258.144739704581,48.11682287613569,2.4132162163717346e-13
2259.8457335160756,48.18760502194294,-5.0636129124609716e-12
2265.407613849781,48.41941931981241,9.695611330623024e-12
2266.6347414634474,48.47064165444712,-3.680999317937351e-13
2268.123413134368,48.532818507071546,1.0085828661764706e-11
2270.4541348502125,48.63024697269492,-1.0837354223521486e-11
2279.3615423726033,49.00351501157195,-7.539986697294453e-13
2280.2803206994713,49.042099891616566,-8.791742344580758e-13
2281.372333174155,49.087980111704766,-9.094229852107411e-14
2283.0414775099866,49.158150613757755,3.628191931249299e-12
2283.289992236334,49.16860251368188,-8.89840114429711e-13
2290.282157383468,49.463141570612365,-3.175868791463219e-13
2290.299529824667,49.463874491607996,-7.446970839360254e-14
2294.644416468302,49.64735425056568,1.353464125463081e-11
2295.2070712951013,49.67113997386165,1.8300642989058163e-13
2303.250234500817,50.01179493630047,-2.9498515316692107e-13
2308.6736255683354,50.242166425776084,6.510782246274326e-12
2310.963811587748,50.339610252618776,7.369560591546933e-12
2311.256236136696,50.35205941482475,4.894821386069341e-12
2311.337307528952,50.355511082852196,1.0644341796637112e-11
2315.953872153551,50.55226411249442,1.0804672569695514e-12
2319.2472820184157,50.69286564295718,7.171564371463532e-13
2319.316771783205,50.695834437067994,-6.407944341191218e-12
2325.1083466975365,50.94357910920663,-7.632185106222542e-13
2327.561154220966,51.048688459948266,-4.455803170920412e-12
2327.607480730823,51.05067474091331,-1.0037910066313669e-12
2329.1970013775945,51.118850480470016,-2.2608390979840773e-11
2330.1157797043184,51.15827880184241,2.7819326317860887e-14
2332.577273448308,51.263987626234396,4.381055990528309e-13
2332.934844651724,51.27935280218883,9.98412688108738e-13
2337.5658863103477,51.478565864781096,1.0430992866883189e-11
2337.589049565276,51.47956326917026,9.404497899316804e-12
2345.0859614006213,51.80289780988963,1.2732029977456474e-13
2348.466712190801,51.94904502171193,-2.5147809802831936e-13
2356.338567670489,52.290155017499465,-9.224827648608776e-13
2358.4511764314957,52.381894669138994,2.599690681625673e-14
2360.0517999859553,52.45145619773817,2.053531730963455e-13
2366.1150528807902,52.71538720350673,-1.1737500168229551e-11
2368.042845866502,52.79944515745964,1.3831024125487063e-13
2369.0653685761113,52.844058210850676,4.0295424298080814e-12
2373.409776499079,53.033821124756,-1.4300416631326706e-11
2375.0919501653384,53.10739152356721,1.3137331009947248e-13
2378.3356593932763,53.249403339456634,7.270610089479932e-13
2381.2801842747617,53.3784844847346,-6.692162399669927e-13
2382.430104886423,53.428937703716194,7.816049407661118e-12
2387.7516779927337,53.66274100673525,2.6033098606856852e-12
2388.897734213703,53.713161253847375,1.2716186545766696e-12
2390.992970533318,53.80540281827605,1.7588648568672428e-12
2398.360079322728,54.13037756623561,1.112691060050406e-11
2398.389033391383,54.13165674807113,1.2825794817678872e-13
2398.984016413158,54.157946333895424,-6.607278227747921e-13
2400.035014471704,54.20440107734308,-2.6080455056115123e-12
2406.006583329958,54.4687342386684,1.5542598936695868e-11
2408.210876126556,54.566473862903344,4.300031138570341e-13
2410.6781606837208,54.67598085411454,-1.854317836790855e-12
2414.249518062208,54.83468921246756,1.8666767255600926e-11
2416.66131116926,54.94200033820567,-1.8823522989924328e-13
2420.5873443441506,55.11691574227447,8.456865142746895e-12
2422.5952397379924,55.206482655116616,-1.1206908687626489e-12
2422.78584632693,55.21498897144715,4.230438902496612e-13
2431.1503881471444,55.588937564558286,5.060464275908611e-14
2433.773534410704,55.70647446674534,1.5583272796456783e-12
2435.558973740027,55.78654822434412,-3.5722712305733325e-12
2437.164419124067,55.85859971571463,-9.418677881963161e-12
2438.8350111625687,55.93362535999431,-9.107689166383169e-12
2439.1578374834944,55.94812929269848,3.2650439390539955e-12
2440.845801963178,56.02399737896119,4.9341597371278165e-14
2442.480201415848,56.097507917820955,1.6274438527068593e-11
2447.115107463708,56.30624015654886,-2.7683385281848285e-15
2447.131510921095,56.30697958630627,-5.1455681977394604e-12
2453.1117659991864,56.576885891468244,-3.7312921311067634e-12
2454.750029842473,56.65094045916838,1.7781851451506647e-13
2457.5155297618862,56.776061735862356,-1.926446329620113e-11
2458.0029040099294,56.79812692158522,-1.4212288571330738e-13
2460.4209666500597,56.90766602471034,-3.2493040188386598e-12
2464.7494498341857,57.104016825515174,-1.7311587233414718e-11
2465.4718307579146,57.1368194325136,-1.0709653533026712e-11
2465.4949940128354,57.137871412184786,-4.835030016826635e-12
2469.059112873641,57.29985677552577,-1.0199557489103669e-11
2469.093857756021,57.30143704468678,7.111993821805231e-12
2472.664736414328,57.46396658198228,1.867829284110256e-14
2473.7914937707865,57.51530000829093,-3.130891862456288e-12
2475.7762259094284,57.60577839597463,-1.0049883843326255e-11
2478.7902405549003,57.74331766035989,-9.909389354091593e-12
2479.0262046698444,57.754092531497335,1.2730140367455645e-11
2480.4043721593553,57.81704452625922,-5.017639829893586e-12
2484.0365330813515,57.983122144160816,-1.8285753431435309e-13
2487.595830112064,58.146103872416354,8.966564486929392e-13
2489.7504222718585,58.24487695527913,3.711491091154501e-14
2490.322242038571,58.271105278297526,9.094319228882596e-12
2491.9928340768433,58.34776677177861,5.49541818691605e-12
2494.5489072624728,58.46516145363779,1.7210709313837044e-13
2497.0625183289167,58.580723315384404,1.4543309518834458e-11
2497.354942877714,58.594174927904994,5.111264922067701e-13
2502.9472249797127,58.85172459968851,-7.163569419793386e-12
2503.5779218675043,58.880807168869964,1.314803547897236e-13
2516.9011534931506,59.49687767752213,5.570885785963269e-13
2518.9293167345504,59.59094736226576,-2.2504082980362168e-13
2520.56516389033,59.66687595962276,-2.7321226421725746e-12
2527.516314617118,59.99006657521089,2.1388537582995863e-13
2528.556209767487,60.03849256740845,2.2456753977646412e-13
2532.1840275787577,60.20758929173984,-9.999994598887774e-12
2532.4238560843396,60.21877651507064,-1.3572044633168862e-12
2532.4933458490887,60.22201818559146,-3.302549564532972e-13
2533.9125277541516,60.28824192859655,-1.5957756187259935e-11
2533.9299001953386,60.289052814280744,-4.711529770743553e-12
2538.447542264129,60.500109474475146,4.743853880499431e-13
2539.542450144896,60.55131833383507,-6.100890807249741e-13
2542.7470713787784,60.701325424379135,-1.4280990382138579e-12
2544.567255589988,60.78661178744622,9.677487853847443e-14
2546.8748140491257,60.89482223640721,-2.476557952064655e-12
2548.795847236398,60.98498182037282,-3.6165056630661916e-12
2548.8769186286017,60.988788227733245,7.716785731070995e-12
2550.4664392744357,61.06344274797547,1.1394139024784589e-11
2560.479857578502,61.53480994541923,1.7262376949046959e-12
2560.520393274604,61.53672185835902,2.0978336068318e-12
2566.7366124659293,61.83027523954188,1.6704026973764364e-11
2570.0937212796143,61.989106623373864,5.413516076246766e-12
2570.1516294169,61.99184819201777,-2.8675413869542673e-12
2571.627750475321,62.06175365143923,-4.9198463496603654e-14
2574.404832021407,62.193378184707825,7.207223694406406e-13
2577.334401147478,62.3323841065599,1.5783829647285685e-13
2578.792671045062,62.40163688513121,-3.078840011360494e-12
2581.696660228952,62.539663093854166,1.3771764998873932e-11
2586.0063232672014,62.74478712345753,1.8580220525085986e-13
2599.2272582107994,63.37618944335483,-1.3635364086417076e-13
2600.00947369464,63.413647192834176,1.6589325619012303e-11
2603.682170311713,63.5896713561022,1.0318287111096623e-11
2605.5592936761495,63.67973364582036,-4.565942316130028e-13
2606.604979640061,63.729932644419875,-2.9771830838565984e-12
2609.246467327499,63.85682909787044,-4.527980151029384e-14
2611.565607413756,63.96834600697127,6.610158047057153e-15
2611.6732161873542,63.9735228291271,8.750506451071962e-12
2612.1605904352195,63.99697200638874,1.250405541540249e-12
2614.255826753678,64.09783055236603,-1.898396400742008e-11
2619.302347749408,64.34108725776335,-6.434539608274296e-12
2621.582399842953,64.4511461301525,-4.262132984889343e-13
2622.587071391105,64.49967235446321,-1.2605783229956097e-11
2624.933717842505,64.61308918614606,7.49832732837526e-14
2624.968462724872,64.61476921885478,-7.476926435628239e-12
2625.291289045654,64.63038002773624,1.8872967870304167e-12
2628.5325815843503,64.78722457281879,-1.2995151179161241e-12
2643.579491551275,65.5178716245829,1.4036555766362393e-11
2648.143938848415,65.7403362767079,-6.315591815460122e-12
2651.789129099907,65.91827327713375,-1.379167374970354e-11
2651.8817821195476,65.92279924875515,6.070612136647726e-13
2652.4198259874875,65.94908507160456,-3.8902664548609044e-13
2654.0223759638475,66.02740832165394,-9.337699227452279e-14
2657.0363906080916,66.17484384815415,-6.104899757229853e-13
2661.805442808628,66.40847181633647,-2.3736181469379554e-12
2661.8517693184476,66.41074332996044,-2.0600433694057848e-11
2670.088913231976,66.81526113592555,-3.5843234461695294e-13
2673.9999906505836,67.00776779954616,-6.803385583231821e-13
2674.7807584308694,67.046231614738,2.542689978062983e-12
2676.374622186566,67.12478672393387,6.729069338244696e-12
2676.409367068929,67.12649968007558,-7.253295884576673e-12
2683.3609965129717,67.46966901816619,2.1217353067017995e-12
2686.8855486597367,67.64399970647237,-3.57589544907428e-13
2688.8789670180186,67.74269907403875,1.2396063950070446e-13
2690.716523669837,67.83374615743419,1.9043935475370525e-12
2690.745477738472,67.83518126864685,-1.7514371316441932e-13
2691.9668145370724,67.8957310096431,-5.107064455789465e-13
2692.201330948472,67.90736068346551,6.17875025835826e-13
2692.30556559556,67.91253000704192,-3.029655843454819e-13
2693.0588270106127,67.94989255592971,-7.724447892165573e-12
2696.8526404510694,68.13822852997674,-1.9535645025834943e-13
2697.2131070610294,68.15613693705932,3.4604921225492303e-13
2702.2890608441635,68.40857047787806,1.279035430320703e-11
2702.8328955257757,68.43564420688638,-1.416620094989652e-13
2703.0346050224157,68.44568729845558,-3.505178682301211e-12
2706.698615418118,68.62824839083518,1.5828694096698316e-12
2710.1420961725444,68.80004690559788,-1.233627841685012e-13
2716.1744685706367,69.10153415567774,-7.422845314292507e-14
2718.780242391318,69.23197341560434,-3.872351334689588e-13
2719.9069997471634,69.28841512611712,-2.5693570601398164e-12
2719.924372188344,69.28928553229981,1.134162610288027e-14
2724.9303574869055,69.54033051551127,-8.016433141402058e-12
2727.967535385634,69.69286683963567,-3.3381753159471713e-12
2728.747334182035,69.73205812448869,4.833104264063729e-13
2728.8341963879348,69.73642435607005,-9.514405831345482e-14
2729.532445072532,69.77152770171466,-4.060179734542142e-12
2731.5606083130097,69.87354132284254,1.1552228098281864e-11
2734.940880380456,70.04373240800582,4.06181955632689e-12
2740.0433715446193,70.30103301792336,3.4527302908923696e-13
2741.732783726601,70.38632979051901,-4.2498173490047796e-13
2743.7696331876223,70.48923823727023,4.399051994473555e-13
2746.239813149771,70.61414253047627,4.899194368466754e-12
2747.2082921118827,70.66314420230117,6.606336852274575e-12
2752.6683544789894,70.93972767967051,-2.7197022594098664e-13
2757.7819485508094,71.1992585480264,2.0261398723949825e-11
2757.82827506062,71.20161196472208,-1.832964123289378e-12
2758.104774871507,71.21565915628192,2.0185684071144014e-12
2766.6222829850562,71.64906929158197,2.1150250270923994e-14
2768.14425183307,71.72665482488286,1.903850467321761e-11
2771.0887767119357,71.87687924763772,-2.7282965297182296e-13
2771.1466848491978,71.8798352191752,1.3531716598199554e-11
2773.696967219587,72.01007787803158,1.0811658614265914e-13
2776.6414920984216,72.16060348091555,2.0183847322227024e-12
2776.6936094219577,72.16326918332948,7.205118656106117e-14
2781.905157062723,72.43008263359924,-3.796560536968665e-13
2782.106866559333,72.44041952813679,7.015687156584345e-14
2787.5814059604086,72.72125641803683,-1.3639219309706109e-12
2788.0060502409224,72.74306320050762,-8.418282719124783e-12
2788.0407951232787,72.74484760348511,1.1029916711138781e-12
2789.38421772953,72.8138591996178,-3.48211452840321e-13
2789.757713670313,72.83305158590184,1.0590888614200353e-11
2796.9858429237393,73.20498082944958,7.344700329193819e-13
2798.516976711888,73.28389008375355,-1.3730266306663723e-13
2806.577512349202,73.7000138501122,1.7670554302252208e-13
2813.68452477835,74.06790498221115,-1.5658922289682736e-12
2814.8682212874546,74.12926885870006,1.0840344685098818e-13
2816.4577419324405,74.21171161816554,6.341765530257912e-13
2819.2362711806163,74.35593579140927,-1.0174902360308312e-11
2819.328924200228,74.36074755037373,-9.659792858602593e-13
2820.9647713550075,74.4457282146784,7.930653441042598e-12
2823.5821268026457,74.58179980839147,6.353017629373488e-13
2826.26897201498,74.72161531153793,-2.731157457467837e-12
2831.956802539677,75.01803196537244,2.2981433402212033e-12
2834.7589737623093,75.16428395370629,8.065785768017854e-13
2835.727452724269,75.21486481104587,7.054057408668156e-15
2837.5186828657897,75.30846111403181,-1.8666881644829853e-11
2838.4374611914504,75.3564925369475,-2.887912923661345e-13
2844.558622217092,75.67688835668882,4.65622067023942e-12
2845.849927499683,75.74456644081414,4.9383520982377594e-12
2851.795437690427,76.05657048409397,1.4025751687675884e-11
2852.876837520005,76.11338936513688,-2.864657497972064e-12
2855.167023536566,76.23379137600487,-8.84368764436243e-12
2856.3261090872543,76.29476483469462,-1.1302974169504648e-13
2856.756065461817,76.3173888946512,7.234002076168014e-13
2862.410598807302,76.61524410542684,3.379816385073163e-14
2862.5080736568293,76.620383803115,-5.420348658055581e-12
2874.1457574820024,77.23527868465885,-2.518713377180994e-12
2877.4044224603767,77.40790233910275,3.6554736474492636e-13
2878.2537110212747,77.45292445950166,-4.9336408951031564e-14
2879.3804683768026,77.51267614350782,1.3939880595720204e-12
2883.265487132171,77.71887712971042,6.783049771597255e-13
2885.6497738716507,77.84556304197633,-3.5367856573987414e-15
2885.683549770198,77.84735843175858,4.666076309719926e-12
2887.2957549502694,77.93308116163281,2.8164922067743046e-13
2896.0386145330403,78.3987824994994,1.7659517013188156e-12
2896.0501961604896,78.39940034584609,-1.9546662623814807e-11
2900.730459730038,78.6492811290928,-3.5882375850101168e-12
2901.5102585262052,78.69095405394637,-5.236029933138506e-13
2901.562375849729,78.69373963494287,-9.753318190640149e-13
2904.9880054421806,78.87694335173008,6.004431558393938e-13
2905.045913579429,78.8800421545528,-4.531261440622273e-13
2919.002737488762,79.62870671143246,5.2661854232430934e-12
2920.900607419775,79.73078838568955,-1.5675718991285128e-12
2922.27877490808,79.80495815011083,8.511942010093027e-12
2922.301938162979,79.80620504150343,-8.647696183681961e-12
2922.5711994566323,79.82070025770214,-5.16601035153426e-12
2926.0957516019193,80.010561584598,2.554694865936091e-13
2932.5556636850456,80.35913956240312,-5.821997409639119e-13
2933.100946069873,80.38859827632209,-2.1463038734389895e-14
2935.935935751339,80.54184598904632,-1.916716213486155e-11
2941.1441092642435,80.82376394010598,-1.7203782830463489e-13
2944.2382263153017,80.991484807815,1.1474814656801885e-12
2948.7881965756983,81.23844253889534,-6.2503185540747466e-12
2949.456533752158,81.27474985011753,7.744825903870526e-14
2950.781614933079,81.34675900390195,2.1667113234082574e-12
2952.010190248288,81.41355261611534,4.855851902265188e-13
2954.1039788620337,81.52744910906245,1.0799850127752226e-11
2957.4466106390073,81.709446695263,1.898275109449215e-12
2958.7552883625417,81.78075684960092,-3.4146376249188724e-12
2959.862746853698,81.84112716580003,-1.1814876957710326e-12
2961.0522341762503,81.90599424195518,3.381076034941026e-13
2964.7355434345773,82.10702381883127,-2.4761102617953005e-12
2965.4550289507374,82.14632145122303,-1.63268863549634e-11
2966.0162360732797,82.176980684161,-4.236548708132855e-14
2966.050980955626,82.17887901799772,2.7325255959943886e-13
2967.0908761051364,82.23570539452894,6.344331278165943e-12
2967.1372026149315,82.23823742831402,4.3517190965176683e-13
2972.044744078104,82.50668920815696,-2.1562563783736447e-12
2972.4645665285707,82.52967488787054,-4.780480638449476e-12
2979.253574465182,82.90183031124688,-1.5414409166187057e-13
2980.68289029308,82.98028980707113,-6.768471083516152e-12
2984.2653505753033,83.17710732190375,5.163039830728051e-13
2989.0358504765795,83.43956179901366,-5.558740830886405e-14
2989.10534024127,83.4433879551537,-1.0302553453001431e-11
2990.6499820794556,83.52846000315664,8.447758986330171e-12
2990.719471844147,83.53228822546389,1.2682923964708798e-11
2992.091848518583,83.60791129732644,-1.0383338200102404e-12
2995.3215594277513,83.78601730794483,-1.4969334133694926e-11
3001.3741996710182,84.12031436757209,1.7308416253456653e-13
3001.946019437176,84.151931782086,6.0350027030872796e-12
3007.3776179975803,84.45255944352948,1.5120269752309056e-11
3007.8259042524705,84.47739543083075,7.663440699128796e-14
3012.939498322184,84.76096108999195,2.0361193226172917e-11
3014.5710023661777,84.85153472762136,-4.753741658078739e-12
3020.323979543615,85.17130497150757,4.558289741165288e-12
3026.861098627321,85.53540049308978,-8.069996832713444e-14
3027.250998025333,85.55714145237287,2.3360460251525147e-12
3027.2973245351245,85.55972482475116,7.677669529793209e-12
3028.5249308663924,85.6281960216145,3.6968264435180955e-13
3031.799041862126,85.81094919195056,-1.0759706872808447e-12
3034.525453785864,85.9632817692904,-5.426320619233633e-13
3036.137658965579,86.05342479364373,-8.333293427063965e-13
3036.758700648362,86.08816179290758,-1.2022421093052483e-12
3037.7271796100226,86.14234633379472,-3.195968438072102e-13
3037.831414257051,86.14817909227469,2.2236916438251814e-13
3039.564736260783,86.24520159577897,1.1306399211634263e-12
3043.8078049377464,86.48294044400694,-6.635950753363704e-12
3046.8449828349144,86.65331696774521,-2.4887664098791785e-13
3046.9086817858747,86.6568921061089,-2.707361301986739e-12
3047.781133601455,86.70586646260114,-5.78470425087871e-14
3050.2078824594796,86.84216373090736,8.878439273496603e-12
3060.1170661076508,87.3998344781847,-1.2040886614056924e-11
3060.4196245801613,87.41689037282985,-2.3998881243993497e-12
3060.4891143448453,87.42080790368179,-8.200671019847707e-12
3068.9574005377117,87.89887897715639,-3.8628496994496744e-13
3075.058293713212,88.24411922294495,1.3791179062254292e-11
3078.3603897935523,88.43126578420404,1.1084634174559658e-11
3078.809166312575,88.45671573335665,1.0492853141747052e-11
3080.466729018178,88.55074765356778,-2.9812556586629362e-12
3081.775406741487,88.62502342122998,-1.3372454880634022e-11
3090.3759126659493,89.11394166634891,7.889464593307135e-12
3090.5809962889543,89.12561681387528,-6.917568221311501e-13
3097.0814440666445,89.4960804346262,-1.5399547507795276e-11
3097.6301005778328,89.52738425234,1.2329607680409533e-13
3098.9107932163,89.60047626375001,1.0356035982358205e-12
3101.516567035408,89.74928691602281,5.324786889156112e-13
3105.983060759997,90.00465058549824,-3.026020235228893e-14
3106.0409688972286,90.00796379121448,2.1382087794825157e-12
3108.6235794614195,90.15579029129026,-1.01259272958942e-11
3111.685368316651,90.33120373452756,-1.825879559162246e-12
3112.5520293184327,90.38088710876451,-2.0380445768532658e-13
3113.321215470721,90.42499409778091,1.3572775380787145e-12
3113.9070335514725,90.45859363038612,-1.8492231436112809e-13
3116.920079209664,90.63150641064317,-1.0298805903939085e-12
3118.228756932912,90.70666094953792,-1.9756136789985523e-12
3127.535240322468,91.24202210486104,-2.2647615814720352e-13
3129.280143953439,91.34257636320201,-1.7770174872923618e-13
3130.8402318094472,91.43252765830093,-3.870466700222645e-13
3131.5877024102556,91.47564108447199,-2.0208277703569463e-12
3135.283562278976,91.6889661804585,-7.773338124468242e-12
3135.4046791029855,91.69596130359079,1.771439754893199e-13
3140.156358858693,91.97060864618753,-8.623345424172151e-13
3145.732237496999,92.29342510743835,1.1017413984591605e-12
3154.829772872582,92.82135800241038,3.4269292226186496e-13
3158.459038383383,93.03239085958145,3.20404770056042e-13
3160.110810275097,93.12851767220965,3.816640289193056e-12
3163.4129063550804,93.32083771076837,-9.151857796035394e-12
3163.505559374647,93.32623688690188,2.830911853022379e-12
3166.4500842517814,93.49790576726284,8.228129040652393e-13
3167.3514901358403,93.55049060308751,1.543057431035176e-12
3169.8419379444435,93.69585233475395,7.906928996809897e-12
3170.170555078666,93.71504149623959,3.036312391974035e-12
3170.62173674032,93.74139089114685,-5.951143521420391e-14
3187.998399421975,94.75905610984962,4.46524209005864e-12
3188.1142156964293,94.76585755577494,-1.1604378950291362e-11
3188.406640244876,94.78303162829633,-3.3452480377188044e-12
3190.2953452349834,94.89399307747325,3.7850948609190073e-13
3193.086903812548,95.05811752495056,4.899647248357783e-12
3197.402357660217,95.31211901583806,-8.564832765275644e-13
3202.212424272422,95.59563699431797,1.0519180386543557e-13
3202.281914037094,95.59973602686807,-5.309450645157895e-13
3204.0152360404627,95.70200926563163,-5.2503783745103325e-12
3204.6304869093906,95.73832494555847,-4.687161224344059e-12
3207.167739947292,95.88816202806716,7.206600578317191e-14
3209.6234428734415,96.0332961114208,-7.707457657413239e-12
3209.681351010667,96.03671987108974,1.3729149881339787e-11
3213.912838059276,96.28706940809008,8.487312170564447e-12
3215.2282755798956,96.36496248570117,9.204590288578775e-14
3218.5680119488597,96.56286675892886,-1.7066164558901694e-13
3220.612578645232,96.68412396790616,8.703443568944813e-12
3222.8723628885828,96.81823468171798,1.0667780324595524e-11
3224.8657812452457,96.93661555102256,-3.69805073932415e-12
3224.9873883334176,96.94383966181164,7.916877013766712e-12
3228.188145173006,97.13407966334623,-1.8432717883071448e-11
3228.2460533102303,97.13752322611873,-1.177272138684835e-13
3232.8394546718487,97.4108710139132,5.827952957856048e-12
3237.1211326207886,97.66601851158083,-9.977227060588076e-13
3238.819709741754,97.7673311960373,4.226112937696612e-12
3241.15622226688,97.90678076823816,-2.6942031025936056e-12
3245.0426887237804,98.13895866181745,-5.682926847364081e-13
3246.1289103826944,98.20389940112206,3.680197724973551e-12
3246.5646575707497,98.22995704710219,1.8941168972101053e-11
3250.4791091124334,98.46419776669342,-1.5042682520031585e-11
3254.7670565946364,98.72111241866055,1.155209904491855e-11
3260.021556615157,99.03640039332493,4.709636379856846e-13
3261.20332670047,99.1073806963942,2.2880166879557917e-12
3262.116792931502,99.16226357326043,1.7947148710382582e-11
3262.2036551373335,99.16748322848781,-4.4804212802784054e-12
3264.734148377544,99.31960463623571,-1.4418209955464453e-11
3264.8210105833764,99.32482847939143,-8.181316961412601e-13
3269.3676067154024,99.59845218801551,-7.57582321667074e-15
3269.728552044685,99.62019095113212,1.3394481065693735e-12
3276.0301857313725,100.00010803951997,-1.030022561798847e-11
3277.771715235553,100.10523154304752,-6.302788709568477e-12
3280.475932887381,100.26857627611798,6.5755579394635595e-12
3281.46178428992,100.32815884758887,1.4067723139200905e-11
3284.2465830696706,100.49656233795321,-2.0600286392314568e-14
3284.448292566139,100.50876574546614,-1.962601608140071e-12
3287.7243299839033,100.70707066827447,-8.376872972997189e-12
3288.6551686560742,100.76345221227548,8.113424839131916e-12
3291.370967935315,100.92804127323548,-3.9759480467766867e-13
3291.411503631369,100.93049893899527,-2.906410510804072e-12
3291.9857400845553,100.96531795549834,5.407478945700076e-13
3297.6566768841185,101.30950326970803,8.895666610907127e-12
3299.6298273925877,101.4293983156997,-5.586028571229971e-12
3300.9452649130817,101.50936842349573,4.317671657689905e-14
3302.609097151596,101.61056433635407,-6.309529994301912e-13
3308.2197206711908,101.95218388893734,-2.458597802907797e-13
3310.9297291366524,102.11739852362047,9.670437555996898e-14
3315.939088557477,102.42314836964204,1.0326538691477e-11
3316.020159949583,102.42810042122059,5.965759325489399e-12
3317.891971217882,102.54246919169731,1.1325837904654154e-11
3319.1596345251455,102.61996082135968,5.726282660641164e-14
3324.779422984853,102.96385220011972,5.235610962551943e-13
3330.8600483104856,103.33659881895844,-6.751604555686392e-12
3330.952701330034,103.34228378243496,-4.504495253210255e-12
3334.50379085487,103.56028915633628,4.095975573625238e-12
3342.564326486348,104.05599654122194,1.5194421169619496e-12
3346.163190224345,104.27770618678537,7.480880994187629e-12
3349.7688137598534,104.50007152672637,5.85301629446577e-13
3352.4445560624945,104.66524420639176,-1.891850586923909e-11
3352.8571399956136,104.6907246106961,1.5534245741322436e-11
3353.5650438839857,104.73445072317377,-1.2964885014015941e-12
3355.824828127013,104.87409581787219,-1.7270143819851443e-14
3355.8943178916725,104.87839148179015,1.5105167366884012e-12
3356.1650268886096,104.8951268070436,-1.2481538631609002e-11
3363.419214798276,105.34408601601542,9.306789071114263e-12
3366.641208469217,105.54380499005157,-3.9097676421515544e-14
3371.090329751291,105.81990322319723,-1.6446698825932412e-11
3371.165610329672,105.82457803209219,-1.4327412774673277e-11
3371.714266840688,105.85865191607431,-2.104329624264919e-13
3372.8231730347156,105.92753659828487,-5.634945036372246e-12
3374.166595639914,106.0110196628871,-2.2168636823947107e-12
3374.4706018157453,106.029915849433,-1.9446231869590893e-11
3379.6266580023357,106.3506613934123,-1.55703978511723e-12
3380.6472542871006,106.41420823295437,-6.387728804165228e-13
3383.0185116942043,106.56192728732934,4.0747930916797574e-13
3387.991199809271,106.8720405484681,9.893757028431673e-14
3392.31292318938,107.14192745768412,3.3718287674167174e-12
3395.998649133017,107.37236884819826,-2.367089978727275e-13
3397.307326855856,107.45425106006746,3.096153024461971e-12
3404.6203918862416,107.91240046616765,-3.2602581344718354e-14
3408.381877127839,108.14843392782765,-3.380448250756402e-12
3409.831939522659,108.23949504757331,1.448916468233451e-13
3414.2405251084947,108.51658360161093,1.471764013804923e-12
3416.6696906527304,108.66941457159403,-2.1129512875960835e-12
3421.607633885308,108.98042036737769,-4.3861101954699934e-13
3421.6365879539135,108.9822453020332,-3.041130380459826e-14
3425.934669359369,109.2533186858313,8.070371021010979e-12
3427.5705165128693,109.35657845464695,-1.5702856600460547e-12
3429.2715103207333,109.46400276064345,3.799118021604226e-12
3431.4989663684964,109.6047557780306,-1.239056086513539e-13
3432.5243844831275,109.66958270240107,-1.0401471444021515e-12
3437.497072597956,109.9842307163342,1.5619621432763242e-11
3441.4226270466847,110.23294282256266,2.2277840591084045e-13
3447.1630536100474,110.59715118230923,5.694095366007825e-12
3447.2557066295853,110.60303464381023,4.3709295528815444e-13
3450.9139262078534,110.83545775998219,-9.95231022677061e-12
3454.351616145081,111.0540943105992,-1.779385280031409e-13
3454.4037334685695,111.05741063951852,-7.668073237556074e-13
3458.858645563987,111.341070483007,4.624585966638451e-12
3462.0825656576867,111.54657676842318,-7.62087832827452e-12
3462.198381932107,111.55396294951282,-1.0796355826636212e-11
3462.5269990662277,111.57492184725706,5.738946261997098e-12
3469.0703876799907,111.9926672923924,1.2595722177550786e-12
3469.1862039544117,112.00006838140372,1.4606193073664558e-11
3475.3802288663687,112.39624949150323,-2.3089418836938513e-13
3476.3660802687155,112.45937153549131,2.8406459943567797e-13
3485.379648842151,113.03732198280223,-7.03042818501578e-12
3487.997004287606,113.20542732253661,-1.4485347084160881e-11
3488.71938521019,113.25184602719034,4.221510789661506e-13
3497.0332573962028,113.78677020434502,1.9886973685102025e-12
3499.6400001979923,113.95475325189174,2.1480753463380008e-13
3499.6564036553514,113.95581071557032,-1.3258878424495933e-11
3500.2002383363847,113.99087231513285,-5.710620684349784e-13
3502.0377949861995,114.10938184816055,2.3495393355405215e-12
3502.0725398685236,114.11162324886456,1.1396683771392635e-12
3503.71562553906,114.21764449136295,-4.8417157089981786e-12
3504.547541658153,114.2713434199801,7.523752240404617e-13
3506.945336446349,114.42618877750725,-9.93259864468138e-12
3507.0148262109988,114.43067788304532,-7.055721138259665e-12
3509.138047611629,114.56788290454601,1.62240425848074e-12
3511.1314659677137,114.69677548500621,-5.62416140462079e-13
3514.453829894513,114.91175911592255,-2.8033292840914116e-12
3514.5580645414866,114.91850722444265,-8.290244878436407e-13
3515.240388487634,114.96268554142304,4.598198410705636e-12
3519.1051393920156,115.21307779251927,8.863403763947677e-13
3525.0853944602054,115.6010731081102,6.427251352979917e-13
3529.4891582156533,115.8872078026063,1.8899106354327354e-12
3532.394595099062,116.07618425409889,5.596995509308234e-13
3541.032741308558,116.63894801997834,1.7568887468929843e-12
3542.275314937611,116.72001312362485,-2.879854826745963e-12
3543.812718257688,116.82035218592057,-2.286029587731726e-12
3544.517726739074,116.86637932456337,-8.548004910771686e-13
3544.575634876279,116.87016031841107,2.1692730426481914e-12
3546.1492307821077,116.97292870330108,-3.6004950379787824e-13
3547.2624800862445,117.04566032647503,-4.181322660831281e-12
3547.377806096482,117.05319619526793,3.3770258525342496e-13
3550.999833088666,117.28999879333155,-2.19277557548662e-12
3553.4786992688523,117.4522025725234,-7.628932711439966e-12
3553.55977066094,117.45750936343498,4.324541467631351e-12
3554.560099097519,117.522999068993,6.117631361804412e-12
3557.160082101654,117.69330150083836,6.290013876604723e-13
3562.2958704393523,118.03006855983094,-1.5664949199406079e-12
3565.5347578312317,118.24270069507874,6.136581334836224e-12
3566.069906291654,118.27785165752822,-2.893063083621558e-13
3569.0014018367106,118.47049909492387,3.268039119041753e-14
3569.070891601357,118.47506763525188,7.784237340111113e-14
3569.460790999137,118.5007028603819,5.16684220783916e-12
3573.7139935976857,118.78052561495701,9.533615236505566e-12
3574.920853360579,118.85998690323866,1.2339166226547452e-12
3583.7679475833233,119.44331086402863,-4.973838674711593e-13
3586.0870876665017,119.59645946614721,1.4121795837377932e-13
3586.6820706871754,119.63576621341906,9.15070176438877e-12
3588.874781852304,119.7806810054065,-9.595726965230595e-14
3592.09050598923,119.99336621661476,-1.3901232404629322e-11
3595.8843194252827,120.24453068318738,2.839922155275841e-13
3595.9885540722485,120.25143514420384,9.024817660455208e-14
3597.092148171956,120.32454904965277,-7.508865783242965e-12
3598.946108278974,120.44742574656651,1.9715264667371934e-13
3604.157655914484,120.79317564627608,1.722465059665272e-12
3604.9442145075445,120.84540178554988,1.1522850107788482e-11
3604.9847502035873,120.84809359492051,2.3242841405737668e-11
3605.903528528412,120.90911401428387,4.622015895992317e-13
3608.629940450478,121.09027947579992,1.2150254390497022e-11
3620.7694755470707,121.89859320387846,6.229261672508001e-13
3626.929724559699,122.30981308993938,-4.067002463661251e-13
3628.5438561614606,122.4176780495959,-6.833386604512126e-13
3631.621569752801,122.6234804324288,4.970750903960908e-12
3634.7842075823314,122.8351433547428,8.299812605162021e-13
3637.503380987183,123.01727425280633,-1.5883681400698732e-11
3638.6238688083845,123.09236442602871,-1.2099259064089745e-12
3638.710240750012,123.09815365433442,-2.8771673214484694e-12
3643.217270168201,123.40043574982872,6.202438331884383e-12
3644.9399795271934,123.51607504276961,1.3841642987633801e-11
3645.7197783227066,123.56843810916413,-8.985995546078944e-15
3645.9214878191065,123.58198461596088,-2.4504432498873787e-12
3648.2507618261793,123.73846945776454,-2.062457580812327e-12
3657.102677878312,124.33406878563103,-2.1800381888594574e-13
3657.9799515232557,124.39317457185456,-3.200302666517331e-14
3663.2122572707126,124.74599246541318,-2.0314219104177393e-11
3664.090499899455,124.8052623838966,-5.128740882389662e-13
3665.110127200161,124.87409174612098,1.1600664374335209e-12
3666.4882946873304,124.96715459628426,-1.091026276769388e-11
3666.7807192356436,124.98690550695352,-3.325523911625793e-12
3666.827045745404,124.99003463215183,-3.3278657209324023e-12
3671.3914930365167,125.29853416992306,-5.28411217185227e-12
3671.734587204878,125.32173855165622,2.5323652220805106e-12
3678.578607866745,125.78507112873899,5.127925726285456e-13
3681.7943320034406,126.00307002031224,1.4157683843701288e-11
3683.6468444069033,126.12874116470695,-8.58395764950648e-13
3684.6630975811054,126.19770882309614,9.247871694764802e-14
3693.440702038432,126.79418959360322,-3.1547254089669884e-12
3693.666053509332,126.80952200460476,-2.987524902431944e-13
3696.8841827886745,127.0285784015606,2.16159262993375e-13
3698.028312584332,127.10650469420106,-1.0021830220052545e-13
3700.506209780421,127.27535609537748,2.2382740292497113e-13
3701.8959588949933,127.37010730487513,-7.988294302025844e-13
3706.6085506554664,127.69167028818667,1.7751810013310682e-12
3716.2542638173436,128.3511196575141,-3.109931837122501e-12
3718.3026949034283,128.49138556666193,-1.5286740736694532e-11
3719.9964501937225,128.60742349993325,1.4271642830090614e-11
3722.9192595178397,128.8077873022973,5.1937791991858815e-12
3723.762757264223,128.86563984024957,2.3754416774488444e-12
3729.9056338352007,129.28735337183173,-1.1231011912739075e-11
3736.301368242212,129.7271644125227,4.005263733471011e-12
3739.6121505409665,129.9551306720666,8.261231983945015e-13
3743.1545538439514,130.1992689569733,-2.14965673610666e-12
3743.270370118346,130.2072547811489,1.3588713715300614e-11
3743.9464245310205,130.2538753684563,6.862958685110205e-13
3748.2184472735744,130.54866795788132,2.3096264628554095e-12
3748.3482503180912,130.5576303299244,-1.1589844772487617e-12
3749.3775328231145,130.628709086829,-5.033308209873065e-13
3749.464395028908,130.63470838894207,1.2352843797938849e-13
3751.215089472557,130.75565303313434,7.914048653391166e-13
3760.439053760935,131.39381200084847,-2.1547496011333571e-13
3762.1028859987755,131.50909090317325,-9.980723229607154e-12
3762.218702273168,131.5171171519975,-1.0072181547146372e-12
3762.719105851188,131.55179874212092,1.7180411163703905e-14
3770.3366557746813,132.08031964884918,-1.1902415580460138e-12
3770.4558461755596,132.0885978114204,-2.603759693844664e-13
3771.7090324480228,132.1756515308149,2.1190800577741952e-13
3772.827103581879,132.25334377350757,1.0668331363245776e-11
3774.2626889419594,132.35313312906078,-2.2029272313897253e-12
3781.029502601891,132.8240141237487,1.6951457565505934e-11
3782.057337403461,132.89561166122957,6.314862825707425e-13
3791.118201468234,133.52762074221684,1.0443184118094525e-11
3792.6724985095448,133.63618729268495,-1.481270588961804e-14
3794.359494002224,133.7540730988144,-4.878305720063015e-13
3794.7170652048535,133.7790666029476,-3.738543587401073e-12
3801.5060731357635,134.25405140040723,6.992903544288014e-13
3803.199828425955,134.37268528951094,-2.8960635163516353e-13
3807.585250755483,134.68009427785648,-5.3910940833376414e-12
3809.280453749096,134.7990194227272,5.902158150757467e-12
3809.578669111099,134.81994587633,1.8688545458978262e-12
3809.700276199206,134.82847979388706,-1.453485798121637e-11
3812.9010330371175,135.05319453726847,9.315188753402985e-12
3817.552342533531,135.38008425589618,-2.945220586575286e-12
3820.233396929209,135.56868733406836,6.144752959303235e-13
3823.532597600328,135.80095662552708,-2.1357098685501956e-12
3830.078402899438,136.26238590480182,-3.476563723974833e-13
3830.841798237489,136.31625083756444,-1.8598226512601676e-12
3831.2775454253197,136.3470018334527,1.5453020059391595e-11
3834.6317588267448,136.5838281970735,-5.442977850471541e-12
3835.3078132393757,136.63158654269728,1.9858809892396589e-13
3836.9320787648953,136.74636354566988,3.712235608122852e-13
3839.479944444996,136.92650368150157,-5.8379499557843045e-12
3839.618923974258,136.9363333025569,5.709039084860702e-12
3840.106298221384,136.97080668828266,7.695826067440004e-13
3842.5243608569704,137.1419079379077,-1.7170611867846225e-11
3843.1203128613306,137.18409383286112,-1.3273218966583569e-12
3843.1550577436465,137.18655353469316,-4.164523898388193e-14
3844.212325333394,137.2614115374842,-3.1256148879954586e-13
3844.2818150980247,137.2663323612151,-5.777314154612668e-13
3849.447036222826,137.63234954492117,7.28634535950503e-12
3857.7869670682326,138.2243699483592,4.963414993808225e-12
3858.116553186052,138.24779234760837,7.132914084302963e-13
3858.351069597132,138.26445973223807,4.612402200674406e-13
3859.9796782329176,138.38023500117242,1.4498544797236772e-12
3860.083912879862,138.38764654459598,6.084110410060839e-13
3860.1422997366813,138.39179819525026,-1.2389316991807897e-11
3860.743073570953,138.43452041349596,5.205278207726594e-12
3860.7662368258284,138.43616773157743,-1.5616891629679262e-11
3862.554092838888,138.56334581251153,8.478866787373907e-13
3865.1888207247307,138.75087294534325,-6.045015322373405e-12
3872.4603810725134,139.2690907488416,6.943139915648203e-12
3873.3680564893457,139.3338458709879,-4.100153224634327e-12
3887.321984977973,140.3312530992488,3.188536542668582e-13
3890.124646461626,140.53201595508415,5.17790467070224e-13
3891.2098991361336,140.60979464653644,1.752367076538691e-12
3893.007889073165,140.73870206612443,1.2469473381742663e-14
3900.733047769408,141.2932371853427,-1.0952492569838107e-11
3902.604859036799,141.4277668782203,-5.7235187521644355e-12
3902.6280222916744,141.42943205801072,1.1662028702255907e-12
3904.3203298783214,141.55111684541157,2.4567104010370726e-12
3907.6224259561127,141.78870481034193,-1.570500155627807e-13
3911.2048862350935,142.04669232288302,1.8963788357790917e-13
3914.831256336586,142.30808273573146,4.4037443941525787e-14
3915.665589142651,142.3682561036024,-3.674885164621855e-12
3919.216678665787,142.62450958593348,-2.069895233089835e-12
3919.2977500578518,142.63036256636897,7.703448333930527e-13
3923.769065609022,142.9533583960012,-2.4155423108378853e-12
3923.9780136225313,142.96846124654206,8.50626085061738e-13
3924.8504654373924,143.03153112135217,2.809830850860121e-13
3927.2540510385456,143.2053597665778,1.1924231282216802e-11
3930.9803126766515,143.4750554543925,-2.2867549999796034e-12
3935.6432038001394,143.81290187423235,-1.6717300722342836e-13
3937.1574438648945,143.92270119850906,9.560397230111499e-12
3937.296423394148,143.93278088348967,-1.8898694177884573e-11
3938.1746660227213,143.99648488820566,2.7438181407682604e-13
3945.818753326675,144.5515546531927,-4.321776533962762e-12
3945.94615122849,144.5608146768159,-9.988953670195905e-13
3949.7877388767565,144.84018413740216,-6.1962885161581e-13
3951.5326425064472,144.9671674925892,-1.3896300458607888e-13
3956.427154634081,145.32365929015774,1.0634102167878773e-13
3957.1229981750485,145.37437688376676,3.5366078393635594e-14
3957.657177651514,145.41331740276328,-8.035885688595682e-13
3958.786830412668,145.49568393703785,3.7778369051160424e-12
3958.8794834321693,145.5024406030509,2.0379515175639128e-12
3964.2184289681513,145.8920471027253,1.4659916274236388e-12
3967.445244467473,146.1277766949106,8.296789228047303e-12
3972.640388644259,146.50770221880185,1.971605881883676e-13
3977.025810973301,146.82879903317954,-1.7039246514068496e-12
3983.6324198158068,147.31319805044743,4.926927341525754e-13
3990.33842993076,147.80570745503758,5.307434257444136e-12
3990.4600370188523,147.814646289885,-4.3587904359508303e-13
3992.8742352635436,147.99216041810934,2.699619362405517e-13
3993.094764904481,148.00838114344234,6.205999461494257e-12
3994.6722252004606,148.1244349806931,2.155962629669816e-14
3995.6947479077944,148.19968651632507,1.776677679479272e-11
3995.7121203489505,148.20096519014075,1.8839524463252544e-13
3998.9534128825076,148.4396331979643,-7.437392960251799e-13
4001.382578425657,148.61862824702442,-1.723764894176709e-12
4007.909563579436,149.10011289010853,1.87996228471877e-12
4011.280180437835,149.34906485489915,-8.796712225402397e-12
4012.35289404557,149.42833881062384,2.4422267154688784e-12
4022.209960361653,150.15777215299153,-7.893154170541912e-12
4028.657812090894,150.6358883055247,7.569841731616129e-12
4029.420238445046,150.6924737914155,-3.2690917619673516e-13
4031.7784665201007,150.8675636983499,2.397164648518641e-14
4031.8991046243873,150.876523395664,3.6037728233923003e-13
4031.933849506698,150.87910392052578,1.0735917054392736e-11
4034.523219866316,151.07148071289052,1.15275385620141e-13
4036.1870521038595,151.195159999549,1.7033091754818283e-11
4036.3028683782313,151.20377098353754,-9.370230782937796e-13
4037.3075399247564,151.27847906289793,-2.8904035694351996e-13
4040.8205104388294,151.5398521802856,-4.669081907928715e-13
4046.7954534106866,151.98492386483028,3.851079657910024e-12
4048.939432922678,152.144788569118,-1.3234445290834651e-11
4053.8990917043593,152.51492741195196,-1.3427087457950105e-11
4057.388898963524,152.7756429668626,5.914361585882738e-13
4057.4583887281456,152.78083666700346,-2.9771288042687785e-14
4065.1024760315513,153.35270268846753,-5.061420099029882e-12
4065.4643903444085,153.37980474610995,-1.1487510672284672e-11
4067.211710661212,153.510687276498,1.9423026053858012e-11
4067.295187195955,153.51694147014746,2.577882244177239e-12
4072.7098920295584,153.9228938981395,7.319874431794088e-12
4073.455436206711,153.97883129895538,-3.498811702110211e-13
4083.3646198459087,154.7232794208205,-1.0072562482015571e-11
4086.78542760457,154.98069473541779,-2.0922135078366926e-12
4088.4285132744217,155.1044133405022,-3.949831775184655e-12
4092.1243731401473,155.38288040238928,-7.536284904087322e-13
4092.2454899640593,155.3920102893655,-6.518039312649651e-13
4092.2976072875244,155.39593901973427,-4.470713471989522e-13
4097.665506891676,155.8008522902502,2.856446290785174e-13
4097.68191034903,155.80209045502053,9.152356374913008e-12
4099.953276218217,155.97358541566766,-2.3235902342082428e-12
4102.056720034117,156.13248651087807,-2.4872420111113138e-12
4106.4990815162055,156.46834499986076,9.344550597694703e-14
4113.664002073308,157.010804717076,-2.2726903384184204e-12
4118.2139723287855,157.35577617299785,-3.3928690270256907e-12
4120.207390684017,157.50703409634232,1.1761577458587502e-12
4120.253717193762,157.51055016037463,8.060998738565597e-12
4123.529754609397,157.75929329873247,5.8624822929925455e-12
4127.66425706966,158.0735002100604,3.753216775253234e-13
4128.181064104919,158.1127977753925,-1.8535634193216204e-12
4128.525605976607,158.1389991782528,1.155182635253037e-12
4131.871133156844,158.39353045103528,-8.470466012555287e-12
4132.200719274609,158.4186168702487,-3.815943283327039e-13
4132.474323678249,158.43944376610506,-1.4576547630116747e-12
4133.182227566206,158.4933361423886,2.645622721804613e-13
4134.161319170573,158.56788911963625,-1.3440998725117787e-12
4136.562978348373,158.7508383556398,-2.8306936937068075e-12
4136.63825892671,158.7565746603804,7.887866752789652e-13
4140.300821613457,159.03578436255313,-3.829503952224492e-12
4141.470519806346,159.12500652286727,-1.1704703220872486e-12
4147.031921405738,159.54956352420066,-2.374906325644903e-12
4150.108666012222,159.7846867745786,-3.67408123663796e-12
4150.247645541457,159.79531163545747,-5.641064372343553e-12
4152.527697631155,159.96967038105814,7.002626546487317e-15
4153.261660180839,160.02581789007073,4.948168341129903e-12
4154.041458976092,160.08548270492847,9.325719945101883e-14
4158.4268813046765,160.42123354482283,-4.817516975154177e-12
4159.122724845562,160.47454035308863,-5.147397508669875e-14
4160.075757788182,160.54756426235318,4.585614873562618e-12
4164.793661641371,160.9093089784186,-8.808725093548948e-12
4171.371795134207,161.41437097186346,3.2759037635674006e-12
4171.533937918313,161.42683018577898,-7.261983707860749e-12
4176.73390392441,161.82665759134147,7.696284305741578e-13
4176.803393689028,161.8320040589088,-1.1340266061985923e-11
4178.014596561719,161.9252069889231,-2.0970478948126677e-13
4181.706592036605,162.20947542046613,2.6801692602758354e-13
4181.805035869813,162.21705862659047,1.3784523770934179e-11
4183.996778050272,162.3859364868716,-2.580397212473586e-12
4188.893706864486,162.76357378490175,1.773469891214992e-13
4189.657102202373,162.82248447239522,-5.8226707502094515e-12
4193.089491588271,163.08749221835697,-1.8741976596024486e-12
4195.11765482573,163.24418454645647,-9.984821867402793e-12
4196.72310020632,163.36827216475425,-1.5205698704373915e-11
4197.950706536352,163.4631879892294,2.0066752287914463e-13
4201.9877341470465,163.77551784674512,-1.0679818294566572e-13
4208.888693959985,164.3101147402409,-3.564810786199952e-13
4208.990511919677,164.3180088427118,-7.354293776639976e-12
4213.233580592418,164.64715025887838,-3.6020350944874865e-12
4217.166373556157,164.95251925620832,3.1494564148405104e-13
4222.216268669638,165.34504551607708,8.026201050932361e-12
4226.872890259007,165.70741909094312,-8.919074653432772e-14
4227.999647613133,165.7951622256796,-3.159448379326096e-13
4229.845400218441,165.9389456738498,-1.3026635404078214e-12
4231.207164247768,166.04506681987064,-1.8919815664100273e-14
4232.08443789239,166.11345012178856,-6.572184970497813e-13
4232.8709964851305,166.1747742574754,-6.447107310242501e-12
4232.928904622311,166.17928952278447,-5.410008981602762e-13
4233.234358501384,166.2031076693863,-1.3124669097190994e-11
4234.543036223444,166.30517290017883,3.44569123110794e-12
4238.30259503978,166.5985605697883,1.3637921575167354e-12
4244.623048866466,167.0923816251474,1.4317906314745768e-12
4247.786165414388,167.33979421026424,6.0167064080252975e-12
4247.925144943615,167.35066913506822,1.867344008473042e-11
4256.104380706421,167.9913078290652,2.6700986108063377e-12
4258.912833003201,168.2115640897127,1.0428068033708354e-11
4262.116006527495,168.4629541958814,-6.81976593514358e-13
4265.060531402089,168.6942118744588,-4.805140911053116e-13
4266.507219669555,168.80789067520692,1.1549219483402611e-11
4267.055876180223,168.85101344233232,6.692411324072778e-14
4276.604114489393,169.60236447277535,8.07104525130166e-13
4277.185110739683,169.648137280607,-1.5304329578016092e-11
4278.153589700341,169.72445108037132,5.791202738934529e-12
4281.111143905776,169.95760614416463,3.6160230531878736e-12
4281.620233704219,169.9977558524643,1.3679808920733216e-14
4282.746991058311,170.08663530321272,-8.828149392543417e-12
4285.364346502368,170.29318448851546,1.5012031564020973e-11
4285.451208708134,170.3000414022029,1.0619626905346647e-12
4286.632009808743,170.39326777942583,6.620398182705341e-13
4287.654532515915,170.4740185423543,-1.072336335956896e-12
4291.321438312665,170.76376016264612,-8.970035840181749e-13
4293.681114090818,170.9503416037872,4.189394973515119e-13
4299.439882075806,171.40612257403566,3.733157201586851e-12
4303.004000929047,171.68851282954157,8.485992386205357e-12
4307.638906966788,172.05609310021637,-2.250724401536712e-13
4309.582134421423,172.21032228071982,-4.680584918248979e-13
4314.6590571802035,172.61359340855893,1.145238987425289e-13
4321.892498517346,173.1889816912704,5.876289037114451e-13
4322.452736655435,173.23358637386573,2.5902176829377246e-12
4327.867441488319,173.66498886619604,1.0862174527875447e-12
4329.663983721483,173.80824300815226,-5.46258492935501e-13
4331.542554785947,173.95810161943626,1.5926583812562276e-14
4332.838681896708,174.06153502590846,-4.967394769066441e-12
4339.186642088261,174.5685612381278,8.637514578939368e-12
4341.29587671762,174.73719496562046,1.80687650431912e-11
4346.931589910979,175.18817337037478,9.258427790255411e-13
4347.403039420241,175.2259260010451,3.474182014626547e-13
4350.274221683988,175.45593230071933,3.0174296602458054e-12
4353.43541180869,175.70934635121426,-1.3795833392342253e-12
4354.148137526485,175.76650681715668,-1.1391149339454404e-11
4357.4241749417315,176.02936474448936,2.4235903050919566e-12
4357.539991216083,176.03866106044902,8.702564799362454e-12
4357.832415764273,176.06213443111903,2.175772121877969e-11
4365.704271224533,176.69461237190535,-1.3250169940965952e-14
4365.742390233325,176.6976778871806,-8.565459973921283e-12
4365.892951389981,176.7097862161722,-2.2256481060257434e-12
4366.438233774139,176.75364204733117,2.5497885013763336e-13
4366.828133171723,176.78500413400093,1.6961324664737627e-12
4369.630304390462,177.01048295915345,-1.5317232273268325e-12
4374.102588924338,177.3706483585916,2.0910601401213485e-12
4375.831089096284,177.50994795826134,-1.9170338411609217e-11
4379.141871393803,177.77691712964767,-3.5801280341103456e-13
4383.338613556452,178.11561700112134,4.606582733403579e-12
4384.1652291255305,178.1823676091102,3.266379181370931e-12
4394.33788324276,179.00485722894413,-1.37563278956627e-11
4397.718155304861,179.27858432089602,7.662301044192938e-13
4404.946284547633,179.8646087711554,-3.1048735109579167e-13
4405.0910548905695,179.87635593516558,7.867429614843448e-12
4410.581997740827,180.32219495855287,-1.4622891302242214e-12
4414.514790704193,180.64186080738907,-3.3437181427213016e-13
4414.619025351107,180.6503370987924,4.803679433388664e-14
4415.9441065304045,180.75810925336714,1.629783825264081e-12
4418.136817694417,180.93651896082142,-1.2880867513166813e-12
4418.24105234133,180.94500220678142,2.4687533550656666e-13
4432.657265394873,182.12020881133748,-7.2373033627627964e-12
4433.206890889303,182.16508992471557,2.753643159378571e-14
4434.246786037556,182.25002051849688,5.32098569171995e-12
4439.1543274948135,182.65109937762207,7.26980482072084e-13
4441.024212338608,182.8040362621899,-1.716884785482365e-12
4443.017630693522,182.96714781726297,5.951679184585991e-13
4443.139237781586,182.9771006921522,1.4049939607556477e-12
4445.479124431191,183.16866066176564,7.890958912826669e-12
4445.618103960405,183.18004169982615,-6.755564753737288e-12
4446.10547820737,183.21995560401467,1.0236591186476622e-12
4446.3399946183745,183.2391630725342,2.9665747069398283e-12
4446.530122487245,183.2547357543339,5.4326471622196894e-12
4447.266980443681,183.31509539905701,-7.793649453507486e-13
4449.901708328689,183.53100068377717,-4.931038328612748e-12
4450.818069965816,183.60612278168549,-1.3133847223342854e-12
4450.99130411316,183.6203260232278,-9.37952668166929e-13
4453.874068004207,183.85676121104675,3.8864632389663326e-12
4456.971559177872,184.1109782626576,-6.801499382067885e-13
4457.254340066218,184.1341954373973,-6.440032007198855e-13
4464.280759812497,184.71155898222702,-5.922882286651354e-13
4467.97227656725,185.01525670914245,4.075655268699201e-14
4469.055602818368,185.10442861725681,-3.0317519658658805e-12
4472.089406585669,185.35426535747638,5.373527331471237e-13
4472.918906017026,185.42260497142925,-1.8591778808180622e-12
4474.161479645367,185.5250000660126,2.3587357201117896e-12
4474.202015341386,185.5283409156675,3.4412240724203642e-12
4474.837534057763,185.5807227198509,-9.50474332864647e-13
4479.069021102538,185.92968722358793,5.504022967789876e-12
4482.106198996312,186.18036214039967,-1.82213665113725e-13
4482.885997791442,186.24475061784722,2.3204337999024793e-12
4482.95548755605,186.25048897502458,-4.981978710491088e-13
4487.340909883943,186.61281030074588,-5.892571367134511e-13
4492.474293076058,187.03737781750684,-5.050364137199668e-12
4494.182035135727,187.17872790715325,1.6576852722301494e-12
4500.285823711446,187.68437863447457,-3.6642988603553854e-12
4506.807018049865,188.2253664231096,-1.3057401812230671e-12
4508.627202257383,188.37650581516263,-5.880094978082956e-12
4511.990101878162,188.6559054555019,-9.881810934538263e-12
4512.071173270202,188.66264367797461,-1.6791236293643944e-12
4515.918551731069,188.98255649897726,-8.172148153839146e-13
4519.136681008909,189.2503561324791,-9.803868177657542e-13
4520.286601617751,189.34609411265498,6.5213426633803234e-12
4520.7609465338355,189.3855933475681,1.0154217863286388e-13
4522.928089300195,189.5661064886913,-7.42727514627886e-14
4527.835630757267,189.97520216017844,-2.1669572171367076e-13
4530.531640905842,190.2001320279208,2.1836773577535265e-12
4532.844990174005,190.39324298438245,5.050994016273754e-12
4534.172009320838,190.50406276832499,1.0586835658202132e-12
4536.0438205876135,190.66043346047013,-1.822705199290066e-12
4536.200172557976,190.67349798956772,3.648247557186326e-13
4536.979492633461,190.73862348718478,2.70587816861246e-12
4542.248948403275,191.17927005017506,1.1158179669806052e-11
4543.522881242848,191.28587663707827,2.3906808564664607e-13
4543.592371007453,191.29169261242345,1.6623592429649316e-12
4548.931316541857,191.7388038768849,-1.3474844506424447e-12
4551.2692767683,191.93476222244416,-1.4236900424564726e-11
4552.655640211176,192.05100913984708,-6.591735581020087e-13
4552.725129975782,192.05683680556908,3.221165076063121e-13
4565.563404013341,193.13502768139946,9.957325019396168e-13
4566.733102205997,193.23341282017725,1.6803208292237164e-12
4567.765280117417,193.32025184627602,-7.149181952036947e-13
4567.823188254588,193.32512434576387,-8.546856161234067e-14
4570.510033462917,193.55126847470865,9.909487095477708e-13
4570.596405404497,193.55854036181955,3.0445652723869933e-12
4571.630031019347,193.64557475728353,2.2828075856957505e-12
4575.051317496838,193.93379778120453,-2.6816745166477974e-12
4575.172924584894,193.94404642281992,8.000952454817531e-13
4579.069524962255,194.27258317444557,-1.1468535651214904e-13
4583.84002485761,194.6751824325066,-7.863015797007327e-12
4589.86611616755,195.18434470059813,3.386475719845586e-14
4591.062363286093,195.28549873037966,1.9777465947865783e-13
4595.372026315845,195.65014012753124,-1.607228109239797e-11
4601.950159807379,196.20737689314552,-5.644911063371161e-13
4602.112302591455,196.22112215010497,1.15398064542013e-11
4609.305686951302,196.83141100118692,6.071430318342867e-12
4610.464772500304,196.9298373284829,-5.426192000286763e-13
4610.894728874241,196.96635432291123,-1.449807064634551e-12
4614.924996686663,197.3088180274482,-4.0517657532047635e-14
4620.380237214878,197.77284244868082,2.5961886901636606e-12
4620.899939656879,197.81707709660068,-8.60617285070481e-12
4623.82371796337,198.06602819873024,7.937315561693996e-14
4625.452326598515,198.20476770809728,1.3134569308704158e-12
4626.533726426506,198.296918048875,-5.998661069901762e-13
4628.232303545879,198.44170399001592,1.9438805848656268e-11
4631.95277436897,198.7590209243487,-1.1363622400719465e-11
4632.392374402731,198.79653101586382,-2.3684432295468537e-13
4632.566098814238,198.81135551422122,1.6970894732759784e-13
4638.496162978108,199.3177215526634,6.835615766311771e-13
4638.611979252446,199.32761751170898,-1.095223549508161e-11
4640.522399792105,199.49088966594215,-1.3639982163657228e-13
4642.630665437391,199.67114848573272,5.702434086860915e-12
4651.924598205629,200.46676505771777,-1.7852467065270923e-11
4654.869123079722,200.71916601377214,-1.9583847479683848e-13
4655.648921874797,200.78603613122021,-2.5135652533187502e-12
4658.249395141455,201.00911558160263,3.038522227638178e-12
4668.077507385922,201.85333710820302,5.089223740742644e-12
4668.187532846541,201.86279821723684,-3.280250471399755e-12
4671.463570261354,202.14460742946534,-1.5279223004190114e-11
4671.78639658152,202.17238809102903,-3.9305462397172095e-12
4675.201413525533,202.4663832770338,-2.2751868141214443e-12
4676.371111718137,202.56713074619663,-5.390256376501098e-12
4676.417438227871,202.5711214213523,-5.8433906383620076e-12
4676.837260677792,202.6072877229385,1.383318627416605e-12
4680.234414916472,202.9000606411213,1.2263636105959012e-12
4680.603567746371,202.9318877075521,-2.091831498374462e-12
4687.378588904059,203.5164521444569,1.7732102497587472e-13
4690.028272542731,203.74530295946204,-2.781179166011983e-12
4694.806979938829,204.1583626090864,-9.840499089653537e-12
4695.282772558309,204.199511972817,3.4476937457273465e-13
4696.2512515187955,204.2832846523053,2.0621266823301405e-13
4706.148853527721,205.14041011022593,2.3309738784169356e-12
4713.079257671896,205.7416524493015,1.4441959886953192e-11
4715.260387208211,205.93105784987426,3.4106965016743715e-14
4715.575006027422,205.9583860193007,-1.953891461772628e-13
4716.5840206839175,206.04604254819452,4.279704008086324e-12
4720.22438909865,206.36244960103392,2.0222638884684221e-13
4722.985545901336,206.6026017046199,-8.562594748865242e-12
4730.018246724765,207.21490649159242,-5.932114734533045e-12
4733.392237708511,207.50898770128256,-7.399292363400106e-13
4734.96053306374,207.6457536450449,-4.60120720983995e-12
4737.08375446287,207.8309850763691,-1.997161595726602e-13
4743.244003471746,208.3688798192974,-5.622553309776539e-13
4743.533053893402,208.39413601777895,2.1238886109872107e-13
4744.858135072525,208.50993660110254,-8.7063049425607e-12
4746.173572591819,208.62492640387742,-2.8745101949597624e-13
4749.52971241477,208.918449893304,7.299515062106495e-12
4749.610783806801,208.9255428551096,-1.2170417344751504e-12
4753.153187107935,209.2355870657838,-9.392388820776385e-12
4753.1937228039515,209.23913623718366,3.234393875118603e-12
4756.107845905922,209.49436651562084,4.9657405059359265e-12
4756.24682543512,209.50654279350485,6.674604740571383e-12
4761.964567458806,210.00779417512936,3.678561437833289e-13
4766.419479550823,210.39875574684797,-1.3541393704837378e-13
4766.55845908002,210.41095842351984,-4.698001228341348e-12
4767.193977796324,210.46676275318754,-1.6263438423057498e-13
4770.00773064204,210.71392526218077,2.4753551719888515e-13
4776.015970790782,211.2421825185239,1.2781669889948718e-11
4778.0093891454335,211.41759501218334,-4.430837645742003e-12
4779.830542336561,211.57791287406567,1.8327123801266624e-11
4780.999761809493,211.68087258858952,1.6171519081896632e-13
4781.331753069848,211.7101118317652,-2.2085203809000115e-11
4785.983062564022,212.11997697249356,6.982754322373533e-12
4786.168368602952,212.13631406669728,-2.847365379974738e-12
4791.8658427785695,212.6389278906941,-1.5340770736911939e-12
4791.963317627949,212.64753202768242,5.063492122619531e-12
4794.892886747972,212.90620773335894,-8.941339497501794e-13
4797.016598411233,213.09382651181826,-4.0516524916808755e-13
4797.96963135359,213.17804897689172,-3.7081451965635387e-13
4799.272518261621,213.29321618873516,4.40938614327938e-12
4807.102880585216,213.98603088589437,1.1107601683082613e-11
4807.910664465028,214.0575662451449,1.3840935679673461e-11
4814.6277774852415,214.65288284205553,5.629135128936231e-12
4815.243997337328,214.70753809012308,-1.3323326569139398e-12
4815.347263000423,214.716697860131,4.851660239347471e-12
4816.924723295808,214.85664462202536,5.896862858116645e-14
4817.583883986592,214.91513663252584,3.2573214197082765e-12
4817.607047241458,214.9171922182403,-4.0795684523530624e-13
4817.877756238157,214.94121658449455,-1.7274802218975095e-11
4823.096063667766,215.40458480499427,-1.8541402016289033e-12
4825.37515831755,215.60711815558392,-1.630155127257448e-11
4828.601973815587,215.8940350226014,-1.4609141876667296e-13
4829.173793580996,215.94489919245663,-1.2340856247401266e-11
4832.638032441406,216.253176873932,1.5230869877740402e-11
4832.947829430691,216.28075603530255,5.726031794237313e-13
4836.252820913893,216.575087436049,2.1639607786442085e-11
4840.985201800008,216.99688764910613,-7.423942114798905e-12
4841.160362370385,217.0125077429379,1.3741619443732038e-12
4841.798776493529,217.0694436527932,9.720737510550638e-12
4845.09315533309,217.36336672233327,-6.100629055347735e-13
4853.1536909572405,218.08336725150184,6.134893684754351e-14
4854.030964601639,218.1618011954222,-1.087105075298447e-13
4855.655230126361,218.3070584731371,2.5557986138987496e-12
4855.752704975738,218.31577714735613,-7.559413056762426e-13
4855.828954537854,218.32259743985213,-2.3973636475026955e-13
4857.919847741827,218.50966324153373,1.8817173291863747e-12
4861.897998230441,218.86579853428478,1.4066089793955426e-11
4867.529368312346,219.37043314024066,1.3690154349204045e-13
4868.0456966278125,219.4167312470124,3.7054339340552395e-13
4870.077233991186,219.59894273168038,-7.584546478739268e-12
4871.035579027607,219.68492445608697,1.3569289336108537e-11
4876.196468584135,220.14824499250375,1.0734541695390358e-11
4883.389852943269,220.79485192418048,-1.0360491649271782e-11
4884.152769561307,220.86348572815092,-6.852029199298204e-12
4885.680038956264,221.0009147516735,-1.6875358296084473e-12
4885.726365465994,221.00508404391854,1.3870718600664927e-12
4887.647398649116,221.17800795701683,4.907264183538992e-12
4889.543342154314,221.34874004831917,8.502370045889334e-13
4898.464269245757,222.1529694908774,3.2139899269659907e-12
4905.588163840243,222.79624762626642,-2.266542464501478e-11
4907.983553483917,223.01275811892668,-5.070559404883982e-13
4909.003180783976,223.10495056525676,1.1286307180364766e-11
4909.037925666274,223.10809245811382,-1.6355757875474342e-12
4911.592551142596,223.33916177955356,-5.597300251548822e-13
4914.497988023833,223.60210857754885,2.9558447173029737e-12
4919.918004949543,224.0930445977607,7.81250842615469e-13
4920.640864591185,224.15856090666537,-5.1459362832659105e-12
4920.727726796929,224.16643430150705,3.777747847795074e-12
4921.507525591933,224.2371233248289,-1.4919234754570121e-13
4923.899529564561,224.45402916885308,-4.363884350901182e-12
4923.980600956589,224.4613825328398,4.3145850261045595e-13
4924.760399751591,224.53211828182725,-2.8562935120556964e-13
4924.857874600966,224.5409610380464,-2.5210726791076086e-13
4931.528661111187,225.14653953910226,-5.415697749517019e-12
4931.644477385514,225.15706065796087,7.551393770941779e-13
4939.000004528572,225.82576630752868,-5.5442298514268744e-12
4945.456530931263,226.41356336465688,4.039534343613888e-12
4950.501604213339,226.87339728904266,9.971280503552981e-12
4953.281102440759,227.12693536170954,8.379821568350184e-12
4956.42057701329,227.4134806229587,1.0638275192659692e-12
4958.153899014765,227.57176170448884,3.6036052836943015e-12
4961.306402918153,227.85977952303733,3.4587664060695456e-13
4961.46275488849,227.87406885503367,-9.48536221503466e-14
4967.384132831106,228.4155673764876,1.763184644201033e-12
4967.557857242593,228.43146388931288,-4.299549453793551e-12
4968.8781165917,228.55229132818587,-3.002025157234395e-12
4969.193704394687,228.5811780341663,2.3669195033483613e-13
4969.453800747742,228.60498681901709,-8.153528253642766e-14
4976.293957014521,229.23157059281888,-4.2290010330043914e-13
4978.7062288351135,229.4527492393178,3.2025302448049627e-12
4979.05077070668,229.4843486666758,6.949940850858312e-12
4987.163423653927,230.22902713095147,1.3434007901681097e-11
4989.803942352128,230.47166773523287,-1.4439913328720411e-11
4990.640680300473,230.54858344201813,1.871214466653753e-11
4990.733333319932,230.5571012056946,-2.3891310953331615e-12
4999.181351653964,231.3344077194152,-2.7274122916743404e-12
4999.250841418559,231.34080695982342,2.7706656794031396e-13
5004.057533898934,231.78366616388968,1.0775619921294378e-11
5006.3578538358415,231.99575412772677,-2.4136985902954368e-12
5009.270050514511,232.26439653082625,1.8527993532157074e-12
5012.089115454091,232.52459658815064,1.0930884297189386e-12
5015.226173339334,232.81431952781756,-9.129587672486177e-12
5016.3423180494765,232.91744478105147,-2.444672311877581e-13
5018.942301051639,233.15775701635494,1.485649922891098e-11
5020.279454122248,233.28139640626958,5.72340797863101e-13
5024.240232169507,233.64782162902966,-2.920873436507202e-13
5027.212742128005,233.92300858450315,2.6931013376383943e-12
5031.910378131533,234.3582349196532,4.3256949626268595e-12
5031.979867896127,234.36467605481133,-6.356529970942767e-13
5035.530957417505,234.69395154586945,6.635361042072345e-13
5035.6815185741225,234.70791749259092,5.399247053232401e-13
5038.385245958986,234.95878441651638,-9.886430341653359e-14
5039.418871573666,235.05472555240152,-1.4281755989900298e-12
5041.140611947666,235.2145811985448,-1.735272722915176e-11
5046.124402965948,235.67761098939127,-1.0833977388565295e-12
5053.953796305113,236.40594154180238,-7.923938184875575e-13
5066.905948647153,237.6132966679791,2.8499971613269417e-12
5068.383996125437,237.75127161694826,5.508316236284771e-12
5071.100764385683,238.00498545878094,2.1673069547906787e-13
5072.1869860434235,238.1064636888236,3.1358126984723473e-12
5073.792431423458,238.25648922642947,-1.5984272720802216e-11
5077.0482009898205,238.5608799049311,-8.52117567507028e-14
5077.187180519003,238.57387782142632,4.641506173804088e-12
5078.323102812957,238.68012711556204,-5.5451237249512845e-15
5078.524812309217,238.69899664084429,-5.3807547986667396e-12
5078.918085833185,238.73578875798603,2.5125847700801225e-12
5084.407592523211,239.24964879194044,-1.1653189194275354e-14
5088.711943458149,239.6529574077353,-9.605518559029317e-12
5093.340089697,240.08698572524477,2.970645356542363e-12
5093.403788647875,240.09296217601656,-5.5305425135296406e-12
5096.784060709115,240.41021794343973,3.0817900320476995e-12
5096.956325872619,240.42639154386603,-2.7384508799279447e-12
5099.459324289525,240.6614542793503,-1.5163617325974295e-11
5100.406087698446,240.75039724086952,4.5269416363454516e-12
5103.872731701243,241.07620936555614,-6.203209136473437e-14
5106.995802816285,241.369920383388,-1.0660790785138606e-11
5108.276495453129,241.49041580353168,9.186025096582146e-14
5110.032980709387,241.65572584716938,8.241334292295407e-14
5120.779871276522,242.66839748555893,-1.8762511944321627e-13
5123.189247690154,242.8957232159624,-6.382222806931833e-12
5125.182666044584,243.08388395506583,2.212432737294139e-12
5126.857601189184,243.24203933822608,1.142016303500112e-11
5127.042907228092,243.2595399951835,1.5622611223287462e-13
5128.212605420525,243.37002312896414,2.0497169191519677e-12
5128.505029968632,243.39764785038773,1.1027712654382355e-11
5129.891404955783,243.52863716587092,-6.155388031073012e-13
5133.156339462295,243.83725889715228,-3.486667224327533e-12
5133.644203973315,243.8833917202534,-1.098986126048217e-12
5133.904300326357,243.90798841242363,1.9465384185994746e-13
5137.1571744858065,244.21571021736227,-8.16337376201967e-13
5139.136594525567,244.40305868867324,-2.5283284931511856e-12
5146.445795158441,245.09548641635413,-2.201714653983505e-12
5151.964255916939,245.61892269390222,2.594124883817849e-12
5152.478167545132,245.66769672170253,3.611740541707554e-13
5155.083941360907,245.91507886968802,-6.911110015594643e-12
5158.087822075101,246.20041095704576,1.380275556154307e-11
5158.180475094556,246.20921450806534,3.801055964247927e-12
5158.724309775127,246.26089087838042,4.283854957254881e-13
5159.81053143284,246.36412236289087,-2.366870885009071e-12
5163.970602288961,246.75968493905953,6.952958521183237e-13
5165.05103313296,246.86247043625792,8.62570918867877e-12
5169.65553739722,247.3007555396314,-1.5753575820903328e-12
5170.236533647315,247.35608609316128,-3.807135842667496e-12
5176.347070474584,247.9383931017361,6.162065499044933e-12
5176.509213258628,247.95385395616185,-1.172382894117699e-12
5180.7059554200805,248.35419578305442,-4.772653770784586e-12
5181.7786690273,248.456577726408,-1.587801721014952e-11
5181.859740419321,248.4643162045813,4.0732551214813116e-13
5182.067719448918,248.48416890514042,2.712305429672678e-13
5183.410173069005,248.6123323877595,-2.60710017548503e-12
5186.825190012453,248.93851225831435,-1.0605304331391535e-11
5188.972053385771,249.14367644988496,-4.853772734475517e-12
5190.64698853034,249.30379995543225,-1.9026016901345263e-11
5190.820712941815,249.32041093661522,6.073493304068827e-12
5198.083587064857,250.01536155055447,-1.4984813293846945e-11
5200.690329864399,250.26502559337845,-5.5988837372556436e-14
5202.925981866503,250.47924766255613,3.774569439516717e-13
5205.052588936354,250.68310639651492,-5.429572766551863e-13
5205.093124632363,250.68699299898984,-4.764805069560468e-12
5208.490278870469,251.01282305640203,-8.538510500491644e-13
5208.611885958499,251.02449065534947,-7.732454876499441e-14
5212.945190961866,251.44042765023252,-9.820268500387136e-12
5213.0841704910445,251.45377347627672,-5.157146385077289e-12
5218.2088559167705,251.9461315196913,-6.775408480429721e-12
5224.535100554871,252.55459748658242,-6.329351156390501e-12
5229.518891572891,253.03446377601387,4.625383335152403e-13
5232.238064975696,253.2964733796191,-6.1490669293621705e-12
5234.528250988453,253.51725299174373,-2.7459998715438764e-12
5234.820675536553,253.54545039932134,-2.4502859690272323e-12
5236.637485617137,253.72067390814635,-1.4559811871955857e-11
5236.767288661568,253.73319518006582,1.5161641763973668e-12
5236.871523308451,253.74325025641278,1.3136848052785275e-13
5240.45446230506,254.08900293270298,-9.068159912962473e-14
5243.3256445678935,254.36624194673223,7.50601413197769e-13
5243.897464333229,254.42147452929586,1.782868051334678e-12
5248.858092096361,254.90087877405503,2.7820105168408874e-14
5252.761440725835,255.27842427756738,1.1317227975445745e-11
5254.3389010210085,255.43108137359008,-2.740191077167946e-12
5259.752158148662,255.9552923017826,2.126277197859324e-12
5261.153488889679,256.0910828229232,4.84163005920563e-12
5269.575938825514,256.90798973828686,-1.376211189652407e-11
5271.48249497413,257.0930910518638,1.616997339854633e-11
5272.031151484598,257.1463707286397,1.2588104997159481e-13
5274.741159947172,257.40961922391466,1.4049995745702162e-12
5282.160386040373,258.1310102862197,-2.470638765582283e-12
5287.848216555308,258.68473979445105,2.0197247544590728e-11
5289.679492125609,258.8631474776636,4.373259826029374e-12
5292.629807812823,259.1507049248385,-2.0169958202122334e-12
5294.363620078305,259.31976863459977,-3.061482909960736e-13
5296.2981613116835,259.5084707504092,-2.574755886547545e-12
5297.090031998207,259.5857325525347,-7.429287791637162e-13
5297.792145072138,259.6542464812465,-1.3272079510812322e-11
5298.142477757388,259.6884362062726,1.957024255665963e-12
5301.401142730409,260.00656469249907,-2.28099732368762e-13
5301.516468740548,260.01782702471746,1.6203801214239705e-12
5304.445559140494,260.30395381520225,2.0655861691035925e-12
5305.207985494264,260.37845699038746,2.2589583727841033e-12
5305.994544086697,260.45532955380673,-7.38115335747333e-12
5310.276222030682,260.87398974205007,-1.3368609804809314e-13
5314.55740971049,261.2929396365537,-8.803798771252181e-13
5314.731134121958,261.309947146191,1.088696426422127e-11
5318.302012771436,261.6596570561768,2.9702610126521356e-13
5323.209554227229,262.1406547325781,-1.5592687860756564e-13
5323.513560402754,262.1704655610443,-6.066920547384856e-13
5328.037962258599,262.61432935839724,-7.370612773870577e-13
5330.943399139491,262.89956436690517,4.085076087529049e-12
5334.173110043904,263.2168167799277,2.0303145144214086e-11
5337.813957177578,263.57468523226464,-9.343173511533549e-12
5337.8660745010175,263.57980975391837,4.744785595917814e-12
5340.225750278298,263.81188117712486,-9.689803310067761e-14
5340.959712827656,263.8840864704393,5.443422072709925e-12
5345.18058722759,264.29951754687335,-2.0310963058962254e-13
5346.159678831514,264.395929561535,4.175279451356997e-13
5350.0229820290515,264.7765247419671,1.362616118203709e-12
5360.937327473618,265.85324227564274,-3.982003464566929e-12
5362.399450214063,265.9976496785404,4.558484295541688e-12
5362.515266488375,266.009090023436,1.2183928459806809e-11
5365.140829432383,266.26850972592047,1.33663229558911e-13
5373.377004345294,267.0831119358939,7.359522785904311e-13
5374.977627895282,267.241567272214,-1.4605247991498303e-12
5381.079968765824,267.84610757943,1.8190893244613152e-11
5388.313888819928,268.5636385400403,8.664338427147771e-12
5388.516567299972,268.58375605667976,-1.3903554072409498e-12
5389.140504388725,268.6456917271255,5.27280896858212e-13
5397.4254224985425,269.46878130449034,6.25364914880574e-13
5399.078642091587,269.6331765966225,7.550359926434263e-13
5399.858440886485,269.71073685561163,-4.311391159070549e-14
5402.31993462338,269.95563514950294,2.060857284560709e-13
5403.968811106138,270.119747162169,1.8692549511905508e-12
5406.788845029215,270.40054007660683,2.0404809271946515e-12
5407.9016040682045,270.5113786440081,1.4426994549189835e-13
5407.988466273937,270.5200316857355,-1.0412007328351841e-13
5410.088045698154,270.72922993071063,1.4980622609103346e-11
5413.269503669721,271.04637931749227,-1.7711139392412253e-12
5413.90984421582,271.1102353619526,-1.8703737700660594e-11
5415.557272995145,271.2745549795122,-2.750330069395642e-12
5415.754160661471,271.2941965058985,-1.0382149891176026e-11
5418.229162448841,271.5411637523763,1.027271968925391e-12
5419.31827951334,271.64987669576556,1.1728024783688392e-11
5419.399350905355,271.6579699132718,2.952130476553241e-13
5420.626957234853,271.78053453669946,7.485738623511663e-12
5425.698089177984,272.2871322274406,1.3624483955931613e-11
5437.242641244438,273.4421806112707,3.0007810528663365e-14
5444.129602739689,274.1323997577945,1.3673166660824766e-12
5444.320699592298,274.15156416046847,-3.5412379368496886e-12
5446.076215864602,274.3276499252531,-3.5988106358760294e-13
5446.610885604934,274.3812908571714,1.1471194313978594e-11
5451.022845312819,274.82412329401376,1.0370717344863507e-12
5454.818596713278,275.2053932815607,4.640762993562086e-13
5454.876983570058,275.2112601102671,-6.903377369716716e-12
5455.771629655454,275.301163799839,1.3966774398947079e-12
5457.494339013062,275.4743217485553,4.448550490603002e-12
5463.106888949447,276.03884579646564,2.2726415563569453e-13
5468.102740314225,276.5418289180168,5.233678977245599e-12
5474.03087805354,277.139271233815,-5.7020966317242536e-12
5479.877955945379,277.72917841284993,-4.022910844344002e-13
5482.544043040772,277.9983669293391,2.5399089627390574e-13
5482.752512334528,278.01942110086543,-7.090904022698397e-13
5484.537461395016,278.19972322074426,-8.804731873954281e-14
5487.859825318755,278.5354797032356,-4.388653406114073e-13
5492.511134811988,279.00588037203755,1.387573632561226e-13
5493.618593301416,279.1179396602886,6.766855822306774e-14
5497.449568303753,279.5057549250975,-8.152266813830494e-13
5498.085087019925,279.5701155684761,3.743345309887924e-14
5498.491389874706,279.61126682046364,1.0061868760736905e-13
5498.962360664163,279.6589715893771,-5.1757364082943e-12
5499.089758565901,279.6718764621912,1.0811821903211939e-12
5502.357109759333,280.0029475860717,-1.58458371369687e-12
5503.516195308023,280.1204415836256,-2.414747736252948e-12
5505.261098936672,280.2973653645914,-6.891695793977455e-12
5505.800590506908,280.3520782399175,8.762049572176307e-14
5508.786141340433,280.6549566781061,1.0708880666318735e-11
5509.022105454788,280.6789017888402,-1.1943566905190326e-11
5514.438736708584,281.22885141989224,2.750375028332221e-13
5514.577716237753,281.2429690988193,4.315596474345329e-13
5517.591730875675,281.54922323362587,6.621546068342886e-13
5518.503749402203,281.64192644730184,-9.349532311765122e-13
5522.942258035907,282.0933026952139,-1.4880740293514612e-14
5523.573912361417,282.15756857941545,-6.17922991238318e-12
5523.712891890584,282.17170964528293,5.094834767235675e-12
5524.405828479728,282.24222074797075,-3.432719144601472e-13
5527.058419069155,282.5122219686537,-1.571630288142556e-11
5534.694789131679,283.2902345343943,-1.0488777825002209e-12
5535.214491573534,283.3432221648988,-5.036983526169938e-12
5535.2376548283955,283.34558395133797,-8.261302836633034e-12
5535.6820882365,283.3909014655804,1.4183556195023992e-12
5535.70186582033,283.3929182098254,-2.452274228163677e-13
5537.820265389059,283.60897570523053,9.499617737358299e-12
5537.993989800519,283.6266976832256,-1.5378300566143915e-11
5543.482037241921,284.1868306684816,6.355971236620159e-12
5548.32684873038,284.68177338921856,1.9316184210608192e-13
5548.567646219193,284.70638437958894,2.327185692110546e-12
5553.591003949022,285.22004611647026,-2.4481511671973124e-12
5557.338490872063,285.6035468489889,-1.3893421081051953e-12
5557.512215283522,285.62133128768517,-2.311274323964489e-13
5561.932382492244,286.07401771533574,1.8786378825745797e-11
5562.280777209867,286.10971346800164,-1.5021330804965178e-14
5565.785551765582,286.46892930287186,5.807641952583534e-13
5571.708377410675,287.07649340892925,3.1602053832437325e-12
5577.563651258779,287.67776322611667,2.6963451137912545e-13
5580.6645281023875,287.9964436866691,1.5504719991491907e-13
5585.369881342015,288.4803562240979,8.840639934400774e-13
5585.4162078517365,288.4851226077562,-1.060133062426795e-11
5589.330659388693,288.8880105731557,2.0397543498262506e-11
5592.260228508065,289.18971593424686,-1.1222795910825696e-12
5594.175470877103,289.3870450415945,9.751146584071654e-14
5598.420477515449,289.8246526657396,-3.150957624926417e-14
5600.054876963843,289.9932275171814,-8.999288172158085e-12
5600.147529983287,290.00278538737894,3.0985368352984516e-12
5601.693140802899,290.162250329825,-7.163705984622165e-14
5602.083040200327,290.2024842794966,1.4323712949326143e-11
5603.655188401282,290.3647435936769,-7.504621998068891e-12
5606.925435001496,290.7024072269742,-1.0616314634168702e-12
5607.087577785523,290.7191541244438,1.862662750876321e-12
5612.116236064826,291.2387788905561,-4.503786624256574e-13
5612.255215593992,291.2531466334083,-1.428498969948837e-12
5612.489732004913,291.2773918127353,2.2126398858107757e-12
5614.309916211816,291.46560367602393,1.6533620687438645e-13
5623.2429036485855,292.39018294048907,1.395380488940775e-12
5630.384660947016,293.1304242296811,-3.573114637534072e-13
5631.385946821929,293.23428234721155,-5.009528397702619e-15
5636.508227104454,293.7658784374933,-1.2061770472229065e-11
5638.666683649512,293.9900302616302,7.281448172350761e-13
5639.224995364309,294.0480238977916,-7.149438562227484e-14
5643.471438161494,294.48930350874133,1.2855461066314755e-12
5643.587254435798,294.50134349672277,-1.53317456641766e-11
5648.494795891218,295.0117470416826,2.985523854552316e-12
5648.656938675245,295.028618097707,5.243881364040801e-13
5651.618835989639,295.3368905521227,-5.2300513003285045e-12
5651.984603148402,295.3749705838617,8.026757482776937e-14
5653.293771134022,295.51128830497356,-7.524387476722045e-12
5654.964363168115,295.68528532078494,8.07867144130538e-12
5661.900067859981,296.4082088945547,3.785047618768548e-12
5667.345653182171,296.9764350800648,2.7658394224562826e-12
5668.969918706539,297.1460267955854,2.1124561218257005e-13
5669.039408471123,297.1532833980229,4.4512772878937804e-13
5669.804251512057,297.2331594823569,2.5209482467549275e-12
5673.424830797445,297.6114195059689,4.852055414946947e-12
5673.912205044224,297.6623563708957,3.50351370914034e-14
5678.081452384573,298.09827505129414,-6.555189682990956e-13
5679.110734888801,298.2059417125355,7.711756192709272e-15
5680.873010958528,298.39032745393433,1.897918299030107e-12
5681.3463868906465,298.4398662016967,-1.0137072012576177e-11
5685.014740389174,298.8238989936774,-1.0142960339014938e-11
5692.416594040516,299.59953934993143,5.0989229941476e-12
5694.711123163311,299.8401880089482,-1.2772728172971962e-11
5697.1687525093785,300.0980500767934,3.7181474798304415e-13
5700.084813578198,300.4041565441828,-5.4475876527798726e-14
5706.405267401859,301.06816860835596,-5.3550673793905315e-12
5711.261660517582,301.5788698157336,-7.082202477028398e-14
5712.948656009001,301.756376941429,1.2967260595651252e-13
5718.05453283409,302.29394116756106,2.3309964334031174e-12
5720.5502811889255,302.5568768513956,-3.674484312384033e-13
5721.746049587452,302.68289582634515,-1.0338499690186551e-13
5721.754245543848,302.68375966812386,-1.8140575390215573e-13
5721.962714837593,302.70573244182424,5.517614456961783e-13
5726.77905097692,303.2135997163507,9.457302992836188e-13
5730.2230219885005,303.5770174862103,-2.977959675470151e-13
5734.850199242825,304.0656345719808,3.209265177776397e-13
5739.93580821989,304.60311572507953,-6.440848134283032e-12
5743.760023424508,305.00759817682183,6.763749163557986e-13
5744.523418762002,305.08837380148225,1.1955616143131247e-12
5747.668684147616,305.4212907095461,-3.447976626973696e-13
5753.312126119822,306.0190889366087,5.275528102966846e-12
5754.949420975022,306.19263401450854,3.4983456945654083e-12
5755.52124074029,306.2532556885677,1.1824176753488826e-12
5756.836678259224,306.39273512631405,3.79276336648891e-13
5758.743234407624,306.5949490673126,-4.5330421474553167e-13
5761.083121056305,306.84321460148317,9.338402610896866e-12
5766.572627745418,307.4260554707985,-7.474651355010576e-13
5771.538077337866,307.95373343573243,-8.648164092387674e-12
5771.584403847585,307.95865868897044,-7.74232577333124e-12
5772.234399598005,308.02776786238644,-7.60157558501534e-13
5774.912068320658,308.31254636380817,1.0944903752534054e-13
5776.441275682868,308.4752416345353,2.7037101723696223e-12
5776.562882770885,308.48818149218573,-2.6955015895576507e-13
5778.731461695336,308.7189794306853,3.2930907161308015e-12
5785.917128816025,309.48435609193115,1.1498104307172268e-13
5786.014603665378,309.49474510076595,-7.719583433410136e-12
5786.10725668482,309.50462035432207,-1.7188731969416418e-12
5791.706298570319,310.10167756540415,-2.2293588445162604e-13
5801.142584991243,311.10922840528934,-1.461804799426945e-11
5802.038200060371,311.2049421110253,-1.1386000410569363e-13
5802.944906492758,311.30185619369416,-6.973289127086551e-13
5803.078095208202,311.3160934576653,-7.217008177702848e-13
5803.484398062959,311.35952739174854,-5.441196056277198e-14
5811.597051008548,312.2274097034751,5.961384450104787e-14
5812.056440170543,312.2765908988081,-1.1284818074211851e-11
5816.950952294935,312.80082797801407,3.1059819895578396e-12
5821.503339235057,313.2888171146734,-1.2560689337240262e-12
5830.350433449522,314.23826549493697,-2.6310187095136194e-12
5833.385673374496,314.5643321522949,2.269122231923862e-13
5837.613307571488,315.01877692616057,2.1319556596538986e-11
5838.507953656809,315.1149881064851,1.7974368676667806e-11
5838.532085895469,315.1175835170079,4.604139342973625e-13
5842.567175536434,315.55170630317195,2.7092169351906574e-12
5843.561234438712,315.65870006397864,-1.84098190349809e-14
5844.6735147579675,315.77843995495215,1.526421493055432e-12
5845.8432129502025,315.9043856148902,-3.1693000893004704e-12
5846.1356374982615,315.93587596785324,2.5841099265728726e-12
5846.384152223829,315.96263903731716,-3.126267342400793e-12
5849.776005911895,316.32802856559033,-3.415542906421923e-13
5854.080356846047,316.79202253435966,-9.884635490019004e-12
5856.073775200133,317.00702168492404,3.426561326170116e-12
5859.3961391236135,317.3655162660146,1.7079432397262342e-11
5859.500373770483,317.3767668353,1.80884434474104e-11
5864.04744861648,317.8677502728551,-5.400051166850919e-12
5864.615894255251,317.92915660246496,2.7425047038384694e-13
5870.027703678732,318.51406529875953,-3.915796210013049e-12
5872.561103867188,318.7880607367639,-1.855855092039427e-11
5875.77730672073,319.13607381171636,3.831651305008327e-14
5877.336904310364,319.3049005351312,-3.4099392869613385e-12
5877.568536858963,319.32997862218355,-3.845699263711518e-12
5881.1268648967625,319.7153511956747,1.1324011795734611e-11
5882.505032382725,319.86467158240043,-1.0822509864284883e-11
5882.855365067929,319.9026346740093,-3.5911471612686444e-12
5885.975050511369,320.2407927714633,-1.0703659244417936e-11
5890.655314072788,320.7484458618744,-3.173349844937191e-12
5890.707431396222,320.754101131451,3.728259372305083e-12
5892.33024921709,320.93021871368,1.034160165965815e-11
5892.503973628536,320.9490751668441,5.854819292376323e-12
5895.840814586282,321.3113715657388,5.643914259833499e-12
5895.942142281744,321.3223763953389,1.335912331709951e-11
5897.175060705201,321.45629429736556,-3.780291496090864e-13
5899.490347940079,321.70785327380077,3.9797457109198744e-12
5900.575600613805,321.8258013818651,2.513788849538611e-14
5906.660090322883,322.48748148186843,-3.186119420840661e-14
5907.238179621478,322.5503833924302,9.54350618593556e-12
5907.400322405494,322.568027258136,2.698129089367479e-13
5908.180121200307,322.6528892655883,4.472721360229359e-13
5913.261387066915,323.2061349524026,1.0306349435601072e-13
5914.283909773579,323.317524197572,-4.721911007969374e-12
5919.036558506407,323.83551019898067,2.408335926726822e-12
5919.863162530564,323.9256433464995,-7.51725725458727e-12
5922.741104590482,324.23955319651606,4.87737115409167e-13
5926.29461079834,324.6273603064497,8.300026424612887e-14
5930.9420559004875,325.13490400104286,7.777863275172173e-12
5931.063172724325,325.14813639019366,-1.257570262101465e-13
5933.817091008994,325.44908343939863,5.845821421351797e-13
5936.503936216313,325.74283541176146,-1.0183826944064071e-11
5936.619752490611,325.75550055955586,1.0569696761300405e-12
5942.137722983941,326.35920736199864,1.9352000009241625e-13
5943.888417426147,326.5508634918462,-4.301308096279911e-12
5943.97527963187,326.56037414514793,-8.947784464975279e-13
5947.481490346193,326.9443896449819,-1.6469711525345057e-11
5948.170095369539,327.0198352771898,-1.0519558660625883e-12
5949.099965056756,327.121728451069,-1.0493287742287438e-11
5965.711784673841,328.9447007595419,-3.794815530631279e-12
5965.79285606585,328.95360995576965,-9.188147329876387e-12
5966.280230312602,329.0071716322356,4.224627637564831e-14
5966.488699606336,329.0300834214918,2.7180895228756524e-13
5968.929925494935,329.29844559649484,-1.1127094884137419e-12
5971.305035745436,329.55964508791413,1.5104452568271998e-12
5977.475418676356,330.2387101374001,4.757158421027616e-12
5980.976807560745,330.62435806473235,-1.941960178341805e-12
5983.652549860238,330.919220340938,1.7527161237137698e-11
5983.681503928812,330.9224117516079,6.0220066583345e-12
5984.053552165443,330.96342148034836,3.0528874708384908e-12
5991.501732326076,331.7849478593309,-1.874872754878103e-12
5994.800932994611,332.149172775046,1.2215379606020727e-11
5996.046880748905,332.28677498302375,-2.951165720737723e-13
6000.467047957239,332.7751679946006,1.9050738404800276e-11
6002.826233470009,333.03598637286774,-5.115639472073876e-14
6002.922260615931,333.046604769468,1.949527291144397e-13
6003.153893164525,333.0722187077885,-1.3710959290868802e-11
6003.961677044096,333.1615512211123,-1.5723872736663409e-12
6013.051495170107,334.16761939563395,5.685759614869968e-13
6014.102493225698,334.2840428454618,-1.9534751991441974e-13
6016.254668692709,334.5225118163757,1.3653809861669905e-12
6020.645881832453,335.0093390551434,-7.920655976103218e-12
6021.426170891424,335.09588214939504,2.012206342153799e-11
6022.942827642329,335.26412903544315,-1.5307397385084352e-13
6023.520916940911,335.32826921743185,-3.123713752281426e-12
6023.746758675789,335.35332848892415,-2.901091366410857e-12
6027.345622409496,335.7527831550924,-3.723428347775003e-12
6029.605406649853,336.00372908286766,-2.017452288734352e-12
6032.18801721026,336.29063961359685,5.06397839225902e-12
6035.758895859192,336.68754241355396,6.560378678362051e-14
6035.82838562377,336.69526852376924,-6.52359509729148e-14
6036.955142977275,336.82055768294543,-8.896869441816921e-13
6040.701182196528,337.23726455955585,4.033874058146199e-13
6042.207226303803,337.4048687430362,-2.2469031032947442e-12
6045.448518835162,337.7657264552195,-1.3634318385676176e-12
6045.668569756322,337.79023205281806,-7.2010906294490195e-12
6051.879967102792,338.4823217201915,2.959176621390286e-13
6055.152140125773,338.8472013629264,7.522340720061925e-13
6058.9290713811915,339.26861175486056,-1.2787758009009333e-13
6059.137050410747,339.29182460915297,-1.3164307947301128e-12
6061.770809310772,339.5858513608816,-7.039399506283546e-12
6062.706960075862,339.69039184769946,4.110669314843073e-13
6068.705066298668,340.3605868513102,-1.44695376660334e-11
6075.152918023615,341.0817730409995,-1.5746299734783058e-11
6079.905076492131,341.61378773785503,1.462189447027927e-14
6082.023476060634,341.8510813280013,-1.602247423191888e-13
6090.745110340559,342.82891033765844,-1.9813825305144757e-13
6093.290559331417,343.1145583722735,7.0595569114281404e-12
6094.515281798436,343.2520381723564,-3.967091635409718e-12
6101.541701541554,344.0413147498564,1.6660211563826812e-12
6108.425779173574,344.81548405224595,4.154274174649791e-12
6111.678653332326,345.1815993365254,-5.967972508819317e-12
6111.77130635176,345.192030411235,1.4440322454709111e-11
6116.6513414415995,345.74165868514814,-4.6224456485656445e-12
6117.645400343827,345.85367126735144,9.846586951791566e-15
6119.204997933393,346.0294465827679,1.3418035983388883e-11
6119.407676413407,346.05229286350755,1.924583636822108e-12
6119.950542110064,346.1134893834064,4.172593874522386e-12
6120.0316135020685,346.12262891828715,-1.2134086765239346e-13
6120.437916356803,346.16843505141105,-3.716012782616742e-13
6120.576895885955,346.18410414734336,-5.104525095055878e-13
6120.908887146202,346.2215355811906,-8.55836807492842e-13
6127.579673654558,346.974085343104,1.954230961544532e-12
6130.068195036603,347.25503221289745,6.5406142688022176e-12
6130.847993831388,347.34309271622357,4.297730384001754e-13
6133.187880479907,347.6073968231835,3.8540258310341565e-12
6136.983631879849,348.03636401145127,8.50723258293318e-12
6137.029958389565,348.04160112344357,2.884153269481205e-12
6138.619479031503,348.22131695209936,-1.5381220354802149e-12
6140.5545105287165,348.44016005897413,8.120391708642316e-13
6145.766058159148,349.0299050132813,2.7501050859104027e-12
6146.44838210458,349.10715464554204,-4.259265864109924e-12
6148.340472763104,349.32141345941295,-9.598929210933515e-12
6149.332114978099,349.43373255893954,-1.0343097024692832e-11
6162.299701790518,350.90418324195844,2.7748502380521847e-14
6168.6534527925005,351.6257932022598,-1.6033792184577416e-12
6169.924980488848,351.77029279749036,5.249296028509546e-12
6171.432951019144,351.94170095338484,1.485844675019643e-12
6174.1593629385525,352.25171336606326,-7.806540328440094e-13
6175.02071184496,352.3496833214339,2.1174601789247202e-12
6175.211808697542,352.37142055883095,-6.143707122106344e-13
6178.7942689738165,352.7790493717244,-1.411628641586321e-13
6181.375910550359,353.0729469970293,2.32695055843066e-11
6185.68123046806,353.5633436255957,-8.973690671495793e-12
6199.022803484621,355.0851813651255,-8.350589908498302e-14
6201.3361527517745,355.34939251676735,2.3457348424675418e-12
6204.04037040011,355.6583703143313,3.381337616523667e-12
6204.9219871545165,355.7591309693714,-8.83032631309438e-12
6205.0262218013795,355.7710449735602,-1.327039781450383e-11
6205.490432793253,355.82410664932127,-1.0282768184946628e-13
6216.330466641454,357.0643062338619,-7.064086284069768e-13
6221.42958366856,357.64844070201025,1.892434361170968e-12
6223.37957091966,357.8719500506667,5.93704883866406e-13
6226.228068646681,358.1985733953447,-1.0756649752300426e-12
6227.196547606801,358.30965820277237,1.8054360225485902e-13
6228.340677401413,358.44091247231387,1.8759837986720984e-13
6230.154101810594,358.6489974420815,-6.539495752827934e-13
6233.369825944311,359.0181410195915,-4.817996288813923e-13
6236.152208033234,359.33769354637224,-1.0672450226280192e-11
6237.09414961201,359.4459064742923,-2.388837882135296e-12
6237.798189108864,359.5267992076005,1.079857386595961e-11
6239.503526025066,359.72277685977946,-5.162996914500537e-12
6239.677250436501,359.7427443097556,-1.482310181174492e-11
6239.791607462817,359.75588852418207,-3.743381716193847e-12
6240.572865505561,359.84569288990326,-1.453763783424642e-13
6241.61276065331,359.9652446208768,-2.0376780683788324e-11
6243.113971386075,360.13786671530113,-1.8658589421637006e-11
6243.17187952322,360.1445263214774,-3.329117548814059e-12
6247.7652808786315,360.6729777761815,5.899333193211661e-12
6247.950586917496,360.6943046104539,1.0645964626094316e-11
6250.01010936499,360.9313772114143,1.2627405062438814e-13
6253.745535940485,361.36156330013716,4.277841765490641e-12
6258.31144247529,361.8877397550739,5.416668903292502e-12
6259.495138982099,362.0242119833964,8.203495268809733e-14
6261.054736571631,362.2040624785715,3.725210104937459e-12
6261.286369120214,362.2307778240838,-2.1024179935592582e-12
6268.711374481092,363.087664607543,1.4710920611132845e-11
6269.692882772066,363.2010121009777,1.1693265192162016e-11
6274.49475342118,363.7558021702712,6.570962273428762e-13
6276.246416847089,363.95828850332026,4.93398618659987e-12
6276.421577417406,363.97853957789295,-5.780914148246488e-12
6276.583720201414,363.9972861133561,-7.949432321336828e-12
6279.424010427463,364.32575177452884,6.450959687349231e-12
6279.6599745417825,364.3530465549386,-1.459421666577939e-11
6285.057797194763,364.97771134846187,5.053100774664348e-13
6290.9560118807785,365.6608978261269,-1.042581474492422e-11
6292.823491580974,365.87734038990504,3.2591389591232112e-12
6294.654767150904,366.0896492483664,8.222361730286499e-12
6294.730047729193,366.09837822106726,1.3513888401001308e-11
6295.510336788131,366.1888608519161,1.8714874833593545e-11
6295.858731505705,366.229264464241,4.052324174701084e-13
6297.731033035811,366.44643505579313,-1.1398434993481612e-12
6302.599486498077,367.01143530608107,4.893781078438992e-12
6303.580994789044,367.1253954983045,8.212220059190912e-12
6306.296794064766,367.44081186570423,-1.1242384648131864e-11
6306.8637920000665,367.50668086757196,1.544456178797286e-12
6307.037516411501,367.52686387861183,-1.1690499842550133e-13
6315.8710910301925,368.5538666127943,-3.0672030824148146e-13
6317.53492326657,368.7474667533232,-6.386247396284286e-13
6324.874046950019,369.6020408449169,-5.975972333857305e-13
6332.817797313353,370.5281363711248,1.1463327827271783e-11
6333.208186974905,370.5736786085075,2.2955750311926275e-13
6337.816544084165,371.11149439327255,-1.643986855110851e-12
6337.978686868172,371.13042430202245,-4.286179860079963e-13
6339.662308232917,371.3270130050645,2.85235284069517e-12
6343.03629921538,371.72113554189514,-2.396245584826407e-13
6343.2447685091,371.7454941295755,3.36978182363296e-13
6345.934987842719,372.059904541227,7.617856699855703e-12
6349.42961692938,372.46852672974,4.1456119108157436e-12
6349.672831105388,372.49697380301984,1.5672289738562176e-12
6351.134953845553,372.66801111207775,7.849943839104374e-13
6352.8359476514415,372.8670408185472,-1.413671841458378e-12
6356.297291103786,373.272209909604,7.113314418322988e-12
6360.246487522479,373.7347543925881,-1.2015906813409005e-11
6361.154162938578,373.8411052960413,-1.3655013194830047e-12
6361.27577002658,373.8553549604596,4.945678032559587e-13
6364.829276234181,374.271867673974,1.0597227073613998e-13
6367.370382114644,374.56985780529016,-1.9147333740441747e-11
6370.75065417498,374.9664395389695,-4.882906880059186e-13
6374.362547239344,375.390428218494,1.990707127471729e-12
6376.159089471513,375.6014081093933,1.1359995763310394e-12
6377.96237995665,375.813240281806,3.80551669082541e-13
6379.7647130025325,376.0250198377352,-6.318269961467524e-13
6385.762819225036,376.7302462987212,1.0182196294961427e-11
6386.640092869131,376.8334471719852,-2.1297307581480563e-13
6386.871725417709,376.8606983687658,-7.495538604256931e-12
6387.883635480663,376.97975954996997,1.1686981197797138e-12
6391.542812493987,377.41045517655925,-2.0150172860019882e-13
6392.750641239432,377.55267422623217,7.50918633891551e-12
6400.01158893765,378.40820043105055,7.221538681355089e-14
6402.917025817938,378.75080760220305,-7.027592201871193e-13
6404.489664282841,378.9363169396299,4.086093320149884e-12
6406.155913206427,379.1329183268765,-1.715164353843243e-12
6407.238749192834,379.2607100021258,3.412441223067268e-12
6408.944086108992,379.4620103697242,3.514301372594413e-12
6411.764120031534,379.7950086790177,3.2924678674809525e-13
6412.23749596359,379.85092072921066,-1.569738188542882e-11
6422.424638654241,381.0551592355684,-8.927521238238646e-12
6423.880491861052,381.2274141022475,-2.962676186114384e-14
6429.166351085738,381.8531590661013,1.4894497472691984e-12
6430.579263453863,382.0205081288856,2.625221780414755e-12
6436.533459853836,382.7261428486214,-1.24001245733613e-11
6436.609709415923,382.73518345650615,-2.522330494681669e-14
6441.378271341513,383.30078569850673,6.37548554331369e-15
6441.517250870657,383.31727643305027,-3.5490269006652023e-13
6444.213261017955,383.63724421217705,-9.135332844361072e-12
6448.94564190237,384.19921624980924,-5.363682445311114e-13
6450.389913481745,384.37080621479174,9.886265712237343e-13
6451.4413902568895,384.49575347097846,-5.689916482875031e-13
6451.586160599749,384.51295816318896,1.6052776688141935e-11
6452.422898547835,384.6124047323916,1.5806854640832422e-11
6457.273991113391,385.18921274828506,-1.513115612535447e-11
6468.082163941201,386.4758925382064,4.272584147552786e-13
6471.4880159435725,386.8817946423627,2.7906834478908324e-13
6473.871333694829,387.16596039643053,-4.086365482119316e-12
6477.008391579108,387.54015496756557,-7.711991411150102e-12
6478.124536288908,387.6733346756643,-5.768974177071224e-12
6479.152371089564,387.7959974372889,1.5049376538075063e-11
6479.245024108994,387.80705569103753,3.38142967735317e-13
6480.553701830253,387.9632649045676,-5.185227217130421e-12
6484.2032351837,388.3990550408236,-7.301776443988663e-12
6489.099195010971,388.9840660890591,3.1545051474600592e-12
6490.414632529743,389.14132104094654,3.778101853758235e-13
6491.291906173824,389.2462130851806,-2.0175025472320183e-12
6491.97423011922,389.3278055874423,1.4460280385477356e-11
6492.542675757932,389.39578703609976,-1.5335395088242648e-13
6501.3632325900735,390.45141624910565,2.1080545090569972e-14
6502.922830179549,390.63821533628226,-1.4658051453899038e-11
6503.645211101318,390.72475290009874,1.1933771227506113e-11
6509.651524824658,391.4446509971536,-5.253788471568696e-14
6513.786027282121,391.9405857769631,3.5755652432099094e-12
6516.294326247847,392.24161043590743,3.4694340930725786e-13
6518.784774052804,392.5406074113286,6.431941234978632e-12
6524.146392575333,393.1846977624157,1.1866728020015889e-12
6524.215882339904,393.19304903244387,2.4937333163079895e-14
6528.549187342155,393.7140007325141,-1.1616706366049195e-11
6528.6013046655835,393.7202684035401,2.1722748769242656e-12
6530.16621434914,393.9084890012899,4.6528616895934635e-12
6532.033694049269,394.13316045519423,-2.5358144320732287e-12
6533.836015550565,394.3500538203371,-1.07978239422915e-12
6534.061857285424,394.37723608352064,8.816067374654115e-13
6537.057051778226,394.7378259137172,-9.439413928870916e-12
6545.036025743228,395.6992167157906,3.570656076424987e-13
6550.667886087254,396.3785085660112,-7.393291727153215e-12
6551.155260333963,396.4373211132811,8.108609002299133e-13
6558.566278924417,397.33216453489064,-3.4257861975759003e-12
6558.738544087871,397.35297672342693,-2.3131226228004242e-12
6561.241542504041,397.65543775616226,6.05383383098975e-13
6567.51084798716,398.4135239191502,-1.388163292073661e-13
6571.815198920811,398.93442641912856,1.9446911036272727e-12
6572.085907917408,398.96719839692946,1.777968146725284e-11
6576.214619561121,399.4671867112635,-1.5285766865818819e-12
6577.026746550905,399.56557250948725,4.001324999588831e-12
6580.995732097848,400.04657333469,2.054498456741148e-12
6583.474598275353,400.34713400590744,-5.6261491449908e-12
6586.776694350441,400.7476865057755,-1.0441263947272106e-11
6588.639819395724,400.9737768616208,9.646240280567915e-12
6588.82512543458,400.99626725864715,-5.839895179486127e-13
6590.052731763816,401.1452765096865,4.058590404396762e-12
6590.34515631184,401.1807756657273,1.6619620179855196e-12
6598.858321297375,402.2149298621208,2.0543540048102113e-13
6599.231817237399,402.2603316186543,-2.924449947429541e-12
6601.06020894494,402.48262598787613,6.021096964110886e-14
6606.139058123762,403.1004314258649,-1.8486154444587412e-11
6608.459645907917,403.38287237414215,5.3225706581341145e-12
6610.146162679456,403.5882021798063,1.860963747665381e-12
6614.318293881457,404.09637534882444,1.0188456807736304e-12
6617.3289343923125,404.4632760102947,-1.8022421384429037e-13
6619.870040272687,404.77308537288934,1.1658516378325965e-11
6621.546423120223,404.9775335928071,-4.913657641405573e-12
6624.290697744768,405.3123314427116,-3.1122996555878633e-13
6625.880218386591,405.5063142912762,4.3111645323110856e-14
6633.697539831675,406.4610064265097,1.7519616876077113e-12
6633.906009125388,406.48648119587807,-1.840448791998077e-12
6635.690958185515,406.7046332159661,-6.073264181319031e-13
6639.013322108582,407.110840528543,-3.027168724457532e-12
6641.855550302087,407.4585056407314,-1.1494991361299978e-11
6642.029274713515,407.47976066623926,2.961075852237735e-12
6643.664631600874,407.6798723594646,9.571068207727936e-13
6649.644886662385,408.4120703020445,6.940356390732238e-13
6651.014858191784,408.57989675098133,-1.1626559312128833e-11
6652.429206718744,408.75319581233936,-1.6070031738306952e-11
6653.470070850233,408.8807556490155,5.6123717367033944e-12
6653.632213634232,408.90062834555,8.460533875618991e-14
6654.009562420362,408.9468791977223,-3.2716467188218195e-13
6656.954087293117,409.3078735476864,6.043761299658196e-13
6662.122215364842,409.94186449159673,1.0146931635996807e-12
6664.962995854912,410.2905617487354,4.8518922977948495e-12
6665.592233493063,410.36781888588337,1.89710649043104e-12
6666.834807120746,410.5204021944354,-1.2811310518035168e-11
6666.875342816743,410.5253803025503,5.296312796811938e-12
6667.395045258498,410.5892066063001,-1.576855408541644e-11
6669.287135916881,410.8216222857095,1.7062934990468816e-11
6671.782884271325,411.12828935090914,-8.590895077618293e-13
6672.028503590003,411.1584762217833,1.547968892822735e-12
6674.866388673211,411.5073358596577,2.058766100368978e-13
6675.559325262219,411.5925407042182,-2.367750758235756e-12
6675.646187467931,411.6032220755741,-7.151412111169148e-13
6680.240079087232,412.16832705889675,-1.5951481576490089e-12
6685.783139257842,412.85070893597117,-5.176354118568529e-13
6686.317318733882,412.91649933316796,-5.345878220245618e-12
6686.8553626005805,412.98277098836354,-1.6914703419733231e-12
6689.125771028888,413.26247926528737,-1.1855614071563698e-11
6696.484193576149,414.16966992302486,1.177279461927832e-11
6699.480345508142,414.5393393220814,1.3323368975099913e-12
6699.74093212528,414.5714986783754,2.5092765659035446e-13
6701.3642286655695,414.77186012481366,2.3343593734289374e-12
6705.107862741767,415.2341172139947,-2.8056272376597275e-12
6710.489749112162,415.89911504331565,-3.123436564436036e-14
6712.954138255341,416.2037985312119,-2.8323203269504426e-12
6713.434273984896,416.26317288722356,-1.0360917446707888e-13
6714.572612965717,416.40395868406034,9.324291401823438e-12
6717.9239309573195,416.81857659163785,2.4375996089571556e-13
6721.534376318083,417.2654846866615,1.7958514642628086e-12
6728.717148030837,418.15529646373176,1.8597822123740153e-12
6728.873500001118,418.1746761326037,5.711238164279483e-13
6731.961347513271,418.5575039798583,3.313677825274275e-13
6733.053359984373,418.69293249296976,8.818269971728493e-12
6734.045002199282,418.8159323817986,1.897567819630031e-11
6742.376246816839,419.85002668115754,-3.363913850927825e-12
6745.328967645957,420.2168324296369,6.725720687431883e-13
6745.572181821952,420.2470531995819,-1.4925041814656436e-13
6748.547108466671,420.61679324184786,2.2686690709962602e-13
6752.846637570307,421.15145014189727,-1.8592382535503213e-13
6753.389503266913,421.21898102333046,1.328020087888562e-12
6754.841982347174,421.39969180333566,-5.747328037500179e-12
6758.080379471334,421.8027382221962,-2.1745875630139548e-12
6763.079126241853,422.42525455827,7.840793546747773e-12
6763.183360888708,422.43824026499533,-5.381794694241602e-12
6763.269732830248,422.44900076106,-3.1063987500722845e-12
6764.390220650289,422.588607215603,-8.770302286425012e-13
6768.298881372761,423.07578531771196,-1.3983032722765243e-13
6771.601467711948,423.4876412522463,6.388671662185789e-13
6774.41811596332,423.8390560084846,-1.1452434854509436e-12
6776.513352276749,424.1005597104761,-1.2100580695907559e-11
6776.5596787864615,424.10634257528847,-1.2490906036074492e-12
6782.539443583699,424.8531190322112,-3.4551922335271574e-14
6783.706736633079,424.99897200094296,6.190216444571011e-12
6784.573887897673,425.1073385788498,-7.235398917592113e-12
6785.381671777153,425.2082985661684,-7.357946326922134e-12
6786.1185297331795,425.3004044373263,4.3569746484935026e-13
6789.739109017914,425.7531154063809,6.7014760698131155e-12
6789.82018040991,425.7632551969622,2.9421896410684586e-14
6795.955328193617,426.53094388723775,1.7147235636921427e-11
6796.105889350184,426.54979226355675,2.5300525092363116e-12
6797.193079991369,426.6859073471059,-8.770347250634494e-12
6802.846165622464,427.3940184527757,1.0618534013188928e-11
6803.138099906306,427.43060241539126,5.536192874654534e-13
6811.141217654239,428.4341305279678,-8.778772747455562e-12
6812.914585086897,428.65665655920276,-2.480796548888659e-13
6818.082713158522,429.30549501068464,-3.927862167685891e-13
6822.719545616423,429.8880500953184,1.4883019032738567e-11
6825.065701798054,430.1829636809894,2.416408265639807e-13
6827.436959202142,430.48113553781207,-1.700000861620088e-14
6832.461764634332,431.11331795016883,-2.6577039281025997e-14
6833.1957271835,431.2056984083758,-2.1351002800419958e-13
6833.299961830352,431.2188187441038,1.5615597967228467e-13
6835.159222484919,431.4528832273419,6.215413903592758e-13
6839.230025991353,431.96558374757024,1.3666321543141116e-12
6848.322249258936,433.1118131974855,2.5644146357538014e-12
6850.818487877497,433.4267729823696,-5.957352083038545e-12
6858.080883278705,434.3437493833811,2.956390033608617e-13
6859.138150867508,434.4773248414873,-8.831832894278256e-12
6860.860860224706,434.6950164923099,1.7813288583924694e-11
6860.959304057845,434.7074580832662,-9.051721336668153e-12
6861.296607412143,434.7500887234457,7.30269420392957e-12
6864.078989500826,435.1018246152205,5.9671836557703975e-12
6864.1914316486245,435.116042030141,-5.989827447984576e-13
6872.90774228894,436.2188589314484,-1.2511447526802461e-12
6873.116211582645,436.24525230299065,1.431935739604115e-12
6874.132464755821,436.3739270678972,8.088050048926182e-13
6875.14437481871,436.5020708244602,-3.2201355895092335e-14
6875.692062345222,436.5714353861534,-1.5795670136403357e-11
6875.93527652121,436.6022402050132,-2.0934081983234938e-12
6879.442934938483,437.0466314664885,-6.824287928717907e-12
6887.480307304451,438.0657546010649,-1.5142237404404014e-11
6887.782865776461,438.10414166561077,7.532251160543723e-13
6887.903982600283,438.11950881860537,4.622081369884725e-13
6888.042962129421,438.1371427025213,-3.894663572157387e-13
6898.822180888056,439.5059064475371,-2.378019449408578e-12
6900.816089506006,439.75933096770467,9.105006385523912e-13
6902.502606277484,439.97374334872745,3.5159377669602774e-12
6904.4149532392585,440.21692964693415,-3.911454103201014e-12
6906.102917714164,440.43163800283185,1.4134854401343038e-13
6912.86297157018,441.29203994242476,2.053073659225316e-12
6916.572339483624,441.7645162527758,-1.3893732037269686e-11
6917.553847774511,441.8895771054071,1.1794911043099615e-12
6919.259184690556,442.10690823944566,-8.875548991430994e-12
6919.461863170546,442.1327415029465,8.96573037471215e-12
6924.947015203853,442.83216266230676,6.409740298684258e-13
6926.065565056273,442.97485890850015,7.548442424348191e-13
6930.752109694856,443.5729838885536,-5.457886706832919e-12
6934.223575526391,444.0162940511454,2.17650407403423e-11
6937.7341408950415,444.46482302292725,-1.3157922045270426e-11
6938.846899933745,444.6070425686309,-4.4991068162858663e-13
6941.010178308272,444.88359219944647,5.798941732893358e-12
6941.660174058576,444.96670333355394,1.503482132417812e-12
6943.371301788329,445.1855323850557,1.5868502241693332e-11
6949.699951567168,445.995345873172,-6.612590681942213e-14
6953.1004914752475,446.43078339043865,-1.9475998183741656e-12
6954.637894793578,446.62771707517555,-3.752613252612273e-13
6959.86730512874,447.2979043359692,8.831004085203654e-13
6960.744578772768,447.41038272492756,-4.370783035893233e-12
6968.187937102446,448.3652927243473,-1.9349984464193993e-13
6970.3946350352735,448.64858659641015,-7.993602585195152e-12
6970.47570642727,448.658996176189,-5.14172474255433e-12
6984.539170099961,450.4665793064911,1.5649161772246039e-12
6989.0288270722385,451.0444040737888,5.7381976684536314e-12
6989.202551483659,451.0667700961088,-7.495971460373975e-12
6990.776147387695,451.2693868746841,9.978277394352439e-12
6990.868800407119,451.28131833294486,1.5755746960008627e-12
6994.593124074442,451.76105168452267,-4.345731956674372e-13
6994.714731162436,451.7767203062732,-4.777451693139358e-14
6997.750461351061,452.1679511486458,-3.72752372037454e-13
6999.7762078998685,452.4291144148039,1.7090255510855674e-11
7001.0467666122695,452.5929559403337,-3.8581088250891296e-13
7002.9967538631645,452.84446921037335,-5.565819994525961e-14
7005.264255339983,453.1370241826292,5.367316630830176e-12
7006.045513382649,453.23784469867286,-1.772157474115977e-13
7010.63794575379,453.8307204872085,5.322338028452243e-12
7010.823251792636,453.8546513593851,2.5940293092103536e-12
7011.992949984669,454.005723624329,1.468570622529019e-12
7012.82486610278,454.1131850126813,-2.233021272493166e-13
7014.05296269613,454.2718456597279,8.936472022992418e-12
7015.769390975409,454.49364155946455,1.8913593408955855e-12
7023.714600586004,455.52102411011276,-7.498046320383478e-13
7025.545876155758,455.75798836875515,1.2730045440937236e-11
7026.401445792902,455.86871894418147,3.2460071000767628e-12
7034.732690410173,456.94768036751407,-6.355374082948987e-12
7041.778409016581,457.86115396940653,-1.0268737087166905e-12
7043.771827370322,458.11976553859535,3.559708661954709e-13
7045.827018251863,458.3864676614976,9.601231449657626e-14
7047.094191293226,458.5509474840597,1.7743065846277036e-12
7048.328557419908,458.71119738920277,-2.607024770639624e-12
7049.449045239914,458.85668750018647,-8.181412509714005e-13
7051.112877476134,459.0727710145154,1.722427706956546e-11
7051.745500785289,459.15494380102376,-5.609861036679269e-13
7055.67878401046,459.66601172937123,6.281263183720098e-13
7057.725755846508,459.932096082801,-4.067925790866009e-13
7060.127415022532,460.2443843851067,1.4138545926673742e-12
7060.202695600812,460.2541748536531,-7.433034538123121e-13
7061.929748068256,460.4788119577261,-1.1579308753003666e-11
7062.837423484275,460.59689500462486,2.91310511855713e-12
7065.034956476881,460.8828435207952,-3.5424033651068174e-13
7065.26658902544,460.9129893126049,-4.226991276341101e-12
7065.640084965441,460.96159998109084,6.7630739040191236e-12
7073.673102676408,462.00772290449964,-1.1119410888842775e-12
7073.951061734675,462.04394220226476,-9.21824346003803e-13
7076.930331489565,462.4322436400828,9.875068646595493e-12
7077.278726207106,462.47766214639273,-9.698500695529797e-15
7077.65222214711,462.5263554589771,-2.907271846467069e-12
7082.0260628450615,463.09677189053184,1.2153250120315716e-12
7082.216669433447,463.1216379489026,-8.672514818850143e-13
7083.640194445081,463.3073686214967,1.3877949902107076e-12
7088.381261549691,463.92621603983264,-9.883495478369292e-12
7094.936231782898,464.7825126574594,9.914090571470073e-13
7095.0983745668855,464.8037039164951,-3.730255875677841e-12
7098.290445181208,465.2209903546798,-1.018501527089185e-11
7100.367830333792,465.4926593085095,4.215922426531807e-12
7104.404857941618,466.02082682520603,-1.3556286322966583e-14
7107.561214689854,466.4339845961495,-7.809111351342655e-13
7113.401054063022,467.1988861902701,5.811871842534723e-12
7117.433727016013,467.72745198985064,2.9133581223033387e-13
7117.642196309711,467.75478437694863,7.053178435118068e-13
7118.774744476765,467.9032866359783,-1.6172635559153567e-12
7119.279491164581,467.9694777667971,-2.673901082266589e-13
7121.515143165942,468.26271161941895,6.072740742113888e-14
7121.769938969355,468.2961371352104,8.67090446479028e-12
7125.019917720805,468.7225921443341,1.1182660936119617e-11
7129.290014036061,469.2832004767206,-3.19497867281842e-13
7132.554948541421,469.71207067119656,3.672945056450282e-12
7132.638436620646,469.7230399433851,4.618898227643137e-13
7136.798017211158,470.26971850720935,-1.0900526762370726e-12
7138.2755975138125,470.46398823405104,3.203315876850393e-13
7139.8351951031655,470.66908508055104,5.440730618723931e-12
7142.655229025451,471.0400509497397,-7.574448487124934e-14
7143.061531880128,471.09351078165486,-2.4628829717737887e-13
7146.796958455189,471.5851469353057,-8.564509376671033e-12
7147.040172631171,471.61716635037374,1.8173305929149674e-13
7147.126544572709,471.62853757412586,2.707947221659828e-12
7153.3157476471915,472.44372952419263,-1.5483766139717934e-12
7153.409836825495,472.4561276375516,-3.9420578531780645e-13
7153.979730167591,472.5312258614228,-3.5277494701354255e-13
7154.136082137865,472.5518303331937,-1.4843309273244445e-13
7156.528086109493,472.8671110190277,-9.819700701385078e-13
7161.867031640928,473.5711967011319,-1.284993278649989e-12
7162.04026578817,473.5940511463918,6.912996702550388e-13
7167.45352291408,474.3084901972629,1.977915422063895e-13
7168.291720110069,474.41916331852804,-3.9549690645602285e-12
7171.350602008949,474.8231589865671,1.8207069113441634e-12
7183.5282676455,476.43320859495043,3.8632360484502467e-13
7190.071656251216,477.29945998781153,-4.2931338351631935e-12
7190.620312761507,477.37213012846547,2.0251333529351888e-14
7190.851945310061,477.40281177154327,-1.5069429663023792e-11
7191.85467888817,477.53564351108525,2.78171243078993e-12
7193.224650417483,477.7171530623159,6.298464935478069e-12
7196.632417298064,478.16880308666583,2.709755774988026e-13
7198.973272930057,478.4791734557134,6.614560686724678e-13
7200.749547314045,478.7147542410832,-7.860345399016367e-12
7201.8570058031755,478.86166183081775,4.73807398004639e-13
7206.311427628891,479.4527820279448,4.408633682480911e-12
7210.17328312183,479.96556202390605,2.370210045208221e-13
7211.218969083166,480.10445623554745,-3.2448236495811905e-13
7211.496928141431,480.1413797949799,-9.243478668104415e-12
7211.818306758,480.1840729010606,-1.2236470377152204e-11
7228.354845793927,482.3834145641296,8.305590939139263e-13
7231.058573177736,482.7434864843933,1.0082897555899461e-13
7233.146570973915,483.02165007820287,-1.4162782183245907e-13
7236.891174033687,483.52070820463825,1.4183962307686396e-12
7237.315818313305,483.5773185412409,-1.2621146940194569e-11
7241.898607024509,484.18847233831195,-5.141188128823643e-13
7241.950724347934,484.1954248508719,-1.3593373264893941e-13
7246.132989473628,484.753507071847,1.3424590164426592e-13
7247.757254997618,484.9703362254611,3.242277102351255e-13
7247.796821709812,484.9756187371222,-6.517857249721869e-12
7247.854729846951,484.983350045835,-1.5279205201457623e-11
7249.675883037212,485.2265235166178,-8.90026969292395e-12
7251.547694302921,485.4765248847188,6.468909902265932e-12
7254.000023098893,485.8041585420735,-1.5673250717792524e-11
7256.403118433747,486.1253220249109,-1.5030201002323837e-12
7258.862207027231,486.45407889270996,-6.893147099508934e-14
7259.440296325718,486.5313801310089,-1.7983961958468455e-11
7262.9248030325325,486.9974535507379,5.833524068613519e-13
7263.774091591767,487.1110848280277,3.3912017775525327e-13
7264.860313249089,487.25643613226435,-1.7022624344551876e-11
7268.855357457424,487.79121462045885,3.235895155577984e-14
7271.591413036275,488.1576339249919,-2.562420761522735e-12
7271.8346272122535,488.190212440517,1.9934219213438241e-13
7278.613979932198,489.09874457667456,3.5312163807115367e-13
7280.988611462653,489.41718004224083,7.333010054928756e-13
7281.104427736931,489.43271353328674,-3.234601465565572e-12
7281.39685228493,489.47193514932826,-1.0864454532179429e-11
7281.558995068917,489.4936833253017,-1.282231821927535e-12
7284.58603903688,489.89978898217055,1.822297935748108e-12
7300.290171690423,492.0093514131277,1.5175768904715937e-11
7303.179695377227,492.3980008097813,4.900686204546016e-12
7306.45573279033,492.8388234704305,-5.703423240477781e-12
7306.903050060626,492.89902969485183,1.3937606713691976e-12
7307.729665629173,493.01029689657577,1.6774020999551205e-12
7313.453198463773,493.78106257461604,1.9133924329467664e-13
7317.76624716217,494.362282595735,7.1882002537554094e-12
7321.236265290133,494.83014581951716,2.5728547224834353e-12
7329.58488234829,495.95670026997345,3.2341056378283957e-12
7332.099462391665,496.2962669040598,1.4047700219016414e-12
7334.146434227653,496.57277414549185,-4.4241325812763364e-13
7334.803189775443,496.66150577296816,7.428471036956936e-13
7339.40287220812,497.28317324192597,4.751009681135191e-12
7344.637583092606,497.991141771139,3.99008331778786e-12
7346.468379942675,498.23886705103,-1.1299309141019308e-13
7347.896248064556,498.4321148651093,2.7174055071368146e-12
7348.035227593685,498.45092637408965,-8.572554509015381e-13
7348.383622311217,498.49808474157794,-2.282969247047984e-13
7350.371740115359,498.7672372033519,-2.061605184870201e-12
7350.940664473642,498.8442718890245,-4.292016670398132e-12
7354.112467239881,499.27385623922356,8.731132768321071e-12
7355.831802470505,499.5067979548319,1.4328339597730357e-13
7356.643929460218,499.6168467730902,-7.090314988190132e-13
7357.811222509525,499.7750443274129,-2.6567218248465764e-12
7362.718763963725,500.44041415499925,2.1993911809996823e-13
7367.483963306856,501.0869096117461,-1.8328416118368393e-12
7369.182540425302,501.31745699900017,6.3636220546895146e-12
7373.466144790936,501.8991054140778,1.8325798514196105e-12
7374.741046613575,502.0722829883963,4.2435337568931487e-13
7380.825536321442,502.89918820362413,-3.0317719445534627e-14
7381.90596716504,503.0460941498589,1.6087730344322626e-11
7384.36117982329,503.3800088324079,8.688248403608507e-12
7384.523322607276,503.4020645402225,-1.946234518974466e-14
7387.559052795778,503.81509356345606,-9.753393375203046e-12
7389.7633455858295,504.1151070020452,-3.7934694112735934e-13
7392.6200392688315,504.5040480823017,-9.171862552406639e-13
7401.163606025596,505.6681584583287,8.706834695118104e-13
7406.401223861458,506.3824789840587,3.244717177973128e-13
7406.722602478021,506.42632592608226,-2.4700770494246193e-13
7409.26370835817,506.7730859380416,-1.390446087430878e-11
7411.13118805811,507.0279985631605,-2.766384576823156e-13
7412.643980418087,507.23454315219254,2.1635745340159275e-11
7416.038729512283,507.69818852919144,-2.593198931356867e-12
7419.482210258875,508.1687064183241,-5.6250277424155774e-14
7423.17807012164,508.67395246378635,2.132514702854933e-12
7423.4608510098105,508.71262065705525,4.064317211507478e-13
7423.850260142965,508.76587188441715,-1.108506373582082e-12
7430.7121435027775,509.7046844074607,4.1572866437689575e-12
7435.554538302664,510.36772145235454,4.933433760925548e-12
7439.396616211691,510.894099047374,3.4332760949967304e-13
7445.573747394396,511.74095682170014,-8.994169505240763e-12
7446.009494581806,511.80072240274393,5.952594369497855e-12
7447.012228159891,511.9382671663347,2.7940925877329302e-12
7448.132715979852,512.0919861674449,-1.9533556208978195e-13
7448.815039925171,512.18560507894,3.773458917301126e-13
7456.409426586111,513.2281791164523,1.5279420854460233e-12
7462.040796665383,514.0019519154816,-6.502067583712679e-12
7462.249265959077,514.0306076441439,-2.1165541684361338e-11
7464.034215019039,514.2759955712604,2.253973200647983e-12
7465.743895045275,514.5110908303028,-1.3274332902416633e-12
7465.894456201829,514.5317968243513,-6.133536517126714e-13
7467.156807413228,514.7054186974169,-6.177314639251355e-13
7467.356578941802,514.7328976610419,1.123473165593094e-11
7472.007888433667,515.3729021800494,-3.5521049439416187e-12
7472.303219933067,515.4135522549736,-1.499205340728339e-11
7474.833713169574,515.7619207513784,1.3409177275527799e-11
7476.101376475056,515.936482046403,-1.103497091796741e-12
7477.988143494635,516.1963507215975,-2.575765076805482e-12
7478.277684180321,516.2362356166951,1.059626345341942e-12
7485.2973441247,517.2036824770888,-2.2430072812194577e-12
7485.581093996672,517.2428078633613,-8.595886764176947e-12
7487.036947203301,517.4435742547865,-4.789346296638401e-13
7490.297538598262,517.8933609316041,5.082814702632683e-13
7490.5754976565195,517.9317134277519,2.200193731393546e-11
7491.909743775159,518.11583110471,-1.4612671865324012e-13
7493.935490323863,518.3954342360171,-7.040666800490264e-12
7494.1897958630925,518.4305400312024,-1.6521827616567493e-12
7494.398265156783,518.4593192167246,8.742672728444746e-13
7497.032024056331,518.8229785730963,-5.144550560877083e-12
7503.902582092119,519.7722403859651,8.787322561536292e-12
7507.450787749703,520.2628141433976,2.873260781516775e-13
7512.8818960362005,521.0141665708783,-2.171543819474301e-12
7514.597845595767,521.2516680664627,9.582401575922638e-12
7514.626799664335,521.2556760123985,-9.872825712945299e-14
7515.198619429464,521.3348329126051,6.277450172283694e-12
7515.4649968602935,521.3717095456235,1.0011250744559028e-11
7521.029293862202,522.1423158838338,3.2355728340759247e-13
7521.993429711886,522.2758982165573,6.856852978979466e-13
7522.447028060061,522.3387508073703,1.2085487667607753e-11
7523.553027301184,522.4920188348177,-5.94255853945124e-12
7525.514596179403,522.7639060811589,-1.7074598216629837e-13
7525.676738963388,522.7863833832389,5.924524772312203e-12
7527.823602335898,523.0840413996998,-4.944598639805706e-12
7541.777530811409,525.0207930291001,3.8451484054407343e-13
7542.0323266148125,525.0561910515125,-1.522397208286374e-12
7542.6963091351845,525.1484417851144,-1.3892979906203767e-12
7542.939523311158,525.1822348968476,-1.7304528735404593e-14
7544.580192292444,525.4102242140818,-4.458785173769558e-13
7545.2760358327905,525.5069344364645,7.236723714219056e-14
7551.125997585157,526.3203306749506,-2.5876267216022394e-12
7556.297499782869,527.0399168274248,1.4820645135952767e-11
7557.060404855999,527.1461125807483,-6.901995726556632e-12
7562.060599329527,527.8424009144929,2.0675291897064184e-13
7562.176415603802,527.8585340486248,4.069370380146168e-12
7563.664608550019,528.0658603753983,-4.337516727615304e-12
7565.6662228600535,528.3447778966222,-1.7539386832357462e-13
7573.672224469659,529.4611224326753,-2.4960249818964436e-12
7575.581687568997,529.727549408222,1.2842466088434975e-12
7576.942482613514,529.917461835498,3.4426025058326518e-12
7581.189894393354,530.5104496140793,-2.1380744465228378e-12
7581.709596835059,530.583028900414,-9.221740610974673e-12
7581.813831481903,530.5975864375262,-2.861490875836005e-12
7582.177193497886,530.648335581978,-2.9465741272007063e-12
7582.691105125879,530.7201154684872,-7.224588804134268e-13
7582.749013263014,530.7282040113784,-2.412826035049171e-12
7591.612989652386,531.9670425610019,1.1528282415282364e-11
7592.531767976157,532.095534758344,4.39561341172906e-14
7595.028006594529,532.4447150938801,7.626573386651859e-12
7597.699896047365,532.818593106467,3.681549698464157e-14
7599.935548048621,533.1315293790723,-1.6302842836394076e-12
7600.66179336096,533.2332056657758,-1.628672149440412e-13
7603.914667519117,533.688735965296,-1.636099146338818e-12
7610.88270040417,534.6651905399384,1.2822618567809771e-13
7613.83592304174,535.079305713517,1.1968647108921801e-12
7618.481441719833,535.7310479554956,-1.130849784586213e-11
7622.641512574326,536.3150217708112,7.239794415700505e-13
7624.455905967006,536.5698187711557,-1.9171400298219885e-12
7631.4813567250085,537.5569815417854,-2.054530654369865e-12
7631.707198459842,537.5887301835576,-2.094328889353792e-13
7632.108200764961,537.6451050666386,-1.7564847977025436e-12
7636.643693982485,538.282933301114,7.413482687766856e-12
7639.139442336674,538.6340730204521,-5.909266317245668e-14
7640.751647513548,538.8609634880369,4.322285243545242e-13
7643.158128519351,539.1997238463011,1.9642343184147857e-11
7643.696172385993,539.2754788792531,-1.0572811986104767e-12
7644.915582758692,539.4471880999338,3.7528566078720206e-13
7650.150293643036,540.1846162843221,-1.373870459124491e-11
7650.352972123011,540.2131783119231,-1.2404910867999376e-11
7653.408958614891,540.6439283369323,-8.967438999330111e-13
7655.448224758598,540.9314644254968,9.673286993820506e-13
7655.552459405441,540.9461635461683,4.2669249511872294e-13
7658.52496936265,541.3654297311126,1.7094056663230745e-12
7658.663948891776,541.3850364799165,8.4666302873795e-13
7662.561996970262,541.9351044899597,-2.5830562926450186e-14
7669.794948038131,542.9565145438231,-5.528025348650069e-12
7674.262410739055,543.5878742021891,2.7517728253787527e-12
7676.665506073816,543.927641293859,-9.516623120769834e-12
7676.758159093234,543.9407433812238,-1.6142758297699686e-12
7679.672282193672,544.3529109822774,1.5017431244923637e-12
7680.48538971171,544.4679431570041,-1.7351432844121325e-13
7683.211801630628,544.8537437497959,-7.0693917178173894e-12
7685.479793371471,545.1747799780461,-7.723114265287771e-13
7690.122895362301,545.8323107036626,4.4236996425406e-12
7696.1895223646825,546.6920316742943,2.46168567989707e-12
7696.276384570387,546.7043461161821,9.269287181931906e-13
7699.788876361829,547.2024279947503,1.5630026937322274e-11
7701.250999101768,547.4098283791341,4.642997910645484e-12
7701.4594683954565,547.4394027099704,1.6466194194021826e-11
7704.954097481582,547.9352846813392,-2.810081281911425e-12
7705.197311657553,547.9698047356592,3.462762920839801e-13
7706.482826123779,548.1522794259122,7.06740446857018e-12
7715.615585086559,549.4495218580299,-2.3274374470588103e-14
7715.8172945827355,549.478190576433,7.677993293693754e-13
7717.1660177356325,549.6699021710209,1.0569309112173295e-13
7719.919936019684,550.0614565198049,8.882123632828667e-12
7720.627361187446,550.1620613602274,-5.435078082283846e-13
7721.5340676196065,550.2910200062835,-1.1213628418185069e-13
7727.165437698745,551.092295157417,8.824750543326043e-12
7746.579918793149,553.8592171350269,6.487627298202169e-13
7748.939594569591,554.1959877233045,-8.366918165123967e-12
7750.01181791221,554.3490482680093,1.4162783671678856e-12
7752.213705559506,554.6634354896578,1.561939545432207e-13
7754.4088218647385,554.9769447914556,-2.8011753013124175e-12
7756.202468689776,555.2331816063815,-5.657782551384392e-12
7756.697571717735,555.3039214762391,5.51439345307222e-12
7757.292554737712,555.3889380820857,-7.466162586455629e-13
7758.16982838167,555.5143028453026,-1.5869281172349357e-11
7759.817257160442,555.7497631569445,-1.0799164899661296e-11
7760.014144826702,555.7779068567869,9.027866078489377e-13
7761.099397500177,555.9330488691219,2.038291720975371e-12
7764.659663504735,556.4421580978427,2.045984265844754e-11
7764.724798614464,556.4514744322943,4.155319678736049e-13
7768.079012012563,556.9313362847711,-9.489240484556477e-12
7774.969849440735,557.917806316562,-8.092759039033373e-12
7782.981151599737,559.0657780420884,1.392555317858941e-12
7786.56989295323,559.5804066548586,-8.690342715754703e-13
7789.967047190002,560.0677800907682,-3.1244794054025384e-13
7790.440434666537,560.1357115988906,-5.28709221969704e-13
7791.0185239649945,560.2186735065701,2.1884500036818225e-12
7794.909333526293,560.7772058357295,-1.9626585453957244e-13
7796.20981529097,560.963954385286,8.48952273373612e-12
7799.760904810772,561.4740477940954,-1.0106432189379154e-11
7805.163059028566,562.2504813830296,-2.25542413169934e-12
7805.423645645674,562.287948218552,-1.1901050438518806e-13
7807.821440430869,562.6327590251117,1.712375695195667e-12
7809.244475178235,562.8374461982245,-5.102651582332228e-13
7811.45504904609,563.155485792138,-5.8540936639512894e-12
7812.882426903735,563.3608932682433,-5.807179296018281e-12
7818.729504793665,564.2027114936027,1.5788760482914281e-12
7819.360201679717,564.2935521088318,-3.8698451127661294e-14
7823.057987965407,564.8262995589325,-5.493482387184323e-13
7827.012496477547,565.3963122072637,6.165537287421072e-14
7831.898322380118,566.1009650663057,-1.1180961852655702e-13
7832.53287211228,566.1925145658561,-4.1213012739532073e-13
7838.712910246179,567.084525867646,-1.2774402640127326e-11
7844.112647776724,567.8644864269378,-7.0184871767454855e-12
7844.205300796141,567.8778743016458,2.567795520460269e-12
7844.883771895328,567.9759146309794,3.9616018058504423e-13
7847.87365429363,568.4080591887805,1.6159516674933915e-11
7848.058960332459,568.4348479343872,1.595412823444609e-12
7849.573200395806,568.6537775732195,8.594104441021026e-12
7855.093097310904,569.4522048400771,-1.6374687289090475e-12
7855.208913585176,569.468963134022,-2.804762894094147e-13
7856.021052119399,569.5864842705492,-8.193960366842583e-12
7861.643245713733,570.400381340076,-2.1531917993037805e-13
7862.564440724713,570.5337936883874,-2.8452311364573467e-12
7863.446057478951,570.6614887424141,5.6850817123087525e-12
7868.079515809891,571.3328430539542,-4.349617006550401e-13
7873.981594885521,572.1885839704083,3.9276408090871025e-15
7876.67181421869,572.5788510732785,9.674081174631612e-12
7883.11484411236,573.5140761870078,8.595507931273656e-13
7884.206856583335,573.6726608584555,3.5612933900663546e-13
7884.986655377961,573.7859185543762,2.058256991102638e-12
7894.484702779641,575.1663106447976,-2.5737933578453315e-12
7896.478121133225,575.4562336940243,8.92217604477216e-13
7898.315677780721,575.723553031943,-1.0465609484604493e-11
7899.8004850558655,575.9396014395521,4.4471776978263995e-12
7900.888165961103,576.0978913377797,8.629395326547602e-13
7902.270665012462,576.2991174919464,9.682484619781435e-13
7902.8757935009735,576.3872065171187,4.1594317961610556e-12
7904.451794547561,576.6166578766049,-1.40607084340273e-12
7906.192366609898,576.870122441882,-1.6333479990665561e-12
7910.432049608306,577.4877445984959,-1.0195938236142193e-12
7910.55992622963,577.506378360463,3.218136995017434e-12
7910.727859827321,577.5308495512216,-1.2646230898600522e-11
7917.741250238107,578.5533007966296,-8.878734211521097e-13
7919.1604436838925,578.7603089721613,-1.26642287623076e-12
7919.452377967702,578.8028960579596,-9.639163102728662e-13
7924.115759350991,579.4833983786214,-8.713776011188216e-12
7926.379396436953,579.8138632604986,-2.786977651701292e-12
7926.657355495198,579.8544485808237,-3.70387805455677e-14
7929.922290000323,580.3312742940215,1.2042970125644606e-12
7935.0846272576755,581.0856059257585,1.8933835501746847e-12
7936.346488204847,581.2700663776857,3.4783676318946466e-12
7937.202536561544,581.3952213232243,6.823646414505311e-12
7938.9064257739965,581.6443714453084,1.2174856629368318e-11
7938.999078793411,581.6579211075607,-1.2159431315354997e-11
7941.027242029269,581.9545611701027,-1.2629705252921641e-12
7942.709415690297,582.200654128293,-2.1217646540763205e-12
7945.776983809532,582.6495570397774,-1.0810556691839723e-12
7945.985453103215,582.6800703861694,8.109943548151831e-12
7947.642525541784,582.9226421338633,2.4848564262604887e-12
7949.510005241642,583.1960751234484,5.930839798209083e-13
7949.614239888481,583.2113388642492,-1.8623728705252105e-14
7950.777178282899,583.3816488860152,8.141802175801919e-13
7953.895427566672,583.8384332664615,-3.2126796680291666e-12
7954.382801813307,583.9098436613929,-3.033992519974366e-13
7955.5443040488435,584.0800453717134,2.3606734838347164e-13
7959.563959215218,584.6692607527009,4.1298766471006615e-13
7960.267508447762,584.7724201127942,-1.95725801858274e-12
7965.42742901787,585.5292827884696,1.007159813808156e-11
7969.8741451510605,586.1819253206664,2.8406523846013384e-13
7970.469128171025,586.2692783401058,1.4122725698353428e-12
7972.271939936226,586.5339997433452,-7.949193958035881e-12
7974.221436922775,586.8203274963296,1.522050448985992e-13
7976.38857968775,587.1387036262122,6.724169616272403e-13
7977.518232447857,587.3046958330285,-4.0658976198364906e-13
7978.5904557904605,587.462271053581,-1.171857346223948e-13
7981.335209134256,587.8657397704161,8.645933217403801e-13
7982.322986958382,588.0109734605973,1.3090204432038759e-12
7989.5043109668195,589.0673890644109,-2.7320549394584094e-12
7992.249554574788,589.4714817662224,2.496624936789998e-13
7997.553755223546,590.2526395163063,6.541358458323837e-13
8000.612637122199,590.7033613525564,-2.5759708190570336e-14
8006.116130579891,591.5147271950699,-9.880123356769465e-13
8012.287961212763,592.425287942977,-1.6815526568144418e-11
8012.450103996741,592.4492191302306,2.949040233680887e-13
8015.344928232906,592.876557274692,-1.5536313010437437e-12
8016.968224772985,593.1162582108558,2.759129867035519e-12
8020.197935676179,593.5933115703896,-1.0321795103386683e-11
8023.023760411955,594.0108654155285,1.427245778663389e-11
8024.056895761988,594.1635618644273,4.563274969751368e-12
8031.268142822767,595.2299250840284,-6.897551671523531e-12
8033.868125823719,595.6146325389648,1.5004672061985492e-11
8036.112954309642,595.9468895931076,6.42181024150767e-14
8039.057479181994,596.3828494419298,3.1860351665669644e-12
8043.326606513099,597.0152106466929,5.0755983051482887e-14
8046.407705771888,597.471804690867,9.578745139936178e-12
8047.066387742695,597.5694387311302,6.508977931943908e-13
8049.054015282542,597.8641059998234,-7.525300309568615e-12
8051.777041530352,598.2679148199321,6.195953800919899e-13
8057.208640080783,599.0737969752263,4.080882728867494e-13
8059.401829962906,599.3993529147089,-3.741299415512101e-13
8059.5466003057445,599.4208456647913,-6.769459158506647e-12
8060.597598361086,599.5768894637398,4.0566031874749775e-13
8062.9905713163225,599.9322548854906,-1.943383422690585e-12
8063.925262833225,600.0710887141677,-8.132452394003945e-13
8064.203221891467,600.1123782961599,-3.713835579797159e-13
8064.679983494476,600.1832024261652,-1.4057449031636355e-11
8068.450633671143,600.7434894603933,5.990997178575497e-14
8070.241863808904,601.0097430149756,-5.911229007082581e-12
8071.928380580199,601.2604856974334,-6.950180065886394e-12
8075.288384791932,601.7601901017044,-2.0205944388222973e-11
8078.926336517359,602.3014657178326,-1.4863915978802604e-13
8079.012708458886,602.3143196003896,-2.861589077249196e-12
8085.852864722354,603.3327088372406,-3.54956893682392e-13
8086.026589133758,603.3585848302037,-1.536190945213417e-12
8088.702331432597,603.7572028937384,-4.1118616778248836e-12
8093.800969739037,604.5171363919846,-1.953224046435807e-12
8095.133779698732,604.7158658197807,-2.0672528690487778e-13
8097.383430014556,605.0513755070803,-6.736338877440663e-13
8099.934669818558,605.4319766372007,9.507831252117099e-12
8100.853448142292,605.5690719360862,-4.557972646116025e-13
8101.096662318255,605.6053656870713,-3.2969207759423237e-14
8103.637768198255,605.9846285850457,-9.700467834919158e-12
8104.27039150735,606.0790668145951,-1.4426014847351587e-12
8105.343105114115,606.2392187270211,7.920522022354108e-12
8107.159915193957,606.5105096610223,9.849568958102914e-12
8109.1094121804845,606.8016813843919,-3.766935901077185e-12
8114.064739392057,607.5421111128938,4.4452391527535724e-14
8119.172052374512,608.3057240480663,4.296002074653971e-13
8124.958805439939,609.1715031721733,2.324987368565541e-12
8133.694905207606,610.4797143221903,1.8378155386433605e-12
8136.64860656468,610.9223424255931,4.853389532313335e-12
8137.769094384578,611.0902956238922,2.7712719455268234e-12
8140.415403895216,611.4870505102535,3.013774069474259e-12
8141.796455243121,611.6941594796,-7.099516654942149e-13
8142.022296977943,611.728031113063,6.36223229414859e-14
8148.903957921174,612.7605897626327,-9.667767020126635e-13
8158.0926870531775,614.1406724610865,-8.299623902795057e-13
8159.609343803718,614.368613215295,3.493042225685885e-12
8160.201921680991,614.4576841984198,5.405838236223682e-12
8163.978362671342,615.0254768472194,-1.5391457657746587e-12
8166.445647221035,615.3965780656641,7.635393200031629e-12
8166.526718613022,615.4087738163371,1.4445509294424614e-12
8174.736356141469,616.6443948264202,-2.390053080696699e-12
8178.019153351849,617.1388315038872,-1.418571965699489e-13
8183.525063496701,617.9685467873436,-5.988627843938469e-12
8184.987186236587,618.1889757817307,2.6307753828299757e-12
8186.85272796881,618.4702812264544,-1.1087651045176537e-12
8188.720207668631,618.7519431061653,-4.613801375040646e-13
8192.585927551907,619.33519289155,7.224989051579282e-12
8193.244609522706,619.434600566306,-1.1776027304758087e-12
8193.256191150134,619.4363485263196,-7.153402765907374e-12
8195.046931023708,619.7066461154806,-8.065276640120586e-12
8195.827220082487,619.8244428667346,-2.107270821218377e-11
8196.993544147914,620.0005385083256,-1.9222181738151357e-12
8203.078033855372,620.9196021471785,-8.282686909721024e-14
8203.194328849266,620.9371751758376,2.0739381210248958e-11
8203.560096007912,620.9924469068741,-1.0214785360168677e-13
8204.158464698896,621.0828727859614,1.2562264819962243e-11
8211.412652598261,622.1796551981015,1.036056648362979e-11
8211.52846887253,622.1971736693921,1.0498085146764663e-11
8213.243928167825,622.4566844820383,1.3217031688424626e-12
8215.425057702872,622.7867191165061,5.512003383081026e-13
8216.472202912093,622.9451975979224,-1.4903745824957274e-12
8216.821087893775,622.9980035115834,1.6130491969777446e-12
8219.978413625506,623.475986375064,-1.531569666204593e-11
8225.626677425946,624.3315267494663,-5.57817212712055e-13
8228.432222769135,624.7567000845889,-6.684640151495672e-14
8229.506862798946,624.9195974815074,-3.2305156516549143e-12
8241.982265076469,626.8122160759648,1.543818942580304e-13
8243.376836019392,627.0239618267768,6.900001621846148e-13
8243.95831098886,627.112261108492,-1.5189678128256281e-13
8245.3263330059,627.3200252443786,-2.2985815090569796e-12
8245.517908578066,627.3491229469993,-1.52796389325161e-13
8247.163889653348,627.5991527608857,-6.2087273202279975e-12
8251.602398285504,628.2736252180812,6.935508681194905e-13
8259.584279200575,629.4874589766744,4.934211446599354e-13
8264.524148849467,630.2392708932429,-2.0208029388944223e-12
8269.724114851282,631.0311531981713,1.2617817580043626e-13
8272.92343552697,631.518612620696,3.5011247864808645e-13
8274.835782488512,631.8100743673176,-2.2331332400944997e-12
8275.355484930187,631.8892941149337,-1.0366817520758888e-11
8276.556553877886,632.072395567089,-2.7780223438640195e-12
8278.354543813139,632.3465465385881,1.1939475973832238e-13
8283.791933177195,633.175982258842,1.1978873679733014e-12
8284.605998134448,633.3002090470305,4.716102877598157e-13
8284.617579761876,633.3019764982163,-2.069573103448968e-12
8286.079702501753,633.5251282472861,-6.076437339498642e-12
8289.277085209835,634.0132556482242,-4.790676328521156e-14
8294.215028435661,634.7674751555434,-1.6974753284378972e-12
8307.78147420027,636.8419209016665,4.364976645486497e-12
8309.115720318825,637.0461236397447,3.829123702228686e-12
8309.289444730224,637.0727141010653,2.1693743835696394e-12
8310.318727234124,637.23026868788,1.5392269165544262e-14
8316.326967379458,638.1503529561107,-6.4334388693418135e-12
8320.920368733881,638.8542214843283,-7.452075664860142e-12
8322.5330526303,639.1014328161032,6.129932018650071e-12
8322.74152192398,639.1333929609195,1.0051261402711751e-11
8325.919115503686,639.6206446240801,1.1802945851170559e-11
8327.533247103534,639.8682265282964,5.648544788843247e-13
8330.353281025535,640.3008896823138,1.0465519057208032e-12
8337.717494385388,641.4314334456085,7.817026482657106e-12
8338.764149330427,641.5921955340583,-1.3071316766864084e-11
8339.110127360704,641.6453408382874,1.115169852428916e-11
8339.434412928647,641.6951559891965,-5.395570348548718e-12
8341.103545714222,641.9515905878199,-3.865787449203205e-12
8341.433622095881,642.0023074330452,-1.1439002975629712e-11
8343.003832328703,642.2436006155422,1.273771533619108e-12
8343.281791386942,642.28631913425,8.839037628897997e-13
8344.425909636755,642.4621695005233,-1.9268654904843276e-11
8344.727031949848,642.5084558481212,-1.6556211677920072e-12
8349.077219128303,643.1773215716222,6.092194261152383e-12
8355.057474188858,644.0973883944299,4.417669828759196e-12
8355.198870405207,644.1191502829163,-1.2034158428453967e-13
8355.347014874524,644.1419511708422,-3.323840472894646e-13
8359.682736563236,644.8094403519451,7.431640179255329e-12
8359.705899818091,644.8130072907493,1.6787464001335106e-11
8361.326779670904,645.0626331655211,1.6335503103202537e-12
8362.366674818424,645.2228091603505,3.8469498432432085e-12
8367.885135574434,646.0731560277499,3.331717435180035e-12
8370.175321586212,646.4262185097347,-4.2579892336868085e-12
8371.004821016999,646.5541206588767,1.207530914293843e-11
8371.039565899277,646.5594783171991,5.154489868368146e-12
8376.323019980267,647.3744453489,-1.0975635825980925e-13
8378.220889907516,647.667315245768,-4.278901675465985e-13
8378.441419548248,647.7013505915802,3.4425028924299863e-12
8380.018879842755,647.944833360263,2.0639420790174407e-13
8380.922702412561,648.0843600448005,6.9184257297663734e-12
8380.971912784575,648.0919572775912,-1.5070909051524574e-11
8384.473791932214,648.6327015620401,5.10170381123175e-12
8386.671324924573,648.972149989314,6.867009003345461e-14
8388.148905227074,649.2004388116026,-2.37694121520317e-14
8390.159696021727,649.5111742217086,2.4687126947468475e-13
8392.267950121157,649.8370510021671,-1.0766247448407075e-11
8396.005793383061,650.415017690725,1.836394511880434e-11
8404.89293302674,651.7902314163663,8.480278585501823e-12
8405.153519643838,651.830577064961,-6.328119279396261e-13
8406.432764576655,652.0286559028266,-3.684818810826525e-13
8407.64926799788,652.2170477813302,-2.498203824381179e-12
8414.0044667018,653.2016787768156,2.1292793173238563e-11
8414.766893055255,653.3198538797988,5.181169621331441e-13
8418.846861501315,653.9524257020402,-6.594622812125914e-13
8420.008854000984,654.1326409694199,8.391577082785936e-14
8420.875024737104,654.2669929484939,-1.630805937419601e-13
8422.914290880695,654.5833586469994,7.376918560747195e-13
8429.767476474857,655.6471028180503,2.433636544726107e-12
8430.125537941276,655.7027045193656,5.234815671441103e-12
8432.795010706714,656.1173089781012,-3.309434655714661e-12
8433.246192367627,656.187396430741,-2.2722801688478234e-13
8433.366830471807,656.2061372280922,1.5560339980482846e-11
8434.129735544888,656.324658639131,1.1837203360484145e-11
8447.138348314389,658.3472666962142,-1.86697696128363e-12
8450.622855020869,658.889574873647,-8.059625046779792e-12
8450.741555157445,658.908052605669,4.280758300012069e-12
8450.984769333401,658.9459139150943,8.323065448647294e-12
8452.641841771912,659.2039004650997,-4.085391151209554e-12
8464.697900319212,661.0824086837753,-3.150689393782365e-13
8468.68232033899,661.703827577776,-1.9771222897648004e-11
8472.039429143773,662.2276366383501,3.922524051176899e-12
8472.132082163189,662.2420962155949,-1.1603634708687964e-12
8472.420163600875,662.2870556721417,4.490437873855794e-12
8472.605469639699,662.315976284387,-9.685605417759691e-12
8477.155439891223,663.0262860960231,9.08609799249741e-13
8483.012161440696,663.9411582227707,2.7340119290903955e-12
8484.81449448621,664.2228258558339,-7.05612981276127e-14
8485.496818431477,664.3294746874441,-1.7672327591828116e-11
8485.612634705743,664.347577893899,9.761478707624542e-12
8486.100008952362,664.4237619211726,-6.62229816665159e-13
8487.588680618102,664.6564910988913,-7.627719541367279e-12
8487.611843872957,664.6601126129776,-8.627975926867611e-12
8487.952031089515,664.7133011296617,-2.1990878691545707e-13
8490.708366060642,665.1443347012645,-1.6712033008898082e-11
8490.93999860917,665.1805635980415,5.846983165651194e-12
8491.84573605748,665.3222365472263,-1.4808047568122818e-13
8495.440746944128,665.8847072429019,6.383615368013068e-12
8495.550772404682,665.9019254369621,3.547072265871749e-12
8499.537118847507,666.5259104147485,-1.573319333694475e-12
8503.873330800356,667.2049924174287,1.1629244918094624e-12
8508.550687409017,667.9378884336265,3.5235075579298453e-12
8508.934317272971,667.998017362077,2.6708871182221186e-13
8509.212276331205,668.0415854772353,-8.58080967495297e-12
8513.010911592524,668.6371372967689,1.0555303434413246e-12
8519.797514373491,669.7018057173735,1.5429358734687575e-12
8524.532779119276,670.4451669132202,-9.132713151592365e-12
8530.478289297489,671.3791022600606,1.537897971851444e-12
8532.378575911946,671.6777412698243,3.763168113470906e-12
8533.668445032925,671.8804881891315,-2.6383586479296773e-13
8537.868082599329,672.5408167827944,1.054149458383199e-13
8538.712549328564,672.6736354557793,-3.9377072546396554e-13
8539.66607253455,672.8236224440107,-1.2618650134957227e-13
8550.163479387316,674.475947318734,-8.338274549528074e-12
8553.734836754924,675.0385529774427,1.6320680520655333e-11
8554.401726226653,675.1436359258121,3.20822785932607e-13
8554.61019552033,675.1764864802581,-5.892314269648394e-13
8557.502603069159,675.6323541580434,1.6561926328543143e-13
8557.554720392576,675.6405696985582,8.413898550366449e-13
8560.281132311324,676.0704187860937,-7.42187827062814e-12
8567.151690346567,677.154245784651,7.643710369010052e-12
8570.635706788846,677.7041798553236,-3.8763826373752047e-13
8572.05923180031,677.9289402980719,9.019010610578269e-13
8572.221374584276,677.9545433992164,2.68876481146421e-13
8574.240361335304,678.2733913746279,-2.809943926015292e-13
8575.096409691963,678.408605264487,3.973638548016861e-12
8576.974023315739,678.7052239180775,-3.909266087321749e-12
8578.320329781323,678.9179485523428,-7.962509608409539e-12
8578.355074663603,678.923438897646,-5.254213933581982e-12
8580.556962310768,679.2714239449109,1.7955678720962358e-12
8582.301387219135,679.547175250546,1.6915895869405444e-12
8585.464503764506,680.0473302983266,-1.4046013811901618e-12
8587.334388606963,680.3430849780609,-1.0220101644697651e-12
8604.234768376677,683.0190945494194,-1.513386291398769e-11
8604.437446856638,683.0512186280994,-1.7851105250146265e-12
8607.736647524263,683.5742408503908,-7.204311133247571e-12
8608.822390461846,683.7464075083969,-6.784997776802618e-13
8613.346302051625,684.4639995736495,-8.883794793010571e-13
8617.431092327546,685.1122612014617,1.0412361847568562e-12
8618.330093067425,685.2549750760674,1.1969353232729546e-12
8627.676143153203,686.7395165084795,-3.2508481034102156e-13
8629.235740742371,686.9874021187474,1.6686005082778256e-13
8631.478152540976,687.3438941314206,4.803782236472725e-12
8631.779274854061,687.3917727227868,-1.1935983609221287e-12
8633.506315776738,687.6664053142584,8.367179108506817e-12
8633.790065648687,687.7115322347355,1.5609293524211784e-11
8636.51309189639,688.1446714134578,3.91698950357529e-14
8637.083475502594,688.235416994742,-2.8315726337507895e-13
8637.118220384871,688.240944949891,4.410101963061115e-12
8641.775320690043,688.9820968063966,5.819265367280716e-13
8643.063240298869,689.1871326375729,-1.0069698752784226e-12
8645.434497702585,689.5647149460628,2.4170688804790735e-13
8649.39287060516,690.1952491007628,1.2908145510514449e-11
8654.150819886134,690.9535307432067,5.063910172414e-13
8660.001271902203,691.8864978448657,-1.646544827070273e-11
8660.047598411911,691.893888013938,-8.540122258677244e-13
8660.05048227422,691.894348059185,-2.3880913390859833e-12
8660.813398891836,692.0160569496917,1.8635891237527785e-12
8661.950768888662,692.1975226882403,-1.278597467431314e-12
8663.500244098377,692.4447775621599,3.210735848715701e-12
8673.600524581178,694.0575964011638,4.878919995158143e-13
8680.516930406451,695.1630962318975,1.970266219359353e-13
8683.087959338725,695.5742672911699,5.903945185570427e-13
8688.52437971884,696.444086193235,-6.145695560613315e-12
8689.9517575764,696.6725546916402,9.958615278791539e-12
8689.986502458678,696.678116483779,7.987761199704436e-13
8690.501394614976,696.7605405279587,-1.255879249207375e-14
8692.985561341551,697.1582750761719,-2.1534243640900156e-12
8695.10251320606,697.4973053609534,3.2088359768525833e-12
8695.148839715765,697.5047254842258,-3.9692294441497034e-12
8696.429532351987,697.7098698485363,1.8764345243350144e-13
8702.295897561207,698.6499442155833,9.946561576949637e-13
8704.116572031635,698.9418328959665,3.0117837861426734e-13
8707.799391018643,699.5324453709665,-4.103022019497418e-12
8709.636947666038,699.8272271585175,-1.2889144657972563e-11
8711.458100856094,700.1194388641126,9.880740211277087e-12
8715.0106380791,700.6896342632282,-1.535693618521877e-12
8716.819719377556,700.9800878573822,-1.2086090739796696e-12
8721.181978447508,701.6807099858037,1.2035725158444196e-11
8721.361493672617,701.7095494230828,-2.449778338467734e-12
8724.707020849923,702.2471228787406,1.374716659571108e-11
8725.151454257862,702.3185518320737,-6.2511570831970256e-12
8733.136709299179,703.6025551006376,1.6835608650957788e-13
8737.796214747004,704.35233121367,-1.3693305452943174e-13
8746.368256851854,705.7327309218298,-6.802971969117726e-12
8747.79563470941,705.9627203250184,3.5757981712373577e-12
8747.859333660253,705.9729848336618,4.269501389939633e-12
8751.889122750417,706.6225007575224,7.447907736350495e-13
8753.741144887541,706.9211074967827,-1.6589500044884358e-11
8754.976958717485,707.1203963837352,2.426109234263409e-12
8761.177743418619,708.1207674096225,-1.0626442152857645e-11
8769.40764879475,709.4495898098875,-9.571875718041272e-13
8771.762502741116,709.8300403610821,-2.6859967171185813e-12
8771.86673738795,709.8468828868265,-5.086938774396815e-14
8777.298814657754,710.7248901125367,-1.3248514110946863e-11
8779.945124168282,711.152820040731,-1.304529413412191e-12
8783.296442159291,711.6949407435658,-7.978458469516281e-12
8787.62925689649,712.3961383777742,-5.51852109342773e-12
8787.953542464425,712.4486327850244,4.389155319284804e-13
8791.367100158304,713.0013271224684,2.7280722185592795e-12
8791.905144024904,713.0884622087287,2.9783051215679906e-12
8793.939588338535,713.4179844412871,5.9423190525893244e-12
8795.917070409741,713.7383534777562,-2.8032547849869285e-12
8796.24135597768,713.7908973927656,-9.639441000235049e-12
8797.910488763204,714.0613772344514,9.717607608568533e-13
8799.965679644461,714.3944875652323,4.595113203888733e-13
8801.232852685645,714.5999128257604,4.84364728451117e-12
8801.533974998729,714.6487330257371,1.3143983533412838e-12
8803.483471985171,714.9648404587283,2.0400301112099183e-12
8805.88416217706,715.3542042469068,-1.5314205452502876e-12
8806.069468215883,715.3842631262997,4.0150664340601486e-12
8806.933712528928,715.5244623548775,4.347098985712928e-13
8809.81744540169,715.992366107214,3.417760822928013e-14
8810.002261176336,716.0223588495942,-2.8159913254448337e-13
8811.86441723745,716.3245930912041,-1.110487014706285e-12
8812.211866060241,716.3809922840334,-8.720700821952723e-12
8818.003919674951,717.3215076193643,-2.0342354600291936e-11
8818.096572694361,717.3365576651681,-1.3258181976606162e-12
8819.173617866814,717.5115185500565,-9.67021541843774e-13
8819.40525041534,717.5491489519693,2.893005578408662e-12
8822.846314474347,718.1082913800643,1.8537904236828782e-12
8827.811764065147,718.9155174129564,-3.035408647070921e-12
8828.69436134768,719.0590475288078,3.1505567607220157e-13
8831.486877359908,719.5132677958655,4.615533664478074e-14
8836.234213997212,720.285781591271,1.2255953520636791e-11
8836.315285389193,720.2989775976442,-3.5006425520341327e-13
8836.633289879243,720.3507404197251,-2.002417373877119e-12
8837.77885583245,720.5372240674873,3.788414864718365e-12
8837.848345597009,720.5485368998978,-1.4259857591506702e-12
8842.66566226304,721.3330058567292,-1.2824319921743142e-13
8843.688184969393,721.4995720845304,-1.7858543174151e-11
8846.305540411344,721.9260200664833,-4.586116974164295e-13
8849.07489316872,722.3773704993212,2.7063346888703512e-12
8853.318930821699,723.069339926219,-6.454301695280984e-14
8854.951894110609,723.3356749350404,2.997466075775092e-14
8859.392317621108,724.0601528530295,-2.244673555244921e-12
8860.184188307285,724.1893887866291,-5.267684236840287e-13
8861.699876073955,724.4367862922205,-2.1317006626848998e-12
8867.400735917217,725.3676856883457,-1.1818606184075622e-11
8868.319514240906,725.5177699836785,7.282599154527186e-13
8874.426198219162,726.515704293115,1.8249522148031577e-11
8874.657830767685,726.553570448352,3.19516783648211e-12
8875.65380454815,726.716398628037,1.6576960588870858e-13
8885.243068809743,728.2850479269654,-1.5171554041964744e-12
8885.300976946874,728.2945259115531,1.719151315526898e-12
8886.777098001354,728.5361475735492,-9.228037326410625e-13
8890.703131164275,729.1789830673553,-2.713130340563576e-13
8890.936678591306,729.2172322867123,-2.97551940369901e-12
8897.267266336765,730.2544067441356,1.7699295032535745e-11
8904.483335227054,731.4375547145697,1.5524176772332429e-12
8907.548498203416,731.9404096462771,-1.0760513799177475e-12
8907.617987967975,731.9518117872327,9.218731892665767e-13
8908.27474351569,732.05957909146,-7.103388163648018e-13
8917.38627719048,733.5555143836036,-5.646271683664625e-13
8918.36536879398,733.7163530348538,-4.531188783435975e-12
8922.326146839172,734.3671834940068,7.604132764991512e-12
8924.135718401778,734.6646263695685,-2.0413135850920134e-13
8924.147300029206,734.6665302589593,9.893541102597967e-12
8925.48926338448,734.887150682853,4.969862197603501e-12
8925.938039902698,734.9609374954808,-1.2479600250505692e-11
8926.506485541287,735.0544053579707,-3.04036625000629e-13
8929.19670487427,735.4968310385029,1.690745051525451e-12
8934.131764237594,736.3087832054779,-7.940490085912438e-13
8936.471160621308,736.6938345989374,6.41529990104994e-13
8938.245508582007,736.9859494508795,-2.3317539379694e-13
8940.117810111657,737.294253501555,4.481926378662474e-12
8944.395623663087,737.9989054565372,6.05548473602296e-12
8944.418786917942,738.002721882345,-1.5413850264580612e-11
8944.75897413449,738.0587729706497,5.527793370173788e-14
8944.990606683014,738.0969392238308,1.0312756716869351e-11
8946.062830025548,738.2736230723873,-1.3522852828032761e-12
8947.363311790124,738.487948378122,3.4267752686678826e-13
8947.43280155468,738.49940148398,6.838733557840914e-12
8948.99771123791,738.7573490156359,-7.295683576115836e-12
8952.598022674,739.3509676088321,-1.6816099765950317e-12
8956.976685201236,740.073242350233,-3.6144203882911305e-12
8958.814241848604,740.3764585510613,-4.3391503484073166e-12
8960.519578764372,740.65791275086,4.433443830996689e-13
8965.357630453444,741.4566916819676,-8.85691992494553e-13
8965.705079276231,741.5140732687889,-1.0036229789008225e-11
8969.233005540906,742.0968404165312,6.770058232232407e-12
8977.004000474732,743.381315561081,-1.6303074514335078e-11
8977.247214650679,743.4215346160863,-1.111230549132567e-11
8978.165992974364,743.5734780105837,1.5984664201762028e-13
8978.200737856641,743.5792242668608,-1.6103406782178948e-13
8978.71657590764,743.6645383715991,2.271306174193902e-13
8987.285232341339,745.0824195871969,-3.8657451347195445e-13
8992.32161940008,745.9164367165191,5.709218663803993e-12
8996.158875478777,746.5521934115892,-1.4758856305762029e-13
9007.116161757282,748.369089980656,3.060808763465625e-13
9010.541779798168,748.9375670548167,-4.102438035565745e-12
9010.798980744226,748.9802579577498,-2.0794207614191137e-12
9010.972705155618,749.0090938910517,2.0893562546736017e-12
9016.970811376706,750.0050404173447,-9.401959146446159e-12
9017.912752955242,750.1615038991631,1.6227572346746407e-12
9018.865785897027,750.3198263723007,1.2173351725474484e-12
9022.855039291137,750.9827221633963,-1.277085507449764e-13
9022.994018820249,751.0058217302484,-6.464308070222129e-14
9025.135091378826,751.3617309631003,2.7060687339294392e-14
9025.44682633553,751.4135575241742,1.6189985359738266e-11
9025.493152845236,751.4212595520007,3.1799441690521317e-13
9027.977319571764,751.8343233371945,1.6022035061128475e-11
9031.99021494035,752.5018221251917,-1.5407780526422652e-12
9035.12727282393,753.0238420513961,2.001482045777637e-12
9038.794190162256,753.6342626645593,1.9784782375431197e-12
9044.531231046622,754.5897873750008,-2.0349818439827325e-12
9051.144109415993,755.6919381507943,5.900110677102199e-13
9056.775479494636,756.6311386316531,2.479506624447414e-13
9061.041711418617,757.3430501415943,3.8040776864736e-12
9062.05651688819,757.5124413724209,-4.510848958605369e-12
9062.183914789875,757.5337079580845,7.663741884173953e-13
9064.234762560816,757.8760979896286,4.216408006517445e-13
9065.950221856025,758.1625542597528,3.3113826051994165e-12
9067.817701555748,758.4744573106786,-5.030252458973462e-14
9069.655258203105,758.7814253739836,-2.2657446703222386e-12
9070.209705527037,758.8740592894922,8.919456505442743e-12
9071.904908518794,759.1573193192835,-4.918783854400075e-12
9072.324730968445,759.2274777509621,1.5820041211676864e-11
9081.227795349487,760.71607365647,1.31861143950287e-11
9086.238123746494,761.5544446161671,7.642086466284951e-14
9086.296031883625,761.5641370036484,-8.108248337944786e-12
9088.285095582225,761.8970944881595,-1.207481918339609e-12
9088.586217895303,761.9475069319049,9.475463486419078e-13
9093.489416238619,762.7686117521789,-4.934342519137206e-12
9093.611023326595,762.7889820807495,5.157988454819563e-12
9093.925163425976,762.8416047564988,7.878407720291304e-12
9102.25496033851,764.2376205138311,-1.3438261565018634e-11
9105.536298300733,764.7879007421532,-2.0902814935683354e-12
9106.576193448209,764.9623324993559,5.5391009758057e-12
9109.332528419238,765.4247758260049,5.326370883191287e-12
9112.135189899973,765.8951350667926,1.3768090508992871e-11
9116.857425314747,766.6879758519298,6.002689648489141e-13
9120.527238059914,767.3044035475604,1.972138854668238e-11
9120.532538609452,767.3052940736433,4.2266561117497333e-13
9121.027641637369,767.3884768176616,7.364119834617656e-13
9122.430408536618,767.6241815769619,3.1611924755576655e-13
9122.558285157931,767.6456702912539,6.296233497892131e-12
9124.900588493025,768.0393302207049,7.081480613826818e-13
9128.879707963115,768.7083138307389,2.0304498773337803e-12
9129.036059933367,768.7346062311441,-1.6026576085534576e-14
9131.57716581321,769.1619858417176,-4.66209878777011e-12
9132.571224715157,769.3292054592868,-6.970085650818108e-14
9134.957437872723,769.7306861970558,-3.4188320707096027e-12
9146.758700616181,771.7177925918332,-2.5031762733309625e-12
9146.944006654998,771.7490150339802,-2.2016819568427154e-13
9150.981034262215,772.4293757718947,2.90013852409066e-13
9152.424815577078,772.6727692891094,1.7774835575288732e-11
9160.539885207127,774.0415270318116,-6.481278493702908e-13
9160.609374971684,774.05325301408,3.522491695295975e-13
9165.177196383798,774.8242406621625,1.0151518810381084e-11
9166.97952942924,775.1285563119156,-1.292380869587018e-12
9177.657420490545,776.9326965261962,3.2471078008760697e-12
9177.988921486518,776.988740664887,-3.025256150122084e-12
9180.239540785999,777.3692878281886,1.4151234562832996e-12
9187.266450791258,778.5580370939701,4.4241584307819e-13
9189.150333948308,778.8768900705587,9.009426220430287e-13
9189.670036389954,778.9648628007594,-6.058983706299317e-12
9193.616348945357,779.6330379390122,-3.887730198358238e-12
9198.718840097572,780.497398242734,-2.7679986004183037e-13
9199.60238327479,780.6471188757752,-1.0510134890615368e-11
9199.98601313873,780.7121312753076,-1.7450257903366072e-12
9200.148155922694,780.739609855891,-4.072893481744202e-12
9203.023191030283,781.2269267886927,-1.7953069662932504e-12
9210.548087925754,782.5031136261983,4.169850556071489e-12
9212.412193498982,782.8194182938096,6.742092581270079e-13
9214.786825029114,783.222442597592,8.204823216366447e-12
9216.503743572286,783.513904044794,1.6919509503300267e-12
9219.074772504484,783.9504594948096,-1.7589299760854528e-11
9219.538983496232,784.0292945483025,2.0951846889584484e-14
9219.952046148363,784.0994466260843,-1.3382746950659026e-11
9221.831107475497,784.4186147755435,-8.085957572625129e-12
9226.44188127082,785.2020538217199,-8.154986055311935e-13
9234.105757695397,786.5051268445686,1.0517132913054743e-11
9239.37761860416,787.4021185303334,1.7203476631584697e-13
9239.78924509741,787.4721771193439,-9.331224080949338e-12
9241.17560853931,787.7081583266745,-2.291422209698672e-12
9243.266501742046,788.0641287198083,5.284945579728747e-12
9244.436199933885,788.2633026289644,1.3870978264958757e-12
9244.760485501813,788.318525800315,7.840762011798507e-13
9248.108896541336,788.8888459915357,-8.837523963325349e-12
9248.352110717284,788.9302796427494,9.644525074417742e-13
9248.433182109267,788.9440911019634,-1.0135464727951765e-11
9255.498689842889,790.1482479972639,1.0289138371273647e-12
9258.1107331907,790.5936448636988,-9.026361113058198e-12
9258.406064690063,790.644011708287,-3.774123638213421e-12
9263.226743937925,791.4663739959752,-1.0576099755792263e-12
9264.905531927783,791.7528598458797,1.261711701222364e-12
9265.218235868286,791.8062286355987,1.1523058734710587e-13
9266.898950281198,792.0931049165962,-4.37377811869255e-13
9269.499423546133,792.5370747150432,-3.794660476596693e-12
9270.221314203556,792.6603426979398,-2.1800658735019764e-12
9270.325548850395,792.6781423010659,2.9595135991484117e-12
9274.872623694859,793.454817185135,6.892728620623988e-13
9276.400383353102,793.7158556066687,-4.2669092983189225e-13
9276.678342411326,793.7633532977947,5.538727582079313e-12
9279.653257510901,794.2717964244712,-4.659529872072816e-13
9280.852878755102,794.476869971495,4.998154612532305e-13
9281.200327577882,794.5362708048343,-1.6364965855186448e-13
9288.162079384287,795.7269402484238,4.3524293352034814e-13
9296.80022558241,797.2055648054147,1.3661928625121398e-12
9297.94435537671,797.4015129666645,2.7960135320306993e-13
9298.042799209832,797.4183739707292,1.1825956899691494e-11
9299.414697161994,797.6533648805183,-1.4453786515393307e-13
9299.844641991089,797.7270167983859,-4.67711674486465e-12
9306.767317349471,798.9133780300498,-1.7051065752539639e-12
9307.132138613391,798.9759231150921,8.144986997496763e-14
9309.419907937816,799.3681949810572,-6.937970696588216e-12
9309.655872052075,799.4086600010638,1.362675949216892e-11
9309.841178090888,799.4404384867395,-5.953919483940065e-12
9315.431533753845,800.3994366146685,-6.921678083763975e-13
9316.1992606568,800.5311813620954,5.641981108287155e-13
9318.063354685468,800.8511119080022,-1.218076432004499e-12
9319.874373951467,801.1619946450529,-1.763344824888796e-14
9327.880375560157,802.5370427816885,5.835302589118176e-12
9329.72034889472,802.8532290493056,-8.786258151040742e-13
9330.688337590398,803.0195960230338,9.59440798705155e-13
9330.948924207485,803.0643856588774,5.002772171710673e-13
9331.150633703639,803.0990563522053,3.7368506440179455e-12
9344.64226606426,805.4197575569965,-7.46097663242892e-14
9345.989074338511,805.6516066638968,8.38928997977036e-12
9349.108759780906,806.1887797295238,-6.725033617071989e-12
9349.674800276802,806.2862644470143,-1.0165598566798209e-11
9349.76745329621,806.3022219123585,-1.0918590127550352e-12
9352.90451117974,806.8426051497611,-1.2073185229269592e-11
9354.07420937157,807.044141389302,-4.44868102542346e-12
9354.143699136128,807.0561151049435,7.92299845296184e-13
9354.713592478134,807.1543162440445,-7.036674798257796e-13
9354.800454683827,807.1692844255463,-7.791595378631561e-13
9359.92514010705,808.0526212898319,1.3392210324962441e-12
9361.640610946783,808.3484233454262,6.690910585453793e-13
9361.918570005004,808.3963574831447,-3.445995930613917e-13
9364.681174509342,808.8728469709079,2.705426615356276e-12
9367.97458436312,809.44107259324,6.509717273970328e-14
9372.666429550389,810.2509211177909,-8.047255270368179e-13
9375.150596276877,810.6798715667649,-7.995290665877383e-12
9376.536959718766,810.9193095995709,4.843073611594298e-13
9379.755100538825,811.4752493282779,-7.499105159967613e-13
9380.838426789134,811.6624388440229,5.6096017242444925e-12
9380.954243063394,811.6824521853475,-7.853618178650469e-12
9385.897977102628,812.536972148148,9.669719161921377e-12
9393.278103655211,813.8134580516471,-1.6124602364496678e-13
9394.391352957886,814.0060956355263,4.967339821681309e-12
9394.477724899407,814.0210424623348,-2.2368192001416427e-12
9394.611403878978,814.0441761319207,1.8335713489242253e-11
9396.924753145477,814.4445623969701,8.006255242809902e-12
9398.978963498317,814.8001804544367,1.4376807498513781e-12
9400.688643524334,815.0962138377082,1.0266063347220094e-11
9401.60210975391,815.2544038065657,1.5657423902183944e-11
9404.584286459709,815.7709507426437,-2.8465089859187784e-12
9410.737775667129,816.8373228571226,1.2789689847018752e-12
9413.747435648964,817.3591374523334,-2.4879216320264075e-14
9415.886114609364,817.7300428428831,4.395579332374144e-12
9421.538709975159,818.7107630196657,-3.048107494844212e-14
9424.765525471232,819.270876482624,2.259325614392097e-12
9431.01842749557,820.3568066481032,2.314469676758185e-13
9433.215960487802,820.7386192583776,-1.5854560933552443e-14
9433.810943507713,820.8420104927758,4.097681554939406e-12
9434.158392330492,820.9023902950262,-6.450739180468274e-12
9434.34609196744,820.9350097418674,3.98626219929085e-13
9434.69354079022,820.995392969199,-1.8833075762635091e-13
9439.618454684873,821.8515342767391,1.5423661649480318e-12
9440.43058167447,821.9927564015995,-3.3000245050675315e-13
9454.031772320493,824.3596958432848,-9.31633178939275e-13
9455.42440529572,824.6022403223318,9.007819618364424e-12
9456.273693854826,824.7501721013263,1.739860768667236e-13
9460.62148743488,825.5076927132701,-4.834747796955932e-12
9463.871466185798,826.0741673293102,-1.510615162372737e-11
9464.507953885499,826.1851305690307,3.1128419027454316e-13
9464.612188532332,826.2033032167167,-9.48612848669266e-14
9469.754246396667,827.1000367640208,-1.1133562703982669e-13
9471.406497005175,827.3882793797408,3.7345769544720586e-12
9471.582638103795,827.4190109598685,-1.9439200167609962e-13
9474.232321740714,827.8813738770041,6.946469661030483e-12
9475.67272892907,828.1327754544229,-3.059675666836307e-13
9479.530241311122,828.8062348991899,1.8463810279161217e-12
9482.13071457603,829.2603902654561,1.7060337204987277e-12
9485.891721092561,829.9174454108369,-7.120889067434825e-13
9485.972792484543,829.9316116093836,-7.342811333584751e-12
9489.219385564425,830.499012119238,9.812109040764733e-14
9492.068852274439,830.9971676445845,-1.643971279542735e-11
9493.05036056514,831.16879360516,-5.815814616016066e-12
9499.779055208626,832.3458470090579,5.666097803535879e-13
9504.115734336321,833.1049061020269,-9.008010959908046e-13
9505.340456802967,833.3193348737118,-2.6731429229575438e-12
9507.24750321484,833.6532823601333,1.271639333429971e-12
9510.575646406329,834.2362419994541,-1.4344394470682235e-11
9510.836233023409,834.2818951272768,2.9989508940818234e-13
9512.753892078907,834.6178953427215,-3.4294718851914375e-14
9513.61716740812,834.7691751533064,1.2246562959933672e-12
9514.187551014295,834.8691363393233,-1.3827755022776393e-12
9518.863459919276,835.6888272764123,1.1337568620628516e-12
9524.5319915673,836.683065925999,-4.0375110063535155e-13
9524.772789056018,836.7253139852685,2.156399072975632e-12
9524.830697193147,836.7354741608813,-8.21704010723094e-12
9527.476516439403,837.1997578505151,-7.56017496169841e-13
9529.131673999309,837.490267543149,-1.255779393457456e-11
9530.030172930423,837.6479912744968,-1.712081285208351e-12
9545.162976080723,840.3066586534871,4.482287424438424e-12
9550.417966356992,841.2308895277315,9.213663759154333e-12
9550.762508228363,841.2915042188255,5.149470397776094e-12
9553.945892621567,841.8516552969002,-3.4165338881502314e-12
9555.002191226358,842.0375637626172,2.4915680775908187e-12
9557.27355709342,842.4373935793475,5.434421512877841e-13
9557.586261033919,842.4924464730526,-9.550535611777903e-13
9562.064336377945,843.2810287783255,3.3151896856768717e-12
9563.383136478325,843.5133378966593,-1.3921859170441117e-12
9567.055833085722,844.1604591586529,-1.3693650544937247e-12
9574.695110096445,845.5072792912448,-4.983251272508376e-13
9576.16736676022,845.7669646989438,1.7047467075196272e-11
9581.151157775774,846.6463318189336,-1.2311782097203622e-13
9585.84588682531,847.4751137774175,-2.701569495753374e-13
9586.036983677834,847.5088575768549,-5.348085049169166e-13
9586.741023174487,847.6331823706513,1.9602494705465803e-12
9589.515699570395,848.1232453035929,3.700624117667626e-13
9590.439778443588,848.2864874573348,-2.6372028723892416e-12
9591.075297159485,848.3987634574937,-8.149161984911123e-13
9592.851571543184,848.712614259616,8.73800725642231e-12
9592.967387817442,848.7330799128814,7.313169171928668e-13
9595.347319897071,849.1536874741546,-2.59199443348945e-13
9599.39592913163,849.8694415812059,-3.856689549872168e-13
9599.551312118074,849.8969177742798,-1.0340277642589879e-11
9603.804514711092,850.6491793497839,1.4985064200762108e-12
9609.231758606209,851.6095768511665,-4.4674504742164105e-12
9615.747162126083,852.7632502276342,1.1265724944424361e-12
9615.851396772918,852.7817132656636,-2.1701477040141713e-12
9620.048629196403,853.5253335201056,-4.363275320241918e-12
9620.24840072495,853.5607349696521,-1.1045153529114915e-11
9622.113942457023,853.8913625182001,-2.3976536741058825e-12
9623.421184019066,854.1230814503941,1.07543523810143e-14
9623.437587476408,854.1259892932518,-7.139393305507469e-12
9624.864965333902,854.3790397187399,-6.129964621728064e-12
9628.854218727894,855.086467216003,1.5092070274953493e-13
9629.06268802156,855.1234438252147,2.2639785153120012e-13
9632.254758635323,855.6897276530394,1.2749473327631177e-12
9642.12389683329,857.4417324751788,-2.0621703268645177e-12
9646.97738299574,858.3039988870153,1.3615299700651874e-12
9655.026827251706,859.7350132184698,4.692519508088625e-14
9656.409326302923,859.9809112740279,2.641548172543831e-12
9664.918159720712,861.4951092557167,-3.5017973420046083e-13
9664.976546577467,861.5055041544813,-2.3010669694630143e-11
9665.02287308717,861.5137519351275,-1.3761316930218773e-13
9666.056498701277,861.697784655962,-1.4416438523757668e-13
9678.20230331582,863.8617687507432,2.4900578763867865e-12
9678.32391040379,863.883448886081,-9.45615915162194e-12
9678.406417954651,863.8981585034364,-1.733874202141205e-12
9678.638050503163,863.9394551049705,6.41837090928976e-12
9679.536549434275,864.099653310668,-1.8766477975301247e-12
9681.760631352368,864.4962607995029,-1.2912261321444055e-11
9684.003043150853,864.896229196615,-7.452038506550642e-13
9689.792212903007,865.9292442972377,5.79661195986712e-12
9690.554639256412,866.0653370895149,-3.5718565000102615e-12
9691.41068761302,866.2181541319346,6.85837336239108e-13
9696.662770937852,867.1560226203023,-2.700707139669697e-12
9700.077787879554,867.7661173867093,6.024457975677382e-12
9703.648666527328,868.4042866968938,2.8365987501786184e-12
9704.915839568457,868.6308058974269,2.221144585852218e-12
9705.24012513638,868.6887797719546,-1.810434555574277e-11
9705.555222675013,868.7451129200083,2.2096840252980425e-12
9705.763691968674,868.782384072296,-1.5270967378926426e-12
9708.242558145583,869.2256291555933,-5.997278449713607e-12
9713.42466144168,870.1526046517889,-6.242614130174234e-13
9720.873331864004,871.4858905826346,-3.758381268411763e-13
9724.012806434714,872.0481517036509,-5.671822398108486e-13
9726.41060121964,872.477704698265,5.436913132086512e-12
9734.505391456934,873.9286283397164,3.1798253301371347e-13
9734.705653249657,873.9645388959788,8.245594330597434e-12
9734.83305115134,873.9873840250885,1.1160344303827534e-11
9735.61284994588,874.1272249015028,-2.7015298765684142e-14
9741.647148752472,875.2097310042815,1.4555421940556488e-13
9744.47006653657,875.7163707072684,2.0259662287885066e-11
9745.66680391844,875.9311979854635,1.0392839147419657e-13
9746.07551191573,876.0045715262065,-1.2288642731109108e-11
9746.399797483651,876.0627912705442,7.721379275260884e-12
9748.0689302691,876.3624852178013,4.2599093833945595e-12
9748.641719017953,876.4653416616649,2.0970003550246376e-13
9751.391294191388,876.9591707006093,2.123307725639002e-11
9753.10532887221,877.267085123076,-1.637834050343854e-11
9754.751298402807,877.5628230516357,-7.027184639056485e-14
9756.04260368259,877.7948719698546,-6.713269735077389e-12
9760.324281624517,878.564513778179,2.3090812063520366e-12
9760.498006035903,878.5957482838247,1.055661108418936e-12
9762.022858742705,878.8699306188505,-4.868016950659463e-12
9762.312399428349,878.9219974965379,-1.5921009402613345e-12
9762.79446158085,879.008688121756,4.12247924978158e-13
9769.332059371733,880.1847858390006,-4.239098286696173e-12
9774.406086719422,881.0981334955933,5.014731969220742e-12
9777.97020556967,881.7399744197984,-1.33061683992875e-11
9778.10918509878,881.765007155126,-5.4235441504512825e-12
9783.55912507363,882.7469207878405,-2.4085055636751144e-13
9785.187722163088,883.0404506896721,-2.539129914209297e-13
9787.871683507166,883.524300584333,-2.5666273832071425e-14
9787.937297336519,883.5361307488267,1.660701823378994e-11
9793.075023635045,884.4627083236774,1.1855156817446846e-12
9796.587994145679,885.096544684601,1.6646961959021297e-12
9799.233334672275,885.5739868117577,1.186352330355693e-11
9799.603946749898,885.6408867251251,2.4016713139380803e-12
9800.546367048024,885.8110162595473,5.208204565073413e-13
9803.787659578325,886.3962724310146,8.875960851126528e-12
9804.746004614159,886.5693507608587,8.282758730801036e-13
9805.915702805967,886.7806226650172,1.6901774983592969e-12
9806.26603549105,886.8439049637801,-2.898239246872757e-12
9806.50924966699,886.8878392542454,1.8367789910108057e-12
9811.044742883923,887.7073318959767,7.537771470445551e-12
9811.858317576938,887.8543721923537,-9.344503425831802e-12
9817.187140727985,888.8177711414977,-1.4051398664790392e-12
9818.411372930437,889.039174203397,-4.02982766762726e-13
9822.589294945148,889.7949615550729,2.8651210858578777e-13
9823.062670877078,889.8806156832758,2.0020795964434663e-12
9825.812246050506,890.3782140724663,7.266620959404086e-13
9826.194439755554,890.447391771561,3.2286438215664452e-12
9829.473372574983,891.0409946559008,6.387466437769272e-13
9831.42286956133,891.3940164839001,5.688957711197275e-13
9833.14606918234,891.7061178727466,1.858068205108869e-11
9841.095120092974,893.1465372320375,-1.3043308150476787e-11
9841.485509754417,893.2173083452667,-6.784996759478405e-14
9848.511450775664,894.4914738078069,1.9333114240873413e-13
9853.47834806965,895.3927770837698,-1.003474510893587e-13
9855.270068471413,895.7180178418507,7.80500557216816e-13
9857.706939704341,896.160464049098,-4.716883103811465e-12
9858.40905277793,896.2879622640238,-3.935082261635281e-12
9861.298576464262,896.8127726372297,-6.73602363957247e-12
9861.391229483668,896.8296033070861,-5.084389147274143e-12
9862.266565159918,896.9886181880319,7.256642874897567e-14
9864.574613876832,897.4079696867889,-2.148582876177189e-12
9866.935737356413,897.8370659274202,-1.490232281027735e-11
9867.051553630667,897.8581163158497,6.798959504686084e-13
9868.203400661709,898.0674857255308,-8.87470201090385e-14
9869.390950014278,898.2833702773189,-9.78639501574382e-12
9873.158716328266,898.9684843341136,-2.708511172474379e-13
9875.647704884608,899.4212144997689,2.178529069159534e-11
9875.786684413717,899.4464972990216,1.7949267714503992e-11
9881.011272917918,900.3971991272867,8.41707884230007e-12
9888.949711184912,901.8426940285841,-9.430505411720361e-13
9890.070199004706,902.0468149817187,2.2772581130408514e-13
9894.577228417233,902.8681009209839,1.2346067053343961e-11
9894.917415633769,902.9301061582605,2.423078541834782e-13
9896.06830522555,903.13989228658,1.57030423483011e-11
9896.299937774065,903.1821176142166,-1.2004924623596682e-12
9902.516156948399,904.315669021066,1.6988877281827898e-11
9902.799405011605,904.3673373475854,-1.8440873691195364e-12
9903.146853834376,904.4307187903458,-1.2103759481704035e-13
9903.850403066845,904.5590667044758,1.477767050306253e-12
9912.231348318686,906.0886969731963,-2.263855624715492e-12
9914.572215494816,906.516166495413,1.7617780916078424e-12
9915.516071951819,906.6885541968732,-3.882351551681296e-12
9921.028741893679,907.6957263245631,3.978616599122749e-12
9923.340643456697,908.1182804256243,-8.506323887776659e-12
9930.701961409091,909.4643893571888,-4.233295375254206e-12
9933.844810106255,910.0394025571451,-4.2501189267078876e-13
9933.879554988533,910.045760471168,7.751044245562626e-12
9935.557385539089,910.3528106383733,4.429044612460642e-13
9937.44367383876,910.6980713859966,-1.6945000223730128e-12
9942.858868931296,911.6896171804167,-2.206299613052634e-12
9944.661190432129,912.0197499036709,1.3769403270825913e-13
9945.026011696038,912.0865817988589,2.5907652971591932e-14
9947.39485241238,912.5205912413279,-3.8890664627232197e-13
9948.009624560647,912.6332442089396,5.748061913911051e-13
9949.370898324596,912.882713481111,8.461605347752222e-12
9949.794573620338,912.9603638788724,1.0488140900972106e-13
9958.412942234394,914.5406397328487,-2.7226961669311776e-13
9960.700221294583,914.9602680941102,-1.798234735350964e-11
9967.382589428233,916.1867795151672,3.6050118398124178e-12
9970.68035393676,916.7923689397002,-1.6170028352143464e-12
9973.233531708109,917.2613627651191,7.918253814797788e-13
9974.793129297175,917.5479046907801,8.897306833146315e-13
9977.606882141054,918.064983535792,1.7736114423695371e-12
9981.637640214782,918.8059635791159,6.522042890575959e-12
9982.64037379271,918.9903440191899,3.17854987630672e-13
9985.285714319289,919.4768522877831,8.773074418263791e-12
9987.661326377687,919.9138642767331,-3.4729561945163025e-13
9987.851921421488,919.9489301961132,-5.102182407490498e-13
9988.831024569488,920.1290773909229,1.565917281604675e-12
9989.297173528823,920.2148512983246,5.218119027944583e-12
9997.515497277052,921.7277242826099,-4.718372506311719e-13
9999.62761576697,922.1167353106065,-1.0792105169608261e-11
