f0,sigma,gain
8.540428670718839,1.1519643387938994,6.602451586714631e-12
10.259079803221452,1.1522619230172828,-8.840642739156064e-13
13.123297774936198,1.1528787600149557,3.67466911358019e-12
17.132992964455067,1.1539961447249687,-2.7363499729075906e-12
22.288149667871984,1.1558678900605925,-4.637156327348258e-13
28.588780554937966,1.1588203269103183,-3.75611644981697e-12
31.888628243395033,1.1606583998856181,-8.173368578743209e-13
33.60696290651766,1.1616949623955668,1.0944090906276868e-13
36.03490234590187,1.1632523041378575,-3.5188187631240385e-12
36.470848110828456,1.163543429870848,-4.548980531498472e-13
40.48027763507488,1.1663850972495124,3.387407650236539e-13
44.62652866035359,1.1696351885821417,-2.5096727145908853e-12
45.63524612825327,1.1704737774448313,5.740471132887778e-14
51.9357499539597,1.1761358013452954,4.649805873477414e-13
54.36366927090838,1.1785128650573227,-4.111465756907827e-12
59.38178714766384,1.183770017814616,4.356047844360808e-13
65.2463309203073,1.1905017363527726,9.16342189063255e-13
67.97335697294929,1.1938477936917251,3.106796410505333e-13
70.80008622274889,1.1974607795096206,1.175275729218402e-13
72.51839858784504,1.1997289724971774,-1.5736870223542736e-14
75.38225193376607,1.2036301574351391,6.541129231704189e-14
77.27451823080317,1.2062907232330835,-2.5938688364738423e-12
77.71045944169367,1.2069130137907742,5.089701843710146e-13
79.39164550207663,1.2093456292615563,-4.8708649340946206e-14
84.54657844896964,1.2171292008897,-8.254411659521667e-15
88.59309494969317,1.2235820809011355,-1.1343662600965501e-13
90.44823439443222,1.2266412644380684,4.817421473040218e-12
90.84704997050518,1.2273072032080612,-6.686107637799315e-14
98.2930593858502,1.2402784850803512,-6.263702621257092e-14
100.62126404584389,1.2445439157874014,3.211024201648973e-13
104.76748164500161,1.2523873166827602,-6.472942094887043e-13
106.88460617396336,1.2565144133455017,-4.467362801805112e-14
113.79496730367903,1.2705599571893846,-5.963622653036587e-13
116.62168997376374,1.2765588728176644,-7.318645345911623e-14
120.2322615702207,1.2844353546574112,6.929879303927844e-12
125.27581126869468,1.2958398943726128,-1.6512414109948818e-12
126.99411965002828,1.2998323700288212,2.2110020764093614e-13
127.50431056267881,1.3010282662862116,1.6311412999226793e-14
128.11420525852083,1.3024641618221175,8.013037458827042e-14
129.85796684061364,1.3066073594145358,-9.19016879815724e-13
133.86735268804094,1.3163461574678066,6.843476908616518e-13
136.8425753168309,1.3237643710274956,2.4961545898793265e-14
139.0222770054581,1.3293025771019051,1.159729734337455e-13
139.5324678265892,1.3306115145157356,-4.617232855615734e-14
143.57897838230005,1.3411630043758536,-8.578691614883405e-13
145.32273959105098,1.3458029492053223,9.393857542752328e-13
152.70616172974476,1.366070056246049,8.575279047161179e-14
152.7687402457009,1.3662461226417693,8.800384817655423e-13
154.5984237261894,1.3714258764337066,5.928439004508392e-12
160.18928707814018,1.387635477516066,-3.090059154255176e-15
161.36027878659428,1.3911034642501778,6.276559802931644e-13
167.02539228899812,1.4082378481921844,-1.1522193845999196e-14
171.09735505591442,1.4209188588446997,1.0282555290516215e-12
173.499807424901,1.4285438994919581,-1.0360188225572593e-12
177.94513168430558,1.4429330918834484,-7.338978170080297e-13
181.97996892487546,1.4563087092147071,-2.2917214398364717e-13
182.49015955376024,1.4580213650443952,1.2335562312611019e-13
193.5467268862378,1.496314986793384,2.327195508063098e-12
194.00812029404116,1.4979619361247924,6.487119559996127e-13
195.31594070557753,1.5026515278639843,-6.178990472143489e-12
196.8465124818809,1.508179876093915,1.282516040946234e-13
197.03424797338374,1.5088609383798874,8.273629758961959e-13
199.1004635914496,1.5163995994681543,4.443289101353517e-16
199.89809338974686,1.5193308191984267,-3.4389858109570437e-12
203.9074769123486,1.5342424652576525,2.560847112024362e-12
207.18180909111493,1.5466399783147682,-1.204809146590779e-12
209.06239848683052,1.5538496894708358,4.339738604615911e-13
214.73918247237432,1.5760082029043387,-2.72442829996374e-12
215.36285805080576,1.5784788227264677,3.5152050950433168e-12
216.8563044775099,1.5844240621041559,1.0552934646113413e-13
216.89342970333033,1.5845723767385986,-2.8808984171242443e-13
221.50103526730967,1.6031767924996672,1.618844113986823e-13
222.8088555379955,1.6085287138882591,3.2931253928090628e-12
231.40039088204006,1.6444707297951424,2.348703346438717e-12
235.7576822889173,1.6632187815683133,-1.8441673338133707e-14
236.96579879317161,1.6684788533697419,-1.7331200709072782e-12
237.07717446385857,1.6689651303663968,-1.84419483267691e-12
238.08588354061263,1.6733796583838547,3.3726429634480704e-13
241.13746401966347,1.686848755261269,3.847755123717598e-12
252.0200748930243,1.7362791930760113,-8.575670011638448e-13
253.57609965445246,1.7435251535904666,-6.242723612157656e-15
255.80459710020125,1.7539803044517606,4.142526761611981e-14
260.42387415232724,1.7759433035712577,2.282977816233275e-13
260.5607030804734,1.7765998696963536,-3.2205357203807204e-12
264.0482234512228,1.7934509640039606,2.4274929810041348e-12
271.3319378483771,1.829367203802535,-1.4826635443521793e-12
276.9970489811973,1.8579776953208524,-4.8496187293664914e-14
277.2219096510419,1.8591255067849306,-4.5084179389019434e-12
280.92050928219254,1.878138830055806,-8.762419100873336e-14
282.6388161456095,1.8870578276224474,1.1732823882147914e-14
283.90740166976576,1.8936774128176026,3.986785881816705e-13
285.1897684962054,1.9003990393862225,-4.368673785580889e-12
285.50266090779684,1.902043686858884,-4.876820923439703e-14
289.5120435541273,1.9232777027031656,3.6315331535860356e-14
290.23331338047046,1.9271290326218602,2.591012444621237e-13
291.5411334570605,1.9341367781339542,6.057741848131039e-13
294.6669640653195,1.9510136880685636,6.154175171803682e-15
299.3350379959462,1.976552536717163,-3.282757195652551e-14
300.9674224184825,1.985577973843569,4.9849046260597573e-14
307.005894841302,2.0193912527412836,-6.4853614629310336e-12
308.413418588267,2.027369408891893,4.6699726446259054e-14
308.53646620192234,2.028068604614903,5.408094894633806e-13
310.28022626197856,2.038007186639576,-5.820151619975985e-13
310.9643708501288,2.0419217759032406,-1.398895481961955e-12
317.00495254802615,2.0768593600524676,3.3306891479357845e-14
322.81856420232356,2.111118929157488,-5.732707936383755e-14
323.6161937825783,2.115867923272393,-2.3360354624779803e-14
326.74202427089745,2.1345917121394438,5.45648806260305e-14
331.47267650784886,2.163270730422038,6.813595739316139e-13
334.31106783959126,2.1806760154303957,1.7317286627163521e-13
337.6246337307415,2.2011828679421948,-1.2161122871419966e-14
337.8845102544137,2.2027997336898633,-4.259029686005215e-12
341.3720302656628,2.2246183003679754,-5.548143782300507e-12
347.44762765211306,2.2631634911338403,-7.776443739799692e-14
349.6527809028978,2.277321748225312,3.442416472956741e-14
353.81066413519727,2.30426124651082,4.612191250604377e-13
360.27340428040014,2.3467664126439445,9.69559256382534e-13
361.2312066586909,2.353131299706536,5.272360902922244e-13
362.82646576474184,2.3637697917286093,-6.393363437342011e-14
365.9501868002899,2.3847370851637657,2.2233578108037243e-12
373.2222283913346,2.434245359113458,-2.490097740349156e-14
377.14568829604707,2.4613609551671183,8.590447012572865e-15
377.2941891621801,2.4623928354227167,8.054306085403942e-13
380.32031582082874,2.483508806691435,-2.177904849070296e-12
382.08952903159155,2.495932317702832,-6.0964201374030305e-12
383.8078357205838,2.5080535545112554,8.163067500698783e-13
386.67168019817024,2.528376479150661,-3.3930291606585773e-12
389.2968827229552,2.5471386298609993,-2.7523502888586147e-13
390.6810624584377,2.5570823865590997,2.5266246175014396e-12
392.61044847917304,2.571001713231092,-9.196846711840517e-14
395.16140056253454,2.5895105207178437,-2.2948135009443103e-12
395.83598249346784,2.5944250896498424,4.2817417450514114e-13
400.1423664606996,2.625996187538795,-7.581261723613251e-14
401.5127648843634,2.636114547076801,2.5496507597604604e-12
401.92325160718667,2.6391521156497424,1.092569580201645e-12
402.13644029366253,2.6407309193113804,3.4682257091854336e-12
409.22074629910696,2.6936710585860038,-3.3127139365126637e-16
409.58243584811817,2.6963987244074246,3.2491121307050054e-12
418.1739691450225,2.7618998717769063,2.3173109156436026e-12
418.5080960861073,2.7644746962866815,2.840806267103326e-13
423.8507514710667,2.805925216341617,1.725883027280164e-12
425.51815160288504,2.8189692487202125,5.697313312946221e-12
426.9765817433902,2.830420501872548,-7.867775064009921e-14
427.6978514882836,2.8360982236591328,3.4985187808936973e-13
427.9110401720503,2.837778246233979,3.796323698820039e-12
428.20804189612,2.840120148827527,3.9576726177797216e-14
438.79364891673475,2.924650250568013,-8.461035229925944e-13
445.87795480196297,2.982374071706637,1.3749227280541757e-14
447.33427558302054,2.994354915002677,3.0139211198608743e-12
448.8648467936186,3.006988707351699,-7.052842667625333e-13
450.82179536679985,3.023204805543601,2.3950413590097415e-12
454.61798882284677,3.054862813893345,1.0651457509557437e-12
457.0204399726593,3.075034995514211,-3.324537844773535e-13
457.41925472922134,3.078393933372551,-4.084863719317243e-14
463.99547951044144,3.134203349900556,-4.4481431725366326e-12
465.92486546695454,3.150728314679408,-3.0884638667791716e-14
471.9633372237972,3.2028902615519974,4.0883921284754774e-12
478.3147013365501,3.258479840353912,5.976746900179933e-13
480.36713488413324,3.276602389399389,4.115524962476521e-14
482.6836636273328,3.2971500587700544,-5.560414129033302e-13
487.11731373244334,3.3367522953572126,3.615630077054439e-14
487.77600498783283,3.342666749541981,1.0141447253880585e-13
489.66826571478424,3.359702005418396,6.8944378494308935e-12
493.77946083487615,3.39694075159392,-6.3986413132986686e-12
497.73793639802614,3.4330903924568115,1.3091437029522827e-12
498.82300500808964,3.4430498742425,3.0828825299806735e-12
500.54131161210125,3.458866002483748,-4.1279596079771285e-13
503.4051559502857,3.4853470795111945,1.715811533696288e-12
507.4145380199557,3.5226744002628916,-1.277681566305233e-12
509.4552995942067,3.5417875962816248,2.4474526853282216e-14
510.3897579961394,3.5505650762860537,-2.3047957673766552e-14
511.8948759171532,3.5647366486821555,5.739110087222895e-13
512.5694578174756,3.571101777652108,-2.1652211754603827e-13
513.0149603906251,3.575309986748309,-8.534786897486322e-13
518.869915338378,3.630955542567338,-1.7538361458866854e-12
519.2782926964416,3.6348603236791557,-5.9178064683597385e-15
523.4616288653813,3.675037040726542,9.723338519648321e-14
524.6580731110446,3.686586962159579,3.985766096186232e-12
526.3159105775017,3.70263454387229,-1.643032693310755e-12
528.1455928120886,3.7204043250710073,-5.47394112725511e-12
532.9388230494743,3.7672483179694423,4.273999470154172e-14
534.907443529143,3.7866101484058956,-1.1718327490075798e-12
542.2516257066187,3.859471791997765,-1.4248417090289952e-12
544.6445141872139,3.8834262409823106,-1.919748573208102e-12
546.8083233413399,3.905178261692233,-1.2036745658062989e-14
547.0469652755177,3.9075825265646955,9.565906492136766e-13
551.9261178766034,3.956968900102633,1.2272356690253602e-13
552.7237473686213,3.9650841430779704,-2.080700401708266e-12
555.5271225453948,3.9936992243909013,4.2786266346142735e-13
557.5678840966933,4.014621078912677,5.79768670359683e-14
558.4005294550159,4.023179381707649,4.942182269303627e-12
567.0938753802475,4.113296227358249,-2.148770321624993e-12
567.555268597285,4.118118019396263,-1.2111380535756258e-12
573.7539130089343,4.183277215060219,8.314327557793301e-14
580.7289523365342,4.257444064738209,2.2493607399391933e-12
581.7472237605667,4.26834649450016,-6.118039661205028e-13
581.9349591767442,4.270358625604885,2.1475663829576227e-12
583.3424827353147,4.285465015578566,1.8564750655105044e-14
585.7194805473088,4.311059241106186,1.7307890254866957e-15
588.2863231210822,4.338814492018027,2.515539109703531e-12
594.484967509686,4.406340826605933,-1.102840933940711e-12
595.048173756961,4.412511317131772,-3.022351107374201e-13
606.4017378362265,4.538147162188076,-1.724225321878755e-12
610.2626189656004,4.581411782409564,5.652143638002652e-14
610.5129328526498,4.5842262512672045,3.2356943332585115e-12
610.6243084937438,4.585478903085599,1.7027895570557737e-12
612.2917085414574,4.604259618108439,-5.331731559882767e-12
617.8316616692691,4.6670264834163095,1.3652313556800692e-13
620.6583807253086,4.699270626958817,8.797253170168979e-14
627.123229618029,4.773567859809978,1.1654987674152489e-14
631.1209396342659,4.819896749794928,-3.0344731920306647e-13
631.7149430516151,4.826805691640832,8.445032622823751e-13
632.8392461929369,4.839900421660044,4.0631394342615185e-14
634.1078314947977,4.8547035610777645,2.973587389864567e-12
635.70309045648,4.8733607380606045,-1.6888683667184175e-13
638.3282927884552,4.904165551823347,-2.950601076964305e-14
639.7124724235586,4.920458993934661,1.2576180189946244e-13
640.1951001995909,4.926148395675112,-2.431699179813559e-14
643.7939954687411,4.968708846931966,3.111203265782892e-13
644.8673920923504,4.9814490021954825,2.131219907588975e-14
644.879064047929,4.981587653400791,2.768083056864221e-12
651.1678494605962,5.056657093731562,1.726294408040001e-13
655.0616370856051,5.103502544660116,-1.0454290184247742e-13
656.7428184253965,5.12381485590474,-1.9630926723162257e-14
658.6138445256548,5.146482117406611,1.6172303155302285e-13
658.7368921215677,5.147975084486534,4.033671564417309e-12
663.7804361376202,5.209409660655551,-4.837318974550218e-13
667.2053772845667,5.251395440059557,1.1534296026967044e-13
667.5395042052813,5.255503014212811,3.045419253315438e-14
670.0904560998882,5.286930811007004,-2.5688761580108016e-12
675.1340001091545,5.3494201957903265,-1.2359828954428829e-12
676.4418199644249,5.365700556394028,-6.452007442947596e-12
676.9424477341224,5.371940946504557,1.8895987029518564e-13
683.8273458828357,5.458230428165395,1.0865961628457422e-12
684.5114903720524,5.466852609779146,1.2916190384698749e-12
687.8250558709307,5.508735039530981,-4.211427782721302e-14
693.4371500253577,5.58013151242624,3.1800666678584375e-13
693.9727936606586,5.5869762441633934,1.503241772984371e-14
697.8962532178555,5.637273377946075,-7.560809504945795e-14
699.8532016914874,5.662466639903421,1.1921154830261737e-13
705.0197932797793,5.729319020496678,-1.2720635109659638e-12
709.6115066709665,5.789145536874324,-3.1510005910298646e-12
710.2351820341268,5.797301508788397,-9.099347687761222e-14
711.2184375741408,5.81017436077793,2.758073373558227e-13
711.4316262448395,5.812967791398057,3.9324029509720485e-12
713.0268851922393,5.833897186361687,-2.2140298580865259e-13
727.3461063696459,6.023860635620821,2.9748764524567903e-14
727.3577783251187,6.024017020190977,-8.610695396339373e-13
729.3985398282261,6.051398369366471,4.4119229301409264e-15
732.3483064426888,6.091111625929436,-4.572673983670324e-14
732.9582005022912,6.099342738884555,3.900689434462775e-13
739.4972997390253,6.188024801760941,-2.0528385978941556e-12
742.8108652202307,6.233263462371065,-3.184865791955239e-13
745.1740816832132,6.265650984384074,-4.625007360761706e-12
748.448412602942,6.310695206857368,-2.1119978971026646e-13
750.2780947791082,6.335951739387898,-2.5408318294947294e-12
750.8413010159725,6.3437385277650815,-1.503687042461897e-12
759.4211617406295,6.4630846592779,-1.1471892476160092e-15
762.0463640386286,6.499872232792558,-9.149426739570211e-14
768.708510854139,6.593800331260693,2.1188043756500476e-12
771.8693567817764,6.638650353372741,-5.6088665745134836e-14
773.6247885284484,6.663638094180165,3.1453475349305583e-13
775.4703613498866,6.689970161711006,-2.0397491601111674e-12
777.1769959276278,6.714375736982014,-2.7245949050164704e-13
778.9833341887969,6.740265561162918,3.970083228077649e-12
780.7016407215125,6.764949428842947,-5.315914489452048e-13
781.2585189167751,6.772960781425272,1.0320608994554448e-12
783.5654849422208,6.806210071601692,2.2095914695225745e-12
786.8239252031856,6.8533395682233,6.424428577035018e-13
787.5748668502073,6.864228784377209,-1.6453747452028248e-12
792.0902204367105,6.929923806668041,-5.008399367155124e-12
792.7297864444927,6.939259380082763,-2.788330194865213e-13
795.8397258514153,6.984761730518112,-1.2903536640798108e-15
796.0783677781917,6.988260724099325,4.7613169817763585e-14
799.0302437238543,7.031628189606852,-2.258554799036393e-12
799.0652595900735,7.032143588265427,-5.260312088162544e-12
801.2449593248081,7.064271058495994,-6.531457744593557e-13
806.4762386868509,7.141734061813185,-2.1158625049736287e-12
812.5359446870709,7.232094296638417,-4.5227448351540305e-14
815.0677713318516,7.270048363540688,-1.5090597362814334e-12
815.4369141143981,7.275591966433389,6.199997180924333e-13
816.1252772894908,7.2859361672209655,-1.0695228200342398e-13
818.4884937396149,7.321515216131434,-7.90300974620874e-13
824.8048416570671,7.41711497960352,-2.4722060183180824e-12
826.3449753818006,7.44053679704559,7.880231660977356e-13
828.1650949390523,7.468272872562494,-1.9885344850311643e-12
830.5675459470237,7.504976299118484,3.0695206129373807e-13
830.7786252690013,7.508206142812133,-6.558588531116245e-14
835.0478836545938,7.57370864481029,-2.480413158856586e-13
835.687449660582,7.583550312791051,5.509905407919667e-13
837.3177244589142,7.608671130913292,1.2520745118771503e-13
847.7155953403886,7.770043283867873,-1.5596702605520623e-12
854.3480701667198,7.874017843846774,-8.915067686594786e-14
856.230768191271,7.9036797763281825,1.038076415030103e-12
856.864006156244,7.913671122697215,2.4039921973966354e-12
858.3945772694431,7.9378512617397625,3.0705514921349724e-14
859.6557092840791,7.957807197717875,8.475377867345306e-14
860.8892786944184,7.9773553315737935,2.896660403439026e-12
863.2153699254296,8.014292708138425,-6.36554982301884e-12
866.8630622938196,8.072417267918837,1.4635336804626497e-14
867.011563145083,8.074788763469353,6.354268476747945e-13
875.2084997205744,8.206320412623853,-3.8920880730251643e-13
879.1510844422348,8.270025677885407,-4.1816144243706974e-12
883.1392317628349,8.334758468151513,1.4800546011511101e-13
885.4419790804188,8.372268460185959,-1.0714323668148073e-12
890.6732584167601,8.457845001708304,4.166817184322093e-12
896.3850561708841,8.55185785329249,2.9487437358806768e-12
897.0087315259275,8.562159577619013,-8.977391744882935e-14
897.3057332279948,8.567067901093356,-4.4151883421899885e-15
902.4977780017957,8.653135404170046,5.176499262674184e-13
904.0930369282863,8.679679422057662,-1.1206999072589383e-14
907.2835547809048,8.732908091492614,1.500886781104477e-14
907.7682918932618,8.741011560706218,2.0076890572962553e-13
908.8236884987514,8.758669855614901,1.25252875714048e-12
915.798727605719,8.875888132503933,2.660019184935138e-12
924.3998228079627,9.02166684793937,3.389541197704637e-12
925.0393888109883,9.032561192617482,3.5646289405053177e-12
931.9476307493097,9.15071618782926,-4.563007278043201e-12
933.5428896736646,9.178125611849225,6.428789294767391e-14
937.0516437874768,9.238577278062367,2.377733026232831e-12
941.4089338773953,9.313963892448918,-7.443354352903346e-14
942.410189398195,9.331336291831953,4.918280094266761e-12
942.468549174776,9.332349439423265,3.4090178580953505e-14
943.9407605050606,9.35792833369882,-6.229296128939188e-13
944.1284959151939,9.361193007517937,-6.585542883487089e-13
946.992340109918,9.411075063619943,2.737319526425019e-12
947.3010137666322,9.416460519625444,-1.552183794484633e-13
947.7465163187262,9.424236335770217,-4.195975044006374e-13
951.001721981962,9.481163755076018,-2.0383474718071873e-12
951.7813514480026,9.494826979577775,6.203144110129584e-14
956.1566415307686,9.571712894799436,-3.454279227158518e-13
960.4630251025654,9.647732276022992,1.9572736580078773e-13
962.4570987556385,9.683048813678694,-2.79797406513382e-12
963.9876698612587,9.710206061327765,1.3992696010698732e-12
968.0320675964857,9.782174337013375,1.0182228417960688e-12
969.9030936557419,9.815570360577492,-2.6212006933275595e-12
970.7940987591193,9.831496614993378,-1.8463075609533082e-12
978.4946262301333,9.969748902334775,-1.869472188208751e-12
978.8637690096921,9.976403785127161,4.686889387812247e-12
979.9488375628263,9.995979865869058,3.2189024917560633e-12
981.9895990355997,10.032856672185519,4.1815051895302e-14
985.1801168778189,10.090663440070664,-1.638102036488603e-12
986.6576721207432,10.117497759959443,6.033441628072975e-14
988.2316964777656,10.146128323764682,-3.0626470322167453e-12
988.528698178691,10.151535725645196,-1.02175571318027e-13
994.1407922266869,10.254018516561484,2.2855768649517444e-13
995.8845519975616,10.285979559428727,1.045757276909166e-12
999.1143043975078,10.345325027656594,6.825840073265498e-13
1005.2620420684528,10.4588183413908,-7.797022127296946e-13
1007.5181015530893,10.500642052469098,-1.1088409242750385e-12
1011.1424499881609,10.568027934775099,-1.9321658424329888e-12
1013.742198994146,10.616512933528536,4.5396394411575316e-14
1017.7399089009609,10.69131265110873,1.0545855382582968e-13
1018.3339123021982,10.702451957043857,6.270181784821928e-12
1021.8214318409421,10.767984280582402,2.321177345956994e-13
1022.6561865129939,10.783702990489534,3.3717709714483284e-14
1024.3161332484758,10.814998483860013,3.5884657142377973e-12
1031.001623885534,10.941555999039862,-1.93636526570051e-12
1033.0519479632612,10.980533963646128,-3.2864552477406616e-14
1038.6353541771684,11.08707063162636,-4.821625254417289e-13
1041.133290151727,11.134919537213747,-8.476701083728159e-13
1041.6806057314195,11.145418924540259,-7.761965603980932e-13
1043.6375541662696,11.183005035156194,2.3717450492212893e-12
1048.0966572684736,11.268912260781708,-2.618189579593966e-13
1048.6810980605899,11.280199002872891,2.3073931837871943e-12
1054.1001127729378,11.385150852764403,5.161961749058954e-12
1055.6306838737387,11.414891898274957,-2.6266689338326563e-12
1064.4683116091076,11.587462782455622,6.646286098087641e-14
1065.9246322843958,11.616038188498859,3.913152629422506e-12
1067.0192634429573,11.637542370062432,4.723670927892049e-14
1070.7104090344799,11.710218139939611,1.8593355614715094e-14
1079.598943280491,11.886256281007475,1.527772575732632e-14
1080.5917614096445,11.906009481505407,1.1161004152888318e-13
1081.4052815164137,11.922208886641643,-8.410801553166994e-13
1083.1586038910336,11.957163770479422,2.9091803214953974e-12
1084.765534762284,11.989249872146328,-5.148876974776393e-13
1087.5275659144106,12.044511372954025,4.617309832086785e-13
1088.4662429605019,12.06332400379268,4.4159448950442756e-12
1090.3659568380453,12.101447055678175,-5.847510505652675e-15
1107.3676145497345,12.44559247293952,-7.716986369730503e-13
1107.4259743259968,12.446782954179321,3.2915615778870194e-15
1108.3254168123908,12.465138618582357,-2.5607018984348786e-12
1111.1733703429923,12.52335745092251,-3.1719197136868983e-12
1112.246766936425,12.545338956104585,-3.1682730459815175e-13
1116.8501521865185,12.639849867995979,6.498696025250651e-12
1121.4015057000013,12.733676291970207,3.258952776615128e-13
1121.9955090994622,12.74594985756829,3.9427356347956267e-13
1123.1198122070366,12.76919850785319,-4.363714570357629e-14
1123.8251912438652,12.783796417505602,2.345823443260204e-12
1125.9836563852655,12.828523064283523,1.813803167776907e-13
1127.4145238009432,12.858220093971267,1.733442982723793e-12
1129.277112464119,12.896933809508893,8.408184308484823e-16
1129.9930382344476,12.911831256199264,-1.3506497715867856e-13
1135.0673792891782,13.017692044645994,-1.5680651212236024e-12
1135.1479577542493,13.019376896513677,-2.2888735682010287e-14
1136.3910897606236,13.045385266514783,1.3367610852336278e-12
1140.1968455511442,13.125184923922104,-8.044839573742381e-13
1141.448414944252,13.15148631611526,-1.8539919457335133e-13
1146.040128235821,13.248227048366806,-4.468228055185369e-15
1148.6069707129384,13.302475931454278,-2.0293104131236354e-12
1148.8944098039556,13.308558363867718,-1.7368575101351765e-13
1151.5291746656223,13.364382929731397,5.549064380364766e-14
1157.4859423327878,13.491064406609993,-1.2387470874093657e-13
1157.5676460194552,13.492806527874553,1.7277613138869354e-12
1160.3710210724464,13.552655793333436,-1.1993227762865542e-12
1165.6023003601822,13.664725520831814,-1.379709794659089e-12
1165.6373162258903,13.665477364355038,4.6239754489516036e-12
1167.2230125301096,13.69954832915622,-2.0293654823846413e-13
1167.8265785374485,13.712528982766576,2.091550315101683e-13
1170.9449552845808,13.77970156793012,-1.3736500857457042e-12
1178.1056203952273,13.93462653429579,4.5229217786504296e-14
1179.108001130498,13.956388961603457,1.156773280152843e-13
1180.9790271783452,13.997059838063139,-2.271092051625064e-13
1183.7527302792791,14.057471048261274,-1.181306427295294e-14
1190.1337659273975,14.196987942793276,-1.2802859451756543e-13
1191.1732718748212,14.21978706119413,-2.5891622435303667e-14
1194.428477514792,14.291311103915604,-2.3987967895463414e-12
1195.9590486102493,14.325008589901564,3.4253599195021717e-12
1196.7779126298465,14.34305465115782,-4.497948301350181e-14
1199.8920706816298,14.411797031611641,-1.4710853923828737e-12
1203.30744912584,14.487393993388512,2.3777760649492624e-13
1205.107459316309,14.527322397351416,-5.867569178941675e-12
1208.5949788382313,14.604853517123283,2.2900116050958484e-13
1217.0634637637716,14.794049123437809,5.067862008352987e-14
1217.6266699897442,14.806678642796514,-3.194884321931737e-14
1219.0575374025536,14.83879115790272,-3.253949305874156e-12
1219.948542499829,14.858806764271513,3.69467997340503e-12
1227.4613345101138,15.02815620006737,-1.998770755890469e-13
1230.084427412227,15.087529469711196,3.7229719652226925e-15
1233.0914285182798,15.155748365707534,3.4203926526800356e-13
1233.58361888768,15.16693039774674,-1.6252048137621544e-12
1240.5586579274632,15.325875442548007,-1.1862103329261757e-12
1243.1721882204342,15.3856625784798,2.45005197995069e-14
1243.2952358127616,15.388480517391539,-4.573698733238238e-13
1244.8321349469168,15.423700866358724,-1.0419384555663205e-12
1249.7017247106055,15.53558215478706,1.2320218755233935e-15
1252.698179081995,15.60464429988108,3.86059863821382e-12
1253.7928102358899,15.629914555324719,-4.4203440388070476e-14
1254.2934379919673,15.641479220710256,-3.880690706272568e-14
1260.1091580591658,15.776162595647795,4.145014017372629e-12
1267.4575585658768,15.947231520675777,2.926063268046622e-13
1271.752270147,16.047671883726068,-3.1722171320789575e-12
1273.2160440773193,16.08198278038333,-1.0902418089943666e-12
1282.206391312423,16.293582383729394,6.5765433505216e-14
1282.3707828104407,16.297465414262852,-2.3381965466907245e-12
1284.5600451170908,16.349224625024476,-5.2305711454645117e-14
1286.3589300832532,16.3918204919896,-5.1133696147496286e-14
1290.7120014390543,16.495143689693748,-8.320492495951444e-14
1292.6689498628812,16.54170696407512,1.1804471090176328e-13
1293.9025192568874,16.571094538936613,5.845717523948149e-14
1296.5627373682842,16.63456486038687,1.349625685132144e-13
1297.9469169582674,16.667641654674423,-3.129309500254819e-12
1299.8179430019907,16.71240838242242,1.6559867020975255e-12
1303.6236987803632,16.803665015741338,-6.081363625253054e-12
1306.4058392619063,16.87054561531965,1.1485988139732707e-13
1315.9572833704685,17.10124027842852,4.7012591198616174e-12
1317.6755898709416,17.142920646699544,-6.294951618462355e-13
1320.539434038296,17.212508790443284,2.6165323934828998e-12
1324.5488158723817,17.310186004597785,-1.9484020046430233e-12
1325.3284453310894,17.329213852851716,-1.1579832268704994e-13
1327.5982861010268,17.384675955232314,-1.3446417700381951e-13
1327.6290832732045,17.385429116949748,-6.955935720468653e-13
1328.8414181028481,17.41509131020282,2.9712301592347334e-12
1329.0291535111471,17.41968705284068,-1.7091883822341123e-12
1329.703735372992,17.436206102076323,-3.301850764151039e-13
1332.1899993765335,17.497161705702293,1.44792939843318e-13
1335.4738928339127,17.577847271530576,-1.940631567240731e-14
1336.0041925398657,17.590895413767388,-2.6745040326559163e-12
1336.6820089699884,17.607580779991764,-9.239671265237435e-13
1339.3973522872816,17.674507480771304,-6.268247421583313e-16
1343.4501873726902,17.7746527885347,-2.5055284705102616e-12
1344.341192468106,17.79671004152449,1.7045451374298115e-12
1349.9362705998267,17.935553094269128,-9.101930320648883e-14
1350.975776544381,17.961412176027853,8.610846193456083e-14
1352.041719871105,17.98794959321718,-1.786970957681187e-12
1354.6001249517328,18.05172831052335,-1.9572276303430135e-13
1359.3859016737954,18.171357103348964,4.2433367290674935e-12
1361.7787900347068,18.231329712628977,-2.927485639989871e-12
1364.9258545966961,18.310364707690628,-6.630180785745335e-13
1369.43164548996,18.42384018238535,-1.9521730130611474e-12
1372.6613978630544,18.505409549559477,6.524589563932127e-13
1372.856586533006,18.510345315736878,1.1675358635519337e-13
1373.4197927575487,18.52459113294692,-1.589461764971826e-13
1383.1876600904432,18.772590377793737,-2.288044810754664e-12
1384.6895433556724,18.810878024773253,-1.8468884849867595e-12
1389.2282407665998,18.926835965659325,-8.623632822974434e-14
1389.8869319792618,18.943696218962483,-1.2381555381744354e-14
1389.9495104486416,18.945298430521156,2.726474234106961e-13
1390.888187489329,18.969340260290608,-2.476072389970437e-13
1391.8810056125387,18.99478643842774,-5.7887043412338325e-12
1397.8632265120582,19.14849657701014,3.4300794672873885e-12
1398.0488525734659,19.153276689757675,-2.1560886297859035e-13
1402.1558287381526,19.259199047619482,5.077017043986256e-13
1406.5343533437565,19.372467068137443,2.832399847588343e-13
1406.7220887518547,19.377331489568057,-3.4573876956521755e-12
1412.1824473316851,19.51909916298515,-4.608800013687048e-13
1414.6687113324315,19.58383218229918,2.3013810795513336e-13
1414.6803832876192,19.58413634490975,1.5823815553214149e-12
1423.5360109572066,19.81563076798418,5.13482192025253e-12
1423.8234500468882,19.82316890116866,-6.903940770718552e-14
1427.6472058140096,19.923592257388545,4.934102241119776e-12
1439.8917745317042,20.246983684713502,-4.3120953480971884e-12
1440.2046668784071,20.255283676279912,-2.775427142596048e-15
1440.5313405270037,20.263951164184046,-1.5443477310801663e-12
1440.566356392556,20.264880341355777,-4.36091450441989e-14
1444.257501958476,20.362954852885814,1.7772560956357396e-14
1444.3625495551269,20.36574966246036,1.7395342062358131e-13
1445.4455087508045,20.39457382984808,-4.072710523469753e-14
1450.743585177162,20.5358994216223,-2.1019240623397028e-13
1457.329372076947,20.71229538872344,7.241627920044847e-14
1457.6263737749864,20.720269211484748,1.1397477967413704e-14
1459.9895901824489,20.783774120747996,1.020216359305446e-12
1461.074658724642,20.812966800446098,-8.619264677492223e-13
1462.0133357645198,20.838238460117616,4.2209934570079704e-12
1463.23846776886,20.871246658513847,5.337994865967307e-13
1478.809257963675,21.293172423536287,1.0972612678591926e-13
1480.0523899630944,21.32705040955419,-1.8942831118867527e-12
1480.9147072315757,21.350567107699895,-7.376281562183717e-13
1490.3972448091126,21.610073764255453,-5.99957910677674e-12
1492.2682708481304,21.661473402777396,3.6807272796905085e-12
1492.3266306240166,21.663077662530345,-4.902705040706867e-14
1497.7414265993991,21.812198677482403,-1.759620114979589e-12
1499.9211262913507,21.87237907963236,5.721906572136895e-13
1500.9616163590786,21.90113734222377,1.656906323907403e-12
1501.7295738608834,21.92237582736433,1.9214263351574888e-13
1502.1496231506665,21.933997225985557,-7.675500987996074e-14
1508.0204684058544,22.096764597303526,-1.1325103716332348e-13
1508.614471801607,22.113268526990833,2.927130417638453e-12
1514.4026292451074,22.274428289910873,6.509133324723599e-13
1520.7189770463217,22.450998653874997,-1.527448725283735e-12
1521.0881198219115,22.461340586930433,2.1782537450162348e-13
1522.1540631464704,22.491218228255597,-1.939703914039321e-12
1526.0775225909738,22.601370334740427,-4.832601986486347e-12
1527.7958290869833,22.64970150759054,6.470817781527519e-13
1528.3527072703903,22.66537660839025,-8.213374887319213e-13
1530.6596732469343,22.730374325632745,-2.689631486975842e-12
1534.6690550707312,22.84357008380512,2.0028345721730223e-12
1538.3772165031687,22.94852515129211,2.811633871958463e-13
1539.8239745582403,22.989542595020914,3.3940931362494556e-13
1541.3736708631272,23.033521239048902,-1.930898400789434e-13
1544.4920475932026,23.122151348336967,-1.3129904344776176e-12
1545.5941320046632,23.153517492283164,1.4467021927333352e-14
1546.1244317092928,23.168618190168626,2.7492189710722194e-12
1546.978311590365,23.19294397198393,-1.557455189545123e-13
1553.5704265236868,23.38119571811196,2.5755212248661286e-12
1556.6252406590631,23.468703803835346,1.0783590590950325e-12
1556.736616295714,23.471897513849093,-5.396807958816822e-12
1557.2998225190895,23.48805102051557,2.2051454763515156e-14
1559.9992751807856,23.565556047148284,-3.132107368332742e-14
1562.1619590011885,23.627746545689863,1.8368891886196703e-12
1562.5311017766314,23.638370285266816,-3.010813310553636e-12
1565.5826813434142,23.72628932178147,6.289321462228807e-13
1567.9755696987393,23.79535080298465,-2.2928588080566767e-12
1569.8795022551285,23.850375811845385,-1.6406410918174067e-14
1569.9612059413068,23.85273860087967,2.1410669636786845e-12
1571.8990291415348,23.908814557716475,3.0092610645052513e-12
1580.083309504931,24.146411011135864,6.680766083609619e-13
1582.7816369444365,24.225016156981173,-6.706838904682853e-13
1592.6046294625605,24.512303210690675,-3.1102333003558594e-12
1593.3725869636962,24.534838105364713,8.483468503622593e-14
1593.4956345554763,24.538449815633378,-3.4108639806114315e-12
1594.809782409581,24.577040264248545,1.8984750451860934e-12
1600.007171021505,24.72997525138609,9.230158922619244e-15
1602.5273256612847,24.804310823281916,3.402315421958936e-13
1603.9581930669365,24.84656837714569,-1.9131064169434e-12
1605.4887641540085,24.891812209825183,-1.4910867057461354e-13
1607.1307108776614,24.940396294967172,3.0337472950985055e-12
1607.9834655366349,24.965648318258417,-3.525883016407133e-12
1614.4748926598704,25.158313474842686,4.400405802799393e-13
1616.8773436226309,25.2298148695374,8.804335713819578e-13
1618.3792268841657,25.274567707922273,-9.959155303221078e-13
1618.9944648429341,25.292912451084927,-9.606253018188741e-14
1622.3026863252476,25.391674275725794,4.737519764981754e-13
1626.6653202724171,25.522222175452583,4.035080085812657e-12
1636.3206867212293,25.81239694789548,4.798265740257377e-15
1637.767444775055,25.85602461134097,-5.07190051482884e-12
1640.2240368197538,25.930192606853932,-1.0898974611891261e-13
1640.9123999811627,25.950995205503144,-2.88100602503738e-13
1643.4792424407365,26.028643126652792,-2.3465928864322933e-12
1645.2993619630738,26.083775949121893,-3.0320860319670684e-12
1646.763135887,26.128159061881423,1.0064838188923443e-12
1649.5919641784742,26.214043851620822,-2.5137187968678915e-12
1654.3777408856802,26.359678317769372,-1.8268881601570426e-14
1655.5657476756307,26.3958955436621,3.0360952975607924e-14
1658.1071368778855,26.47345888226776,9.763756983543763e-14
1671.2595854345918,26.876773465955058,2.4388247595550946e-13
1672.1335746567402,26.90368690565172,-4.338863134283484e-12
1673.3650346988275,26.941632106707235,1.5828273890203932e-12
1673.470082295253,26.944870250403028,1.3496138480490262e-12
1678.1636085819534,27.089757938246386,-3.873896078864455e-12
1679.135192138731,27.1198011135193,1.5671586777537766e-14
1684.1458294646354,27.275015440447874,-1.8921619162651333e-12
1684.5149722397075,27.286468653402988,1.6465721341709253e-12
1689.5977506430613,27.444424768370812,-2.170391955520531e-15
1691.0349460878463,27.489174403603936,7.582248911477761e-13
1694.8407018500827,27.607857152699758,2.03754542781861e-12
1701.1761748584981,27.806021063640756,6.421490398315248e-13
1701.5103017680565,27.816492567783737,4.795531559774903e-13
1702.5762450909913,27.849912871071172,-1.633671242867437e-12
1707.3440218010405,27.999652175704888,-5.4421114285135186e-14
1710.2291005203115,28.090465832314578,1.724728880569822e-12
1711.0818551786074,28.117337358217146,-1.7031689965459483e-12
1712.2698619680612,28.154795490909372,5.721849452626265e-14
1725.957954138492,28.588259706651254,-3.729702953951965e-12
1732.274301928633,28.789444834057687,1.9938589022125776e-12
1732.9329931391553,28.810467450581818,4.0558339999267105e-12
1733.6108095665727,28.832108806240207,-2.201749376340117e-13
1739.4286389497015,29.018208807914593,-2.9859266263352567e-13
1740.421457069661,29.05002922815047,-6.895466481841332e-14
1740.5954111753242,29.055606431650368,4.35510417458897e-12
1741.234977168913,29.076116573083155,-1.1098491338639245e-12
1743.5101618443573,29.14914019247953,5.050063149154491e-12
1744.5739958202792,29.183317393364387,4.1672386084152924e-14
1751.7622234845883,29.41479591112213,3.533639147204566e-13
1753.4805299774766,29.47027054074237,-4.731515524626709e-14
1754.612286337536,29.506838413667154,1.3496454354654142e-12
1756.3443741322478,29.56284912006813,1.9666802759937792e-13
1756.7347514707349,29.575480424734373,2.112229181681838e-12
1760.3537559488382,29.692712944037464,-1.464488268925503e-13
1763.4966018054793,29.794716712980204,-5.089347483312118e-13
1763.942104351369,29.809190605599568,-5.391220201748183e-13
1764.4352788429358,29.82521757158253,-2.3666491405812775e-13
1765.508675427159,29.860115825563636,-2.4817861820812096e-14
1768.915616462199,29.971022831358496,-1.8471069472376675e-13
1770.119513899753,30.01026473290129,2.3348776667675827e-14
1771.8091325670991,30.06538409553516,-2.0102481952037893e-13
1778.0958084049348,30.270932197562335,2.356864121055968e-12
1779.2551273685228,30.308916602815714,-1.8832378629322612e-13
1782.949507492046,30.43012595312823,-1.2676006619599696e-13
1787.8466598312748,30.591184714244257,-1.3431442283918744e-13
1788.7747901350692,30.621759090767462,3.76906291550302e-12
1790.405064901399,30.67550185605659,-9.609824743977922e-15
1794.8970744750854,30.823836336053276,9.687639209351798e-13
1797.0831022019727,30.896157478391846,4.9078775034830985e-12
1797.5837299551786,30.912732314634944,-2.2003874515160213e-13
1802.7248681304543,31.08321280423522,3.1970487682549723e-12
1802.8532596370858,31.08747650665274,7.751995792699134e-14
1803.6508890874609,31.113971468406028,-8.238618655029412e-13
1804.1727514042398,31.131312579398784,-1.2650767223323785e-12
1808.4663377400386,31.274175806777098,4.90407070344026e-14
1813.018816435679,31.426024238640302,-3.1138990485548013e-12
1813.438865724435,31.440054266960434,3.980714451300733e-12
1817.9096407339107,31.58958361011233,-3.247057595522816e-13
1820.4944831856455,31.67620411143539,-1.388171898251969e-13
1822.4705568161119,31.742507207166287,-1.5548188436849477e-13
1827.5194445710893,31.912238949950886,1.566048177073478e-13
1828.499465513731,31.945239370153097,1.0237120528519431e-12
1829.1147034716062,31.96596542738652,7.161092152777583e-14
1830.8764632159327,32.02535393330355,6.92153221826498e-14
1833.6681662917715,32.119578667349565,2.5781353586600806e-13
1837.460140748673,32.24779420172428,2.839396781157416e-14
1842.5270284984736,32.4195309626941,-1.6975324725646773e-13
1847.9873870581782,32.60513343123468,-3.464082805494554e-14
1855.4196005544097,32.85864354975838,3.1167057725986688e-12
1857.3288770219513,32.92393255151656,-1.0890986404491706e-12
1858.2675540588848,32.956055870542706,2.5240258294368055e-12
1863.1371437922783,33.12296302562367,-1.2537155783812116e-13
1863.4521454846165,33.133774877781015,3.7085771928261444e-13
1864.9371539700358,33.184769674881565,3.624963988544333e-12
1865.815361884508,33.21494621658666,3.5180119510399023e-12
1866.4305998422542,33.23609517867557,-2.2518068045434216e-14
1868.8956292700702,33.320901129116415,6.508007376837248e-12
1871.2885176202878,33.40333223009234,1.6243801283869163e-12
1873.4682173061146,33.478511127533956,-1.0680559811686236e-12
1880.0624415708248,33.70648199965398,1.3358198048270114e-15
1883.4852732521497,33.82512951546878,-1.626997076143272e-12
1887.2910290098646,33.957303919900525,3.906301042438602e-12
1889.2554306844609,34.025632250088854,-1.1682503522385376e-14
1892.2423224285008,34.12966234846247,-8.056307159962822e-13
1895.7945297412455,34.25359569569963,5.009081301704241e-14
1897.8182753165383,34.324306307494325,3.172569470988601e-13
1901.8997982074147,34.467146126485346,-7.850238860516773e-13
1904.6618293317924,34.56398218708689,-1.374830210213022e-12
1904.9492684203744,34.57406779662068,-2.4712325295121303e-13
1912.6964836066225,34.846473957677155,1.6792554509987708e-12
1916.719646721485,34.988371829917945,-5.5441178510633713e-14
1920.906217208238,35.13634968227949,3.1636190822064105e-13
1927.3689564930276,35.36541452358041,-4.0752303583718505e-12
1930.1723315225813,35.465016387043235,-2.0128564460091108e-12
1930.28370715895,35.46897647187873,4.981976981540738e-12
1931.153477686318,35.49990999184374,1.158408053087458e-13
1934.7640447740687,35.62846934640319,4.724251210527902e-13
1936.76655578539,35.69987511351598,1.2453497508174807e-13
1938.267454918796,35.75344277721823,1.257189305846181e-13
1939.129772184395,35.78423797921909,6.011218240841562e-13
1943.053231617514,35.924526084751626,-4.168992529079487e-12
1947.9069307002562,36.09846842625286,-1.2238551352474198e-14
1950.207568630035,36.18106814092091,3.195837311890756e-14
1950.5416955391083,36.19307239470737,5.1402502693757265e-14
1952.201642254401,36.252740166269284,4.6689271415792056e-12
1957.959002507976,36.460085222854765,-1.457898030938274e-13
1958.1107379247787,36.46555806673424,-5.848179358334673e-14
1974.5555172845277,37.06120762303557,2.432672369332336e-13
1977.5052838152135,37.168578608982536,-1.8285011188055647e-12
1980.2969868889666,37.2703437404759,-9.868508133752951e-14
1985.6290950349387,37.46511247596686,-1.6274737322425853e-12
1988.0219833837848,37.55268902841356,-8.213688345112037e-13
1990.3894184756302,37.6394378235747,2.2207614161362e-12
1990.4244343410414,37.640721668043426,-8.127505480425875e-13
1990.9462966573158,37.65985824415206,1.1837727150828534e-12
1992.0101306318056,37.69888433859097,-2.063198766451522e-13
1993.0113861372029,37.73563382447258,-5.794061645774666e-12
1994.7296926278557,37.79874456305398,7.758202447564676e-13
1997.021893170335,37.88301821175715,8.409027458076482e-15
1997.5935367789154,37.904049990648375,-3.224738299618693e-12
2000.8869928267277,38.025339304061504,3.51729141587749e-14
2001.602918590338,38.051731402193774,2.401300078990352e-12
2001.7779979173827,38.058187014834246,5.764251831749311e-12
2003.7805089280864,38.13206476689616,-1.7233178913653414e-13
2005.7661451651607,38.205392902180925,1.0512048449043967e-13
2006.757838062063,38.242042610603455,4.0693465326931103e-13
2007.2033406073795,38.25851281684749,-5.0447798024033726e-12
2012.9734980362905,38.47216557291639,-5.778721457710625e-14
2013.0582951940148,38.475309946765925,3.2961708741634677e-12
2017.026333099657,38.622597367945524,-2.242803234193048e-12
2020.5042899861012,38.751932259544894,3.087911806135105e-12
2025.1246910610027,38.924095888341334,-7.135597800814891e-13
2028.4095686250637,39.04673492060757,-2.3376479368894696e-13
2029.095822438215,39.072380915779284,2.2023279220493478e-12
2037.2588682149253,39.37810747568098,1.672356514862318e-13
2038.832892550236,39.43719980028328,3.6079297118334546e-12
2040.9967015858042,39.518508428481205,-7.114583105891239e-14
2043.6569196805406,39.618588626842495,-6.553004474330252e-13
2047.0171728901832,39.74519120939361,-2.5191325504685932e-12
2049.715500322029,39.84700531584621,-8.041094300991368e-13
2050.7178810488085,39.88486161441042,4.838898345735232e-12
2051.497510502968,39.91431819817859,-1.1814015582290516e-13
2051.7106991671517,39.92237501228549,3.576057474084875e-12
2054.1841659796305,40.01591333807735,-7.485255081222998e-14
2055.6691744637205,40.07212558422128,-6.089719718756125e-12
2057.6929200375366,40.14879612625321,-1.808460241363198e-12
2061.7436457534486,40.302486383232676,2.276151443381866e-12
2062.4702593469374,40.33008710127788,1.9810926160551363e-13
2064.0358462952813,40.38958962199096,1.0260179930322625e-13
2069.937488701068,40.614296435960014,3.4855182577568646e-13
2074.9173288443385,40.804404441182506,-4.227299756659686e-12
2075.935600219552,40.843333738205686,-3.6161229698593866e-12
2076.550838176701,40.86686401436535,1.6785989102136484e-14
2081.104300991525,41.04123167374798,-2.2788906755961613e-13
2083.6531434495405,41.139002297544124,-9.109250217974626e-14
2089.2365495945314,41.35359344641073,5.679955950079704e-13
2093.284181838167,41.50951811483415,-4.314738600784832e-14
2098.0699585337047,41.69426727286932,-4.180859635169681e-13
2099.5050446286823,41.749749272025895,-3.5646925571748104e-12
2101.694306920694,41.83446162923811,1.557327511872197e-13
2104.701308003852,41.95095987360757,-6.080836818494524e-12
2107.1579000422144,42.04625760570718,4.109654389407171e-13
2109.169973660493,42.12439410003713,1.189633839990236e-13
2112.0200365083883,42.23520054426517,8.069142331863652e-13
2114.1425016378394,42.317816216279226,-4.020229455087944e-12
2118.5114636131743,42.48813663248983,-1.4414715773281406e-12
2120.3199111756717,42.558740377985096,8.084046601634595e-14
2121.311604072119,42.59748271543855,-2.1902978510105596e-14
2121.537589913004,42.60631380938798,-4.42058778491321e-13
2131.192956335594,42.9845057821768,3.0934928618626243e-13
2132.195337062059,43.02386652409559,6.204097622813645e-15
2138.381183986285,43.26717730733769,-1.227840933892904e-13
2139.067437799143,43.29421348254433,-5.201943881978497e-12
2139.242517126093,43.301112429306066,2.2515603578739916e-12
2141.273715960994,43.38119246667904,-8.63524990553654e-14
2142.462706872945,43.42810371135912,-1.7653749736058962e-13
2149.2500104520973,43.696393162879076,-6.17882053522379e-13
2153.628535035306,43.869918365478135,-1.3752029263423046e-12
2153.816270442448,43.8773663984419,2.7509306110595924e-12
2157.968809184732,44.04227620354085,9.090466030207779e-13
2162.589210257188,44.22613956573833,-2.7872147278478663e-13
2168.4441648403,44.45969541105333,-1.8082198053668537e-12
2168.7379319686634,44.47143050401777,3.0482825162911417e-13
2177.7198417536333,44.830997509674106,1.1677902630926349e-12
2178.0157182286885,44.84286742501921,-2.0419455430273865e-12
2179.31510065167,44.8950148900513,2.479363434064001e-13
2179.8783068730463,44.91762742555062,2.3304446509444594e-15
2186.565906770193,45.18657886832362,-2.9760927650003457e-12
2186.670954366345,45.190810080450966,-8.716237509357524e-14
2187.6255220504772,45.22926842824208,1.879476298459152e-12
2188.5515430058767,45.2665927032273,-5.393711485914343e-12
2199.208164930813,45.69725621154576,2.3904465609207993e-12
2200.240217607397,45.739075416420704,-1.7787152598490673e-14
2201.5003654715,45.790163737596636,4.007689547102666e-14
2207.083771614145,46.01687548989429,-8.117393846068587e-13
2207.1421313897813,46.019248195457365,-6.268398564731887e-15
2209.69308319335,46.12302233237322,-1.0092385924017179e-12
2210.3326491855323,46.14905902646715,-2.591687847333082e-12
2221.5461492909067,46.606784145662125,1.6180890383018699e-12
2227.146571303343,46.83625569252403,2.3053203828871784e-12
2229.7091950618737,46.94144924161248,3.206087133561763e-13
2230.875967284846,46.98938433710638,2.0328074831248207e-12
2231.8146443203136,47.0279666849654,2.412307482720218e-12
2232.8880409022668,47.072106288865065,3.6886180455527983e-13
2233.0397763189085,47.07834757855468,1.2493392532077785e-13
2239.4558277752267,47.34264531320023,-4.044762533121478e-14
2242.442719515036,47.465943640094906,-6.007470347205416e-12
2245.029671308768,47.57286532788507,2.825629925980179e-12
2249.8250106102314,47.7713882583733,-3.0288977069038255e-12
2251.5433170992496,47.84262775810691,4.055669184816039e-13
2254.4071612475936,47.96148112095499,-1.6857600483390224e-12
2255.975982763212,48.02665336158762,-5.630459253235205e-13
2256.711033743003,48.05720456728969,-3.2614431918619523e-13
2258.4165430552325,48.12812964185556,1.2553000026979959e-12
2261.4968104358686,48.256360989442996,-5.178931030407322e-13
2263.571462522125,48.34282713372188,2.127284271307082e-13
2266.6814018530617,48.47258988364464,5.2019903856202836e-15
2267.813158210525,48.51985682587006,1.858863636443363e-12
2268.1823009845716,48.53527889560975,-1.0575603738700832e-12
2269.658730984196,48.59698637670659,3.832903729699219e-12
2269.871919648217,48.605899927442486,1.7230991906818291e-12
2271.950931524375,48.69286859999491,-1.796402007567912e-14
2274.1560844636374,48.7852009842755,-7.648270765230635e-14
2277.317914433446,48.91774687188106,1.6142288392309096e-12
2278.2089195232093,48.95513162130566,-1.3139680096898198e-12
2280.6856209020675,49.05912576228447,1.031827559190856e-14
2281.289186903663,49.08448600063756,-2.210476185974891e-12
2285.909446877735,49.278839333876526,1.1512822230573247e-12
2294.453307376238,49.63927661351577,-5.9048505886188e-13
2295.4333283169954,49.68070642859395,1.2273100302334754e-12
2295.6465169810003,49.689721198243056,1.886068354786299e-12
2300.7420925466313,49.90543884113102,1.779661805431335e-13
2301.6203004595823,49.942665481028385,2.644002422270587e-13
2304.635880024109,50.07060200875922,2.7363526920487283e-13
2306.5291247431473,50.15100886777002,-4.203528617653904e-13
2308.31113492252,50.22675187314153,-4.36085974293508e-13
2309.6252827718686,50.282646216400465,3.66403026248477e-12
2317.0553869077125,50.59926750091104,-1.7034903628412353e-12
2318.5572701640735,50.66339126322199,1.1898698146064814e-12
2322.3534633069694,50.82565713798961,3.736543065419063e-12
2325.7487323787986,50.97101065534081,4.462205843219995e-12
2326.0160621250016,50.982464221100706,-2.1068019022536687e-12
2326.426548804452,51.000053813400605,2.5237863294473136e-13
2327.1774904326135,51.03224013065456,-3.2435079799541533e-12
2331.730953243667,51.22762982333879,-2.2098394569707377e-12
2332.80758439363,51.27388403746386,1.8226576843891645e-13
2337.70473672164,51.484544879260554,-5.899898724544604e-14
2342.3155751831023,51.68329313468381,-4.624707844984546e-15
2343.5470352213974,51.736440966766466,-3.934546790760305e-14
2346.0501739818105,51.844558504835454,2.9692172816562207e-13
2350.4191359539263,52.03354267731122,-1.9505567121715728e-12
2352.5829449872335,52.12727077021081,1.8145640434567853e-13
2354.0308282577894,52.19003580755032,-1.906555028092034e-12
2359.17618511485,52.41339698790631,3.0376261892167335e-12
2361.514932378379,52.51508378240226,-3.1787739156040417e-12
2363.1738949661662,52.58727518551795,-2.000695570029163e-13
2373.759501029775,53.049112146096576,-3.210361247394672e-12
2374.434082887014,53.07861328304247,3.361534375540941e-14
2374.934710639056,53.10051239456056,4.51774004649083e-14
2375.325087976536,53.117591992389144,-5.320807425692187e-12
2377.37752137351,53.207435229803224,2.3601264360817163e-13
2378.125228433242,53.24018464870464,-1.1449820934538393e-14
2379.6303462576793,53.306139736951685,2.0131961992699374e-12
2386.075085536575,53.589023635023175,-5.3782422895819076e-14
2387.318217529848,53.64367740732542,5.2913464167764e-13
2395.8810621462635,54.020912614383306,-2.7193202279058947e-12
2396.46662815245,54.04675900216118,9.443469247429075e-13
2396.6861448564923,54.056449911371814,3.0590045165528275e-12
2398.0226524906975,54.115471291365985,5.527682102322256e-13
2409.9870942180446,54.645297525279126,-4.9980187448651736e-12
2411.6206035486844,54.71783946620795,-2.9874256783004636e-14
2413.310222211664,54.792924861123076,-1.374203146772292e-13
2414.7824335173045,54.858391708054164,4.75203858333059e-13
2416.288676563229,54.92541321136256,-3.393574572122374e-14
2424.264971047802,55.28102151835756,4.624580318760986e-12
2425.0446005010344,55.31584272587788,2.2050244865721815e-13
2426.7512350341026,55.392106576010484,5.811552252897668e-14
2427.918007256432,55.444276644537965,-5.2611844108121466e-12
2431.6091528021593,55.609484564772956,-1.3100101684681025e-12
2434.829342546223,55.753818476308375,-1.0674241679650352e-12
2440.4881243309283,56.00791664081019,-3.431326987116882e-14
2441.489379834846,56.0529377686369,2.916404218306494e-13
2441.934882379532,56.072975581929505,-2.4795027446564872e-12
2443.4845786775077,56.14270629938813,-3.217342811481075e-13
2448.604482276462,56.37339791932138,-2.32813951270869e-12
2451.264700367778,56.493452133113166,6.512820916807453e-13
2452.831271439307,56.56421163111799,-1.6855582187660713e-13
2456.0217892328724,56.70846198371226,1.249599745375112e-12
2468.0627318258894,57.25454876594718,2.068336213499001e-12
2470.764293822535,57.377438168934994,4.767657210208795e-13
2474.1372031079113,57.5310547113435,-6.0478852794450635e-12
2475.2413968611195,57.58138989320809,1.4883406021006728e-13
2478.359773577107,57.723663812807416,8.458498249742499e-13
2482.071169560859,57.8932273163487,1.3390718616419032e-14
2488.329157556251,58.17971224190502,1.350563327234929e-12
2490.175855550482,58.264390225209645,-9.364632578998286e-14
2490.6043422249763,58.28404691468889,-4.017748233031682e-12
2491.474112750707,58.32395776023338,-2.989620129858136e-13
2492.058553535132,58.350783611005674,2.690403502201487e-12
2493.4978583218394,58.41687457469039,-1.3591216612350828e-13
2496.046700776721,58.53400765864781,-1.128651480365334e-13
2501.843295578778,58.80083806411063,1.4770834613715055e-12
2502.950723900241,58.85188592100228,-9.237658006916728e-13
2507.930564037076,59.08171511569277,-8.529192654859174e-14
2511.036284672644,59.225281378316765,2.617284045042522e-12
2512.789607025839,59.30640961366411,-2.078303041711108e-12
2522.2030969485295,59.74295076308855,-6.458352401917399e-13
2523.9214034363304,59.82281167616544,8.647679200521933e-14
2526.2974170075336,59.93333012809081,1.143528976929484e-13
2526.4723552377377,59.941471356113894,2.0036253503670523e-12
2526.7852475826508,59.95603406125227,-3.5944517890602606e-13
2527.363360326935,59.98294545749139,2.6290477713599286e-12
2530.7946293874684,60.14279921328711,2.676604708189296e-13
2535.3099828591257,60.353488079960584,-2.678971803522617e-13
2535.8689703865625,60.37959686929488,-4.58646358261929e-12
2535.9495488507546,60.383360945183206,4.5358844456160795e-14
2540.8043731458242,60.61036588590995,1.7839479357229712e-12
2542.250005972471,60.67804558782908,3.6740614877696126e-13
2542.8694626221813,60.707058261953684,-4.335095794008705e-12
2544.651472800512,60.790559337534106,1.3156417229972463e-12
2549.696000752572,61.02725199008844,3.4419208240963493e-13
2550.7450692983366,61.076533871568174,6.554388202300098e-13
2552.246952553838,61.14712282528447,6.415665155498686e-13
2552.7508148739958,61.17081381033428,-2.127023253063764e-13
2553.6672732200745,61.21391654058212,2.932866789555255e-14
2557.3425281162345,61.38692600378656,-2.1701688048382345e-14
2558.2875331910045,61.4314515188002,2.454805841804278e-13
2560.218044217466,61.522461944840046,1.6268060291842183e-13
2565.20857218373,61.758049417709515,-1.644251513987911e-14
2568.024603287707,61.89118805877854,4.021539109644209e-13
2574.6136247185755,62.203280013961006,-7.602567571741837e-13
2578.2676450510407,62.37669905302412,-1.326721089682326e-14
2578.9072110426123,62.407078012812775,-8.962895624153524e-14
2578.9538988630766,62.40929594837046,9.673415170793953e-13
2579.128978189816,62.417613564320106,-5.505031182779702e-12
2579.167087526933,62.41942412606482,1.9532424024596826e-12
2580.6308614452296,62.48898777908003,-7.757679797970374e-13
2583.24017302191,62.61308927271791,9.315675559660255e-13
2584.5543208703857,62.675638960070614,-3.4551272750983515e-14
2590.9353564556463,62.97981030166758,2.5370742845636153e-13
2602.4756712933486,63.53181914211302,6.814668820922979e-13
2604.1090395267292,63.61014636408268,-4.711875523994907e-13
2607.2327601568772,63.760079430872615,-1.0196319275906383e-12
2610.600466622799,63.92192473564296,-8.679428337586331e-14
2612.0313340223547,63.99075262910986,-2.883853203576886e-12
2614.691552112727,64.11881525347596,4.922818816400765e-12
2616.1838727596155,64.1907124911625,-7.407213782528535e-13
2618.4282602557755,64.29892015677316,6.331029794094911e-14
2619.684189425139,64.35951220656509,2.31001289507404e-13
2622.3708448974703,64.48922691795175,-2.236586218574956e-13
2624.356481130933,64.58518109024521,-2.647865439353912e-13
2626.4089145267526,64.68443951235948,2.529602301596775e-14
2629.523072548346,64.83519254690663,1.050862370422636e-12
2633.893018642695,65.0470381544293,-6.777839090295352e-13
2634.385209007655,65.07092052817913,-4.753318552652921e-12
2635.0439002159887,65.10288894382165,-4.949389950583488e-13
2636.4439704435276,65.17086543010072,1.0523727283659286e-12
2639.3365024144396,65.31141857387891,3.910951361200356e-12
2641.386826463502,65.41114071623902,-9.798628525138123e-14
2650.503314687392,65.85547934971648,-2.4413468623204694e-15
2654.5593843116635,66.05366472452452,2.2531126228305696e-12
2654.8362766660816,66.06720513202556,2.0403350702122852e-12
2656.4527701257166,66.14628201984365,1.9262074697352372e-12
2666.800718386744,66.65363133211726,-2.6126422734385186e-12
2667.619582398309,66.69386361678947,1.812876699756023e-13
2668.2591483897686,66.72529525327549,-5.7981609780049e-13
2669.595656023185,66.79100259232247,-2.661933845631271e-13
2674.463136397147,67.03058289898824,3.2420010781596913e-12
2679.7994632257573,67.29374162053199,-2.3844471816185564e-13
2685.3616347983125,67.56859610554251,-1.5297659153685002e-13
2687.160519749723,67.6576098937222,1.0132320991541901e-13
2689.724268727042,67.78457427804695,8.643500570472454e-13
2690.6024766392115,67.82809355553931,-1.6279739861549424e-12
2692.515971795041,67.92296532115968,-1.6010785121861172e-14
2694.080433519089,68.00058200062637,2.7635924014758773e-12
2695.862443696892,68.08904670340483,1.3766092850768448e-12
2698.30300398639,68.21029886326563,1.5245031256393603e-13
2699.973638528068,68.29336275470627,-4.710313691422917e-13
2700.296093481289,68.3094011231072,6.98043965227466e-14
2705.204917760413,68.55379432367035,2.8389526910466033e-13
2707.2074287671485,68.65361981764775,-2.275962083723866e-13
2714.013857553461,68.99347360955849,-9.8745366770843e-14
2718.7106183902915,69.22848656615035,3.42852799175037e-14
2727.5779179586943,69.6732895650383,1.7597868551783773e-12
2728.3998754419385,69.71459408961847,2.664390472238654e-13
2729.736383075211,69.78178205609669,4.342549191880108e-14
2730.950827242332,69.84286226786433,-3.1614231195959885e-12
2734.7470203817707,70.03396618961315,2.228367351305179e-12
2734.922099708459,70.0427862509002,-3.343546074315306e-12
2737.48359824231,70.17189274205806,-2.7022102780130734e-12
2738.040476422831,70.1999769108528,-9.417176305425205e-13
2747.3065907149003,70.66811873603113,-3.0680175655838217e-12
2750.737859773985,70.84187429217597,1.803512280898117e-13
2758.2687928052533,71.223992526675,4.138963760639048e-13
2761.5536703628395,71.3909938742552,3.3533414529159947e-13
2761.8210001087896,71.40459351605563,-1.0342392925514263e-13
2764.74418815444,71.55338830820715,-4.4584657044605224e-14
2765.902522989182,71.61239288699983,5.150922164988016e-12
2771.569742156913,71.90143242371495,-1.0316572967787504e-12
2772.2188707566706,71.93457704691056,3.4638474134959438e-12
2773.1862356162155,71.98398527340551,-4.816730373267418e-13
2774.221381763177,72.03687452583706,3.1494137214010215e-13
2775.328810084059,72.09347878222712,1.2256244742970993e-14
2776.5591448995933,72.15639167960519,4.392328015469444e-12
2790.7510993396086,72.88411000559833,7.97352726230012e-13
2791.0226477789397,72.89807032066462,-1.9106614728508166e-13
2797.1799479645597,73.21498193077086,-5.951289305623563e-14
2798.8504414094023,73.30108140909368,4.272085940952929e-13
2799.6830867225895,73.3440162645631,-2.266076552070438e-12
2801.4650969000727,73.43594746318269,4.8561181258995345e-12
2802.7633540995253,73.50295941232835,4.844410183697261e-12
2805.1562424430676,73.62655412507056,-1.2519145417611909e-12
2810.145645185476,73.88460025556529,-2.5910067921287234e-12
2810.2390208263655,73.88943390685124,2.526165995407082e-15
2811.8639516723547,73.97357523417647,3.469335446514802e-13
2814.5369669385263,74.11209373879241,5.071218285713608e-12
2814.727795817142,74.12198772848716,-1.4420464055196028e-12
2818.7371776198224,74.33001903343536,1.0738178069044989e-12
2819.516807072448,74.37050537669799,2.175225949502155e-13
2823.892097080374,74.59792296193434,1.8197347008313188e-13
2824.625038712551,74.63605407841315,1.3679300141754557e-13
2830.19255419877,74.92602584487267,1.4739820196138218e-12
2832.2715660724,75.03445301243381,4.6357854949188275e-14
2835.7675229466586,75.2169579351764,5.056546726360273e-13
2837.638548974976,75.31472653111396,1.3808491994654297e-12
2837.8836600322993,75.32753934184474,-6.277638155414107e-13
2840.378361403382,75.45800904514986,2.0944675791766698e-13
2843.2263148995385,75.60709352568678,-1.8022940412683042e-12
2844.311383435149,75.66393392738395,-8.898001789513415e-13
2845.1641380901747,75.70861998201097,5.087076066793772e-13
2846.230081408955,75.76449638749726,9.848318285060573e-13
2851.507064335412,76.04142241709606,7.303845268209237e-14
2851.545173672511,76.04342418823786,4.1646355585686733e-13
2851.6555651835242,76.04922287989439,8.360936484611439e-13
2853.4544501344385,76.14374709770064,2.1479379164614485e-13
2855.967151500662,76.27587929883664,1.6133801741264557e-12
2860.0699089439695,76.49187572129345,3.475303319084584e-13
2863.6200069002366,76.67902670496238,3.6669792897448714e-12
2864.151431823729,76.70706188040619,-3.8395359507638465e-12
2866.849759250047,76.84949166792147,-3.5957723600668574e-13
2868.6317694273457,76.94362766901475,3.516532991053041e-13
2872.9974968265315,77.17449763626645,-3.8719286165152936e-13
2876.497813490522,77.35985623586036,8.526337379813744e-13
2876.7948151867345,77.37559429140312,9.026412076905286e-14
2878.877904657057,77.48602241551637,1.0178327153151804e-12
2879.610846289173,77.52489591098555,-2.1740168131394673e-13
2892.0515877216326,78.18623298036113,-1.890324413875952e-12
2895.2973718163676,78.35924448279813,-5.772905704340775e-13
2900.7227144939857,78.64886727511902,1.6732541185519439e-12
2903.8676696860875,78.81700366577036,1.0153300445414361e-13
2906.3708084437117,78.95095731917077,2.539897226197804e-13
2908.822056562426,79.08224593704904,2.2438179303980875e-13
2908.868744382864,79.08474760644431,-2.972275759199968e-12
2909.683389700713,79.12840513791393,1.3529451420786921e-12
2911.046334715589,79.20147384950397,1.1184554446143355e-14
2911.3730083620962,79.2189922020279,1.1777512549179967e-12
2917.0317901417748,79.52276461685415,-6.239175563552407e-14
2918.198562363033,79.58547215713979,-2.4553878200919223e-12
2918.644064907325,79.60942206531901,7.146248205773554e-14
2921.6956444584725,79.77357115743504,3.1284357322201263e-12
2921.8355668232275,79.78110190663563,-2.7191441589779268e-12
2924.2921588569075,79.91337667776182,6.263601282926251e-13
2928.8308562356806,80.15805447306622,-2.5555890746547424e-14
2931.270432399207,80.28972700417418,-1.2681138063190608e-12
2935.645722406411,80.52615146448719,4.290553351507221e-12
2938.4458628601096,80.67764573542107,-9.794214218133978e-15
2939.178804492163,80.71732347479652,-5.570529503297695e-13
2950.894057553247,81.35287098463068,1.4445840776769154e-12
2952.676067730332,81.44976581044828,5.081070895553883e-12
2955.263019520243,81.5905325411649,1.6189578026688972e-12
2956.2016965542853,81.64164031616784,-2.3261057365784324e-12
2957.426828551024,81.70836900672067,3.1533350793050514e-12
2957.5552200572183,81.71536364732495,-1.0275344778022974e-14
2963.1682981411705,82.02145534138009,1.97565321436712e-13
2970.681090078278,82.43205025057127,3.250448516559611e-14
2975.1030679056785,82.67420967749186,4.064874447693045e-13
2976.6093109500553,82.75677784951645,8.757144707981311e-14
2977.2033143423964,82.78935100017027,6.400584828057385e-12
2980.1339556488247,82.95015266270347,-6.064298871369706e-13
2981.7546678010212,83.03914762574995,3.209558619083141e-13
2985.578423542631,83.24930571083661,-2.7558840485163466e-12
2991.5606443998827,83.5786358542199,1.1648063406390606e-12
2993.2312789408093,83.67072452238416,-4.311136553021148e-13
2995.1499769142115,83.77655036598426,-9.130660012885432e-13
3000.5500074307297,84.07475321435075,-7.923242410545773e-13
3001.3105116663305,84.11679326354738,-4.7449269720775074e-12
3002.802832312295,84.19931848712069,-5.497870411549702e-12
3003.328913320665,84.22842050869185,-6.740560085970471e-13
3003.805213036836,84.254773100296,2.594335721680558e-13
3007.300185785175,84.44826991346488,4.435998545330863e-14
3012.0308372636296,84.71053764552268,1.4435727641601317e-13
3015.2764802612764,84.89071481658927,1.2867220974681756e-12
3016.3424235798034,84.94993144621138,1.068892215240736e-12
3016.4357992206646,84.9551197647943,-5.82961503441201e-14
3029.9998596197784,85.71049863229865,-1.7778425420264083e-12
3033.3727689019065,85.89886119891582,2.2959358887188252e-12
3037.1222742192244,86.1085010114521,-9.505984896757508e-15
3038.680407902372,86.1956945007148,7.235257286608903e-13
3039.4611625763832,86.23940251578935,1.1392542884363617e-13
3047.62308311225,86.69699338998797,2.3297909880908544e-14
3048.0102258809293,86.71872869130478,3.098109158684206e-12
3050.4964898645017,86.85838045509863,2.4165086912957617e-13
3051.488182758946,86.91411494028324,-4.1416793780973267e-14
3051.730059247875,86.92771147499465,-1.3281972651342948e-12
3060.2547945170054,87.40759832613716,9.184010287901048e-13
3062.163929881834,87.51525363001132,1.2634654311580507e-12
3069.4095331687104,87.924440950494,-2.5691112285546924e-12
3070.8488379540304,88.00583920559436,-3.719250217265178e-14
3072.061172773855,88.07443103912092,-4.831528440072637e-13
3073.1102413187377,88.13380739596694,1.675832722662146e-12
3074.271669624739,88.19956686247346,3.946267901107584e-12
3076.3304310592275,88.31619392481403,1.1370180669828746e-13
3082.070916523433,88.64179984330153,5.401432526726203e-13
3083.601487602888,88.72871782416827,-1.1368817511452927e-13
3086.7929895181064,88.91009545259294,1.7138481615079053e-12
3086.915052984191,88.91703621959473,-6.728100247721381e-14
3093.9367797771297,89.31676732119278,-1.6005238098328457e-12
3101.3190708601296,89.73800391459947,-5.697772766531248e-12
3108.1456089844623,90.12842238994264,1.0781078421904212e-13
3108.4691891591183,90.14694966473866,3.085973741576481e-12
3111.5875658718383,90.32559784881579,-8.999118148452601e-13
3112.5675868111034,90.38177910492693,5.487757279495873e-13
3113.652655346324,90.44400301943317,5.8353785511365176e-12
3114.637036075535,90.50047169314331,2.8425845781447623e-13
3115.3709618324947,90.54258471576972,-7.813519170485829e-13
3118.2348059761034,90.70700840628929,3.247726637316192e-12
3120.433630871759,90.83335345598522,1.9167673036699966e-12
3122.24418777714,90.93745538592997,-2.4184137966078896e-12
3122.5126427445816,90.95289593202462,1.634678828430137e-14
3124.471700498016,91.06561394823869,-1.1455549314780766e-12
3125.5292064296173,91.12648889191861,4.242855514654128e-14
3126.4074143412327,91.17705826760321,-1.2233389216795462e-13
3127.3991072355875,91.234179467605,-4.0983382863562875e-13
3133.6995643514274,91.59750698220293,-3.3196444055879175e-12
3134.4123966414104,91.6386598200971,-6.437683755110785e-13
3139.4877217607404,91.93193624145572,1.670731314315413e-12
3141.1455591246336,92.0278367785874,-3.1098913907204393e-12
3143.560807252227,92.16764168900066,-7.511540045301915e-13
3144.451812340556,92.21924401390227,4.731218927122649e-12
3145.375582850951,92.27275938013662,-8.255315633778816e-14
3146.7333250469587,92.35144388682147,8.98916411619348e-13
3149.7370915551787,92.52564022359742,-2.217995049756643e-12
3152.2954966157836,92.67413994199138,-1.8337024575537294e-13
3159.4741616430288,93.09146120204706,-3.63357958045822e-12
3163.9768590300805,93.35370341395041,-5.988683677858412e-12
3165.6823683394214,93.45313173447548,-1.5536311740907504e-12
3167.553394366932,93.56227103459695,-8.721497129163313e-13
3167.6754578330065,93.5693933907336,7.658974477296407e-15
3167.7985054241494,93.57657344797504,-5.85673564577142e-13
3170.3567693881487,93.72591611672574,8.098219630568927e-13
3176.310443515397,94.07393793099449,4.62930478617548e-12
3176.988259940029,94.11360106641287,-2.296535083098118e-13
3182.3849147904975,94.42969388839805,-2.2923087118522017e-12
3182.7965266909523,94.45382483676643,1.718794879867249e-14
3183.1115283822423,94.47229407261908,-2.305433987775777e-13
3183.751094373232,94.50979884389751,2.5110653785704167e-13
3188.084056348601,94.76408638907105,-4.680495412423191e-12
3195.558597850031,95.20355595580376,4.257281005082131e-12
3195.698661311294,95.21180088315919,2.8324623069303946e-12
3196.764604629595,95.27456017474358,9.001486449266166e-13
3198.358879399395,95.36846497386203,-3.1611111930370496e-12
3201.707460645582,95.56585308735322,2.528410251587501e-13
3204.417460025854,95.72575007235639,-3.2390571693747608e-12
3206.70966056214,95.86110144923423,8.42116486835099e-14
3209.8778185667043,96.04833627565797,-5.720201520622376e-13
3212.0766434621373,96.17839322030589,8.462373607381352e-13
3215.1569108374165,96.36073583487328,-1.6451626801354308e-12
3223.272143551218,96.84197013339524,3.0799616966908875e-13
3225.2026545757635,96.95662829469381,-1.5603304357390291e-12
3225.342576940466,96.9649413226509,6.12387851681747e-12
3227.1213525486446,97.0706528702637,-2.2347117420289747e-12
3229.7943678133875,97.2296181346442,4.996211322635532e-13
3240.9611800770344,97.8951362604153,-9.407299270182245e-14
3241.9528729712656,97.95435008944803,2.20578418175784e-14
3242.1788588116456,97.96784620344074,3.360354528307912e-13
3247.02833918656,98.25768901072243,-8.592929806150644e-13
3249.5814003318815,98.41045394413437,-8.491643815229457e-14
3252.101554958578,98.5613676403829,1.1102640857349905e-13
3253.1410608948404,98.62365015694974,-6.184762329689312e-14
3257.68496109029,98.89613387356694,9.557525013941504e-13
3258.1304636344003,98.92286976333413,-3.1841794416068487e-12
3258.6236381239974,98.95247084750065,1.303967233380753e-13
3259.6164562398367,99.01207489147296,-2.873749774626471e-12
3259.7087066590466,99.01761408669006,5.238680280945936e-12
3261.185277752627,99.10629643438638,-1.1830742022497292e-12
3263.938730384826,99.27177511877487,2.483443068446783e-13
3268.8444611884597,99.56694880457363,5.328052681026227e-13
3273.3915959521573,99.84094196126647,-5.550187322576401e-13
3278.6100780037523,100.1558573429929,-9.15458237863925e-13
3279.031252512575,100.1812954867548,-8.846716068222744e-14
3287.898552074416,100.71762220703606,-1.4189269263518281e-12
3291.271461355573,100.92200835077298,-2.7040683550174894e-12
3292.052216029365,100.96934913859674,8.892808922235081e-15
3298.656987005323,101.3702764049476,2.0563283786798974e-12
3299.9563694255908,101.44924698874055,-2.8851231170262866e-13
3304.8175217553285,101.74496165541375,2.3665434988060085e-12
3305.7508548739766,101.80178818815675,4.895061732979812e-13
3308.301806672452,101.95718624394826,-2.164854230621161e-14
3309.192811760628,102.01149244972973,4.099955741817646e-12
3312.097999809047,102.18866343147076,6.097595100904217e-13
3316.282460935818,102.44412327751704,6.903632217781994e-13
3319.849433663699,102.66214033712065,-2.407260250121642e-12
3321.707803610738,102.77581869027128,9.24907601336328e-13
3322.5521208784876,102.8274874414935,-4.9764807074491744e-14
3325.0648222432897,102.98133214237444,-3.813441040262009e-14
3331.2253569931386,103.35901418682097,-4.426689846176408e-12
3332.6328804810646,103.4454029150254,-1.2184293991097253e-14
3339.6291540152674,103.87535054024632,-8.545933250052591e-14
3342.1874179788174,104.03279072205353,-1.629453156581458e-12
3346.5278332152043,104.30018349629196,-1.249332195142132e-13
3348.7085170185924,104.43465624763643,2.4241732770157515e-14
3349.5698501564398,104.48779483782884,-3.3074622623669554e-12
3350.750403678915,104.56064942849933,-5.90728812727933e-12
3357.500582030758,104.97771105345043,1.5355977821486474e-13
3358.1326947599237,105.01680929167868,-2.978207731123672e-12
3360.0037207870696,105.13258150257411,-1.9382180400441914e-12
3360.097096427896,105.13836093331865,4.706574765543208e-14
3361.785730963333,105.24290569691547,-3.915450095250657e-12
3365.670939950615,105.48364166026312,-2.845443533355141e-12
3367.6565761820852,105.60678334989082,2.0056149000919455e-12
3377.352302362389,106.20911897141181,2.4790621736334004e-13
3378.5403091465455,106.28304158926623,1.2287819737142132e-14
3385.577926585846,106.72148396825908,-2.6939496078524183e-13
3386.430681240327,106.77467241159552,-4.757860484379323e-12
3390.2999995790274,107.01617977024134,-3.859735946367361e-12
3392.8117168186013,107.17309872128459,4.0866129531502636e-13
3394.1482244507592,107.25664409557443,-1.0899331514290016e-13
3396.0881569868357,107.37796822961613,4.3249233153031516e-13
3403.9160917081426,107.86823454964969,-8.7513769741331e-13
3409.109120502194,108.19409856658635,-9.584652102111315e-14
3416.0745968639894,108.6319641884555,-1.2358868948039918e-12
3416.567912450068,108.66300901342473,-4.674594648467045e-13
3416.8298982807896,108.67949785661013,-6.276779786103092e-14
3421.3833610839406,108.96628528784869,-2.0707942648091569e-13
3424.360690209371,109.15401075062535,3.779644589320251e-12
3426.893642012378,109.31384604890138,1.1572504812204392e-12
3427.262784785716,109.33714970499382,1.0833227668170878e-13
3432.7241274504636,109.68221270500452,-2.1287018718457392e-13
3433.0159263280275,109.70066484128363,-1.7262867928534877e-13
3433.3181308425114,109.71977663971994,-3.311676790474601e-13
3433.8018838201774,109.75037329607646,-8.476083569861296e-13
3434.442433936081,109.79089377125739,2.850311925628545e-14
3436.8184475042726,109.94126371391323,-6.874598470289929e-13
3437.1154492002966,109.96006726874295,-2.329021389621398e-13
3437.3062780787727,109.97214974497096,-1.1847453407711074e-13
3438.060454273934,110.01990755114727,-3.312377346344195e-13
3441.3156598785285,110.22616192108322,8.822180147866072e-14
3442.9947318054355,110.33262656934798,-3.762607899812796e-12
3446.470579335338,110.55318411250748,1.4950400084276133e-14
3446.6573306169753,110.56504058801264,1.6013534994218907e-12
3452.299096523184,110.92352819290673,-3.453651538044754e-13
3452.771036449183,110.95354265013212,1.2109778856397095e-13
3460.2170312200483,111.42763638282094,1.1344606540554466e-13
3461.2310838992094,111.49228111856847,-1.693026172235737e-12
3466.1739399139506,111.80765390837176,-1.5576597108856856e-14
3466.889865675466,111.85336997607679,-9.400450814324463e-14
3467.483869067498,111.89130775048281,2.986808489133067e-12
3468.8085636479113,111.97593667741288,8.091038938315304e-14
3471.0604044033,112.11987108533653,1.9641373185607247e-12
3471.693642354027,112.1603635670803,1.00732654208337e-12
3478.545633732748,112.59898741872206,1.325494198995833e-13
3482.2103418908723,112.83393527344764,1.542271030076433e-12
3483.815163393718,112.93689976400495,2.327918610895164e-13
3484.454729384525,112.97794719724565,1.804187965856382e-13
3489.4282414745294,113.29740500953784,-2.9541468229962155e-14
3492.6952601306402,113.50749957614664,-3.6166957555722752e-12
3500.271614657517,113.99547442681401,-2.02718520930737e-12
3501.456386873227,114.07187837062484,8.362091856788444e-14
3502.172453731277,114.11806884006725,-6.628273648895252e-15
3503.0560055575875,114.1750760796877,-6.459187249275981e-13
3505.3629715201014,114.3239905578114,-2.00872577594019e-12
3511.2146915213093,114.70215836386696,1.2355362965604577e-12
3512.9967016973387,114.81744618540631,-4.096682769140335e-12
3514.4985849509244,114.91465651549768,4.995604178611922e-13
3514.6300699288086,114.92316894072292,-1.553006893722494e-13
3516.041953206454,115.0145952762966,4.477061692242785e-13
3517.1078965244365,115.083644637033,-7.177624920909257e-13
3517.8758540213444,115.13340413191013,2.6512245648396703e-14
3517.998901612447,115.14137796050849,-4.366467253579555e-12
3519.313049459329,115.22655581778001,-4.213762283506941e-12
3520.649557091342,115.31321557649036,2.1883149998974548e-13
3528.949290641238,115.85211067654707,2.086659403250171e-14
3530.628362568022,115.96128580214855,5.03267674923854e-12
3531.9945421503135,116.05015463757623,-6.126835043804784e-13
3540.777044552685,116.62226997442713,-2.593987894988147e-13
3541.205531226565,116.6502190761065,4.7299604497532134e-12
3544.4140490104764,116.85961005278749,-2.2339112193563888e-13
3547.3925033572255,117.05415659143688,-6.761857343896895e-14
3550.5353492004588,117.25961803731312,4.285610468778949e-13
3551.8812783442904,117.34766290022506,9.962361047949382e-13
3554.953108331834,117.54873372101768,-6.437350688081421e-14
3561.0243450364856,117.94664606210966,-8.046395938750384e-16
3562.1306481347488,118.01922693768348,-2.936584278521906e-13
3568.9116236572922,118.46459684322163,3.1871215320316094e-13
3578.7801787192234,119.11427021515436,-1.9109936653931301e-13
3580.679892571239,119.23953936811046,-4.615444049271648e-15
3582.6199662035724,119.36753850008749,-1.4537291501427462e-12
3584.977838679734,119.5231958458614,3.0465935468092193e-12
3587.472540048786,119.68799758776574,-2.547860721563973e-13
3588.660546832736,119.76651845455069,-9.158682507089734e-15
3588.7040000848197,119.76939097394893,-1.572011686983628e-12
3590.320493542631,119.87627555674683,1.4333838773075572e-12
3590.6896363159185,119.90069049273887,8.187921129113737e-13
3593.693402822904,120.09945156427491,1.9636498904978196e-12
3594.778471357634,120.17129207773742,6.089640559925509e-12
3597.6815500586463,120.3636065405374,3.33944885475627e-14
3599.781796494047,120.50283416020486,-2.9394255082174983e-13
3601.346258216425,120.60659683432559,-7.716058093908278e-13
3603.3414570559107,120.73899349297407,-4.610968752079426e-13
3605.966659277735,120.91330739723438,1.799551253778393e-13
3609.428725505384,121.14338332701656,9.043645742631284e-13
3612.115380974464,121.32208051776928,3.478377463726319e-13
3615.8097610824907,121.56802150002719,-4.554399811850224e-14
3617.7284590547097,121.69585158485003,-7.501145129279763e-14
3624.4702000182747,122.14554670556329,1.0482985883967341e-12
3628.571832236612,122.41954798460398,8.587943311269396e-14
3630.5107806472497,122.54918340279542,-6.349468257770662e-13
3634.7323669848956,122.8316723819536,2.207729642414606e-12
3636.6510649570882,122.96017126211214,9.724500435338691e-14
3638.9209057073663,123.11227441265851,8.781261633817444e-14
3644.877814400434,123.51190117028361,-2.5874840166890495e-14
3656.777568291584,124.31216832238965,-1.6457840017985675e-12
3661.2588900165692,124.61421660650446,5.94394058078488e-14
3661.4456412981767,124.62681197221175,-1.3558199570960203e-12
3662.632522860435,124.70687574180405,3.3948828955673498e-12
3663.510730771621,124.7661339385523,4.364885348550521e-12
3665.7382434914,124.91650191232945,-3.4680503140405873e-13
3668.789823040246,125.12264679126206,-2.4880177323416937e-12
3673.69020992718,125.45404398252681,-5.941500369964024e-12
3676.2941775853633,125.63032180718955,1.160987166578337e-14
3677.9837962454367,125.74476880860199,2.524880484318042e-14
3679.4688047252735,125.84539987768268,3.383812007698504e-12
3680.7542647467794,125.93254141780733,1.6393241777619065e-12
3681.174314033836,125.96102322432095,1.975539764130833e-12
3681.4872063782927,125.98224127355306,-2.043413247898381e-14
3682.833276618548,126.0735423888555,-4.2176038272607525e-14
3684.7424119822685,126.20309226690465,1.0379613728099554e-13
3689.829550150751,126.5486224826272,-6.371228277740954e-13
3691.988015264957,126.69537448025383,-2.7140239605429275e-13
3697.0369029997933,127.03897872886174,7.354894784421927e-13
3699.353431570375,127.19678823594198,3.635073194526795e-13
3699.5951669626015,127.21326173782658,-9.739723634736757e-13
3709.3714716044155,127.88038801235112,1.407950508998827e-13
3720.074922420966,128.6128008555828,2.33134235117854e-13
3725.06432515858,128.95493551021622,-3.816391366748367e-12
3726.0030021919224,129.01935397340662,-1.3287362371374688e-12
3727.2281341877474,129.1034553591525,7.376726767804389e-13
3733.6091697643196,129.5419400302807,-3.6094493124988206e-13
3735.146068882959,129.6476629793111,4.508240017926451e-14
3735.3328201645563,129.6605125232478,-3.741266784053828e-12
3735.9480581199728,129.70284891722412,-1.0575216732592537e-13
3736.8251408094893,129.76321569864618,7.457858120861317e-13
3739.0239657039406,129.9146160392678,8.061072324700732e-13
3744.9977491701497,130.32639124751026,3.0805594676912273e-13
3747.644185955213,130.50902127446824,3.845024719245555e-12
3748.404690190281,130.56152737025474,3.773505404683537e-12
3762.0662038178493,131.50654882222705,1.372510600900482e-13
3765.0733459893454,131.7150265230881,4.797982029763635e-14
3765.9059913016968,131.7727812024949,-8.193985560560214e-14
3767.030294394983,131.85078637106548,-2.172685952991587e-13
3767.360061512981,131.8736703292742,6.835778685078906e-12
3769.0783679981637,131.99294341763454,-9.153041618935392e-13
3769.3118071001563,132.00915136045927,9.49601401185838e-14
3769.393510785854,132.01482437759876,1.3601120957549908e-12
3771.942212140132,132.19185276152714,3.804502578653832e-12
3772.3972772924594,132.22347338893115,7.237329269112022e-13
3775.200652312229,132.4183526552059,-2.268476774372e-12
3775.951593938878,132.47057965589008,-2.833012897942655e-12
3777.463180897136,132.5757400365969,8.076365642496393e-13
3781.106513394393,132.8293779136366,-4.800927326329004e-13
3786.8766708052876,133.2315792408509,1.0650320170231088e-13
3787.4069705066663,133.26857386565516,-3.888733191045548e-12
3788.641665110846,133.35472836921141,1.1085322544884397e-12
3789.252684372852,133.39737445020873,1.014320352000851e-14
3790.131876409033,133.45874971351657,-7.164682793135823e-14
3790.423675286518,133.47912296432102,1.4856751563159755e-12
3794.852965275683,133.7885663608095,-3.643014674438637e-12
3798.0191550285626,134.00998730815266,2.472218646305402e-12
3798.824237737307,134.06631855353027,1.6156079412774895e-12
3803.444497701427,134.38982676593855,-2.598215996354873e-12
3806.563015508823,134.6084060473548,3.2213299356881344e-13
3810.3655366840117,134.87517003645902,-6.568697129054245e-13
3813.157239748613,135.0711901360445,1.8626551544398487e-14
3813.181567783881,135.07289896585658,-4.256456519223357e-12
3814.72170147076,135.18110195967543,-2.782386081147165e-12
3819.3430866564604,135.5060423435727,7.394636976437504e-14
3819.937090048339,135.54783664237738,-2.4577078381156595e-12
3824.0641755230217,135.83839936335275,9.486407700432807e-13
3828.1638394906636,136.12734214086947,-1.4584357486939383e-15
3829.165094992829,136.19795729300256,-4.295497333562225e-13
3830.695666071288,136.3059389675063,5.516965047488688e-13
3836.0923209188286,136.6870168791918,-2.68524497819555e-12
3841.2897095011544,137.05453099111133,6.794704581694394e-14
3847.7811365881607,137.51424710397077,-1.6482753163861432e-13
3849.2660039712755,137.61951295211347,4.987025202434133e-12
3849.6998345600787,137.65027592076342,-1.8357803146977204e-13
3852.372849823482,137.8398961780135,-2.2943257146477667e-14
3853.3645427172273,137.9102790664146,-5.702380673079254e-12
3854.9980520448607,138.02625274532613,1.9285268790539676e-14
3855.3882882850294,138.05396548220006,-2.2434785514443474e-12
3858.1598820076747,138.2508717066993,-4.032942734577547e-13
3859.267310327336,138.3295878569968,-5.318915080643256e-12
3860.4637544978436,138.41465665354167,5.558840932610216e-12
3863.5852246803356,138.6367215388329,-6.700679982019644e-13
3866.2423492952285,138.82589377998758,3.3376864926477526e-12
3868.6224404595087,138.99545322971687,-1.8514202704838465e-14
3871.5658789402937,139.20529027897433,1.3934117176194715e-12
3879.0499830459794,139.73954911404016,7.173519458383929e-12
3881.202120119837,139.8933721714321,1.0711796615741441e-14
3882.462267980836,139.98348029373014,1.2031693883769e-13
3882.614003397121,139.99433225828065,6.584193815081939e-13
3882.6394566540134,139.99615269118405,2.0489009985544535e-14
3886.5437908565923,140.27553443922216,-3.914344758621964e-12
3894.1966462486075,140.82396306439853,-4.083439819237931e-13
3895.6602790681786,140.9289746704009,2.5838468119205546e-14
3896.848285851882,141.01423988488503,2.234880008787089e-13
3897.200412754981,141.03951761090002,-4.422027106565886e-12
3911.071037447978,142.03704907675862,4.762387966605872e-12
3913.416112746899,142.20604971855568,6.136539480176346e-12
3913.849943335685,142.23732533989738,-2.2213122839809477e-13
3914.8926838397324,142.31251254464692,2.842033206488856e-12
3918.453328525922,142.56940516489652,-2.5469843548325057e-12
3919.232957977717,142.62568486742563,-4.1392098066554386e-13
3919.446146641254,142.64107642860674,1.7743876641643505e-12
3921.525158512703,142.79121853822477,-9.467037751949684e-14
3927.39600372904,143.21562919209092,2.499877195954663e-13
3932.3174840821075,143.5718982871205,-1.072353402776467e-12
3938.8609429041703,144.0462743988535,-3.170167083962666e-14
3940.1580748805613,144.1404052518708,-2.189889885326723e-13
3945.453057796739,144.5249754269111,3.844973030388476e-12
3946.0682957520753,144.56969313495821,7.88195272904435e-14
3947.643304207571,144.68420218845293,-3.1326016479482964e-15
3952.3643930737703,145.02771692268644,2.4087375833731688e-12
3952.679535861425,145.05066188454165,7.66620075860298e-14
3952.9128338668347,145.0676490580683,-5.392805422413177e-14
3953.5523998574345,145.11422304397016,4.2116491339883226e-13
3953.774167004303,145.13037416101315,2.834141142121335e-12
3956.1670553451836,145.3047038558788,1.3415626850146439e-12
3963.8675826823505,145.86642817688949,1.3695693052859783e-12
3969.429754247534,146.27284697983845,-8.196764597934535e-14
3973.556839721851,146.57477468981995,-2.8197950987096368e-12
3976.000775673043,146.7537151135361,1.3299853568254437e-12
3977.1208600727978,146.83576236805808,-3.508331510850127e-13
3981.8779489292824,147.1844811855494,-1.9946821789329738e-12
3982.5822027354457,147.2361419973678,-1.59216041250418e-13
3982.97581464046,147.2650195318185,-1.6875391150623735e-12
3984.261274661722,147.35934782918324,-3.691623428338322e-12
3986.2469108923096,147.50511555581957,-5.0501383846913115e-12
3994.1225175558175,148.08398775675113,6.833188578888875e-13
3995.894824026312,148.21441317106255,-1.908682702181538e-12
4000.2352392606517,148.5340720770689,3.001131152446375e-13
4008.1564085228665,149.11833762409773,-2.8456699646745815e-14
4011.40205151778,149.35807010814003,1.71852702942825e-13
4016.0320151862807,149.70038832427065,5.044422563324621e-14
4018.6666389192587,149.89535656488624,3.55269991860879e-14
4019.378345987115,149.94804646693092,-3.333028632838628e-12
4020.485774306675,150.0300514067423,6.750734026494416e-13
4021.5517176243015,150.10900572443992,-1.4478530420742307e-12
4024.5089374066206,150.3281562845347,-1.1810930154154075e-13
4026.494573637167,150.4753961407146,4.018565025235948e-14
4029.510012098412,150.69913728488328,2.9921877267361413e-12
4038.2840771111496,151.35111287101444,1.0869969743780856e-15
4042.336912161336,151.65274621278823,-2.3772215181765353e-12
4044.007405604223,151.77716119591724,-4.5210961870166616e-12
4045.455288871741,151.88503820717662,5.793835694715978e-13
4046.040854876763,151.92867776760374,4.976280898773118e-12
4047.237299047144,152.0178629253253,5.482989678156844e-12
4049.4265613327843,152.18112284749935,-2.6118462356452727e-12
4054.4064014610053,152.5528134331468,-3.053536795009892e-13
4055.896612758962,152.66413020722763,-2.72034417657349e-14
4069.7820028775955,153.7033164944887,-1.4476441603292996e-12
4070.39724083289,153.74944323514342,5.270447750135044e-13
4070.507632343783,153.75772044635778,-7.086687400187164e-13
4072.773254400064,153.92764751249638,3.2331536938579077e-13
4072.9005206845122,153.93719559269428,-6.782930585442334e-13
4074.8192186561837,154.0811809665734,4.272119742009533e-13
4075.9042871905854,154.1626380789921,-1.6297681841165486e-12
4078.319535316433,154.3440308861836,3.520058050239606e-12
4086.723332334146,154.97602015392607,4.146767964088348e-13
4090.0623509697048,155.22748491724403,3.1549551437149967e-13
4094.2721242545067,155.5448197585866,8.274501768091187e-14
4096.664028470136,155.7252681458449,4.0227952605368495e-12
4096.702137807192,155.7281440170877,-4.407261973773466e-12
4097.250578600214,155.7695343465809,-1.0186490917123727e-13
4110.178166468615,156.74677224111315,-2.9803758231116564e-12
4111.684409511569,156.86083423196254,-4.648753413956624e-14
4115.273742022586,157.132809028701,1.6607205435945018e-13
4117.560457545759,157.30620427592007,8.059254771972686e-13
4119.278764030596,157.4365620385788,-1.0791261566878663e-13
4121.9517792935985,157.63945602822096,3.6054191640804486e-12
4122.142608171987,157.65394583963553,4.4854341287149727e-13
4123.444099938197,157.75278718950614,5.534458570110424e-12
4123.711429683807,157.7730933189332,-1.9723974838224024e-12
4124.767810392973,157.85334793613197,2.3006387079005715e-12
4126.15198996993,157.95853697402828,-3.3400648374145957e-13
4129.232257343144,158.1927447920867,2.7255144586358183e-13
4130.5379678027375,158.29207710070415,-8.597649142512297e-14
4131.306909424415,158.3505892546702,-5.660191829572018e-14
4131.645396122232,158.3763496505,7.055886472595846e-14
4133.793173405847,158.5398545711331,1.0148985231563158e-13
4137.607366535432,158.83042901244983,-4.584730001785779e-13
4139.453080401251,158.9711361673571,7.561539849458069e-14
4140.547711544021,159.05461451770867,-2.6515517227059512e-12
4145.053361302974,159.39845509623092,-4.29502865387772e-13
4146.224493312962,159.48788916738644,5.502694531269433e-12
4153.644893727027,160.0551388728524,-3.0632317258696084e-13
4153.979020634897,160.0807049420144,-2.374469196619952e-12
4163.381963807577,160.80102422712838,-5.018248712412915e-13
4163.662090729905,160.8225085362346,3.717090393002155e-13
4163.970764380885,160.8461839080804,-2.772183041109731e-12
4166.160026666396,161.0141514226046,6.530814999642403e-13
4169.5711863790975,161.27604294252663,-6.811672185334612e-13
4171.137757447627,161.3963881356331,-2.8108354156139317e-13
4172.129450341203,161.47259411239708,4.169147113777403e-14
4173.113831069622,161.54825610675812,4.526777268623557e-14
4173.987820287157,161.61544808957103,-1.407504923493878e-12
4174.264571544607,161.6367275618483,1.1184203863091499e-13
4174.356963060313,161.64383188234765,-5.256494712556016e-13
4174.459760212936,161.65173651501223,8.183230729283138e-14
4176.046581719896,161.77378055295907,-2.1633620018292283e-13
4184.335768532924,162.41206424310303,5.8947928434556146e-12
4184.790833685147,162.44714180480284,8.964564980178399e-13
4186.2927169381,162.5629377977766,-3.1658216013755953e-13
4191.824232427296,162.98977889852105,3.782710841900095e-13
4194.161995560716,163.1703425506793,8.840550993975459e-13
4199.466399988037,163.58041637365326,5.879538670220612e-13
4202.7121840791915,163.83159762246575,-4.1041078760564694e-13
4205.198448060539,164.02413320589258,6.675102278323095e-14
4208.482341488737,164.27861151223138,9.794070281048668e-14
4213.785620694397,164.6899972461933,-7.899864739158087e-14
4215.838054087014,164.84934756574137,-3.439602412265473e-13
4216.271884675731,164.88303997834424,1.6129535283050954e-13
4221.960338399561,165.3251408616117,5.735426774237665e-12
4226.1522527854695,165.6513136883956,-3.759631959842935e-14
4229.250379057157,165.89258689008687,8.45730662856416e-13
4232.814399407637,166.1703612789795,4.90830770444049e-12
4236.200105863345,166.43445486781184,2.443559921000106e-12
4241.494947682159,166.8478891265199,1.6893678717748948e-12
4243.06053462557,166.9702329262894,-2.6394407284187717e-12
4244.167962945006,167.0568008895805,1.8215365407572252e-13
4245.860675076295,167.18916429799944,3.0462497245204122e-15
4246.170473948887,167.2133950610933,-4.935032812181126e-14
4248.485877297124,167.3945491542478,7.132693513294076e-12
4250.150183796315,167.52482329605826,5.136003584913101e-13
4252.45714975777,167.70548620124794,2.4430512091749566e-12
4254.256034706546,167.84642834026874,-4.252313326029904e-13
4256.186545729703,167.99774965700726,-3.823074547276189e-14
4257.310848822685,168.08590874584348,2.3319155142016665e-13
4259.229546794187,168.23641186722475,7.987672416612785e-15
4262.957958641037,168.52906329320746,-1.375919833084067e-12
4263.136131439247,168.54305488743788,-2.1722980306602233e-12
4263.616508751784,168.58078098057186,7.234710301736299e-13
4265.758099091737,168.74902098386127,1.9361792018685847e-12
4267.514656010061,168.88707642705486,-2.2548404000294607e-14
4272.936764113235,169.31358196907217,1.8457765251276736e-13
4282.279238163214,170.04973577091616,1.0058820667563481e-13
4282.517880083599,170.0685609664199,-1.2642540286468064e-13
4284.618126518162,170.23428351277533,4.5501376577675984e-12
4296.268691751128,171.15506133334372,2.728099893342488e-13
4299.344599334151,171.3985763970113,6.893271632717261e-13
4302.564789071714,171.6537008021347,2.8397795500893666e-13
4303.3327465682605,171.71457160572447,1.3465200010061052e-13
4306.42581111794,171.9598479339833,3.2420864648057375e-15
4311.220025185632,172.34037166265458,-1.5959108127537807e-13
4317.218136685246,172.81704669601547,5.1124208085528866e-12
4317.833374640468,172.8659776555965,1.235135440819779e-13
4321.804647100992,173.1819877176565,3.464708787154508e-14
4322.348728104009,173.22530505033822,-2.9407889517350737e-13
4323.757235716099,173.3374695522827,-3.324385225000354e-13
4325.0587274821855,173.4411444846758,3.2603052902947347e-12
4327.321256066431,173.6214484751731,-2.6153137367354765e-12
4332.072016882012,174.00034996217835,-3.70523404434781e-12
4332.99803783488,174.07425406884417,-5.148106381115136e-12
4337.78381451574,174.45645027278348,-6.510423158037052e-13
4338.499740276876,174.51366099193035,1.6698707912263528e-12
4342.653404228955,174.84577290567867,2.4624268476630543e-14
4343.256970229075,174.8940583009629,5.956595779849708e-12
4346.095220016728,175.1212087994055,-2.2502258564020903e-13
4348.581483997913,175.3203111358894,-1.0913941796911581e-13
4349.547864731076,175.3977305364798,-2.4816031133855005e-12
4353.060837471037,175.67930931227647,-8.731288991069189e-13
4353.302572863178,175.69869372779,-1.1407647896307082e-12
4358.339788641093,176.1028657740257,2.1140412433829037e-12
4360.901428267856,176.30858382707257,-4.554634587829282e-14
4366.603663293111,176.76694825296252,-7.373533021057401e-13
4367.669606610561,176.85269873437807,6.52856213864163e-13
4369.578741973566,177.00633264401975,-3.92943334022171e-13
4378.326228506377,177.71112797629505,-9.619982230465968e-13
4380.525053400076,177.8885115815802,-1.0308528375073594e-12
4382.556252229043,178.0524515921291,-6.353546930003786e-13
4388.484473094457,178.53135859008484,3.762260990969538e-15
4390.53254669697,178.69696118245903,8.734924914005625e-13
4394.207801586587,178.9943277046175,-5.330071849060933e-13
4394.975759083103,179.05649491774065,5.944508415019661e-14
4399.672519913015,179.43694054872012,1.0289225498975594e-13
4405.514818399328,179.9107437840997,1.0601900296153656e-13
4412.386919116143,180.46886746631296,4.607766354440928e-12
4412.8324216599185,180.5050793716401,4.21769889852249e-13
4418.480515602961,180.9644919332869,-3.4485975903964593e-13
4418.602579068931,180.97442698921375,-7.299443539672921e-14
4419.982398855758,181.08675311766606,-1.7066697932347726e-13
4422.973650377745,181.33038048889316,2.4101465129370727e-12
4426.562982888255,181.6229370915147,-2.6904799621890023e-12
4428.908058186585,181.81420589421734,-2.6568977767363422e-12
4429.141497288497,181.83325117541793,3.402379280804952e-14
4430.941507458761,181.98013988971184,-1.7041455202384247e-13
4432.739267185775,182.12690452977756,-6.137285791835618e-13
4442.515571823795,182.92605992927483,-2.0186568502851212e-13
4443.49151516532,183.00593420639012,1.356334877062828e-12
4444.054721385116,183.05203676147866,1.3222766775882148e-12
4444.1310811557705,183.05828781791797,-3.568438893141683e-12
4446.902533781049,183.28524053760785,-5.195828828715712e-13
4448.424667472259,183.4099474154666,-4.611807307372239e-14
4450.975619268899,183.61904002056716,4.620386245576227e-13
4451.866624356435,183.69210084047742,3.3630881893524303e-12
4459.99043554699,184.35891331108118,-1.4894011444151921e-12
4466.838208228393,184.92193122510608,-1.6789741317797987e-13
4468.429107331983,185.05285721523478,-3.258766279277598e-12
4474.968206362427,185.59149413686052,2.712268051902383e-13
4478.141849375928,185.85319651956627,-1.785920491850291e-13
4479.766780219727,185.98726206849392,1.5172695607231821e-12
4481.84579209062,186.1588626731208,2.44211571188304e-13
4483.32531555826,186.2810302953024,9.481470647782453e-13
4485.043622042818,186.4229653844507,-1.2695591073012347e-13
4487.419635609546,186.61931781641093,8.089874664826283e-13
4487.907466183747,186.65964472965663,5.276974542256159e-13
4488.2978435203495,186.69191874894645,-2.0186174243668056e-12
4491.200922219949,186.93201566646343,-1.5206587357697265e-15
4491.9168479810405,186.99124962585825,-3.929480584076808e-13
4494.738364091522,187.224786946886,-4.6760400087448245e-12
4497.071767434695,187.41803388596875,-6.659031324905928e-14
4503.372224544703,187.94032384087654,-5.393780322234527e-13
4504.179416599859,188.00729060581702,-2.799296300273493e-13
4505.749363333039,188.13757186743703,2.4140784743104274e-14
4509.095694133126,188.4154170156564,-2.627561688524699e-12
4510.818219311057,188.55851833944556,-5.052950702316922e-13
4515.438620370099,188.94263490918397,-5.626658515912755e-13
4516.487688913933,189.0299038953316,-1.0813992159143093e-12
4516.546048689409,189.0347592719735,-2.4162807686465543e-15
4516.775128001369,189.05381866219008,-4.3128442893198354e-14
4519.409751733746,189.27308874851457,-3.603780051477885e-13
4519.7715823416975,189.30321257107073,-5.077672471388725e-12
4522.571722792099,189.53641683509133,1.0119083135269733e-12
4529.146821812761,190.08457895289789,-5.903777225535928e-13
4530.030514735116,190.15831261729622,-5.5726730239215036e-12
4534.536164493313,190.53447915284542,6.949426232238677e-13
4536.34686249353,190.6857555833926,-4.921125511300308e-14
4537.209179755833,190.75781990225215,3.551286984045399e-13
4539.707115691925,190.96665106495936,-1.218540481509141e-12
4540.029429548088,190.99360535538474,1.315776519922881e-13
4541.03181027153,191.07744414325333,-2.09193119522316e-13
4542.198582491373,191.17505589132125,-1.7056173191904258e-12
4544.871597753886,191.39877392869417,3.4569122180684346e-12
4545.00195751007,191.40968775559995,-3.8040472849972526e-12
4550.90781858998,191.9044596836026,-5.17901824738277e-12
4552.057574939712,192.0008568767397,-3.7244547090784507e-13
4557.7567164927705,192.4790404441792,2.708581677821762e-13
4560.22498047857,192.68632455008986,-3.391394883219482e-13
4563.597889757098,192.96976196960114,4.8207240584694486e-12
4565.23125798762,193.10709495570268,6.917013707931718e-13
4566.038450042757,193.17498150428906,-4.0549606606527297e-14
4568.218290816049,193.35837066631746,-4.279223774233855e-13
4576.352648739713,194.0434837974325,-1.3012297445862335e-13
4577.789844176861,194.16465772314453,-6.709158608404444e-13
4579.550478691795,194.31315354898865,-9.293816439161435e-14
4583.598110922554,194.65475637483175,-3.4020750813828196e-14
4592.008235978506,195.36549989156663,-6.732212634248943e-15
4593.865480702507,195.52263212516888,-2.5647392858263117e-13
4595.01523705222,195.61993913128785,9.949596893080274e-13
4595.313363969674,195.64517439860424,8.727203294044281e-13
4598.686273248158,195.93079190446653,8.408719964617935e-13
4602.851609154906,196.28380118951125,-1.5521864340707148e-12
4605.554296367631,196.51302299109952,-1.7823025998490963e-13
4605.775922417876,196.53182563141812,4.954132324791987e-13
4607.1294459192095,196.64667750682722,6.152783883104033e-14
4607.557932592843,196.68304334528864,-4.419602918932566e-12
4611.625533068877,197.02843069526588,3.583750857067896e-15
4615.635055962542,197.36918485281714,-7.901376255037333e-14
4617.715051958397,197.5460724906121,-1.68081737935537e-13
4623.697272808803,198.0552585088561,4.906842345948749e-13
4629.381366741745,198.53967975156328,8.511228971568421e-13
4629.708181484397,198.56755030570548,-3.1943261411315373e-12
4630.265059664069,198.61504505645382,-1.2689045815021358e-12
4632.4796341094825,198.80397711567156,1.1858267553455505e-14
4636.505047651601,199.14762869785275,2.56719673335378e-12
4637.968680470672,199.27265376442597,-4.3234765725972396e-12
4638.517121263567,199.31951232183695,-3.0831777020172765e-14
4640.921681558808,199.5250223712357,-1.6866606624638417e-12
4644.130199340842,199.79940996130063,-1.189142655999586e-13
4647.397217994901,200.07899530868164,6.441589580930532e-13
4648.282738070805,200.15481032879597,-1.4873193250167032e-13
4652.903139129615,200.55062663193547,-2.1974981747052786e-13
4661.605063062723,201.29716286693053,-8.643659211831872e-13
4661.846798454836,201.31792120842923,-4.760238348324945e-12
4661.98686191597,201.32994925361908,-3.4560941381222378e-12
4667.418532626699,201.79667641817323,6.02696339418966e-13
4668.3296470560335,201.87501897355517,3.3408207304802537e-13
4669.200542801627,201.94991760253208,2.4081261371559235e-12
4670.498799999218,202.0615960364094,-2.5483899300720823e-12
4670.743911056206,202.08268441740339,-7.973872050981984e-14
4672.0050430418205,202.19120469597513,1.1991383990563374e-13
4683.21741789444,203.15731654341994,3.504283129599767e-12
4689.522093697411,203.70157475040727,-3.9109159427205307e-13
4695.479002387341,204.21648430522603,-7.163657425079057e-14
4697.39770035851,204.38247392032795,3.508705163757334e-14
4699.773713925056,204.58812062041622,-6.094901555915711e-14
4703.502968799775,204.91110161021572,-1.3448250046496906e-13
4709.655066157961,205.4444785430771,1.1465030172446926e-14
4711.33090351539,205.58989176741835,-6.219852207019097e-13
4711.860077994914,205.6358192418937,-2.647230554415302e-13
4715.869600888439,205.98397653660112,-1.799146756430552e-14
4716.804059227948,206.06516053439847,-5.496345909550403e-12
4719.391011014689,206.28999398464197,2.927545927856813e-12
4720.423063688338,206.3797246697923,3.4182029867541537e-13
4721.987525409831,206.51578248807743,7.765232294630782e-13
4723.353704991271,206.6346330179959,9.849329205471633e-14
4724.215038128449,206.70958219983723,1.7020192396649797e-12
4729.611692973779,207.17948492217187,-1.9086692829989934e-12
4731.645142245732,207.35668253001646,-3.2340516577670782e-12
4734.448517264242,207.60109742906508,8.497925580810075e-14
4735.343599948517,207.67916654853133,-4.622682051752207e-13
4736.3672152353865,207.76846437189522,-1.8497683771517773e-13
4740.732942628677,208.14953700801829,1.0297373806899635e-13
4744.233259287961,208.4553238562768,4.2279231030554525e-13
4747.3294173088825,208.7259916094883,-3.649470220389412e-13
4751.068375888501,209.0530887051351,-9.029359874632377e-13
4751.810739031476,209.11806385449606,2.2384417839687893e-14
4759.972659558198,209.8331032888122,-6.270404056854104e-13
4764.130683299567,210.19784610241004,-1.6106462432965964e-13
4768.80297499703,210.6080806196798,-2.5263073001244367e-13
4774.415068948989,211.10136283714613,1.1177192624153755e-13
4777.151505708657,211.34209587867832,6.481482489682336e-12
4779.108454113376,211.51433944577593,-3.1321294987581655e-13
4783.273790019869,211.8811922221552,-3.4164203688612797e-12
4785.747256823933,212.09918859920356,-2.0077528703608785e-13
4786.549246060551,212.16989526562395,-2.9277167236946683e-13
4793.135032910634,212.75097341771934,-3.9562045802132435e-12
4794.949808507521,212.9112353884894,2.1570787356642992e-13
4799.005878124757,213.2696442911226,-4.439970133430654e-12
4800.110071875638,213.36726730304326,-2.5703637867351796e-12
4803.38116812636,213.6566004214503,-2.256800947919817e-12
4803.474543767112,213.66486252327368,4.9043819990587e-14
4807.369315359717,214.0096243676282,7.362414401854275e-14
4812.667391745695,214.47905413414787,-6.112428649557326e-13
4813.326224049415,214.53746533496903,-1.607081652840201e-14
4817.038604150445,214.86674950728633,-1.2515150158571144e-12
4817.249683467207,214.88547964615734,-4.585460989314778e-14
4818.629503253837,215.0079382756582,-3.8416302934991114e-13
4819.86743242576,215.11783399874332,-1.5684736514215759e-12
4820.411513428678,215.1661430872151,2.5193819325018836e-12
4825.83685609904,215.64815890891077,4.882482079643734e-14
4833.537524529937,216.33325754547772,2.7788451862414654e-12
4833.817510355635,216.35818737990616,-5.042464651879394e-13
4834.170762480217,216.38964287879108,-6.026264341919835e-13
4840.733064323457,216.97440406606265,3.1907274864664966e-13
4845.7055922849295,217.41803012233666,3.8404906954098854e-12
4855.885071434797,218.3276169948117,-7.062539791915212e-13
4859.296090050034,218.63283536781046,-3.0975098147517026e-13
4864.073429343202,219.06067258152248,1.3874229222728361e-13
4864.654635558089,219.1127515044642,5.729648684424451e-14
4866.37294204242,219.266756572293,-7.67193819215374e-15
4866.746444605423,219.30023933745264,-8.36252826094779e-15
4867.691449678354,219.38496611686665,1.8603571685140636e-13
4867.801841189211,219.3948646153104,2.2576773735199004e-13
4869.236786182973,219.52355254863332,3.188871146643957e-14
4869.944274557196,219.58701508534094,-3.293093313562479e-13
4871.540658672129,219.73024648662533,-1.364529819199354e-13
4873.246167979741,219.88332072842283,-2.374580198025489e-14
4875.667744144901,220.10075602681616,6.7166585049459945e-12
4878.401087432721,220.346314924575,-4.02404098976208e-15
4878.765027387321,220.37902105132375,-4.037471808071981e-15
4879.231764494516,220.42096880230324,8.742511991618605e-14
4879.766282889025,220.4690132899554,5.053975524975374e-13
4884.701544541908,220.91286146797827,-3.2594487494620404e-14
4887.6418895496445,221.1775119521786,2.1079540953221544e-12
4887.671561499911,221.1801834354845,2.5263780948941863e-13
4890.034777889596,221.39300525881055,-1.0331057737847136e-12
4892.147539307297,221.5833592074964,-3.053482591127554e-14
4897.735305223784,222.08719774069937,-8.814665807572553e-13
4900.301022446885,222.31873640035084,8.175269947996842e-13
4900.739071728877,222.3582795099682,-2.1777502372150207e-14
4901.108214501932,222.39160511035286,-6.105265503372951e-13
4909.282932204992,223.1302484182713,-1.1154990941208531e-12
4910.476141806643,223.23816626020806,-3.567624030698023e-14
4916.6653643764,223.79836095335466,3.304391510951349e-12
4918.142919593683,223.93220075926024,-1.2570157067383715e-14
4918.418686725987,223.9571847321077,-3.1897057182171615e-12
4919.775303698944,224.0801120222926,-8.544420952827648e-15
4921.358749540582,224.22363586100502,7.951160105197381e-15
4921.451141056262,224.23201167200182,6.391716190368874e-13
4921.923080981908,224.27479813595224,5.661134768190728e-14
4926.64416984621,224.70304176431665,2.1615266866970408e-13
4931.803307992497,225.1714897374356,-4.77021229822058e-14
4933.386894930684,225.31537723312397,-2.250661758439969e-14
4933.772069448772,225.35038185194702,6.327384661157962e-13
4937.841920367625,225.72041646155984,8.447118318688147e-13
4940.845686872683,225.99371738694595,-8.813817216321265e-13
4941.578628503771,226.06043009455465,5.133302056626888e-13
4944.065876609502,226.28689440938098,-3.0234139260516405e-14
4946.5605779769385,226.51415181530453,4.179893913215613e-14
4960.879798679332,227.82079356426186,-5.616163246523692e-15
4961.672225307509,227.89321349839335,-5.603106054168734e-12
4961.84730463391,227.9092155724443,-4.834395617947543e-12
4964.451131194008,228.14726934091394,9.891878780261104e-13
4965.835451867077,228.273881136175,-2.734554914032986e-13
4972.126346367702,228.84969935933046,-2.6207072942386867e-13
4972.618536731765,228.89478128238937,1.76588983241845e-13
4973.014116886761,228.9310174776035,2.667713053711958e-14
4974.005809780039,229.02187185758393,5.738044821596405e-12
4976.204634673285,229.22338278005682,1.5299533775913558e-12
4976.344557037851,229.23620895468622,6.012430212187305e-14
4978.766133202938,229.45824317130936,3.817979316035206e-12
4980.918270275809,229.65566318866613,1.7361406040613922e-13
4981.105021557303,229.67279829577478,-4.222171003766057e-12
4983.294283842146,229.87371895674954,-1.9425449438681282e-12
4985.193997692899,230.04813770760737,5.984351130543509e-13
4988.169076372717,230.32142268896567,-5.096648622565933e-13
4992.95485305248,230.7613769792429,2.1656148636011482e-16
4998.244492051388,231.2481419730795,1.3949797360055354e-14
5010.230309410795,232.3530121108794,2.6413662688930547e-12
5010.710686723204,232.39734914857277,5.143212397917799e-14
5011.296252728008,232.45140045991272,3.9503765120632116e-13
5014.608833980441,232.75729083257747,1.0938059766464917e-13
5016.61134498377,232.942304730955,9.012410418367423e-14
5020.9443069546605,233.3428840496693,-5.94358350333821e-13
5023.446461583747,233.57436402378926,1.1976817328880606e-14
5024.105152790869,233.63532021068343,-8.60440388022999e-14
5029.612058050007,234.14524949129165,-8.987628211382065e-15
5032.0336342150595,234.3696598156671,-1.126531281261729e-12
5033.183390564614,234.47624691420134,7.089945379964948e-13
5033.417813791547,234.49798189115276,4.1309305765048984e-13
5035.152152020832,234.658815671305,1.61263708480397e-12
5039.874225010052,235.09699770587443,4.1649690653777845e-13
5041.058997224883,235.20700241538793,-2.832090757035861e-14
5042.658615908056,235.35556615508017,6.607070959343187e-13
5044.723705380223,235.54742995166464,-8.039178070045159e-13
5049.658967032872,236.00627455399078,2.018797057556765e-14
5055.819501777187,236.57966568659,-2.320335685607023e-12
5059.502209927687,236.92276723878447,3.685942969209262e-14
5066.069996782066,237.53527882070327,-6.226501952580758e-14
5066.633203001745,237.58784040462456,1.3963614691189698e-13
5068.955075485947,237.80459235074088,-9.61792280322201e-13
5069.267826733657,237.83379596252362,-1.5820045087374186e-13
5070.851413671782,237.98169340123636,-2.3632872228545834e-14
5073.320802878805,238.2124115929661,-5.82254714358872e-14
5078.580769927328,238.70423149837958,1.208767130672445e-12
5079.812088865963,238.81943647596356,-2.2499685388366091e-13
5080.092215788199,238.845649682363,4.092441464676791e-12
5082.892356238098,239.10775556100202,8.651553437226632e-13
5086.446672882546,239.44066378323728,-7.18685496231109e-13
5092.301768544244,239.98957746576642,1.1905721341523703e-13
5092.789599118347,240.03533995344443,5.370369004528293e-13
5093.189397966718,240.07284761557017,-1.5996620682099557e-14
5100.15501541927,240.72680883961877,1.0616354074593339e-12
5102.345261829109,240.9326230098168,1.2460069642679692e-13
5106.497800558492,241.3230734342659,1.2113396965271984e-13
5106.888177895017,241.35979574671802,5.081407161843505e-12
5113.6978412379485,242.00082392329307,3.5767343437815748e-12
5116.6729199176625,242.28115129750887,-2.7933726661103476e-14
5124.61546483655,243.03033781875337,8.331155783431997e-13
5127.351901595939,243.28872342139442,7.640417543488444e-13
5128.263157121703,243.37479852740464,9.367855686657055e-15
5128.920723107185,243.43692020297289,-4.141160101352363e-12
5131.212923641083,243.65353160194684,-1.711822290129068e-14
5136.5799065355,244.16108645957695,2.641193030340268e-13
5137.677772246194,244.2649768443585,3.004915219471698e-13
5141.301979524594,244.6080910655444,-3.789035540154164e-14
5142.005249205375,244.67469967784294,-2.3637958309245593e-12
5144.873312039093,244.9464361636227,-3.684483658554286e-13
5147.135840622713,245.1609078261566,-4.6721808385397085e-14
5148.620849101606,245.30172735408476,4.522584195824704e-12
5155.633997402942,245.96731506366478,7.461405268170237e-13
5162.2855972895,246.5994269201618,-1.286781111330415e-13
5164.777064088468,246.83640468362705,-1.4006585312233358e-13
5166.682121854142,247.0176828473897,-3.779364097734261e-12
5167.076576787495,247.0552260561442,-1.2132257635796062e-14
5167.450079350465,247.09077771386953,-1.586916592113641e-13
5170.113390907503,247.34435820737528,-1.8789366939518126e-13
5175.0476684349205,247.81450828166516,3.0723452541794253e-13
5176.037251981448,247.90885222341697,5.7554635269148565e-15
5177.2083839910065,248.02052776038414,-6.309570322693123e-12
5178.03568538786,248.09943189792523,1.3546539475247375e-13
5184.394361175434,248.70631350276392,-4.519078339255333e-13
5185.688540775997,248.82992317598882,2.4048028238086006e-13
5191.225259081721,249.35909451927458,4.3387332834845995e-12
5193.9967117063425,249.62418792375053,-3.693544273907651e-14
5198.709363183521,250.0752846212824,-4.45446065176418e-12
5200.555077048647,250.25206850746335,7.810408575820188e-13
5213.932386148984,251.53523303035786,8.144069585336489e-13
5214.263278488411,251.5670143234966,-4.372794347264728e-13
5218.485848948231,251.97275761627037,-2.9281413335235853e-12
5222.062384281118,252.3166808407812,1.9280455003054758e-14
5225.06094796749,252.60520732183474,-3.6437141188358247e-13
5225.868140022466,252.68290489597823,7.917530599123718e-13
5228.354404002939,252.92229966646806,4.0682824347477394e-14
5229.43216037174,253.0261089161175,6.516315415608227e-13
5229.521176222537,253.0346838593277,2.0588146879404253e-12
5234.225390312902,253.48805092787146,6.412335483235944e-14
5235.915008971863,253.65098686482415,-1.9307549363949596e-13
5239.466232144411,253.99361536373297,-1.1229901647619344e-13
5241.348930124934,254.1753557298897,-4.2119859587948224e-13
5244.352696629748,254.46545013024115,1.984482214591468e-12
5248.582720351242,254.8742544560748,3.2612238963504403e-13
5251.2735945118,255.134481497629,-1.9898923459987413e-14
5255.728619948364,255.56560797128174,8.997505713889617e-13
5256.559014816962,255.64600825332892,-1.8175494836511336e-12
5259.083529231015,255.89051415687285,2.710896487395576e-13
5261.188978483357,256.09452227402625,2.013699845171587e-12
5261.54841755142,256.12935838713116,-5.974186570691013e-12
5263.266724035568,256.29592608583175,7.999369522752669e-13
5266.130568175812,256.57365978029134,-3.324967682539892e-12
5266.873072415236,256.64569200895545,-7.181801297242485e-13
5269.975699572339,256.9467956564805,-2.956972059973955e-14
5270.139949972148,256.9627407654479,2.475922295685786e-12
5275.294869424577,257.46342285421485,4.1957750254232925e-13
5276.844565718965,257.61403597099996,2.5479672749645558e-14
5277.124692641186,257.6412658903174,4.429674574367979e-12
5281.595326533091,258.0760323774806,3.3985487249720875e-12
5281.630342398369,258.0794391026622,4.939984047562606e-14
5283.441040398179,258.2556343288768,5.983242886456917e-14
5286.607230149188,258.5638747500326,7.17980238450282e-13
5289.041321297687,258.8009681841091,3.183788841105679e-12
5293.077281572506,259.19433270596465,-2.0926763378452087e-13
5293.941849277863,259.27863674590014,1.577595573267668e-12
5297.63285371836,259.63870164093896,2.2706816958756067e-12
5300.751371523919,259.94311490238994,-6.041778025556879e-13
5301.53732901539,260.01986419189876,-4.2011769275072226e-13
5304.5538926968775,260.3145393573925,3.614576989711723e-13
5307.3699237951005,260.5897766327845,3.719859774983113e-12
5309.830734518645,260.8304144702215,-3.556506352789219e-14
5309.953923206206,260.8424637813565,-8.887630602793233e-14
5313.132627940802,261.153475382224,-2.882431352684538e-15
5314.803262479489,261.31700862994717,-8.894423062827007e-13
5315.312468713612,261.36686347660384,2.075624215294738e-12
5315.55420410568,261.39053273173147,-5.573962759358148e-12
5318.252531527901,261.654809562435,-8.290432798805438e-13
5325.839714975166,262.398624497867,-7.760152205235975e-14
5328.197587449561,262.62999618084564,-4.945945251223007e-13
5328.966529070924,262.70547249837983,4.500528373433288e-13
5330.280676916754,262.83448935065513,2.346691879815851e-12
5335.394393560306,263.33683273649416,4.460424546782819e-12
5341.333161157425,263.92082913789767,1.2757043691659264e-14
5343.45435996165,264.1295774361847,-4.358230038514773e-12
5345.780451139078,264.3585845806328,5.977200065531137e-14
5346.165625657124,264.39651520465605,-3.294439507783999e-13
5348.865078300951,264.66242444470055,1.2778722023913455e-14
5353.933934277696,265.16209412970386,-5.99525619408591e-13
5356.841372766485,265.4489126058309,-1.8556590394813496e-12
5357.026998826337,265.467229883664,8.973371441539635e-15
5357.773580662578,265.5409077757388,5.855764228912013e-13
5358.945696797153,265.65660106771674,-1.5189591520070938e-14
5363.981928448412,266.15398843735375,5.902513124889902e-12
5373.238339019527,267.0693868440075,-6.268920961747636e-12
5373.646857447756,267.10982300731837,4.14476034587005e-14
5375.694931049648,267.3125927322134,9.092486905628454e-13
5376.802359368677,267.4222659654306,3.8836384667975435e-12
5377.35923754823,267.47742446439634,1.008610862989677e-12
5379.573811993177,267.69683346018286,8.4291652512322405e-16
5380.732146825958,267.811631485236,2.1538560135365353e-12
5382.234030078317,267.9605140459903,-1.3279135559148487e-13
5385.7343467369865,268.3076637396655,-2.164100481958045e-12
5386.399365984133,268.37364363625915,-1.947912502434037e-12
5388.385002213726,268.5706970467818,7.658292729495239e-13
5389.848635032487,268.7159936336564,-2.257993947510827e-14
5397.151613960583,269.4415587863199,-4.8409716075608515e-12
5399.182671692362,269.64352292944824,4.859235499630651e-13
5403.340695433011,270.0572251567718,-1.7951720100150317e-13
5407.6044687014455,270.48177965532614,-5.36259169401771e-12
5408.9579922024695,270.6166233809657,5.6298216582544676e-14
5414.512710503074,271.17036130114275,4.2840757541034995e-14
5416.909958632642,271.4095133863395,-3.1714222574433075e-13
5417.8380889318905,271.50213310283783,3.867578156123198e-13
5420.49830701701,271.7676887540794,5.992465909325625e-13
5425.959649676862,272.31327453529946,-1.853166459588238e-13
5426.505840026388,272.3678689376328,9.370958389361913e-13
5436.647068741123,273.3825326996788,-8.471532327656843e-14
5436.98119564885,273.4159954484739,-4.000297281034719e-12
5442.502164402324,273.9692171925914,8.873767354479276e-13
5445.576946762621,274.277565329476,-2.6466311401312653e-13
5446.552749007301,274.37545802716716,-2.10489351638852e-12
5449.58646965535,274.6799135881663,8.3688000598141e-14
5450.597146668751,274.7813799017569,-9.559154325825309e-15
5452.127858842834,274.93509066339027,-2.255035551343927e-12
5453.63930470357,275.0869090937351,3.909336215583132e-12
5456.116006075513,275.33577438741645,2.9342416871303967e-13
5458.055938609777,275.5307826882104,-7.535648774032075e-13
5459.1410071436685,275.63988752262816,-1.6799330526615752e-12
5459.409462110786,275.666884311483,-8.616010490374193e-14
5467.745195644172,276.505815988496,2.464066636649301e-12
5471.076902113031,276.8414863307492,-2.285127715285792e-13
5471.3092159932485,276.8648996439168,-2.0692415732197856e-12
5473.380774601834,277.07372170095925,-6.716545492961662e-13
5477.164170557848,277.4553083817765,3.164722154532979e-12
5478.46355297678,277.5864226431408,3.241839663219114e-14
5478.739320109046,277.6142529429937,2.5705608491045196e-12
5487.827120490184,278.5321735782446,7.319394078695492e-15
5490.083179936986,278.7602844041606,1.6678714703044873e-12
5490.863934609965,278.8392485736877,-6.241406702018586e-13
5492.205645059319,278.9749730632685,-2.786310584903529e-13
5493.116759488449,279.0671583077834,8.987334611290446e-13
5494.119140211623,279.16859541026326,-1.1204603912544643e-14
5499.412997903268,279.7046205921875,4.496765892462902e-12
5508.841535425281,280.6605778538547,3.557273132217701e-12
5509.125739944318,280.68941870927193,-4.373448070631535e-15
5513.566701885727,281.14027737467785,2.912470408643177e-12
5513.885079241525,281.1726138752375,1.2103856657397989e-12
5521.509246803875,281.947532267842,-5.421113764405063e-13
5526.202631967352,282.4250991648006,-2.2262973059712333e-14
5532.1882284811445,283.0347414102408,-4.403416604108398e-13
5533.028185958092,283.12034518048097,-4.635371383439039e-12
5536.525268048329,283.4768879296431,1.3079315549794158e-12
5538.1957614903795,283.6472815185397,3.950568058173382e-12
5541.8021098698255,284.01531136034237,6.770034689402427e-15
5548.9097590328865,284.7413522585577,-5.250626028233614e-13
5550.755472897864,284.9300427150922,5.821289543101347e-12
5551.582774294648,285.01463950664447,1.2940238366625068e-13
5556.350550978585,285.5024204729867,6.681045778825143e-14
5557.564995143534,285.6267345543039,-3.1572731826726335e-13
5558.98531580675,285.7721572273356,-9.522927819782181e-15
5559.2356296821345,285.7977900188005,-4.486244782805122e-13
5562.990337812883,286.1824203930033,-1.30609643332302e-12
5563.424168401418,286.2268785121336,-7.237185265603128e-14
5563.9703587509275,286.28285597221355,1.2649420724588093e-12
5565.723681100236,286.4625860135948,-2.7305721864677105e-14
5566.961610271922,286.58951809729064,1.906825688857818e-12
5567.088876556306,286.60256905045395,1.2719637588169124e-12
5571.099383574,287.013992948689,6.331252501938877e-14
5573.915414672057,287.30305679424026,-8.954829388735996e-14
5581.26494032368,288.05816916691634,4.789776171954095e-13
5583.925158408707,288.33173322873216,4.5285822477568624e-12
5584.425786159471,288.38322995868015,2.219018096411948e-13
5590.890493667356,289.04863239014173,3.850972207797818e-12
5591.632997906728,289.1251065010996,9.313159310023073e-13
5602.4870589102175,290.2441781636693,-2.8387184002324113e-13
5606.390267888812,290.64713599477216,-2.2016347658939956e-14
5606.759410661802,290.68525992531954,-2.1423899806415693e-13
5608.060902427392,290.81969401921907,-8.138055096556804e-13
5616.140135141614,291.65491469083645,-1.983579209786889e-12
5618.956166239648,291.94631494474197,-2.0102141845279402e-12
5621.676994543363,292.22800245522114,-1.713634546743908e-12
5625.575000703483,292.6318008859058,-8.89418345909922e-13
5626.325942329623,292.70962384837406,-4.2401167696389523e-13
5627.713215377681,292.8534195985466,6.718344701280176e-12
5633.87473424624,293.49251117841163,3.2436664164738965e-14
5642.609423599134,294.3996982619772,2.9970759241746576e-14
5645.023687598693,294.6506922524251,2.1212423766278967e-13
5645.198625828511,294.66888351745894,4.001983333109682e-13
5648.167376467786,294.9776803264071,2.0746867475593625e-12
5648.202392333061,294.98132349645323,-4.339417857060507e-14
5650.671781539756,295.23830413144077,4.231350652254864e-12
5657.730633535601,295.97351346320704,1.7027284919160911e-13
5658.112432388748,296.0133055958267,-4.61274668781273e-13
5658.159120209115,296.0181717138685,5.198219118265154e-12
5660.154319046994,296.2261622526549,-6.624063600521397e-13
5663.759542204728,296.602176576483,-4.0170954001309624e-12
5665.754599946049,296.81035822130286,-6.57010938213133e-13
5667.488938175081,296.99139370156917,-2.9430106683406294e-12
5669.529699611698,297.2044855220391,6.420739865844517e-14
5674.006661543306,297.6722287937118,-1.242402035476209e-13
5675.724968027299,297.8518517754748,1.6635620461196442e-14
5678.524124351753,298.14457774350524,-5.150463480177118e-12
5678.58881216729,298.15134427503887,-6.914654081667511e-14
5682.598193963272,298.5708875873417,5.1489626415985807e-14
5683.934842690674,298.71082085890276,-3.0499263825286207e-14
5684.239156551564,298.7426839662195,-4.849261664508764e-12
5684.936098192183,298.8156634949466,-6.71369439121228e-13
5687.753113415244,299.11073552529655,8.725584687929261e-15
5691.16005443296,299.4677954247333,-2.1489123602677575e-15
5691.533556995889,299.5069528666447,4.414564297760517e-14
5693.581630597644,299.72171547441695,4.876433603263046e-13
5694.053570523204,299.7712144197921,7.067655521841741e-14
5694.731386947024,299.8423136928724,5.293756303492483e-13
5695.6150798691015,299.9350210052806,-3.3276922264771192e-12
5696.900539889636,300.06990297106876,2.2578269992774917e-13
5696.993915530369,300.0797019645126,1.5124841941476464e-13
5701.499565287146,300.5527231196919,6.621030250856365e-14
5705.470837746075,300.9699532645729,7.103685119728067e-14
5710.02640989153,301.44892892237976,3.0052283043837773e-13
5710.091097707066,301.455732991835,4.7221190522457535e-14
5719.828167782962,302.48078792103576,7.735822805926806e-14
5725.895326885609,303.1203818222314,1.071734967825086e-13
5730.71077551482,303.62850431008286,-1.7240757112224574e-14
5732.288175509186,303.7950432391664,-2.9023132677537575e-12
5733.977794167968,303.973480845318,1.6537686854879104e-12
5735.263254188491,304.10927120368325,-3.622428405189887e-14
5735.657991314907,304.150975610978,5.6302679614716594e-12
5738.4104598189615,304.4418566913611,4.284544823710056e-13
5742.674233087104,304.8927281073492,-6.231806206942935e-12
5742.73892090264,304.89957107974163,4.88016269569468e-14
5743.454987760045,304.97532504962555,-4.870667069907496e-14
5747.998887950376,305.4562523616578,-1.5619485013678597e-13
5750.374901516294,305.70788155105043,7.168370613972762e-14
5750.90632643893,305.76417577298014,9.634386036122963e-13
5755.912603946411,306.29474966875154,-9.063321675855023e-14
5759.004684369728,306.62268430119065,-6.969484677492642e-13
5760.2562537465965,306.75547119888387,3.172702892771529e-14
5760.595583472759,306.7914778041895,5.9493097858942474e-12
5761.562948330605,306.8941374668345,1.6965839068634983e-12
5761.703011791701,306.90900285040044,-1.3296816211580675e-13
5770.231824646126,307.8148740338276,1.217754534897508e-14
5770.69870284978,307.8645012719132,4.4661884827925296e-12
5776.467593938452,308.4780420607073,-8.788166611418313e-14
5776.887784321738,308.52275466035496,3.348843191882027e-13
5778.212478900914,308.66373714406916,6.126353067287142e-14
5778.806482292389,308.72696528759246,-2.5030771129831618e-12
5780.511991599636,308.9085427753492,2.936005612951507e-14
5781.219621070261,308.9838964568856,-4.71806840202586e-14
5785.696583001776,309.4608506496602,-1.3036704163738323e-13
5787.181591480464,309.6191379218043,-4.715123692209732e-13
5789.752793714598,309.8932988038417,-5.251069379218749e-13
5792.64630980479,310.20197284475677,-1.393755928372e-13
5797.915839460878,310.76451106268314,1.0020719954422085e-13
5799.786865486087,310.96437179771715,2.895970401112872e-13
5802.306879013351,311.2336585089146,-4.695658955918643e-16
5802.411926609173,311.24488635418095,-9.964494422814871e-14
5808.450538983093,311.89065553318915,1.6030251122556486e-12
5811.4064924455615,312.20701006272327,-4.466510301605531e-12
5820.062712680843,313.13434912223175,-1.115185659063021e-13
5823.90250016192,313.54614668096133,6.646755826618865e-13
5826.906266666369,313.868474599752,-1.5991129594678412e-14
5828.75507400301,314.06694888941456,3.5970338380101047e-13
5829.943080785953,314.1945177447909,-6.729547368174757e-14
5838.96408400424,315.1640465182274,1.9487451167412063e-14
5839.395946342614,315.210498352927,-5.773888818789869e-13
5840.032277764505,315.27894948439115,-2.9446615936337714e-12
5843.736220477862,315.677536259005,4.652803414936543e-12
5847.490928608411,316.08184391164116,9.966165004016298e-13
5849.613393730598,316.3105062316958,5.300259524380675e-13
5850.784525739989,316.43671285965985,9.70999196287099e-13
5852.099657710748,316.57846770832657,1.6904031980313535e-13
5852.286408992207,316.5985997540949,2.4553953069751467e-12
5852.391456588027,316.609924312162,-1.4077097959737312e-12
5857.9705029233955,317.2116602742653,-3.277322158531066e-13
5859.010992983533,317.3239472434929,-4.377232961513998e-14
5860.792019032866,317.51619720592373,-4.3479108378406484e-12
5861.857962349878,317.63128667563626,-3.5912424339595813e-13
5863.927411611617,317.85478403879966,-4.447053839635902e-14
5874.131218794327,318.95793309507246,-1.2019599189420267e-13
5874.4460793886765,318.99200365488844,5.4301690190011505e-14
5880.203439618707,319.61532036259433,5.124132996272165e-14
5882.388624306281,319.85205775747545,-3.28181545163493e-12
5884.720902426984,320.1048279236802,-7.630992910013453e-13
5887.432168122166,320.3987983617916,-2.2579016716400175e-12
5889.444241733508,320.61704605533316,2.936188384666043e-13
5894.055080182507,321.11746053445927,2.2727918028670175e-14
5895.7150268909745,321.29771048833453,-3.5942732049592943e-12
5898.060102188388,321.5524435496181,2.3233438961430845e-12
5902.541423909754,322.0395074580734,3.468397411298893e-14
5909.18571163012,322.7623397005559,-3.2952962882213945e-14
5913.042373884683,323.18227909856466,1.72817385560591e-14
5913.190733635992,323.1984389815552,-1.5394587677499288e-13
5914.674616893025,323.36009124370855,-6.175852772576053e-13
5914.972743810379,323.39257368544327,2.716347492919831e-12
5917.576711466481,323.6763587884521,8.529913736739514e-14
5919.6471448532675,323.9020875001924,4.465761637775852e-12
5922.431535750743,324.20577983301655,-5.2668059775178735e-12
5923.096413901264,324.27831893303545,2.3210597341178326e-12
5923.131429766536,324.28213943673,4.090439394663179e-16
5926.024945856658,324.5979226304467,6.05656019431377e-14
5927.132374175568,324.718822366747,2.967714052654338e-14
5938.243077093836,325.9330460527126,-2.4790146862474642e-12
5946.054980062104,326.7881246884035,-1.8498759908980215e-12
5947.649254829957,326.962769620339,-3.787666957486111e-12
5950.654005459411,327.2920524982066,8.215277191664616e-14
5954.812029199618,327.74799391559145,4.575112781138204e-13
5961.026563928254,328.43003244790987,-9.899695484960625e-13
5962.617463031231,328.60474629187644,2.8467804417819347e-12
5967.056597818679,329.09250225777646,5.203929354034003e-12
5967.51799101075,329.14321928684313,-2.4277306458380053e-13
5968.510668028879,329.2523491223007,-1.0412996326174493e-12
5968.744107130698,329.2780148597117,-3.4782049771194764e-14
5972.524268518043,329.6937689022842,-2.5198839320621417e-13
5972.96231779993,329.7419639592235,5.626944781443803e-14
5976.428602717996,330.1234561978202,2.630458065261931e-14
5977.9136111966345,330.2869609190076,7.918647101113806e-13
5987.387711316546,331.3310493651478,9.71886225005883e-15
5990.403290872559,331.66372669058006,-6.441722543274088e-13
5995.22408341656,332.19590221192607,1.5809113085276262e-12
5999.122089576418,332.62652279048757,1.659127524080056e-12
6000.407549596884,332.7685915135158,-5.08314158336838e-13
6002.822797721356,333.03560646113306,-7.150428027221675e-13
6003.284049816869,333.0866118703486,2.2953169184369558e-12
6003.310628295367,333.0895510467073,1.7683679583725164e-13
6003.348737632403,333.09376538372993,8.008093131179518e-14
6006.355879801634,333.42639580571296,3.5248427015066605e-13
6007.188525113359,333.5185270377941,3.745819959845253e-14
6008.036076948492,333.6123207753189,-7.46732198682723e-14
6019.730095428041,334.9077820417947,2.2217849923679647e-13
6023.9387434888395,335.37463175429093,1.8107973070819915e-15
6029.31444596216,335.971413023057,9.261869111321029e-14
6031.397535429067,336.20280939707254,-1.9532912162540518e-13
6031.414410202615,336.20468422835324,-4.180218317986227e-14
6031.519457798433,336.21635540774093,-7.727707835711772e-13
6033.895471364235,336.4803936651288,2.2843928717723652e-12
6037.558070172116,336.8876094432972,-9.083081788380979e-13
6040.106771524473,337.1711254629385,-2.280441244356288e-12
6043.782026412511,337.58016930965283,5.747603981917144e-14
6045.096174258159,337.7264900565719,4.5240338385448546e-12
6057.048100971259,339.0587099900604,4.3099199243532885e-13
6058.483187061199,339.2188486162524,-6.412703028185408e-13
6060.625620428619,339.4579894220833,4.314266592446816e-14
6062.406646477895,339.6568538991906,-2.5229889540294287e-12
6074.706340303879,341.03179905635284,-2.3807569481310603e-13
6076.060706833249,341.1833698718298,3.198397477502133e-14
6080.634420070141,341.6954761935598,-6.186825766412813e-14
6082.313491995353,341.88357404161417,5.6352250404736775e-12
6083.7900630871945,342.04902967191424,-1.3010996501572055e-12
6084.4742075510485,342.1257043798128,1.7549997135188415e-12
6086.476718553928,342.3501830610819,3.1779300485551134e-13
6088.053836355088,342.52702775664216,2.240319627944709e-13
6090.982368310406,342.8555301732884,-1.0710222322164785e-13
6091.660184734178,342.93158543580256,1.2605541443630743e-13
6096.280585791422,343.4502489396535,1.4166750931451986e-13
6100.549844070872,343.92984443501905,2.431290218208053e-12
6102.029367537914,344.0961279412971,-6.9135128507978825e-12
6103.747674021782,344.2892988583139,9.25711140380321e-13
6106.6115181615605,344.6113712499675,-3.847748902909311e-12
6107.82090060449,344.7474256621983,-2.1724369229142315e-13
6109.20508018067,344.90317765582387,-5.1941039636785665e-12
6110.620899957247,345.0625264111955,2.8652049574319544e-12
6110.795979283605,345.0822339370658,7.012079769749878e-13
6111.076106205782,345.1137671529201,-4.690641035977775e-12
6111.957548684551,345.21299844902705,-7.992280714251587e-13
6112.848412675157,345.3133049449826,-1.966675876899454e-12
6115.775819408841,345.6430181549115,4.855456759606135e-13
6117.885628450775,345.88074339079793,-2.698732810088048e-13
6122.076276516338,346.35317281200383,3.932877663783113e-12
6122.484653847955,346.39922820831134,6.249241200204865e-15
6123.16261136828,346.4756927179991,-1.2878017041538397e-14
6129.3282078331395,347.17147787971265,-9.43694698796485e-15
6129.522271279738,347.1933892313364,3.684343024254947e-12
6130.693403289075,347.3256343471845,-4.812422500520163e-12
6131.420016879899,347.407696806042,-1.632578569734942e-13
6132.157036107635,347.49094439462993,3.776486315042666e-12
6138.113803699033,348.164138779748,2.627669562997388e-12
6146.732055693372,349.13927341064505,3.123510504911031e-14
6147.850873774222,349.26596534205277,4.3046671463287746e-12
6152.946449325265,349.8432661801683,-5.545786259963696e-13
6153.830142247275,349.9434324205411,-4.867901781816499e-12
6155.132477041255,350.0910777714711,-1.295869634739388e-13
6158.733481505299,350.4994853210402,-9.593753396674923e-13
6159.103749499878,350.54149277063146,1.0737999824463432e-13
6163.299882576982,351.017726732835,-5.01556904894453e-13
6164.932266681814,351.2030794005727,-4.701017025351455e-13
6165.364972048676,351.25222011971624,8.084947166884036e-13
6167.59248476657,351.5052449287252,-2.905854038837751e-12
6170.7616268922575,351.8653876374747,2.7155986509564707e-12
6177.405773515785,352.62103191258154,-3.0608477527556486e-12
6178.955469809907,352.7973971027973,4.239556795116906e-14
6181.814111131199,353.12284454143094,-4.736227302534645e-14
6183.741246488494,353.34232786378703,-6.020274711503656e-15
6183.935309935091,353.36443373009615,-5.0433331186167654e-12
6186.711263445675,353.68071994799215,7.235714727549268e-14
6186.735591480925,353.6834924598595,-5.426459789173264e-12
6187.350829435849,353.7536108513279,5.789504031483135e-13
6188.925837890292,353.93314562506146,-1.8274400029526464e-15
6195.05670068293,354.6324360920983,-1.295378832290891e-12
6198.254530633795,354.99745755561975,6.776241948629985e-13
6201.207672817423,355.3347160418602,-4.3878697897973275e-13
6203.037354937161,355.5437523182288,2.0135992111429688e-12
6205.519259127227,355.8274017767083,3.420692979530846e-13
6213.719288988361,356.76536558873556,-7.2543041183944126e-12
6215.378251571678,356.9552773525124,6.233945913676318e-13
6220.474952344292,357.539045512354,5.337358461439078e-13
6223.800048579518,357.9201547705177,1.6670961527683082e-12
6223.8647363950495,357.9275710493511,-9.287751162936156e-14
6224.331614598667,357.98109962770354,-8.95762015546279e-13
6225.93854544661,358.1653683579689,2.6258592748501647e-12
6226.3840479901855,358.2164631023873,-2.4925429803412675e-13
6228.636872868376,358.4748958677858,-1.5929090243339407e-13
6230.32958499878,358.66913682210895,-2.612902503273595e-14
6238.718616584579,359.6325682592252,-1.6284668827217857e-13
6239.299822799297,359.699364427876,-1.9800507955722028e-14
6239.434683441926,359.7148644190096,-6.901695143831015e-14
6244.255475985742,360.2691544958822,7.864341148191749e-14
6248.085418665048,360.70982276638097,-6.205438208934643e-12
6248.260497991403,360.7299736263726,2.7383252392044e-13
6249.561989756851,360.8797873010253,4.164572646843584e-12
6259.9491725555135,362.07656584258444,2.0723714692243878e-14
6261.768307941767,362.2863654169711,-9.526728352381861e-13
6265.295203078382,362.69329335378916,3.583749243988388e-14
6266.986789987154,362.88854745016727,1.0843733905105045e-12
6268.603424540038,363.0751993108383,6.589116652930058e-13
6269.2621157469985,363.15126366007206,-3.433020226342297e-12
6271.247751976276,363.38060933923276,-1.6416610204782587e-12
6271.339861298822,363.3912499464352,-5.6609775317086175e-12
6278.955591473401,364.271571182484,-1.8106301082449032e-13
6279.28240621593,364.3093724209417,2.1352211494199413e-12
6279.56661073493,364.342246719767,7.98359278021232e-15
6287.033698965089,365.206507420059,-2.4356894570824123e-12
6288.091345991812,365.3290053487104,1.8440419598298323e-13
6290.06741961269,365.557931745629,-3.106913635214388e-13
6290.709094949548,365.63228474198786,1.1936693332351098e-12
6294.298427458427,366.04833217990796,1.4135284726896903e-12
6296.003936765533,366.24610469377785,-3.7312144358587244e-14
6297.179146371671,366.38241432098107,-1.5867839381920255e-14
6308.226145598844,367.6649717406226,2.8512874541612106e-12
6318.711063828083,368.88435084529254,-1.22727749655805e-13
6319.479021324239,368.97374265861896,1.8535782478471782e-14
6319.770820201497,369.00771148914134,-5.034394023444524e-13
6320.025211673678,369.0373269363054,-4.264268484327626e-14
6322.746039977075,369.35415168345963,7.630953010140331e-13
6327.725880102154,369.9343785138142,-5.20853447271092e-12
6330.56412988841,370.2652819943997,1.9299574262894164e-12
6331.019336136929,370.3183670060685,-3.5985512205410576e-12
6334.904545119879,370.77160565672017,4.397340794539373e-13
6335.554657843504,370.8474733187353,4.826365322094976e-14
6337.946562057675,371.1266737436942,-5.6766189340101915e-12
6340.6036866706045,371.4369561840745,-4.80061950245301e-12
6341.065079862648,371.4908480558478,4.5284649848618787e-13
6343.678469030421,371.79617241770814,9.313402464103729e-13
6346.092733029701,372.078344621582,-9.445999009668675e-14
6353.853588387184,372.9861383012657,-1.5224036282197536e-14
6354.047651833776,373.00885228190685,3.370102344850504e-12
6356.852293169484,373.33719645283514,-2.3275318259131644e-14
6358.236472745615,373.4992981318741,-2.583808528570253e-13
6369.856099704072,374.8614677540755,-5.866021411354104e-12
6372.92792968867,375.22199424197555,5.181836037047044e-13
6373.420120052596,375.2797765067452,5.153500072119961e-13
6375.075706971002,375.4741721880173,5.919498171856142e-14
6376.3698865712795,375.62616731067135,-6.829518070692552e-13
6378.676711434933,375.8971692216363,4.571275134246152e-12
6384.223133444383,376.54915474347695,5.681073148461536e-13
6385.003888117245,376.64097846292395,1.358132084863618e-14
6387.507026870737,376.9354456356183,-2.5146206593026178e-12
6389.8108993591795,377.2065732918328,-1.8835426204990152e-12
6390.307167319935,377.2649886150334,-2.6877037335173624e-13
6390.616966192359,377.3014571040435,3.4359202606007513e-14
6392.117865319385,377.4781629692945,-1.0285563484289079e-12
6399.466265748387,378.34391361760504,3.5352473189958695e-14
6401.3849637188505,378.57012848606536,-2.0548742078111666e-13
6404.45130869187,378.9317919500553,1.4636745485500592e-12
6409.546884242726,379.53317832378485,6.759893415362783e-14
6412.848777664238,379.9231274080884,-4.668699119949451e-14
6415.270353828643,380.2092398853811,1.9860048094968543e-12
6415.742293754148,380.265012798972,4.772770287735873e-14
6420.8325253899875,380.86682693166733,-1.887718187997196e-13
6421.392638137758,380.9330777759543,6.075447256351906e-13
6427.960424990429,381.7103550901261,-1.1859005185902278e-12
6431.371443604575,382.11435212160603,4.455948505596696e-12
6439.479505239465,383.0755216241921,-1.90787718702755e-13
6442.709257583729,383.45872961867224,2.644194783164099e-12
6443.600262670852,383.56448060391597,-2.4382024425698187e-12
6457.337151932714,385.1967255991733,2.426907336521622e-12
6457.554418192926,385.22256953971976,9.406988015971338e-14
6458.0212963965305,385.27810789942174,-1.618955778415065e-12
6459.437116173039,385.44655390870645,-2.325989945087549e-12
6463.048808466949,385.8764193090463,-2.317878553424836e-13
6466.946955723099,386.34064834819344,3.0181329492418756e-13
6467.434786297077,386.398763632934,-2.760825709138653e-13
6472.95448873141,387.0566315189781,-3.3342334318852454e-12
6472.9895045966805,387.06080668996987,7.615572138517049e-15
6473.363007159562,387.1053432525521,-4.4559173910912296e-14
6475.293377085096,387.33556212846946,2.321649882392607e-12
6475.415440551008,387.350121911936,-2.670458002036733e-14
6476.560837110303,387.486758684289,8.246988954559771e-13
6479.382353219511,387.82344638302567,3.527397444782169e-12
6484.4364437684135,388.4269107767928,-2.948128139263836e-14
6484.623195049854,388.44921811531583,-4.480050215598476e-12
6485.45049644651,388.5480465418958,-8.323292179942277e-14
6488.648326397248,388.9301740017492,2.4005656028388306e-12
6493.739683254661,389.5389588053588,-3.446918693876522e-12
6494.288124047338,389.60456557277365,-4.8158638926534494e-14
6500.512080287327,390.3494893163564,4.6583435650839624e-15
6505.85811081002,390.98990686646044,-4.339419408089117e-14
6506.098862076969,391.0187595943421,3.379270947667099e-12
6509.0262688104895,391.3696787658572,-7.700654475383258e-13
6509.519584396032,391.4288298887758,-7.138009846633214e-13
6510.010649538324,391.487715623993,-2.383513024905886e-13
6519.005074277194,392.5670616091028,-5.959402650253091e-12
6526.221989728324,393.43418108388073,9.837647291005586e-13
6529.3405075332175,393.8091709195535,-3.0222694755364605e-12
6534.275769184495,394.40298334060884,-3.350425147129528e-14
6536.935987269115,394.72324781875756,-6.395430467629063e-13
6544.61528003733,395.6484915529521,7.852467493728093e-14
6544.720327633141,395.6611558007715,4.986140363401774e-14
6545.6165355387075,395.7692084136611,1.4107276468363192e-12
6547.334842022468,395.97641991812264,-1.8889469233959112e-13
6550.198686162068,396.3218932888505,7.851466054963617e-13
6550.507359812862,396.3591384571102,3.4771953092100253e-13
6554.208067957509,396.80580982078305,-5.846546466358438e-13
6555.54471668473,396.9672038527494,-1.273723980674675e-12
6559.362987408785,397.4284233268332,-9.907712316555383e-14
6560.333727931386,397.54572457542383,6.095914100370696e-13
6563.087180560165,397.87853762559837,2.5440257610376987e-13
6565.600023018547,398.18238972598334,-5.224080437749744e-13
6565.663444515898,398.19006013788976,-8.025151269933756e-13
6567.509158380573,398.41331951391606,3.2014662332362505e-14
6568.633461472925,398.5493470840048,-1.5185697297834177e-13
6573.109439278842,399.09111910281615,-7.517998736551988e-13
6573.354550335728,399.12079798493033,5.227351989666342e-12
6574.754761656848,399.29036156243006,8.184429445628921e-13
6576.5844437764945,399.5119878662055,-1.857474816889077e-12
6580.635028380714,400.00284771222255,6.275843768709063e-13
6581.700971697615,400.13207158845137,-5.361820242281073e-13
6583.155183004242,400.3083987900901,-7.210420224800044e-12
6584.539503676885,400.476287747702,-2.721542333962032e-12
6586.490124040812,400.7129168523879,7.017202503856041e-13
6588.9467160704335,401.0110249286072,6.466628966005183e-14
6589.635079227625,401.09457791442605,-2.3880120878881823e-13
6589.864017442925,401.12236819155333,-6.364386921295426e-14
6591.438041772213,401.31346147960966,-8.783756574664121e-13
6594.022041182751,401.62726902266405,5.09764562715909e-13
6595.1241255865425,401.761146406747,-1.0120118182284058e-14
6596.707571427672,401.9535370716799,3.766131703817686e-14
6597.805437138075,402.086956251533,-3.18209553239538e-12
6599.10481955677,402.24489363165816,-3.766560981560375e-14
6602.320649502633,402.63590517908034,1.9576199898398104e-13
6611.968703726427,403.81015155356926,-1.1227736389252226e-13
6614.0253558112245,404.0606844927571,3.2205086739477475e-13
6614.34879488887,404.1000916076281,-5.541208050566626e-13
6616.948543851321,404.4169093703362,-1.016809900753604e-13
6621.225396488726,404.93837783461925,5.827693867649424e-13
6621.700570982535,404.9963357494016,1.7513770657035398e-13
6627.522477930917,405.7067822039924,1.029094997322813e-12
6627.857871156759,405.7477292107843,-9.29758896280497e-15
6630.373807086887,406.0549572584727,2.280678301566004e-12
6631.866127730537,406.2372438429031,-5.631200300816997e-13
6636.193604688568,406.7660760078267,2.064087701392506e-12
6636.258292504096,406.773983692181,3.466346908497851e-14
6641.841698628771,407.4568109248886,-1.382692363239886e-13
6651.887442354089,408.6868094781179,-5.167785717228109e-12
6653.976016832383,408.94276747888017,-1.6034280671058118e-14
6654.1149550718355,408.9597974233731,-5.949888614313205e-13
6657.306456982427,409.35108424500703,1.4802367211254193e-12
6659.885112477936,409.66737147089896,-5.359264166218171e-13
6660.2849113261955,409.71642011283234,-1.0938501062349053e-14
6660.87047733082,409.78826459682153,2.077922468471388e-12
6669.525713439963,410.8509327288586,4.1847245019410235e-12
6673.916752991878,411.390581157013,5.331596618194353e-15
6682.333488277311,412.42597098922187,1.3060997564100744e-13
6683.7981052208315,412.6062750328319,-1.1770617558501796e-13
6684.475921644549,412.6897320977475,-1.4433695546334602e-13
6684.774048561871,412.726442057893,-6.196452724648027e-13
6687.73014312052,413.09053037606185,-1.2788926254162279e-12
6687.971878512531,413.1203109116786,1.1530781133222726e-12
6688.146957838876,413.14188044085813,-6.690111063693518e-13
6688.745321020215,413.21560221402297,-5.792093246977474e-12
6691.672586657116,413.57635317154717,1.2662081528414192e-12
6692.897718651872,413.7273830924915,3.889537302066683e-12
6693.317909035102,413.77918903807887,9.390178473079297e-13
6694.7434325165195,413.95496834551477,4.6031243456259355e-12
6696.293128810538,414.1461016948607,-7.039155665581177e-13
6704.566424970001,415.1672454993495,-3.4368728691328714e-12
6705.067052720678,415.2290766754299,-2.5780585392062705e-13
6707.052688949845,415.47436269198056,-8.053208022278716e-14
6710.573957978137,415.9095243172257,-2.2126360345807456e-13
6712.092014071755,416.09719752718394,7.169735120008945e-13
6715.978348276141,416.57784806567935,3.233483099963734e-14
6725.007788880053,417.69565721169096,5.6264176787185204e-14
6725.201852326636,417.7196979872384,-8.828888440853163e-13
6730.62086695493,418.3912911406394,4.969943278553458e-13
6732.483455593114,418.6222517094771,-8.866428493941949e-16
6734.536030081053,418.87684449641495,-8.436413848705535e-14
6735.5372855824035,419.0010642189572,7.892735812516341e-13
6736.020897462979,419.0610696379404,6.595962535345168e-12
6737.49746855469,419.2443057466354,3.123151136058598e-12
6740.4641098467855,419.61257455057256,-2.215300295648501e-14
6750.747370270612,420.89035860599023,1.5869870287773996e-12
6751.003169157513,420.9221686602564,-1.0308480205845606e-13
6751.813313587489,421.0229227063546,-5.817934315384971e-13
6752.373567431791,421.0926060473091,4.886523486296133e-13
6755.377333935843,421.4663075921668,-1.1070818380500899e-12
6756.072025133102,421.5527584712184,-3.160904781202263e-13
6757.828582050406,421.7713929377424,-1.7738748902566625e-14
6763.577363796392,422.48732753899174,2.6853781174264576e-12
6765.470749606453,422.7232569259763,2.3405556407165384e-13
6774.151297875807,423.8057605969132,-3.93798213776094e-13
6778.800386757821,424.3860938004977,-5.226312979635294e-12
6782.314343620934,424.824995736064,-1.2196749117394455e-13
6784.652247849463,425.1171317855344,7.216675441847583e-13
6786.1541311014835,425.3048547953009,-1.5791498502549525e-12
6790.876204089236,425.8953456338558,4.083747580676405e-15
6797.634819819877,426.7412189128318,-6.87649629428787e-13
6803.0984129217895,427.4256289191088,3.2935713476996087e-12
6804.14227864666,427.5564538110646,-5.237635798485543e-13
6805.478786277285,427.7239840299471,1.4481029234809768e-12
6809.742559544774,428.25866470607133,4.866707056405508e-12
6812.174823539081,428.56382261679687,-5.128590259260398e-14
6813.02659406751,428.67071363655435,3.5585161953029715e-13
6813.036156675905,428.67191375037095,-4.63881830684865e-13
6816.256346411628,429.0761455299807,2.5253504484430375e-12
6817.14735149871,429.1880275137982,2.2490720196937513e-12
6819.072377509155,429.4297996638604,9.46311795719026e-13
6822.263879419687,429.83078427260256,-9.327376398483041e-13
6825.615836326263,430.2521306776761,-9.239564669650197e-14
6828.097740516133,430.5642434062113,2.8078694741261263e-14
6828.813666276871,430.6542959866207,-2.7259373444002586e-13
6833.290769304275,431.2176616445144,-3.9249469652395484e-15
6836.382849727114,431.6069618262599,5.742148269905545e-14
6837.978108619844,431.807877535118,6.9279486599090005e-15
6840.353981088834,432.10719492447316,6.172964479260592e-13
6843.764999702811,432.5371039977343,2.65551989756999e-12
6843.940079029152,432.559175972251,-4.06223204957038e-13
6848.038476675232,433.07601581269256,-2.98651423055451e-13
6848.5170268339025,433.1363848855917,2.771696805885966e-13
6851.029728195647,433.45343123290706,1.020134050684685e-12
6854.915078274901,433.94390390487564,1.0532276412657048e-12
6856.917589277581,434.1968023130096,-5.800134224987061e-13
6857.89015695373,434.319655162902,4.9820699282655384e-14
6869.8832864743445,435.8360360684586,-7.938483116245799e-13
6871.016168049985,435.97941170387116,-7.206801098308851e-14
6874.9586115864995,436.47854518754406,-9.091971475037092e-13
6875.294004812331,436.5210208972128,-8.255911998312257e-15
6875.518865430794,436.549499419646,5.417781771945881e-12
6885.412732643125,437.8034764847254,-6.932481743007683e-14
6885.577124139448,437.8243271629886,5.2339114618535235e-12
6888.679751295736,438.2179438007329,-2.9422959744751154e-13
6900.924319913268,439.77308907928716,3.867497113475663e-12
6902.70084507585,439.99894953538137,-7.52125080978223e-13
6903.024284153483,440.0400765695751,4.745953466999042e-13
6903.26939521036,440.0712450543366,4.874359144950851e-12
6914.686662431259,441.5242987156712,3.5312210853618817e-12
6916.876908840424,441.80332167090063,1.1602654317981072e-13
6920.428132012,442.2559118864419,-3.364203577696952e-13
6923.5549461069695,442.6546050609854,6.160420762412893e-13
6926.0496474735255,442.9728281003798,3.012133326360498e-15
6928.534786231685,443.2899453209671,2.5918147746443035e-13
6929.091805507664,443.3610396171422,-1.2164545576085433e-12
6929.769621931359,443.4475593799361,1.1597613081579164e-13
6931.169551059315,443.6262798868517,3.4924524047707427e-12
6932.235494376173,443.7623866491785,-4.898091243103638e-13
6933.880816754114,443.97251348626713,-1.1369704584427011e-12
6938.472529985668,444.5591925353388,-6.338769603401368e-12
6938.680233637475,444.5857398245703,2.04540821024035e-14
6939.14711184105,444.64541596940353,4.818758803643293e-13
6945.324521356914,445.4353874819476,-3.5014161984229676e-14
6946.316214249848,445.5622713541839,4.225099218251647e-12
6947.827660110238,445.75569076997334,-2.1489971902930224e-12
6957.152134159472,446.94987240155723,-1.320569120435868e-13
6961.123406617696,447.45895797942444,7.681114967927671e-14
6961.819223036565,447.5481860261472,7.846418630726206e-13
6962.592242254559,447.64732463472234,1.2159440140793877e-12
6963.643561241115,447.7821724554665,4.779828180515154e-14
6964.377486997011,447.8763217831869,-4.677543223255225e-12
6972.637985979515,448.93667789574107,4.368930824114136e-12
6973.478225649395,449.0446054018003,1.2083748012311386e-12
6977.733561530032,449.591396526902,-1.320406089679978e-13
6988.611950566591,450.9907358805478,5.14667905982157e-13
6992.350909144641,451.47219943297074,4.1238999342477935e-13
6993.093272287304,451.5678237498957,1.3048386116845794e-14
6993.601353299672,451.63327587292434,-3.925740469555349e-12
6994.094527788631,451.69681225254993,-7.094754946165225e-14
6995.354675648613,451.85917926581493,1.945491645385192e-14
6999.809701083938,452.43343305781957,4.3389946429771615e-13
7000.730378121262,452.5521541219654,-1.128135439966451e-13
7004.315350839895,453.01458419145644,-7.011845465006889e-14
7004.768165548574,453.07301016125956,-1.1250439168286176e-12
7006.486472032246,453.29475490535697,1.506419435245325e-13
7006.80161481966,453.33542948772026,4.6630816247125614e-14
7009.350316171697,453.6644503421445,-6.26147533185146e-13
7013.35969796693,454.18227776656045,4.662565955131883e-13
7017.886723382923,454.7673168293563,-3.540968654420028e-12
7018.341929631404,454.826165184601,1.3042347410189306e-12
7018.51461741794,454.84849099151796,7.901299807490776e-14
7024.815074524728,455.66341634790575,6.399968785674214e-13
7026.376583870335,455.8655010439429,-2.5946503331748255e-12
7026.742350978379,455.91284374697966,1.4711815285073856e-12
7029.826978139454,456.31219743302324,3.827898195052314e-14
7032.261069287287,456.627452684587,5.995511724996093e-13
7040.852601705619,457.74107136840126,4.2759787925176166e-13
7043.072802258128,458.0290707813924,3.996499035588733e-12
7045.771129679625,458.37921397227194,-7.112930303172786e-14
7048.65184859261,458.7531728645257,4.291495534384246e-14
7050.589671779719,459.00481628416196,7.004913442553576e-13
7053.42398506546,459.3730014207973,8.404994878579569e-13
7053.911815639406,459.4363868885596,-7.867623777552524e-13
7055.205995239579,459.6045652395003,1.5847602293877169e-12
7055.880577094953,459.692239233603,-2.436006391354413e-13
7057.178693195403,459.8609762563262,1.1401954861708582e-12
7058.532216696092,460.0369485262177,-3.365397217083559e-13
7058.884343598907,460.0827342534261,2.492085813859793e-12
7060.535711823797,460.2974858803057,2.0746399387985034e-14
7061.472279509586,460.41930383465944,-1.561169169994506e-13
7062.292409837598,460.52599022603766,5.3425984479961834e-12
7064.280998441895,460.7847265818335,1.9285634406089777e-12
7065.054440949548,460.8853792872128,1.4316065761736102e-12
7065.80524147898,460.9830959967082,-8.719218556650306e-15
7066.178744041838,461.031711233206,1.1187191443231647e-13
7073.5004248952155,461.98522294065765,4.4190104626340814e-13
7075.100043577846,462.19367473164766,7.110578917619145e-13
7079.915633302722,462.8214952625494,2.561541133502846e-13
7085.4142422697405,463.5388850809349,6.1516262522653656e-15
7086.2212932279235,463.64422588091765,7.77313977869259e-13
7086.6741079366,463.7033350408964,-8.206820658907214e-13
7088.401134000142,463.92881084513135,-1.7721058419416351e-13
7093.1869106782,464.55391584784394,4.579211220538341e-13
7095.474610324871,464.85287793279684,1.0543981947378746e-12
7097.167604648208,465.0741845687716,3.2252950288574544e-13
7097.871858453838,465.16625951772465,1.9055882985451415e-13
7100.993328633738,465.5744740920908,1.1026656545642072e-13
7105.355962553373,466.14530429025774,8.086753719021717e-14
7111.8208111564245,466.9918441311699,-6.548735702384563e-12
7116.458086986624,467.599546568931,-1.1804515562104042e-12
7121.901570746498,468.31340578468195,-5.86474067077824e-12
7125.246074391268,468.7522751621414,5.9290138955099726e-12
7127.312289084345,469.02350905280014,2.5478774262613454e-14
7131.2356074039635,469.5387430657057,2.752479517116139e-13
7131.559046481589,469.5812317026969,-2.3526427347751066e-13
7133.068382995256,469.7795314640829,-4.251800665143182e-15
7136.9050770039075,470.28379319393645,1.4963447394815713e-12
7137.401344964622,470.34903814853595,-1.909442057750536e-14
7139.212042963915,470.58713129846427,1.2498237493000688e-12
7140.371361921461,470.7396047231746,-2.5807472070696385e-13
7144.860136903811,471.33020112668385,-2.3257253957496013e-12
7150.824216659625,472.11548028818675,-1.0097625005520612e-12
7154.536737855675,472.6046318475438,-2.2963349955651893e-12
7158.199336663046,473.08745456126593,6.891951512056045e-13
7160.506161526494,473.39167897333635,-4.932909521601899e-14
7161.057836887446,473.46444852779706,-6.270386043555573e-14
7161.677293535684,473.5461655549959,5.513367993330993e-12
7162.733674244119,473.6855367147652,-9.012472468391209e-13
7163.205614169585,473.74780766686547,3.2994786663951896e-14
7168.789020293946,474.4848315062261,1.8013590512213347e-13
7169.272773271054,474.54871516459724,1.1151859125389604e-13
7169.725587979727,474.60851706985886,1.7645035619326992e-13
7179.025875090064,475.83761404292284,-2.7008045742699588e-12
7181.787906201982,476.2029423269255,-3.579147539716424e-13
7186.583245488393,476.8375459660369,4.2787403109691164e-13
7187.769985952946,476.99466172359166,-4.256679891491207e-13
7188.178504381064,477.0487525778364,2.3968860339246573e-14
7189.772496955555,477.25983835569,-3.963349038863897e-13
7190.087639742962,477.30157693994414,2.627670235819392e-15
7192.781889567589,477.65848724225475,-4.091656411965552e-12
7197.333243018749,478.26171388132474,8.638200651485514e-14
7203.129837806457,479.030534602869,2.2075352377067202e-12
7207.164531761929,479.56603417757856,-5.478940881926962e-13
7209.704936823703,479.9033600216688,-4.777103466068713e-13
7210.142986105523,479.9615380947487,-1.6466674781847803e-14
7210.337049552096,479.9873131222801,-6.785700000716455e-12
7210.850615576017,480.0555270399605,8.405844427100501e-14
7210.9649435871015,480.0707132102465,4.639572197144311e-13
7214.041133361351,480.4794133714176,-1.4630688641021457e-12
7216.128582617896,480.75684951947494,5.064826691863034e-13
7222.200803441235,481.56434515209753,1.0118187867211185e-13
7233.3029278743625,483.04248321607,3.140371337094104e-13
7245.094681782806,484.61492503806596,-5.295125931682732e-13
7246.685580885529,484.8272690689244,-6.719780148145966e-13
7251.334669767317,485.4480698164712,4.83736121963306e-12
7251.512842565412,485.471869455005,-3.724079980897106e-12
7251.827985352818,485.51396645089756,-1.3390503192395627e-12
7252.0612833580435,485.5451317415047,1.8962466342900046e-13
7253.193039712018,485.6963324997938,-4.106087982727453e-12
7253.4697909692795,485.7333095956987,5.744142392531581e-13
7254.783938814735,485.90891385663025,-5.192985329632087e-12
7255.039737701625,485.94309892597903,-7.282031637719975e-14
7256.613762030802,486.1534787177284,5.670444816013602e-13
7256.786449817333,486.17656247367785,5.483685259837974e-13
7261.313475233217,486.78190110992324,-2.1836367736170255e-13
7264.728994733548,487.2388627650782,8.78842231339746e-14
7271.0761396605385,488.08861670543837,-6.273216897705518e-13
7274.471408722449,488.54347901327293,3.693406919496544e-12
7281.4155094160005,489.4744376015612,7.438112765212278e-13
7282.3415303683105,489.59865142167774,-1.650443110094748e-14
7283.448958687033,489.74721945138396,1.705456831880051e-13
7284.03016490168,489.8252007267736,-4.54333749528616e-14
7287.352167664734,490.27103805040855,-5.417941058153285e-13
7289.319803898613,490.5352052377504,7.244443216569486e-13
7303.316710739482,492.416433596563,-2.1629870712529924e-13
7307.190106670363,492.9376677361879,2.3815828656296505e-13
7309.515354818612,493.2507038784743,1.0229452014146744e-12
7310.237608619397,493.3479574479705,4.391402006831982e-13
7311.32380237463,493.49423468020024,2.6574136809518746e-13
7312.019618793473,493.58795138971254,5.8466222221942305e-12
7313.435438569849,493.7786699861632,-3.856837082058508e-12
7315.896390389225,494.11026140425327,9.910494728268148e-14
7321.654875839838,494.8866021547023,4.059649982875671e-12
7322.94342933186,495.06040448534856,-3.139616193886057e-13
7329.164292099535,495.89991551015146,-1.0678437823567487e-12
7334.110241580409,496.5678845319998,7.250315924508124e-13
7336.04089369888,496.82874861890684,-3.1346410053770204e-13
7337.432526536561,497.01682457478785,-1.8984266044296582e-14
7338.812346322598,497.2033392454007,6.0649795034565e-14
7341.437548541726,497.5582930954469,-1.4966808606863428e-12
7343.627794950799,497.854533669305,7.260874733115198e-14
7345.001568889869,498.04038780341483,-5.025201454326199e-13
7346.474764316617,498.2397310292499,-1.3494170438279479e-12
7349.27813933384,498.6191759291144,1.601090319153122e-13
7359.062881353083,499.94470345401203,-7.976038762007285e-15
7362.175914146135,500.36679216141533,-3.7846001692245757e-13
7364.896742449219,500.7358489905977,-9.133981711280414e-14
7366.7029395619775,500.98091931887217,1.1379375232447162e-12
7368.319574114663,501.20032018646606,-7.080865799471125e-13
7369.545690234403,501.366754114818,6.873327972762351e-14
7370.080208628691,501.4393187132291,-8.245587681796655e-14
7372.121954189921,501.71654835424846,-5.287883226915055e-14
7377.467984712119,502.44279988438734,-1.8117056437960825e-12
7377.955815286052,502.50909726702446,-9.086161348592759e-14
7379.555433968634,502.72652016035033,3.827084423806203e-12
7381.6205234400395,503.0072803387586,4.229320065123042e-12
7383.912723973145,503.31900949573964,7.225044715887907e-14
7391.387124367529,504.33616731482687,3.9058986194395603e-13
7391.889018436354,504.4045047118975,1.245503545000672e-12
7392.248457504308,504.4534484292718,-2.0278076146503572e-12
7406.059597188697,506.3358716066541,-8.161601043724575e-14
7416.225153935881,507.72365600677045,-8.913525558881637e-13
7418.49091708704,508.03323353475844,2.8805650052454863e-12
7421.115978209593,508.3920211938981,7.259237377812405e-13
7421.743872244588,508.47785920060284,-9.696279957091702e-13
7425.300439331005,508.96420670285715,8.379183798969166e-14
7428.753084043244,509.4365660948351,-2.955564023754262e-12
7432.5077921730535,509.95050029714514,-6.116172649065488e-12
7435.241135459723,510.324796203841,-4.752455421192221e-14
7435.605075414172,510.3746434417692,3.7555791129692905e-14
7435.6146380225655,510.3759532226333,2.12822208989229e-14
7438.388341089509,510.7559356483836,-1.0149369731686023e-12
7438.601529752872,510.7851472153512,-1.3204293627629979e-12
7448.367146555246,512.1241504723546,5.23504305592936e-12
7449.000384505251,512.2110369410428,-2.514193990966252e-13
7451.673399766331,512.5778822967674,-6.964045863760618e-13
7451.986151013928,512.6208129653573,9.140718214752215e-13
7453.246157777301,512.7937895450865,5.657523188468546e-14
7459.186191690815,513.6096447546727,-3.4753319175925905e-12
7461.4738913374085,513.9240304097636,7.224250338409243e-13
7462.69902333207,514.0924330259008,9.088032488501261e-13
7465.15997515141,514.4307909216787,5.4257899054807046e-14
7469.636937081984,515.0466174633737,2.370436561514653e-14
7473.60820954002,515.5931931198212,8.372345837769345e-14
7475.020092816098,515.7875839691632,8.620371011743278e-14
7475.507923390025,515.8547579717495,4.704354374996598e-13
7476.674554512687,516.0154202150641,2.387473444350568e-12
7478.877739195004,516.3188994910124,3.000785476850819e-13
7479.484257569957,516.4024605012326,2.5255622299990508e-12
7481.202564053552,516.6392311371567,-3.3816944165313733e-13
7484.066408192877,517.033969726989,1.4056101275127558e-12
7484.591646171874,517.1063824149911,-3.794607639152457e-12
7485.893980965658,517.2859525925959,-1.1731471431246305e-12
7488.075789987934,517.5868575656674,-1.046677399338518e-12
7493.230709438718,518.2981484661055,-1.7737236448835378e-13
7493.310444874203,518.309154439565,-3.1075277942158965e-12
7499.467745047886,519.1594073402994,-3.881566783489997e-13
7499.531166545231,519.1681687591916,-1.4366954876123634e-12
7506.977161307466,520.1973172937893,-1.3458990522951528e-12
7507.86816639449,520.3205360232488,-3.9346028394199895e-13
7508.428420238752,520.3980220447371,-3.797109396513971e-12
7510.452165804792,520.6779647496011,1.4289361734761703e-12
7512.564927221596,520.9703014216126,1.6626208196589482e-14
7512.934069994496,521.021387075197,-1.0620259773719695e-13
7513.931247898941,521.1593990342936,-1.2394017429215952e-14
7515.568693725425,521.3860654367375,-9.59889041018513e-13
7519.687341809654,521.9564151054255,-1.654345229200939e-14
7524.7235734594005,522.6542562391302,-8.433656779717196e-14
7525.305763799103,522.7349570728503,-1.5724883098634787e-12
7527.889763209401,523.0932158118924,-3.2775241967295173e-13
7533.378668471247,523.8546335041681,4.498831204586635e-12
7534.295126815137,523.9818181307119,1.9901858604334185e-12
7534.3598146306595,523.9907959870893,-1.2192506338888462e-13
7535.037631054323,524.0848730293638,1.3113710973027219e-13
7536.188371528501,524.2446086049175,3.5045614655604503e-13
7548.216516913613,525.9157089537035,-9.919909478244785e-13
7548.601691431542,525.9692662510486,1.1918801782364892e-12
7552.671542348715,526.5353331322268,3.523789908087997e-13
7554.626240309279,526.8073163638439,-8.407853825336627e-13
7555.334995001378,526.9059522560251,6.674947148741316e-13
7555.407979107117,526.9161098252229,1.3360435327711347e-12
7556.459298093617,527.0624381222839,-1.1998957078193455e-13
7561.051011324907,527.7017764054481,2.908040055228828e-13
7561.390199954437,527.7490195579479,1.842283607760587e-12
7566.328978366624,528.4371466792145,3.7738270315643876e-12
7568.406865014708,528.7267959088656,1.7410424175987634e-13
7570.40614144894,529.0055622607051,-1.7636598608638576e-13
7575.709420650967,529.7453743743657,-2.475279010888735e-13
7582.615694200426,530.7095822485807,9.358156166827803e-14
7582.8374613471115,530.7405584586375,5.452312546727477e-12
7583.477027337187,530.8298974610512,-2.7832404989656883e-13
7590.710676464525,531.8408681660957,1.8760027684478787e-13
7591.034256638694,531.8861140706545,-2.885548233862052e-14
7591.174179003201,531.9056798776473,2.6498857456948728e-12
7591.228320085261,531.9132507009833,1.8355504043516752e-12
7594.004273595417,532.3014987812834,5.174737789761714e-14
7594.032961420605,532.3055118348708,-5.3832684660114867e-14
7600.228229834708,533.1725044434004,-8.849326937542174e-15
7601.713238313068,533.3804279875246,-4.3883832465508226e-13
7602.009255883672,533.4218797598534,-1.2796176170095932e-12
7604.093329475278,533.7137613116566,1.0063808819958745e-14
7606.145903963043,534.0013095104414,1.496840062236112e-12
7606.184154396627,534.0066688069078,-6.749079173944062e-13
7607.036767953504,534.1261361171561,1.716278741326783e-12
7607.784475011135,534.2309150604584,9.54443984418769e-15
7618.0848924007605,535.6753986184069,-5.473689079506343e-12
7619.234648749867,535.8367564584515,6.754573681295439e-13
7622.613043038129,536.3110242498251,-4.303401732646492e-12
7625.5403086747665,536.7221314334397,2.2667063369934856e-12
7627.9406502753845,537.0593548284,-1.436397625367492e-13
7630.160850827773,537.3713647368171,5.414896821523039e-13
7638.434146986492,538.5348297460049,2.209637367910036e-12
7638.4469441632045,538.5366303762693,6.513609762662332e-13
7644.441679994087,539.3804530252067,-3.960927854776512e-13
7645.095309479052,539.472498331829,9.703529752266091e-14
7649.981773962732,540.1608685880279,3.0373645052496166e-12
7650.2235093547215,540.1949339632587,5.62884316479181e-12
7653.924217498965,540.716572496498,1.3843626504099396e-12
7657.488237847014,541.2191824795589,2.7558824036795846e-13
7664.488588969093,542.2070763823506,8.896823753557439e-13
7666.316161741846,542.4651331849516,4.3688568053775786e-13
7667.242182694125,542.5959126158825,-1.0795712990402322e-13
7668.349611012812,542.7523324585823,-5.837359959370558e-15
7670.6491237110085,543.0772016322687,4.375857753165951e-14
7678.459058427583,544.1812960921826,-2.5707447878807012e-14
7680.923946747158,544.5299918766597,4.735344656006518e-12
7683.062443613916,544.832605316395,-1.9077081903670992e-12
7685.6810355997795,545.2032705694379,-1.0414748301805934e-12
7687.632922281676,545.4796449469294,-6.567571447694535e-14
7690.869002665611,545.9380073759942,6.138459908705632e-13
7691.6379442867255,546.0469495829202,-1.7636363483487309e-13
7695.2019646347635,546.55203553554,-3.7442314891221886e-12
7699.570926594251,547.1715154501082,-1.3630936517012644e-12
7704.5772041005575,547.8817933237993,7.131755097144182e-14
7704.900643178165,547.927697911668,4.454833898741863e-14
7705.837210863903,548.0606325879202,5.358249950411285e-13
7708.019019886142,548.3703771690103,-7.049363775761914e-13
7708.9134006380245,548.4973749383541,-3.803039254412612e-12
7710.276345650476,548.6909349179206,2.773090872836023e-13
7710.364236279619,548.7034179667181,-9.181471674109172e-13
7712.5917489971425,549.0198376499566,2.9161784822600594e-12
7715.147060582211,549.3829339484752,1.7417242809609868e-12
7720.126900706574,550.0908885719472,-4.917509658977933e-12
7720.572403250078,550.1542453135136,-1.4680591486680157e-12
7724.051485344171,550.6491455865755,9.234484276200762e-15
7731.502541828174,551.7098102815846,-1.230947173867714e-12
7735.401673208899,552.2652628060858,-6.526881006468426e-15
7738.493753631485,552.705945624811,-2.155969563991778e-13
7746.503797641549,553.8483549074512,4.32014966937607e-13
7746.903878682878,553.9054462953013,-3.4463759568890233e-13
7750.124068418324,554.365073321705,-1.6235298255707966e-12
7751.015073505331,554.4922828019575,-1.7300255025021071e-12
7751.4095284385385,554.5486041057338,-4.980514522574733e-15
7752.507394148822,554.7053753240998,5.659054304533068e-13
7755.956663196097,555.1980628186251,8.313012790823806e-13
7756.131601425869,555.2230565256526,-1.6696580381151965e-12
7757.022606512875,555.350364607065,7.868251190703208e-13
7763.450471000158,556.2692203777723,1.8862015993908076e-12
7767.438618231643,556.8397040003342,-1.908601081954034e-13
7769.611005742029,557.150575945135,-5.099603523245386e-12
7771.650500859943,557.4425099050603,4.039205279145638e-12
7777.4049087135145,558.2666106965081,3.0997517263000407e-14
7781.906198679222,558.9116750376814,-5.345991352488045e-13
7782.7081879154575,559.0266445224374,-7.206987797820275e-13
7788.315922074771,559.8308745316647,8.514688365689021e-13
7791.065297106393,560.2253862145615,9.85287701460179e-14
7800.267848785593,561.5468863026485,-6.984289690772463e-14
7801.604356416096,561.7389405158267,-2.8500979979581816e-13
7804.706701379019,562.1848698335357,-4.2155155779332805e-14
7808.244143248536,562.6935560667333,-2.6870454319050026e-12
7808.826333588226,562.7772974721137,-1.627485648042716e-12
7810.29010750308,562.9878721505609,-2.3214591936666324e-13
7811.935429880893,563.2246110301825,1.8927354470827837e-12
7815.360370892907,563.7175720833404,1.8770068329135865e-13
7825.220488557323,565.1379720565398,6.422837177294767e-13
7827.693955360195,565.494568475408,9.351313743984413e-14
7831.273584163562,566.0108383666562,4.216375802111245e-14
7831.8805258281645,566.0983975802734,-4.3543321730298993e-13
7832.134917300308,566.1350988704282,4.9531759994531345e-12
7833.315470821274,566.3054340083021,5.521120827691388e-14
7834.082303095687,566.4160894899602,-4.540226249180129e-12
7835.25343510481,566.5851071626165,-8.479955679765332e-13
7835.495311593351,566.6200179048674,8.588787045471003e-13
7836.892006152876,566.8216280013672,8.495282475086125e-13
7840.2810882711065,567.3109846864062,-5.563093331372533e-13
7848.602197471669,568.5133845924184,4.189059029453982e-12
7855.215546922147,569.4699229669809,-7.229783392193421e-14
7856.178551989814,569.6092768180458,-7.931391305806408e-13
7862.959527504914,570.5910170415772,7.820155542988199e-13
7864.703146148771,570.8435926280033,-1.4809120099598e-13
7866.103216373163,571.0464433158345,-8.767510016867796e-13
7867.673163105431,571.2739496908171,-4.345319387774017e-14
7870.558241808158,571.692154739575,3.7520859044982726e-13
7871.948890520712,571.8937902490109,-5.185362639751759e-13
7872.340251982153,571.9505416770388,-4.70911185190621e-12
7873.014833837479,572.0483695914071,-3.7064970901009584e-13
7874.92396919927,572.3252779851075,-9.937659562538968e-15
7875.157267204483,572.3591210357334,1.8892461619614872e-14
7875.376783907914,572.3909658364964,7.107277897923067e-13
7878.698927767366,572.8730102378668,-1.248793616820384e-13
7896.459964249087,575.4535926238846,2.1764958133408584e-12
7897.659642986839,575.6281089510667,1.3186378394483148e-12
7901.920604975258,576.2481620594968,-1.6290356653059604e-12
7905.042075154949,576.7026091196693,5.660265527158221e-12
7909.4587090597915,577.3459224774225,-1.732819614945498e-12
7910.812232560382,577.5431444951774,4.708600903236332e-13
7910.86004560236,577.5501119544689,7.455254563015249e-14
7916.36695085921,578.3528763752022,7.920758883817129e-15
7920.261722449941,578.9209706432155,-4.870486411209219e-13
7920.625521307818,578.9740488832317,-5.760269473837279e-13
7925.895192059179,579.7431670755523,-2.282477572105442e-14
7927.962249780634,580.0449976518597,-1.2699198734396234e-13
7941.953953802335,582.0901276695992,-3.2467689463157633e-13
7944.233357158627,582.423643568918,-1.8622617883045922e-13
7946.257102724599,582.7198325462069,1.0728305138602478e-13
7946.753370685279,582.7924762681547,4.137204202063669e-14
7951.525507157767,583.4912533389594,-4.544271251306566e-12
7956.384550134331,584.2031870324013,-5.02848483824014e-12
7960.6100729678,584.8226526440791,2.63329583870531e-12
7960.9952474857155,584.879135946624,-6.202892866801483e-13
7961.135310946778,584.899676006942,1.7773545033190025e-12
7962.38252053339,585.0825930360046,-6.7824275226763806e-12
7963.222760203196,585.2058395968535,-2.454649321019534e-12
7965.335662716487,585.5158181254997,-1.0472631064816864e-12
7967.019796363265,585.7629519668828,3.137234993452597e-13
7967.478096083477,585.8302130188199,-5.16005330547433e-13
7968.285288138156,585.9486876679347,-6.449742641364393e-13
7969.053245634187,586.0614148528638,-1.1073378669948761e-13
7969.76481160491,586.1658741174012,5.26519856301101e-12
7971.483118088443,586.4181632973434,-7.050028744248359e-13
7974.3469622276625,586.8387661272055,2.9303611650558596e-12
7976.940524246268,587.2198039261799,-2.569093465307372e-12
7976.965836406582,587.2235233179958,-9.177595707640734e-13
7978.356344022568,587.4278639019257,-2.1820704226146943e-12
7978.811550271014,587.4947659956493,2.4611396316726644e-12
7983.202872015518,588.1403587345806,2.082956744084189e-12
7983.5112634731595,588.1857104344173,-3.6977829271320987e-13
7987.52514615456,588.7761472842496,-2.30949704712623e-14
7987.928038474533,588.8354286029341,3.0073420676842438e-12
7989.811720579438,589.112632055569,-2.9951572254144837e-12
7994.403433810577,589.788624362836,3.71338859054798e-14
7996.160131824243,590.0473482695277,-4.1092271264719e-12
7997.257715341398,590.2090276142441,-2.8058646796591338e-12
7998.922162935979,590.4542511133243,1.0634970263672382e-12
8000.563968552345,590.6961887596376,4.079747685159171e-14
8002.98554471638,591.0531245776702,1.8734085715926266e-13
8005.849247759038,591.4753684772814,-2.0011263201187065e-12
8006.549565064338,591.5786510236205,-2.5783527583589604e-13
8014.559609074249,592.7606120654468,-1.0652776096465396e-12
8015.586317832358,592.9121985294955,-3.278234603849526e-12
8019.495011821398,593.4894679042509,3.567760567282962e-14
8022.502153989984,593.9337799381892,-3.459597929107797e-13
8026.468925561356,594.5201341736758,7.306095053970607e-13
8028.250935735332,594.7836390103738,-4.922631171808395e-13
8029.342332308959,594.9450520883998,1.887236811944468e-12
8034.815488018681,595.7548402921174,-3.7444745487242417e-13
8035.37574186292,595.8377645454925,-3.917988391100271e-12
8038.497070946028,596.2998643305868,-2.068036864539847e-12
8045.46072014562,597.3314504498243,3.707018283902618e-14
8051.331565356853,598.2018439716709,-3.118737340235183e-13
8051.670753986371,598.2521504389681,3.840660185016081e-12
8057.40280205472,599.1026147004999,-2.0737324042519987e-13
8062.79214473212,599.9027837859002,3.436136108097989e-13
8063.244959440757,599.9700386748943,-8.024177235444479e-15
8065.426768462938,600.2941476190146,-4.2108678681874446e-13
8065.965787743693,600.3742327407516,4.065359990713577e-14
8065.989974682383,600.377826455535,-5.160268281142166e-13
8066.957480636533,600.5215881045671,-4.2453731921840556e-12
8067.542905544532,600.6085847282664,-4.560494694668798e-12
8068.943116865461,600.8166876754607,-1.5323840923861112e-12
8071.578865817905,601.2085173272797,-2.0631042093881956e-14
8073.118015378272,601.437386024833,2.541902208288175e-12
8074.2518810788615,601.6060176758739,3.1944719537463345e-14
8081.454733034063,602.6777988549777,5.524257263707684e-12
8083.13507127711,602.9279699215066,3.807856442633204e-13
8085.90652390067,603.3407012327868,4.307505878162644e-15
8088.21039638874,603.6839070946543,-2.800227783418009e-13
8088.694149365815,603.7559837712869,-1.6063006764356989e-12
8092.0670586423985,604.2586495140474,-4.430195604030554e-13
8092.095746467587,604.2629257685495,2.43534715466747e-12
8093.382190612837,604.4547008354488,9.843599683938733e-14
8093.810677286231,604.5185837233284,-1.1482566496569576e-12
8095.264888592659,604.7354166577499,-6.005278926682057e-12
8098.065029041401,605.1530466299612,1.989737175206501e-14
8099.936337259245,605.4322254298994,-5.207349474888095e-13
8102.07455193283,605.7513027276173,6.125269176896636e-12
8102.656742272508,605.8381952709,3.224108224455051e-13
8113.075847462785,607.3943138091731,-1.1037833986600756e-12
8115.820862704401,607.804621291127,4.725404044293354e-12
8118.94908421379,608.2723772370498,4.851938078175207e-13
8120.45096746564,608.497014518655,-3.290807553155468e-13
8120.980283041443,608.5761943645193,-5.5545373456341734e-14
8126.64961154438,609.4245878404196,-3.0394157853473747e-12
8134.7222340230555,610.6336468670905,-8.257316683842767e-13
8135.337613074416,610.7258631342687,1.6663843300616983e-13
8141.032253737661,611.5795518782505,-9.806170467475873e-13
8142.295777262399,611.7690488107282,-6.005881496159646e-14
8148.303310269781,612.6704308526968,5.190595132073099e-13
8148.473045681093,612.6959079439619,-8.474057705895172e-13
8153.951404209225,613.5184882873535,1.8729547288637497e-13
8154.76914299736,613.6413199044431,1.8547065815466078e-12
8158.444538981155,614.1935490719588,-3.1661040985381553e-13
8163.424379105361,614.9421682796827,-3.630632211564075e-13
8164.052273140322,615.0365920002049,-3.5519042833549925e-14
8168.414907059585,615.6928524711494,1.7280455429439977e-14
8169.9764164050475,615.9278317472351,-1.9481498319987843e-12
8172.394616904186,616.291816383804,5.950953224108211e-15
8174.065251442272,616.5433412045829,-8.444902509816783e-13
8175.250023656593,616.721747472848,2.891483244227612e-14
8175.961589627309,616.8289094677506,-2.17113645525625e-12
8177.913476309136,617.1229119224682,7.043231509923628e-14
8180.553302858391,617.5206467932361,-1.2026830586587613e-12
8181.206932343331,617.6191470446635,8.6349175161264e-15
8186.820010417502,618.4653471874534,-1.298828392302588e-13
8187.506264227904,618.5688432645803,-1.758008357528225e-12
8198.2995739129,620.197757139555,-1.4695564617873904e-12
8198.754780161342,620.2665035032232,1.887805396106698e-12
8202.309096804302,620.8034163743672,1.3945228394779024e-12
8205.415942653639,621.2729251943964,-2.5009406556870726e-13
8205.427614608725,621.2746894040461,8.11980750981344e-13
8206.280369262124,621.4035895944618,4.221554068138493e-12
8208.339130693323,621.7148418616903,-2.374040641520188e-12
8215.237668787655,622.7583611778915,-8.239597081678713e-13
8216.174236473358,622.9001002978869,-6.273409148585864e-13
8221.21988963469,623.663981886002,-9.696690092699561e-13
8221.78309585413,623.7492770203735,-2.5661006176032287e-12
8222.114270386539,623.7994346921669,-4.177493067661061e-13
8222.149286251806,623.8047380993352,-3.863268320123131e-12
8230.209252650271,625.0260794934778,-5.753926352134959e-12
8232.729407273431,625.4082086956984,-2.344886782964593e-12
8235.682549456473,625.8561403555618,-1.2129666179010691e-13
8240.688826962596,626.6158579282355,-1.168464780490116e-14
8244.593161161638,627.2086727387303,1.0296148448074679e-13
8245.887340761692,627.4052365391005,-4.496455913174078e-12
8246.412155450991,627.4849557286975,-3.480644014223518e-12
8249.318609813681,627.9265371039742,-5.47436883164041e-13
8255.242470885265,628.827038777042,6.669308944317699e-13
8255.522597807381,628.8696376125622,3.015488771960175e-12
8255.58095758282,628.8785125519031,-2.7618813113858884e-14
8255.840834066521,628.9180334798901,8.382750439144405e-13
8260.028247562883,629.5550093198177,-7.542374331239377e-15
8263.032014066552,630.0121315446681,-1.911128458610507e-12
8269.44173746189,630.9881382700919,1.850895988126085e-13
8272.186752703481,631.4063524009945,-1.1144434464136488e-12
8277.66947102151,632.2420821066164,9.261525379811648e-13
8279.187527114926,632.4735769903983,-1.0376418191737332e-13
8280.066719150256,632.6076681663263,2.2613069443703658e-14
8282.318559902935,632.9511756773542,-5.539265236766772e-12
8299.10688761159,635.5150986917066,-3.392692946653352e-12
8303.179973096861,636.1379252432972,1.050882738800395e-12
8303.689179330799,636.2158108407519,3.5536767872232596e-12
8305.640924916053,636.514384164207,-2.0128974572571435e-13
8305.72262860167,636.5268845268137,-4.5378773592319916e-13
8305.989676153964,636.5677426753301,-9.463607830190038e-14
8307.214949245106,636.7552257167534,-6.66167724918555e-13
8308.819770746035,637.0008265326971,-2.782616058008518e-14
8310.444701588824,637.2495532059646,-1.3870277051212507e-12
8313.260732686003,637.6807156858388,-8.254634736012124e-13
8318.098682195521,638.4217951190495,1.4918595363956432e-14
8321.916952918988,639.0069840835432,-3.6019576762676714e-14
8323.854776105905,639.3040780026672,1.1807166375894286e-13
8325.756740399047,639.5957415435926,-8.00545586043808e-13
8327.172560175319,639.812898773252,1.7709353880489572e-12
8330.57120490183,640.3343307081424,3.3807258735510745e-13
8334.050145899226,640.8683023503269,-7.58346527828516e-13
8337.725541882979,641.4326694326473,-7.988902238052569e-14
8338.88275149373,641.6104136333772,1.9528592282243942e-12
8341.246810910783,641.9736033031779,-2.689833784042483e-13
8348.807415876763,643.135827665933,-3.11648800303129e-14
8350.092875896924,643.333534702059,-1.5952065403345757e-12
8353.18594044445,643.809380670056,2.2073454816169144e-14
8353.278331960086,643.8235971578943,3.2705178717071572e-12
8356.383770394656,644.301529336023,-1.8276732899570297e-12
8356.749960792327,644.3578983606584,-1.920921081238531e-12
8364.445144207792,645.5430173858401,-9.439986281423261e-14
8372.469251712411,646.7799550491503,1.015451150156116e-12
8372.5742993082,646.7961562825506,-2.0956426928173192e-13
8374.776076575645,647.1357777779556,2.30126752048377e-12
8379.4133524054,647.8513640994365,3.8831497241198954e-13
8385.541121724998,648.7975587019636,-5.172597922960511e-13
8386.028952298893,648.8729148024462,1.5476579254916867e-13
8386.740518269602,648.9828395883884,4.537090378238565e-12
8391.327169778726,649.69162270849,-6.433292569028076e-15
8391.717406018532,649.7519444715394,6.302360536970134e-13
8393.878121573738,650.0859933611403,-3.826196064983454e-12
8395.341613295423,650.3122995669003,1.292863065936733e-12
8397.457750376972,650.6395969829831,-4.251657874713426e-12
8400.38628233163,651.092681468916,6.251182933570827e-14
8405.96968845547,651.9569495152009,1.3835022293763652e-12
8406.214799512318,651.9949039675781,6.62083424547527e-13
8417.224814621944,653.7009014606689,4.736173085139495e-13
8418.242803800147,653.8587512566912,-2.647238755267027e-13
8423.2801606712,654.6401267054632,6.680804860354352e-13
8428.069171917086,655.3834131603908,2.128291270348399e-12
8428.557002490981,655.4591514252156,4.040074786562788e-13
8431.965068729312,655.9883939408447,-3.084892497773965e-13
8434.513911177624,656.3843464511244,1.9970322015745454e-13
8436.117466360363,656.6335136821973,7.317049605082968e-13
8438.732121845822,657.0398915652293,-1.2524424087609818e-14
8441.735888349454,657.5069017298757,-7.041298948558807e-13
8442.614378452818,657.6435162642913,-7.840060314019172e-13
8444.319887759588,657.9087816522155,-9.184041640825823e-13
8447.517717709776,658.4062986731249,1.9844958905914623e-12
8450.890626986284,658.9312585852497,5.489256713310051e-12
8452.274947658707,659.1467750378819,7.216999789013213e-13
8456.007578196253,659.728061462861,4.619266622343343e-12
8456.13596970222,659.7480605710215,-6.809371981941797e-14
8471.180678766912,662.0936262167654,-1.9213616065924327e-13
8471.83810365556,662.1962180082852,1.0041225002858849e-13
8473.483426033301,662.4530070569384,9.710078434388727e-13
8475.609827655193,662.7849530602706,6.091622292923378e-13
8477.32813413867,663.0532534364216,-8.156595835466079e-14
8480.001149399559,663.4707323761509,-9.479498816636273e-14
8480.191978277797,663.5005415932984,3.390306348980815e-13
8480.717216256757,663.5825920363765,-5.058606126455313e-13
8482.800305723167,663.9080534560885,-4.488949706747384e-13
8484.201360072577,664.1269988258396,-2.52456285211225e-13
8484.683987828013,664.2024283363583,7.740718639789652e-14
8485.587931188244,664.3437164738937,1.044712275581511e-12
8489.27570105901,664.9202781689816,2.3909166574431906e-12
8489.356279523003,664.9328789469578,-4.2781732194815965e-14
8492.496172987408,665.4239854173459,-4.47440531816444e-13
8493.136723102514,665.5241952939168,3.0785594427984505e-14
8493.967117970788,665.6541163907232,2.985335474385447e-13
8495.65673662908,665.9185082875421,-3.4652613807158007e-13
8500.196700317822,666.6291832850669,-2.902045486835512e-12
8502.261789789063,666.9525730537719,-4.248748464016889e-12
8503.102731390803,667.0842856964557,-3.2462533633679366e-13
8509.885957348864,668.1471861136282,-9.279101745232289e-13
8510.611586814455,668.260939108904,9.565220764221244e-13
8511.694263808173,668.430682540538,-2.3152047572516096e-13
8516.70518329726,669.216581898812,4.049539330285454e-12
8519.622886325325,669.6743997902855,3.9339983643068745e-12
8521.404896499245,669.954092820231,5.475234310929672e-12
8521.431333881184,669.9582427046023,-3.7927484431738206e-13
8524.209396737859,670.3943878858577,-3.722527283230825e-13
8528.21891962918,671.024118214343,-1.1114702069322908e-14
8529.802365470052,671.272893678761,-5.1178808171206756e-14
8532.313941609838,671.6675825914391,8.452755910736298e-14
8533.060946735468,671.7849952968136,-3.4326616448780454e-13
8537.261157408473,672.4453670222773,-2.194733103285748e-12
8537.961051424085,672.5554383801893,1.800934670148631e-14
8538.852056511045,672.6955785660058,1.2249467016231887e-12
8544.342086994136,673.5593911218127,-2.3926004623561393e-13
8550.068932243854,674.4610562418777,4.559605174184228e-13
8552.509492528041,674.8454946853761,1.643049992364884e-13
8552.962307236667,674.9168343827628,9.154535515753852e-13
8555.70732247821,675.3493847452753,-8.777607974565035e-13
8556.255904367345,675.4358450942314,-2.4704299697133472e-14
8556.407639783489,675.4597606375542,4.2490393461538354e-14
8557.515770034068,675.6344297344621,4.443411969074683e-13
8560.761554122768,676.1461768045257,1.0789083003814094e-14
8564.028572774949,676.6614677979925,-3.4800935586515127e-13
8564.532435093868,676.7409570554323,-3.425562150856906e-14
8569.28839872459,677.4914876943095,-6.20153459145838e-13
8571.834990729636,677.893532386103,-5.970100807213253e-14
8580.651665958514,679.286392857707,3.578453765909966e-12
8582.589489145403,679.5927225769037,-1.043174354044025e-12
8587.299749080838,680.3376055514258,6.391191927684025e-13
8587.791939444667,680.4154643774457,2.477290930824474e-12
8592.937296286671,681.229667517548,6.72064362476217e-13
8595.318794863453,681.6066818165929,-6.108987889919305e-15
8596.43761294405,681.7838376286766,9.611653895518296e-13
8598.134825960587,682.0526216300685,-1.705779857590737e-13
8601.39003156112,682.568290071421,2.0192904830224692e-13
8603.910045087669,682.9676282230959,2.3019832231055377e-15
8605.781353305454,683.2642438908632,-9.553393742137782e-14
8607.011547021919,683.4592734899131,7.405609033696615e-14
8609.229638227469,683.810990536819,2.2617555421106465e-13
8613.103034157994,684.42540233404,-1.493205619431005e-13
8613.95171121454,684.560059408661,3.1216397623747527e-12
8614.70265284044,684.6792201556594,-7.256687319805446e-13
8619.043068071038,685.3681684663031,2.512552352660358e-12
8621.00732863986,685.6800669831839,7.841282717444184e-13
8621.665878750126,685.7846519117534,5.466933099489927e-13
8622.018146749457,685.8405991855583,-7.056803076603528e-16
8629.06968657794,686.9610070010873,2.8791419904397903e-12
8629.387922837075,687.0115926494611,-7.730317535829905e-13
8631.312807750694,687.3176049412975,-2.044077137410076e-12
8638.768365120754,688.5035106926732,7.971682974281974e-14
8640.567250068207,688.7898006460149,-9.553049259637158e-14
8642.667496501252,689.1241272712933,-1.195984495478372e-13
8649.01478252418,690.13501051127,1.2935459778227348e-12
8649.794411975263,690.2592272506364,8.581354184420854e-14
8652.38769180065,690.6724896949415,-3.7845392126074793e-13
8653.88957505245,690.9118849353708,4.18693897582655e-13
8656.922029381236,691.3953748047757,7.859852701488684e-13
8660.614159041908,691.9842709724714,2.1457368010086121e-13
8666.256207134213,692.8846649675014,5.073079742929211e-14
8670.833856870273,693.6156263686938,-2.5069491244710287e-12
8672.615867044178,693.9002830258374,5.7267974165740236e-12
8673.214230225423,693.9958781255759,5.054853761084404e-12
8673.38930955174,694.0238502208998,-6.4316364638729015e-12
8674.389298734759,694.1836274382541,6.568908399608957e-13
8676.316575188177,694.4916175995331,4.78293882120391e-13
8681.69227766015,695.3510481931695,-3.3754407160797174e-13
8681.806605671225,695.3693319556888,-2.5118078394372073e-13
8684.88279544515,695.8613781093358,1.111815604815957e-12
8690.890328452335,696.8228043757687,1.4079521307631675e-12
8695.696496664803,697.5924467673183,2.681788306433406e-13
8696.736002599582,697.7589654550435,7.961238777437594e-13
8704.144589956155,698.9463251782091,-1.70013543376729e-13
8710.3169377493,699.9363272865323,2.981241872958266e-12
8710.788877674713,700.0120520836158,-2.2974366737246615e-14
8711.500443645407,700.1262336698824,-2.0212229742199253e-12
8715.37946568403,700.7488457826265,-4.579874908984485e-14
8716.697973319291,700.960539259376,-1.9568831799463157e-13
8718.950798196982,701.3223164861002,2.5951955624726653e-14
8719.834491118785,701.4642527230747,3.2103654389760543e-13
8720.66488598705,701.5976414884047,-4.96646566696703e-12
8725.718976535005,702.4097688116823,-1.7157456139304682e-14
8726.787170294967,702.5814740387905,-1.5035581260988303e-12
8727.628111896694,702.7166647405494,-2.968716788182607e-13
8735.647157679248,704.0064697897534,-1.1446116731643753e-13
8736.821100966958,704.195389407079,-7.383538637074019e-13
8741.527565498633,704.9530433170294,-2.225242494253118e-14
8744.157829439408,705.3766449946052,-4.1539541951596713e-13
8745.701197693097,705.6252624125902,3.2476213794543585e-12
8746.121388076257,705.6929574530824,3.9075520841076187e-13
8746.76714100981,705.7969982323663,-2.1434903695290392e-13
8749.939658799633,706.3082514570671,-2.003409027680799e-12
8752.257171492838,706.6818372612008,-4.026729301026784e-13
8753.312568076086,706.8520012329832,-3.983610524883803e-12
8753.643742608483,706.9054014792354,1.2492808378359183e-12
8756.415195231935,707.3523636286728,7.800544302213589e-14
8759.088210492784,707.7835844694237,-4.938616218452486e-13
8767.42521034135,709.1293859550425,3.5283256621320836e-12
8768.659763847741,709.3287827799656,-2.0279929388483082e-12
8778.031768744582,710.8434018766314,-1.2892837137447165e-13
8782.469919405781,711.5612203654753,3.110973669036126e-12
8790.122774790649,712.7998316417367,1.6078419182173325e-12
8796.270230162301,713.7955759640915,-1.9726039834081545e-13
8797.505065861806,713.9956744938205,4.047954937809037e-13
8798.570868081959,714.1684046350299,-2.64984631377786e-13
8800.398440854582,714.4646404701643,2.1443821283712328e-13
8804.951903651923,715.2029902412833,-3.9249357118547546e-13
8805.439032293847,715.2820013839787,4.551227956887459e-15
8806.882555770195,715.51616323263,2.381898526362947e-13
8808.274188607738,715.7419439559447,7.622706068794923e-14
8809.886322273771,716.0035436849462,2.439881760838687e-14
8809.915994224024,716.0083589788961,-8.837044602987156e-14
8814.863210022582,716.8114415853637,8.070704056753533e-15
8818.039805409226,717.3273366814883,8.484961887650752e-13
8818.36324448681,717.3798752438884,-4.693843707837976e-13
8821.333261443298,717.8624067971361,1.5487985287528858e-13
8827.772656788691,718.9091580245718,-9.8790117771348e-13
8828.006095890447,718.9471188949451,8.566362438752795e-14
8828.4089882104,719.0126378856914,3.4768594614563916e-12
8833.017576214856,719.7623065275742,2.0487460664913645e-13
8835.625903660175,720.1867706608338,1.3051223370362604e-12
8836.406658332875,720.3138505347334,-7.415083756228848e-14
8838.209903070248,720.607399365101,-9.990103422740633e-16
8839.189924007958,720.7669613459841,-2.957679889393274e-12
8840.373429904055,720.959677287279,-3.325034607791839e-12
8840.768167030348,721.0239599647192,4.939316710569593e-12
8854.129444379989,723.2015279008664,-8.714738402168024e-13
8860.086353066497,724.1734211240642,-1.0932300054847046e-13
8860.162853933658,724.1859067943834,6.015063384431852e-12
8862.228786433372,724.5231274258965,-2.1143715224512517e-13
8865.121318397623,724.9954053751349,-1.1029382731163778e-12
8877.121058149633,726.9563079424676,1.436304452127352e-16
8878.419315346468,727.1686178753275,-3.844440748168246e-14
8884.158675579687,728.1075737037675,-1.783500281098386e-12
8885.622167301335,728.347097144591,2.6948075334910067e-12
8886.077373549755,728.4216068518349,-6.838367263244054e-13
8889.389954800608,728.9639363747797,2.909886869053622e-13
8890.25227206237,729.1051464802634,3.866279888596766e-12
8891.104885619177,729.2447810075515,-4.047677169100089e-13
8892.585534307475,729.4873021446193,5.248768043938303e-13
8895.258549568303,729.925227844113,-9.330117024750521e-15
8905.538716518678,731.6106756254728,-2.2480742373791877e-14
8906.60803550025,731.786103750104,3.165359260937741e-13
8908.023855276477,732.0184097930139,-5.272348668419403e-12
8910.833558333485,732.4795319139122,-1.64210655627626e-12
8917.07059394208,733.5036598055408,1.54681118482343e-12
8918.27435027659,733.7014003742044,1.9316895495616805e-13
8922.941439153017,734.4683135469243,5.530802075155506e-12
8924.087819837156,734.6567524100856,-3.06245821419673e-14
8926.696147282464,735.0855922105605,5.3330673575202e-12
8930.027853750098,735.6335463322366,2.64057724631567e-12
8930.989733596078,735.7917813875904,-8.00483817352329e-14
8931.59667526064,735.89163573417,-2.0175777736564945e-15
8932.016442354134,735.9606999960486,-1.467654670408227e-12
8933.023182866884,736.1263521965905,-1.1379160577591654e-13
8936.001637210125,736.6165456188194,-2.17843324114928e-13
8936.02596524537,736.6205501948436,-6.479749046529183e-12
8945.767395108105,738.2249383977644,8.527311856778104e-14
8955.89470142069,739.8947327249816,8.517101655444927e-13
8956.735643022406,740.0334724666131,6.350202948127182e-13
8957.260881001352,740.1201335845521,2.3689284025337945e-13
8957.482648148016,740.1567253601443,-6.022375583530545e-12
8961.461232770818,740.8133492644504,2.060186691406768e-13
8964.903048556136,741.3816202983024,-8.549433879069735e-14
8964.992064406897,741.3963204147813,-1.1167409122527922e-12
8968.683209942443,742.0060063139412,-6.699671297076816e-13
8969.20844792139,742.092783027471,5.073275036504661e-13
8979.556255062449,743.803422819649,4.983463792027792e-12
8980.829341195518,744.0140183376666,7.454624879004511e-13
8981.746642567841,744.1657779964875,-1.2889469718774093e-14
8988.784259997861,745.3306071783124,6.000632225238283e-13
8990.529003863228,745.6195290764967,8.954724822231145e-15
8997.019305722302,746.6947867470274,5.990349411762933e-12
8998.003686449938,746.8579382911064,-9.765117393813006e-13
8998.737612205732,746.9795909715783,-8.02098988248163e-13
9001.601456344779,747.454385542455,3.333939367699011e-12
9001.636754403153,747.4602385235978,-7.547886284386584e-15
9002.33664841875,747.5762968551372,4.735361902669262e-14
9004.640520906698,747.9583950030091,-7.84491327558185e-13
9005.610838139448,748.119351754596,-2.4825874899948143e-12
9010.765757589732,748.9747434209139,-4.2070362326662666e-13
9016.456602848983,749.9196334637968,1.7546813721449015e-13
9017.066214695638,750.0208868722982,-3.407636725258694e-12
9018.91192855996,750.3274922408007,7.353401170527542e-14
9019.654432799074,750.4508528870806,4.922394954707969e-13
9019.740496274628,750.4651522446746,-1.0717692930841034e-13
9022.56187128671,750.9339963417694,1.234981844807601e-12
9023.341500737779,751.063577704888,-1.600016937082373e-13
9024.512209457158,751.2581809576117,-3.1922654674263786e-12
9025.46790235961,751.4170615200051,4.550948610815482e-13
9026.281704647428,751.5523665329991,5.027224268193884e-13
9027.678399206856,751.7846132587017,-2.0544311313512672e-12
9028.241605426272,751.8782751113627,3.753708106156792e-14
9033.103741874293,752.6870970436936,-2.2766967146046657e-12
9040.024780849973,753.8391708749804,-1.960386954069494e-13
9042.840811947039,754.3081790153576,-3.729656990797196e-12
9045.424811357088,754.7386709478785,7.372186210956748e-13
9045.858641945471,754.8109587845626,5.480764394377417e-14
9046.936398313808,754.9905569686354,5.930673160817983e-12
9049.523350099063,755.4217360031726,-1.2489966293783598e-12
9052.8168061331,755.9708496935554,3.602875918945029e-13
9053.7234196754,756.1220432753942,8.312126660865595e-13
9054.31868938487,756.2213230904919,2.1145607162194975e-13
9061.552338511552,757.428281595382,-1.0154081052726398e-13
9064.874623467327,757.982938936031,2.1611899292809536e-13
9065.751565059374,758.1293787445674,-2.352788392723242e-12
9066.163176959199,758.198118387233,-5.903579001240671e-14
9069.380273222629,758.7354845431481,1.633592497864315e-14
9070.690202374542,758.9543425588391,-6.651684865294841e-12
9070.865281700855,758.9835965461199,-5.851128734678458e-13
9072.166773465999,759.2010803760875,4.563928774876681e-12
9074.216113385259,759.5435954978751,1.5055101190899169e-12
9078.072493445596,760.188338885137,5.1633922690069294e-12
9078.925248098953,760.3309468616164,4.3694625467939216e-12
9079.26064132473,760.387039055218,5.0750040987227973e-14
9087.24129557701,761.7223594608231,-1.0700278700118284e-16
9087.819126126718,761.8190874239178,3.3509635981772103e-13
9093.244468794137,762.7275815832568,-5.870725178331838e-13
9096.061907305932,763.1995862199474,1.0243377433956268e-13
9098.782312319046,763.6554736188477,7.774489755302319e-14
9100.280117973984,763.9065351428457,1.5672178802171733e-15
9100.372509489614,763.922023121181,-3.971654117812794e-12
9101.247623928075,764.0687300331576,2.0207339456721525e-12
9108.709227144927,765.3201893841791,6.2847858362497015e-12
9112.273247492663,765.9183084485592,4.772293615119168e-12
9116.203034948388,766.5780823155244,-1.1680175548531324e-12
9122.18005297668,767.5821120609237,9.170603796475984e-14
9124.349205918577,767.9466528439231,-2.972576598657285e-13
9124.594316975415,767.9878508606556,-2.501304048043678e-13
9125.31952315132,768.1097492570487,2.2636496262018324e-14
9129.048919120416,768.7367686728944,1.6615124218783363e-13
9135.468205123852,769.8166364954959,-3.812796725583948e-13
9137.157823782089,770.1009944245964,-2.364584226552742e-13
9143.075356813311,771.097312712506,5.375874631321878e-12
9144.256192527295,771.2962038806579,5.632185244065813e-12
9149.105390702021,772.1132360032883,-1.4741375963223136e-12
9153.74168240652,772.8948009698232,-9.542288982688413e-13
9155.639428006192,773.2148284984506,1.5741507588613557e-14
9155.96919512385,773.2704457503103,-4.969823482469026e-12
9156.017008165825,773.2785098800791,2.9700652817408206e-12
9158.159441532669,773.6398951091999,6.749755978210323e-14
9159.839638679063,773.9233695816116,-1.8004505082251542e-13
9161.9767281309,774.284003779167,-9.393892849991427e-13
9163.50547205426,774.5420311842902,3.596176401536366e-14
9163.669863550556,774.5697803904334,-2.9977995528860418e-12
9164.318992148967,774.679357851933,-2.2945083953600826e-12
9176.678872900673,776.7672733647976,-2.90000937209471e-13
9177.25079869996,776.8639550988275,3.5693633345767126e-12
9177.973052500658,776.9860577802256,-1.1638551017529185e-13
9179.755062674521,777.2873617077071,2.8891278707074995e-12
9181.170882450726,777.526791524532,2.934518334509049e-12
9182.02363710408,777.6710190036226,2.1099790274993748e-12
9188.41029878204,778.7516290626008,-7.441908701531452e-15
9189.584383166279,778.9503634925215,1.5389282650693902e-12
9189.708555978856,778.9713834095826,6.224398684337701e-13
9193.52682670215,779.617877181767,4.086024383582628e-13
9194.893147379353,779.8492821797911,-3.707019333284866e-14
9199.369125184377,780.6075907754794,5.123919868220018e-14
9202.405939303018,781.1222901110914,5.6260803916186e-13
9203.21608373285,781.2596274504396,-2.4699382505363714e-12
9205.918770943892,781.7178799533958,1.7086947883134172e-13
9206.780104080572,781.8639510488174,-2.5423510357553418e-12
9211.537192932761,782.6709387084878,1.6569293546969742e-12
9217.345459674794,783.656812309597,-2.338106962567025e-13
9217.98108916453,783.7647394207681,-5.051518350404444e-13
9225.554068017209,785.0511707021593,-1.6717875641143313e-12
9225.851210809406,785.1016682545157,-1.2852206277779568e-13
9229.860733700585,785.7832205430943,7.984439907474404e-14
9231.808119495807,786.1143506235248,2.385891936347602e-14
9232.682108712641,786.2629849352763,-1.2686261503418813e-12
9234.43838343652,786.5617070079221,-8.657767196052427e-13
9237.938700093788,787.1572399644676,-4.914735803706433e-12
9245.203428585397,788.3939585029877,9.496479079655642e-13
9246.158137362772,788.5565566102929,-3.109696702155352e-12
9248.084147497957,788.8846298377223,2.7124839350517547e-14
9249.037589957152,789.0470628592988,-2.9192018032262247e-12
9259.157584104445,790.7721856471144,-4.608113670362457e-13
9267.659116545658,792.2228725867478,3.651316521801656e-12
9269.504830409962,792.5379979399581,3.849238032523796e-13
9271.996156111241,792.9634504370342,-7.091076155086819e-13
9273.666649552675,793.2487905403497,-3.9595465724278e-12
9274.966173067665,793.4708001262721,-3.104555875738792e-14
9275.11453281893,793.4961477691654,-4.812116626150296e-13
9277.514874419314,793.9063086164092,3.741671185225594e-13
9286.226360955541,795.3957844313011,-7.633728692302904e-13
9288.021168306108,795.7028313534785,-1.8897891876097752e-12
9288.851422077792,795.8448872089127,-5.522809295970655e-13
9290.617682699729,796.1471354393063,1.4767189315952574e-12
9295.967790818118,797.0630139132786,2.9493136837962924e-13
9299.441246803777,797.6579128817797,-1.2677659388102986e-12
9299.603670049932,797.6857365578948,1.1664948611519284e-14
9302.115246189622,798.1160402834454,-2.281824696271136e-14
9302.43249832368,798.1704027745299,2.342450903124382e-12
9303.501817305234,798.3536487475945,-2.0584199161886798e-13
9305.143764018036,798.635065212368,3.761663487133561e-15
9306.123784955722,798.8030565881271,-3.5410641777571152e-12
9306.336973619058,798.8396029021683,-6.524301403170505e-13
9308.14753052154,799.1500151667444,1.7654180959841751e-12
9308.415985488553,799.196045767204,-5.5341158482417026e-14
9323.281255436345,801.7469896139515,-5.188879608521898e-13
9326.057208946217,802.2238061402875,2.902033981871702e-13
9326.361381710449,802.2760615380304,-3.8594070340169435e-12
9326.696774936225,802.3336824345089,4.505272614087862e-14
9327.745843479366,802.5139268516616,-2.840891851653412e-12
9330.667906297254,803.0160843446149,-1.0050705490370154e-13
9331.029736904964,803.0782760019398,5.553043652038113e-12
9339.154391118482,804.4753813897689,1.1083736867754099e-13
9339.837410360524,804.5928879329462,2.4750250509727682e-12
9344.409998374536,805.3797767313267,-1.816304983231704e-12
9346.218445930323,805.6910956426615,-3.8462232895866867e-13
9350.25651555011,806.3864548579868,3.2265381391925687e-13
9351.611023175663,806.6197695626292,1.075282876069523e-12
9354.427054272694,807.1049406815204,2.0145289576866014e-12
9362.89160259847,808.5641685087381,7.773699746294484e-13
9366.137245590488,809.1240442958953,-3.0509423009591616e-12
9367.203188907168,809.3079626265885,2.0344204166230416e-13
9368.69986934046,809.5662358552464,4.121871241512285e-14
9373.625709478854,810.4165501324935,-2.679036641373625e-14
9380.494575622515,811.6030219597747,-1.75862620296731e-12
9383.638264490502,812.1463270026422,-2.0790451438655948e-12
9391.238245111283,813.4605384750533,-1.663565013252857e-13
9391.467183326538,813.5001436668082,3.1171803075681157e-13
9392.214188452135,813.6293786154152,4.318821196289045e-12
9395.625207065508,814.2196294480057,8.684961163124577e-14
9399.230430221987,814.843718876628,-4.9340785005953154e-12
9400.983752570648,815.1473178129245,2.972452638697865e-14
9401.114112326746,815.1698926969623,-3.422399558800545e-12
9405.705825557536,815.96525646543,1.796285134458078e-13
9409.769348434183,816.6694525074286,-7.168277978989276e-13
9413.995012363876,817.4020697097644,5.161038847564633e-12
9415.560881499176,817.6736330994383,-5.345906279071899e-13
9424.143694336279,819.1629235695552,8.901787209622036e-13
9426.363894888435,819.548393881539,3.439542227640651e-13
9427.856215531785,819.8075410091908,6.689380357992898e-13
9431.370172394249,820.4179149443712,1.5282362537699241e-15
9432.371427895414,820.5918745578304,-1.223796249305468e-13
9432.931681739612,820.6892219479499,2.9081536339166746e-12
9434.064422218495,820.8860599101382,1.864479262043176e-12
9436.142308866354,821.2471987432824,6.073793516789004e-13
9436.630139440222,821.3319957259527,-6.878469439667179e-13
9437.441691284781,821.4730731602451,-3.7007940876178795e-16
9437.861458378262,821.5460488159061,-1.6976720352489956e-13
9443.830180116254,822.5840501539737,-3.856602282198015e-12
9445.497297892804,822.8740905292291,-3.011250876226923e-13
9447.763202140237,823.2683881406315,-2.806878869996342e-12
9452.133148224359,824.029084225782,6.155473719282917e-13
9454.472036577525,824.4363695172816,7.685883330958907e-14
9458.36680816793,825.1148141256828,9.269564192170057e-14
9458.963763934416,825.2188247455927,-1.396296748425361e-12
9466.928668634644,826.6072184358053,-2.5485602140047456e-13
9472.719778409959,827.6174231501922,2.191262552038964e-12
9474.79471268261,827.9795262745682,-1.8632136012762946e-12
9478.145121077287,828.5643837053561,6.243976860226077e-12
9485.401271085495,829.831748067953,5.764436489981313e-13
9490.348486883899,830.6963883790871,2.255297348820472e-12
9494.475572354422,831.4180368899499,5.7770572997968885e-12
9497.173899775491,831.8900271240178,-1.632958715341743e-13
9497.402979087301,831.9301037520278,9.084828093603937e-13
9499.176410777809,832.2403921605161,1.5626450322791942e-13
9500.737920123167,832.5136495471507,-1.5169131325976816e-12
9503.509372746521,832.9987523813741,5.537698732303088e-15
9506.169590830565,833.4645182969729,-5.854711851471182e-13
9506.737156839908,833.5639078131508,-1.8812531408443599e-13
9508.655854809922,833.899945202441,-5.609349494685633e-14
9508.947653687106,833.9510562856507,-1.0796223348078245e-12
9511.93848191732,834.475016000439,8.80486553232612e-14
9514.27737027048,834.8848779398894,1.356554300716776e-12
9517.95895319754,835.5302350349664,-4.281644164387365e-12
9518.536222911833,835.6314492349101,4.122687242098755e-14
9524.731491325252,836.7180681985337,9.917961279377687e-14
9533.993245807522,838.3438519615411,-3.287049377638816e-12
9534.086621448223,838.3602509189192,4.341917649409265e-15
9535.711552290912,838.6456526866831,4.401309143678885e-13
9538.575396429891,839.1487747585446,-1.8294111590853377e-12
9539.415777196184,839.2964420903659,3.8160933430285565e-13
9540.87926891779,839.5536302887828,1.3247272131372223e-13
9542.584778224465,839.8533994720649,1.3622530803481636e-12
9543.737910238315,840.0561103112381,-1.3681822962423866e-13
9546.877380412898,840.6081266947461,4.474753433927447e-12
9547.73969767463,840.759780640156,2.3084952549742363e-13
9548.710438197022,840.9305191482716,-2.1370210396926206e-12
9554.040154780385,841.8682445937071,1.8698441513754475e-12
9561.486149541728,843.1791901815815,1.7516623473283478e-12
9562.762470243084,843.4040023809383,-4.723614882821968e-14
9562.937408472839,843.4348184858535,-1.8496714496655756e-12
9563.25564473196,843.4908785868413,5.942093293557187e-13
9567.30637043187,844.2046123544816,-4.754796408089927e-12
9570.077681958659,844.693088770618,1.2492683540617679e-12
9575.354664874701,845.6236105582467,9.310254588972336e-13
9578.099680116113,846.1078582408077,6.983664143091254e-13
9578.715059167425,846.2164362031966,-1.390024576772361e-13
9578.987732827823,846.2645491879365,-4.038867338260648e-12
9579.81475203118,846.4104842456313,2.046531821441653e-12
9580.061129406193,846.4539622092894,2.761437564519028e-13
9582.961816564015,846.9659275865218,-9.98399583421988e-13
9583.917509466448,847.134639382752,5.972437745047995e-13
9585.304080582042,847.3794455230346,4.839216083835563e-15
9586.18214739569,847.5344909728531,3.753653344816302e-12
9590.697359759286,848.3319930094109,-4.561006611277797e-13
9591.528177917186,848.4787776631395,9.41785902426039e-13
9591.821945044505,848.5306819621147,2.2292264515144672e-13
9596.262906984193,849.3155278035807,-5.3387676738370856e-12
9597.328850300863,849.5039647440357,1.9460383684199107e-13
9601.673625321198,850.2722484763628,6.791190143297331e-15
9602.725505142978,850.458303982721,1.2910119035817099e-12
9607.180530577554,851.246530622027,-7.760718132151222e-15
9607.25703144471,851.260069096004,-4.774870718781049e-12
9609.602106741384,851.6751329158079,9.96134494582979e-13
9610.184297081018,851.7781927007271,8.555566322977162e-13
9614.639322515592,852.5670314428189,1.8059780137217788e-13
9615.899188182251,852.7901786043009,-2.3975855667892267e-12
9617.859512250709,853.1374489628109,4.301371452893485e-13
9619.23834791149,853.3817513672375,-5.283524153361055e-14
9619.705226114986,853.4644808863749,2.8672246530217027e-12
9620.19179037067,853.5507029919864,7.644201729984207e-13
9627.219002163585,854.7964534008946,-6.434796766332333e-14
9630.218408877106,855.3284508308666,3.221339145604968e-13
9634.893935140159,856.1580679913735,1.921832024907481e-14
9636.484132310688,856.4403215511311,-3.533119608685463e-13
9639.385944690128,856.9555015568154,-3.0721768120029284e-12
9645.68316722754,858.0740271371076,-3.448527361853553e-12
9645.919981994162,858.1161049132518,-1.6876520706574116e-14
9651.99121869153,859.1952085311536,-8.973762883038379e-13
9652.678456626947,859.3174012080988,-3.256917069308364e-13
9656.149242430458,859.9346487933468,-9.539431818814118e-14
9658.56730183286,860.364809745334,-2.3249381415059046e-12
9662.293463233553,861.0278865156902,-1.2420834685480326e-14
9664.59227399954,861.4370913742097,-5.725591555147382e-14
9670.710198517254,862.5266002303721,-4.578046195214718e-13
9676.106853359353,863.4882343129851,1.5084338952678515e-12
9680.04929689514,864.1910804772543,-2.949775591896349e-12
9680.634862899646,864.2954977235269,-3.834100902950273e-13
9681.525867986558,864.4543925234723,1.0022873185256443e-12
9687.015898469355,865.4337637946815,3.3942504007696514e-13
9687.762903594941,865.5670655949604,4.9857609292819345e-12
9692.955932382101,866.4940369015264,3.1725959217258997e-13
9696.497451848089,867.1264937201734,-1.215386214302138e-12
9698.088350950575,867.4106771987343,-2.851361474070431e-12
9698.950668212301,867.5647330504162,5.15446513667857e-13
9699.61596965228,867.6836007298868,-1.5187383455576297e-12
9701.292932230317,867.9832554532516,-2.7119857992510607e-12
9701.817746919582,868.077044694664,3.4530798703616344e-12
9706.442507765438,868.9037516030154,3.9722786781803387e-13
9711.109596641703,869.7384243442729,-6.171437210877867e-13
9711.997226063746,869.8972154116401,-6.0689494402401334e-15
9714.89074215296,870.4149471834374,4.868010670457564e-14
9718.997577185031,871.1500407817668,-1.157748401842675e-12
9723.826105182381,872.0147095483276,-9.26531720029962e-14
9725.874178783406,872.381598093859,5.337663833301567e-12
9726.189321570766,872.4380591152797,-3.568686237130523e-13
9726.422619575955,872.4798579936969,1.1083460908882606e-13
9727.923518702613,872.7487908247167,-3.6108670330634057e-12
9730.694971325944,873.2454919481041,-2.0716855538286772e-13
9731.147786034544,873.3266590734002,5.652119819670531e-13
9736.43869134889,874.2753347857813,-1.4492662975486985e-12
9738.754937723814,874.6908072223323,-2.2988646631232794e-12
9740.075695802261,874.9277600180961,2.4674383639226163e-12
9740.19002381333,874.9482727358728,1.3552520818449493e-12
9740.28339945403,874.965026360548,-1.0014011050360784e-13
9746.927687172278,876.1575686808494,-2.438182572466924e-14
9748.730931909578,876.4813622842219,5.991389917213434e-15
9750.020751719592,876.7130012042642,8.872717937961533e-14
9752.230966373663,877.1100052126579,-8.395730649433106e-13
9761.390064799869,878.7561433343576,1.0209359362764837e-13
9762.528008097193,878.9607704952755,9.173031853675182e-13
9765.395086804467,879.4764398840027,-1.0028434018571424e-12
9765.761277202113,879.5423133612256,-3.981979464225325e-12
9766.868423327562,879.7414913493777,1.0581781398626779e-13
9767.177096978285,879.7970264334776,6.163653890049445e-12
9773.37588215307,880.9126536879003,-6.103682614267777e-13
9780.56706215257,882.2077742042487,-4.530730792963772e-12
9786.01153003662,883.1889481604919,1.6017459788278655e-12
9786.248344803236,883.2316380895384,-3.161877779704573e-13
9793.855496492488,884.6035074198535,-5.075005231915623e-12
9794.696438094177,884.7552277748205,-6.387886878769912e-14
9797.877534367177,885.3292701966272,-3.096985131910003e-12
9804.49636882854,886.5242645916416,-1.2463264953547797e-12
9810.640589631605,887.6342923500139,2.1725640063814566e-12
9810.762653097485,887.6563516354531,-8.570680560502619e-13
9811.688674049657,887.8237108980646,-1.0253681815986292e-13
9811.793862741997,887.8427225922326,-5.059025346120837e-15
9817.959459205094,888.957442144946,-4.153377962593222e-14
9823.52472423684,889.9642250505788,-2.2434856062323276e-13
9824.119993946291,890.0719459473448,-2.483593721655661e-12
9824.972607503065,890.2262475415706,-7.239747448721791e-13
9830.117964344778,891.1577118724564,5.1578750804997246e-12
9833.071106527594,891.6925396956367,-3.652346639129146e-12
9835.315494018403,892.099116179475,-3.940672809728918e-13
9836.415186882148,892.2983622003086,6.956065988564606e-13
9837.25556764843,892.4506402069904,2.4443900100169454e-12
9840.47575738352,893.0342628967838,-2.4328659349089574e-13
9843.291788480492,893.5447929985878,1.7997691878579954e-12
9844.67596805627,893.7957902734116,6.80533849968813e-13
9850.255014389792,894.8078126413222,-2.1007813139712128e-13
9853.356516323867,895.3706638109063,1.461817208179673e-13
9859.392878252482,896.4666325133614,8.498364897513955e-14
9860.602260695063,896.6862900672342,-3.025692103468166e-13
9862.168831762292,896.9708630825176,2.581472275752783e-14
9863.335321788241,897.1827893658182,2.117593404622177e-12
9866.657606743907,897.7865148232046,-5.571866451159073e-13
9867.62792397662,897.9628791853935,-3.781562938833276e-12
9867.781909836003,897.990869170716,7.789007729715049e-14
9868.736618613355,898.1644161832489,1.4257809965741879e-13
9871.688494477989,898.7011145469359,1.2115259021911787e-12
9871.934448563332,898.7458401874833,-6.88222395414083e-13
9874.536447968458,899.2190702897948,-4.6624673168139364e-12
9882.49474243537,900.6672330324222,2.0127155122948626e-12
9891.35037002926,902.2800539703982,-4.4705384790251045e-12
9891.400994349888,902.2892780189611,-1.1053320736904653e-12
9891.523057815768,902.3115188935354,9.754274432096353e-14
9895.98637954051,903.1249579256248,3.74335174961769e-13
9898.859786287847,903.6488296016923,-1.9973651093517688e-12
9899.513415772733,903.7680187787773,4.3500478826364186e-14
9900.40315454146,903.9302750737498,-5.769605515553252e-13
9906.95912834087,905.1262980818516,-3.958380870948735e-13
9909.632143601582,905.6141702800255,-3.3934515933709195e-15
9911.413169650323,905.9393118554971,2.7857018077619248e-12
9912.876661371905,906.2065285507387,3.064745978075797e-12
9912.962865944011,906.2222697409613,-3.5183805082029753e-13
9918.146332122731,907.1690363990522,-4.0638559059394274e-13
9920.61220456708,907.6196048501299,1.140723351163112e-12
9925.067230001603,908.4339187346529,-8.261258266604886e-15
9927.722245267149,908.9193907939756,3.967404226936815e-16
9940.990146975475,911.3473850151871,-1.852626592131029e-13
9950.968952439816,913.1756190676929,-2.8317217936122147e-12
9952.75419718194,913.5028902496409,5.515184377428974e-12
9953.989032881382,913.7292947583272,-6.110372861883789e-13
9956.429593165416,914.1768489314707,-7.93278021022185e-13
9959.27093642269,914.6980376066355,-1.6690984981679817e-12
9959.802502441691,914.7955594772676,1.1734206383345467e-13
9960.140989139221,914.857661448795,-6.609551427200442e-14
9961.854935832644,915.1721507224544,2.0645811129342152e-12
9963.000332391663,915.3823478270838,4.56639860734739e-12
9964.808779947403,915.7142737361819,-1.6149507636358172e-13
9965.334017926327,915.8106882047879,6.759026068740941e-14
9967.671781057825,916.2398775958441,-1.8158806660018442e-12
9973.429000189388,917.2972733649003,-1.0812253330930038e-12
9973.892502728006,917.3824288024247,-3.5061793267492896e-13
9980.804120191578,918.6527118514272,-4.55801118638703e-12
9982.471237968093,918.9592423979927,1.6521798680297692e-13
9983.624369981924,919.1712970751404,5.056183336750695e-13
9987.893769356662,919.956629522221,2.97527437356979e-12
9989.781670154767,920.3040055168801,1.6685777419325034e-14
9994.385055340537,921.151309094406,1.5922499975507776e-12
9999.060581603526,922.0122906086402,4.459595446254691e-14
