f0,sigma,gain
4.023164776978619,1.1514416237291516,2.5259898952504974e-11
5.5219095454592955,1.15157338345258,-9.238339083394316e-12
7.726168659205542,1.1518423456276856,-5.131583942642763e-11
8.474027180213696,1.1519539330873965,-4.723447539542936e-11
9.694787758137705,1.1521582163463238,1.72751324236129e-11
10.575049236721709,1.1523225542085553,2.0294668438969347e-11
11.675387709292462,1.152548051080594,9.595749962069274e-11
14.076943769564137,1.1531176707309119,3.049344314355782e-11
14.381434639196582,1.1531974812442949,-3.794979587840192e-11
14.887709827035891,1.1533339622932606,-1.1698197440183319e-12
16.02957417659816,1.1536591181113527,4.278398514030998e-13
17.79822379537731,1.154210168373148,-5.702088411537568e-11
17.920536702654832,1.1542504071108977,2.376505209017804e-12
18.252405788084967,1.1543609743121122,-6.795096487671288e-12
20.549410851604247,1.155181873245983,-9.398732497814139e-13
21.923471404732734,1.155719391584511,1.2706417088284413e-11
23.118993581394296,1.156215361651148,1.0845416999440848e-11
23.481569428929078,1.1563709817599277,7.506952685706077e-11
23.908159871286585,1.156557178052331,-1.4121921337858384e-12
24.597976484768935,1.1568653591608509,-2.74552855313063e-11
26.45525469714906,1.1577386841317805,-1.5250479460704312e-10
26.759996845029715,1.1578880475773754,-2.0280269921000986e-11
27.99252932954403,1.1585096006472984,3.146900010184987e-13
28.689283013406442,1.1588733470286465,-2.7495439048235276e-11
29.04967271506795,1.1590650006268044,6.031342792236232e-11
32.31184366214496,1.1609086506323685,5.141479769181149e-11
32.37783665823417,1.1609479701816448,9.0623014872411e-11
32.801056998583235,1.161202037729877,-5.022657482399026e-13
34.36569886263269,1.162169970065856,-7.433491708593739e-11
34.971835301883445,1.1625570623068693,-3.0590186807078235e-11
35.47252501688105,1.162881918073276,2.718661551387635e-11
36.43725514964729,1.1635208719136583,-2.019424663186652e-11
37.316093031199685,1.1641178607217002,1.5101242258744668e-10
38.33386240321642,1.1648270035806945,1.273350482018935e-12
38.58276413174185,1.165003332611752,5.720178712639332e-11
39.89502202789777,1.1659518419652164,-5.97232158092389e-11
41.22641795918366,1.1669466025218374,3.223133303636123e-11
41.97242102225438,1.1675182569297136,4.605607864493102e-11
43.20787995019642,1.1684875233395469,-8.973619939775047e-11
44.591774559300205,1.169606630062012,1.4166723462581445e-12
45.5758063156191,1.1704238429594225,-8.612206246727199e-11
46.74460614683432,1.1714176762868085,-8.171328189181549e-11
47.25342016162265,1.1718581839620485,1.9996630129933413e-11
47.58933151072342,1.1721516139547767,-2.476850999249199e-12
48.69204353275781,1.173129481592359,9.058622520270363e-13
49.69495530463604,1.1740382979227104,1.8012303152356238e-11
50.529453124949484,1.174808623624388,5.031757327958444e-12
51.57583488027239,1.1757926666177267,-2.1329183634178207e-12
52.03069813600765,1.1762267205317134,-3.191592354461665e-11
52.99163350550141,1.177156225070834,-9.091051198838183e-11
53.100991355515994,1.1772630840049505,-1.989986780029326e-12
53.29331644128539,1.1774515487009118,-3.368190964255786e-11
56.406018837795834,1.180596524269769,-2.9900239771351108e-12
57.53908547135641,1.1817856473291684,8.091364977564169e-11
58.14213066164299,1.1824281698930268,-2.157236380702275e-11
59.287057602331835,1.18366648027337,-8.341737315051728e-13
59.96762409499064,1.1844139983178104,1.3687335412986816e-10
60.44391833745831,1.1849422235362004,6.662907793034201e-13
61.73706164642447,1.1863974344433865,4.033900569059148e-11
63.17547333145344,1.1880523083356944,5.4458423842384554e-11
63.778223576380455,1.1887570962166754,9.00208748443458e-11
64.27621913242773,1.1893444446271053,-1.9917156957405615e-11
65.2141585537861,1.1904630785032368,-1.0634434340636045e-12
66.11060191011279,1.1915473677488486,-1.1063304498886226e-10
67.31582922824998,1.193028475029464,6.46458050127906e-13
67.67285566988663,1.1934723630532693,5.353048454622851e-11
67.72633497905417,1.1935390556361087,9.990448449074124e-13
68.67836389792208,1.1947351216550113,4.375375817075931e-11
70.71632463052518,1.1973516034515053,2.6960550543195914e-12
70.74795568872031,1.1973928166381311,-1.3553392701417673e-10
70.9083644175304,1.197602102375648,-1.208837141758823e-12
71.9791997908514,1.1990113678813157,6.574153383146301e-11
76.01279422393559,1.2045093855451188,-1.4649707493844295e-11
76.10766263032468,1.2046423038843774,-6.411056958304592e-11
76.89441402361949,1.205750994894744,-2.993833056981426e-14
76.95012153732135,1.2058299302432676,2.9995090692156228e-12
77.2173892592324,1.2062094331024587,-2.774243762035868e-11
78.44826121876523,1.2079741756190672,-5.3006639466728006e-11
80.77885244088175,1.2113920713454127,2.338188557926119e-11
80.80821597500842,1.2114357722681328,5.187666623599657e-11
81.13564808225838,1.2119241562828877,-3.1603112639410736e-11
82.23536963575272,1.2135789102517935,1.155825132632905e-11
83.91536051600517,1.2161498083224203,-4.516010630234192e-12
84.06814625593897,1.216386196169361,6.420216119142273e-11
85.27238182424776,1.218264422999936,1.9211984062626925e-12
86.27712050583506,1.2198519395628242,-5.927804576163174e-11
86.63385133561177,1.2204200579896776,-2.539101930347266e-11
86.7919044324554,1.2206725178197124,1.2847890676669515e-12
86.87920286014698,1.2208121577666504,6.348318622865024e-11
87.84777837126065,1.2223708814640817,-7.29621107162771e-13
89.93232941695175,1.2257841572484656,-3.815088310501817e-11
91.43736349946454,1.228298281472912,1.364346946410216e-12
91.61193799752337,1.228592604714495,-1.7661890456081597e-12
92.5073948913117,1.2301111220596153,-6.59500733868007e-11
93.96341225482371,1.2326117730630821,8.501463666828553e-12
95.16732563307771,1.2347089401703817,-8.244730340542871e-11
96.04088843307382,1.2362473652696817,-1.9023975607432815e-12
97.4192975726108,1.2387034617630852,3.3789719386267705e-14
98.72693343888737,1.2410658021325192,-1.3568888233075356e-11
99.20770748250125,1.2419422750480396,5.393025258696319e-11
99.46952352674904,1.2424213682796825,9.929332172860026e-11
100.03981351798748,1.2434693040266587,2.1152690312376684e-12
101.47603258771855,1.2461349690359091,-4.2453837304419763e-13
102.57518199732583,1.2482006897059752,1.552670214347501e-13
102.79637467032477,1.248619084923692,-1.0084627961478553e-10
104.22273973480891,1.2513387587374036,3.44000120015691e-11
104.4070498671693,1.251692920125477,8.624555654307024e-13
105.79277101240433,1.2543756927477856,-2.1683490410966762e-12
105.93344548958233,1.2546500178985982,8.164047055873522e-11
106.97156963631275,1.2566857042485013,-3.410886024346852e-13
107.16340122731768,1.257064045248558,3.8833116825906495e-11
108.7769873576427,1.260273281658569,-2.4975812800315126e-12
109.19899018977331,1.2611205084477126,-6.338816121549162e-14
110.26865744850049,1.263282703610771,-5.124973866000448e-13
110.45069840353386,1.2636527747399973,3.827189613207096e-11
111.29770683426298,1.2653826863696733,-9.373959943056934e-12
114.2982194672584,1.2716171973296428,1.1420385081664667e-13
114.88568465653525,1.272857255135814,1.7528732447343532e-11
115.58896223340349,1.2743501375734076,-4.6508319777373943e-11
116.55700556110277,1.2764199530054705,2.147129381996502e-12
117.14895718680678,1.277694135665854,1.6027442243517133e-10
117.41070068277082,1.2782595995841968,-5.762152038283026e-11
119.06015903106338,1.2818520821041086,-1.8227675676451043e-13
119.08949909109344,1.2819164377480932,2.7202721110607187e-12
120.86528929868817,1.285841050021504,4.341204541254515e-13
124.11817749943611,1.2931808055259588,-3.1405846008890935e-11
124.20014190047904,1.2933682659995842,-1.8196932368296974e-11
124.5543827943654,1.2941798722147957,4.621102495970872e-13
124.74617190993457,1.2946202474430333,1.3937124088237241e-12
125.10266218369057,1.295440600295534,-2.2535484410875097e-11
125.29895287401969,1.2958933023944765,6.655189820387898e-12
127.13027823254119,1.3001510590220224,3.6967318281215765e-11
127.70563017255651,1.3015014822062534,5.872701235703674e-11
127.91169510341005,1.3019866255240053,-1.5870595440445939e-10
129.23608763663336,1.305123341439928,-2.7858313429745903e-11
129.69408091636765,1.3062155798363086,-1.462003508037983e-11
129.71138764015126,1.3062569292798714,7.154265275856697e-14
130.7808053509535,1.3088226995239656,5.141229177301866e-13
132.99031334400715,1.3141905263730576,-2.196710615099731e-11
133.52652116498405,1.3155067614811755,2.69895268501407e-11
133.684456570735,1.315895456948867,1.45444609501665e-12
134.63501888965737,1.3182445946278714,-5.9810486385852e-11
137.01892094005208,1.3242091777496263,4.895104021072112e-12
137.669426826615,1.3258549401955075,3.4149774012714765e-12
137.73935219084913,1.326032313475515,-7.740547354276527e-13
139.99763081893988,1.3318091079695433,2.758568656090403e-11
141.0647114084455,1.334571437976754,-5.2881043752675345e-12
141.25647419801953,1.3350700738136219,-6.3857988706630394e-12
141.77984576741363,1.336434430665007,-7.812903315737285e-12
142.054333917006,1.3371520001669837,-9.333449502939598e-11
142.682235595495,1.3387986853299227,-8.087936971683203e-13
145.25550831144872,1.3456230164799932,-1.5730046073907835e-12
145.42996111895982,1.3460900810949759,-3.027288618835241e-13
147.23469303755627,1.3509548101192688,-1.5815209295112108e-13
147.2730298681473,1.351058799399826,1.980736643212888e-11
149.31008191247795,1.3566232747440121,3.974419093395601e-11
150.4086829397469,1.359655975887397,-1.4535699013705534e-11
151.95169320143188,1.3639530156385646,-1.5154379979349244e-11
152.2396694537261,1.3647598404290968,-8.074086781475242e-11
152.56977972918105,1.3656865916122118,3.470898337943349e-11
152.81491769639396,1.366376090439061,9.242110020403236e-11
153.1495286393736,1.3673190363540815,9.19158834771136e-13
153.498418031662,1.3683044158163458,2.203677678754978e-11
153.8525824296702,1.3693069869895145,3.6256190518936847e-13
154.80301978970522,1.3720089123231984,3.193183447025069e-11
155.53842400999773,1.374110955218165,2.833776307064505e-11
155.60383999787894,1.3742984195256318,1.0148911730336937e-11
156.60765636891298,1.3771849679331047,1.1626926893796637e-10
158.09870573095478,1.3815068531054246,4.797867921129922e-11
160.45595984395294,1.3884230293584627,-3.31781947711768e-11
161.51616359443,1.391567034792955,7.01819219530463e-13
162.1266943012734,1.3933869418931322,-1.069146814356136e-11
163.00717819281417,1.3960236333479326,-1.0864872237531664e-14
163.18914069136537,1.3965703176801143,9.128396997440395e-13
165.96589676736573,1.4049884145088303,3.0794834345746096e-12
166.36364865057925,1.406205880611169,-1.0049591318008089e-11
166.88694968196745,1.407812075385313,1.706427532131624e-11
166.96516359751394,1.4080525746970116,2.2423057054415397e-11
168.14561099491348,1.4116960070517086,-1.2975821928921908e-11
168.69148612810437,1.4133895215025474,-2.0209494706480585e-11
169.88472647451977,1.4171105247761184,-4.5037032526416093e-11
170.55164442791786,1.4192016692617637,-4.192974339513095e-11
172.37943506556388,1.4249747678625941,-4.326155349351302e-11
172.89372099132552,1.4266102399406662,4.662606046561292e-13
174.54031537280514,1.4318793184673364,-6.747290823568723e-11
176.52900229461844,1.4383096738118066,-1.0384411292106664e-12
176.5673339130453,1.4384343335032503,1.5540435474225793e-11
176.80717095755216,1.439214931004566,4.3520805799020085e-12
177.90563642911698,1.4428036459201095,-1.591692549494344e-12
178.6041142966242,1.4450971511872375,-4.813083752938589e-11
179.51387034971967,1.4480978801196116,-3.348537035178082e-13
179.73640302423166,1.448834200082073,-8.841310962668434e-12
180.64390504388564,1.4518464037461132,4.459628323350196e-11
181.5070244485634,1.4547253672852967,-6.770842714146769e-11
182.29945753814602,1.4573806374445444,3.496609306977088e-12
182.70998618917054,1.4587607777943632,3.9614919944346315e-11
183.51219239255394,1.461466644119787,1.2262564632404926e-14
184.89709436234475,1.4661658587603243,6.663867725322764e-11
185.56095320191724,1.4684309748031397,7.246496168744854e-11
185.59478258110164,1.4685466195432455,5.253775509751121e-12
185.72109785145187,1.4689786109018887,-4.656993160936211e-13
186.296267619364,1.4709493763679329,-7.407747234022658e-11
186.6233077732212,1.4720726664892192,1.172789053324178e-11
189.62235753271978,1.4824654254955336,-1.1707402500977114e-12
192.2733187050826,1.491789887599339,-1.834618692489322e-12
193.2499205659216,1.4952576057358324,2.8340672832175413e-11
193.79349995842878,1.4971953584466706,1.485953902076297e-12
194.3821595926335,1.4992999520004004,1.86857713063111e-12
194.8625813614655,1.5010223008190011,-9.063922381267691e-13
195.05429980069567,1.5017108129599641,7.362408688560904e-12
195.60687856939987,1.5036990590180606,1.9985253356748067e-11
195.6557576443677,1.5038752026857745,-6.598652171343924e-11
199.1862795338766,1.5167144029357709,-3.848988195571996e-11
199.43812683147146,1.5176390518427385,3.9292271135417816e-11
199.87416483541762,1.5192427133384734,-4.737238638933867e-12
200.64102838258788,1.5220715819017647,1.177308494130299e-10
201.67098875392708,1.5258880285924823,-3.394207788814965e-11
202.77240042098623,1.5299908545418246,7.197371847842146e-11
206.09834919051224,1.542515841372014,-5.270435954468475e-12
206.22465774883187,1.5429955152038368,5.256082839956071e-13
206.69226600179638,1.544773878681893,-7.475502024145214e-11
206.94488275305068,1.5457362825536496,1.575457192703884e-13
207.7906409177684,1.5489669563932607,2.734025828346569e-11
208.74920287253778,1.5526444541607032,1.7825165963177441e-12
208.80483170109719,1.5528583923318888,-2.1986792224520656e-12
209.3333407774984,1.5548937837867953,-3.267157803840332e-11
209.6212600061423,1.5560047818815979,1.518658360494707e-10
210.82413401871,1.560662845561891,1.0171401547381143e-12
211.39926775508368,1.5628994378536682,-1.165786750576849e-10
212.1841149232529,1.5659613991009924,-6.006071735338624e-11
212.98478471737945,1.5690967822065058,-4.27252177131688e-12
213.0546892881464,1.569371085544919,7.93507714854861e-12
215.47919458467186,1.5789404695871665,-9.02432857816314e-11
216.39413933970843,1.58257984570802,-2.5131629319282955e-11
217.11659974109514,1.585464472205591,-1.1438735567090956e-10
217.5744222651389,1.5872974343929245,-3.8850536728383097e-11
219.5064856949608,1.595075272457477,2.0109622396430374e-11
219.75909596260522,1.5960972794207082,5.278296576208334e-13
219.9801298511812,1.5969924993702231,4.699460416657774e-11
220.7093365465998,1.5999522764144942,-4.3650056770995034e-11
220.74316313567445,1.6000898128827201,3.1033674796866334e-12
224.26597334418958,1.6145287044109158,-3.20962555792923e-11
224.34417512491854,1.6148518226076713,4.834222158659778e-11
224.5479071380639,1.6156941421987807,-3.884415814339552e-12
225.95672920898093,1.6215397690826845,1.163878427267389e-12
227.26329552890977,1.6269937828407663,1.8959829514475376e-11
227.87448836353994,1.6295558872549458,1.132678940745288e-10
229.1637506111947,1.634983007992584,-3.716733584732439e-12
229.65616340493412,1.637063889100664,6.752854662921262e-12
229.7576416245911,1.63749327972811,8.13707976964167e-11
231.32658030629807,1.6441561585023636,-1.1479878925277763e-12
233.3052237690444,1.6526235990987883,-5.739458115731032e-14
234.32386844558025,1.657010925258588,-7.468820648798727e-11
234.33364351052478,1.6570531192795301,1.713122291727504e-11
235.98147422476333,1.6641911302713215,9.052943649363419e-11
237.91952729664968,1.6726503240215493,-3.203433442511647e-11
238.31643377994158,1.6743912730633117,1.1137911440643373e-13
238.96594247091537,1.6772464698419125,7.259780571701601e-11
240.06425509525957,1.6820922593727703,-2.6551296800243088e-11
240.08682914805186,1.6821920898461071,8.540639713749361e-11
241.022763436733,1.6863393860524982,3.7740998427600905e-12
241.89477239136437,1.6902179378935915,-1.474834197063327e-10
242.27367432724782,1.6919075965874013,-2.8053746762898776e-11
242.46987609667457,1.6927835694240314,2.2624267724235507e-11
242.67585276211662,1.6937039467592059,8.485395271552262e-11
242.93745496688905,1.694874005484447,-1.3629954080613507e-10
243.89595954046257,1.6991718455337033,-7.933691486789766e-13
244.45748891917125,1.7016975493584632,5.832753376142866e-11
245.0814652306381,1.704510946476392,7.395725827912286e-11
247.58327137711862,1.7158631668481354,2.5469532988036283e-13
247.7523974008519,1.7166347553031078,8.763911415645675e-11
248.20119705228925,1.71868482786534,-4.77977798106639e-12
250.62556826275392,1.729823272393018,-5.3306037728177454e-11
251.77948902598072,1.7351628348448824,-1.952931325511492e-11
252.26288522197774,1.7374069542291766,5.09119455225661e-11
253.004855947951,1.740859854400358,-2.518075492491616e-12
254.75714450577183,1.7490547137003616,-1.4748994118395723e-11
256.0155581963426,1.7549747830416376,-2.4600932980449543e-12
256.53875380141454,1.757444684682779,3.117004272708866e-11
256.5613273823321,1.7575513635072544,-8.298087819589133e-11
256.59065171846566,1.7576899592458584,4.708646345246201e-12
258.01593644306826,1.764445383869926,-4.9562661297052894e-11
258.22943365742464,1.7654605194798267,2.4642645010263817e-12
258.81802721005704,1.7682635097507402,-1.2570720380193503e-13
259.045799475155,1.7693499156042014,6.38417207030339e-11
262.0301809214105,1.7836728190974245,-7.902264633240642e-11
262.56694550839535,1.7862663142638149,1.1661533274639236e-13
262.5932456466478,1.7863935255106311,-3.7685768063996777e-13
263.0202378809165,1.7884606286864269,-5.041368347351783e-11
267.57044885051897,1.8106971494228068,-4.9413938762091113e-11
268.19813518115865,1.8137945373067983,-1.9131404874536524e-12
268.25375913464046,1.8140693699510804,-8.791698306065156e-11
270.1669133308564,1.8235567736532186,9.291693585920365e-12
270.29320985158586,1.8241854552137284,1.091695725641823e-11
270.933693091949,1.827378189867412,-7.483418142073505e-12
272.4078294456313,1.8347552994021923,2.8639435696209827e-11
273.6285977747323,1.8408947647158187,6.464760600014402e-12
273.7676924464634,1.8415960391778974,-5.418161100440374e-11
274.4900969940873,1.8452439226934914,4.815508897149345e-11
274.7268664464955,1.8464416150898328,-2.3643658786862056e-12
275.20947708797246,1.848886086687644,1.3236626406930943e-10
275.9935521272363,1.8528666533748397,-5.3553982279346386e-11
276.16794710238094,1.8537535556491858,-1.6797896677751978e-12
276.5573117333864,1.8557357283492475,-1.3133247637962574e-11
278.0825633416501,1.8635273572712452,8.210143973120647e-11
278.33515448762256,1.8648218355097892,-6.657958113669008e-13
279.1199299895954,1.8688511484481505,5.194007015238047e-12
281.11576142046556,1.8791495616051528,5.373118980077921e-12
281.69084048051616,1.882130564635107,7.4101792418366e-12
281.9697304692255,1.883578423604709,-1.3263292044217665e-12
282.2478466395993,1.885023692088116,-1.6150469206997228e-12
282.41471630980107,1.8858915369222637,7.804172792403386e-12
282.89732363149034,1.8884043363326466,5.176774839926599e-11
285.30283295390745,1.9009931287821855,-1.615317645444913e-11
286.4416647108955,1.906990172888944,-1.7390651165634597e-12
288.6990733872789,1.9189482128496134,2.1592511389355513e-12
290.33632866868123,1.927679880504983,8.511295319509609e-11
291.2007683433903,1.9323099530471837,2.7756598271636244e-12
291.3172880744513,1.932935103493255,-6.199938882279476e-11
291.6961705632109,1.934969608644883,3.144242407590458e-11
291.7059450161956,1.9350221300264572,3.693341348588666e-11
292.5426079134897,1.9395243201983594,1.1325955764635695e-11
294.8090063964782,1.9517848748507625,6.468872173623559e-13
294.8383296850481,1.951944125310631,2.469079899181871e-13
295.06082031325354,1.9531529551524085,-5.410932925852668e-12
295.3930797578196,1.954959875507645,-2.3843852388642493e-11
296.1282695089526,1.9589652723218203,-2.117883964134743e-11
296.6920197192395,1.96204339167761,-7.036883758779177e-12
300.04765623424976,1.9804865589756093,-1.5960180888660838e-10
300.46936038703416,1.9828189903582703,1.8579312245717343e-12
301.04443067914553,1.9860049641705233,-2.8537870317111867e-11
301.09330260300266,1.9862760026541206,-8.427996031116798e-11
302.1043510044137,1.991893039469712,-5.245195767898563e-13
302.9154109429895,1.9964126206424844,-7.82891440874863e-12
308.6058292606082,2.028462870524707,5.883680315971985e-13
309.63417099610103,2.034318454892521,-2.1433026296263712e-11
309.87093393442575,2.0356693893857036,1.178707471063868e-11
310.35353134728445,2.038426216698129,-7.973215199829233e-11
310.3761038753425,2.0385552668029896,-5.4287473930831246e-12
310.40240296234083,2.0387056339721648,3.5280333644829866e-11
310.4708232208188,2.039096892055218,3.365937121777065e-11
310.680513214012,2.04029653170008,-6.126844459578082e-11
311.7787501750679,2.046592791940916,2.240779300944778e-11
312.0148101088426,2.0479490391203354,4.223790191746803e-13
312.12830424473464,2.048601468164574,2.7741376611204813e-11
313.40922810240573,2.055981400283819,-5.372499160091161e-11
313.60914339962983,2.0571359216450342,1.2446765914330566e-10
314.24060429381336,2.060787476795852,-2.808217277192448e-12
316.1716903842881,2.071999964766522,-4.922513356542971e-11
316.9948383347031,2.0768002995817594,1.0046242188659577e-10
317.5180071106977,2.0798577393838933,2.772739076993992e-11
317.5585806329679,2.080095064932799,4.609862296653762e-12
319.46638774492453,2.0912885828411016,-7.396243928089717e-11
320.96979263628236,2.1001566198649027,-2.096939054222844e-12
321.2276498902655,2.101681808656795,-3.3329946938203344e-11
322.8828698940817,2.111501363465258,-2.6109524557726654e-12
322.9708381266102,2.112024645353783,2.488073244778454e-12
323.49323132818677,2.1151350549861294,1.6481630211981315e-11
324.94101114644496,2.123781630513483,9.294262735679548e-11
325.9783431766111,2.1300006318909377,-5.520978194990928e-12
326.14373137062796,2.1309939974222267,6.232987196127799e-11
328.25221634273134,2.1437022779005988,-2.6305740401031973e-11
328.3041112856925,2.144016092186461,3.1503849329178013e-12
329.7781860134598,2.152950697839183,6.174405416568693e-11
329.9525743460384,2.154010341486928,-2.879186167444293e-13
331.33720354666053,2.1624437080130745,-1.5966415471045618e-10
332.3181368871127,2.168439654792298,1.5499596548015691e-10
333.7433375028211,2.1771827658651355,6.66906008621184e-11
334.3747911355716,2.1810684760181758,-1.110557268265227e-12
334.7235669368176,2.1832178500090804,1.810434012660407e-11
335.0077209527769,2.1849706407351652,-1.505110934581807e-12
335.13021405090154,2.185726692448921,1.6544673446846543e-13
337.8919399060675,2.202845976815942,3.863270766681012e-12
338.48577192460414,2.206545353700948,-1.0106290766480329e-11
338.5932877526899,2.2072158362312506,2.81446455923006e-12
339.96658917676075,2.2157986507420016,7.41968993147774e-11
342.0939046188987,2.2291624661380895,1.5810150674435745e-10
342.617066278011,2.2324617438629826,-6.055968433809902e-11
344.39855769473303,2.2437343939956547,-2.6940802122208084e-11
344.56921824800645,2.244817342333517,6.970361115358464e-14
345.01418620598366,2.247643466377186,-7.100059527745195e-12
346.92196553312624,2.2598016819750946,-1.1170952391799359e-10
347.7060035186456,2.2648177688583915,-3.583101139165739e-11
348.6223076355034,2.270694412700597,4.2320403841357976e-14
349.9122067491527,2.2789932890483646,2.441773281724942e-11
350.12189226082603,2.2803452473564363,3.713017014632773e-11
351.2201058896174,2.2874392664877607,-1.3579668253092906e-11
352.6611152120353,2.2967813092145057,-1.234099101266985e-11
352.7625826976435,2.297440562987214,4.484784790708568e-11
352.93549269358925,2.298564429455147,-4.47300630662391e-12
353.05046074073886,2.299311994342692,-7.543043028524555e-11
353.6330380583228,2.3031038710002725,6.825250893244042e-12
354.6094606786849,2.3094732265899447,-4.3688996114084946e-11
355.2409080516812,2.3136016064725613,5.267957901287349e-12
355.61295505770454,2.316037474875319,2.983162754500896e-11
355.63025314194874,2.3161507910278027,-1.8673006371922064e-13
357.2110495944508,2.3265295275719495,-9.026042705309166e-11
357.33811265734124,2.327365760210629,3.037305328037151e-11
358.9075864567737,2.3377193696213627,4.482303371050111e-11
359.82240970248876,2.3437752688812172,-3.954187159476196e-11
360.92364253587266,2.3510856009285264,-5.679573325171308e-11
362.93435199718095,2.36449095769818,-9.98826735268788e-12
363.0290687831669,2.3651242691937195,5.232389775655151e-11
363.6920861834364,2.369562076174598,4.429228147171265e-12
366.89951396167197,2.3911448490671443,-1.4066147936185214e-12
366.9784089644442,2.391678121334478,1.3802214088047114e-11
367.69324826464754,2.396515135804764,1.594191497199658e-11
367.7714405857896,2.3970448012141627,-6.63586757141647e-11
367.8398588648339,2.3975083508216404,-1.4169978675099925e-11
368.0240181884377,2.3987565010930294,-4.813324894506937e-13
370.1061639896296,2.4129118240234035,-6.631410404788203e-12
370.75560801662823,2.4173433631997945,9.814634898244787e-12
370.7781798648676,2.417497523925494,-1.1582614853394494e-10
371.33065717266334,2.4212737477502237,1.8139696449291112e-12
372.180784187449,2.4270954119752206,-1.5679860500861268e-12
373.18427146391053,2.4339844182217414,-4.041611359361355e-11
375.26571055140477,2.448332775039667,9.026499843852379e-11
376.83897080338164,2.4592309692356027,1.475823041028936e-13
377.75976418805476,2.465630585645351,2.6954077685768554e-11
379.0586484137166,2.474684529812552,-2.3990473069360504e-12
379.40741751585216,2.4771209368113727,-4.4965106999138136e-11
380.40042550505393,2.4840700949500754,-1.0315751891638364e-12
382.06460149313637,2.495756874704884,6.728928574742757e-11
383.5123435795663,2.5059652288053087,-1.1723602850545084e-10
383.9859238402797,2.50931292991345,1.928981808599508e-12
385.0322292246437,2.5167238261394327,-4.355358248231328e-11
386.0222115075667,2.5237543574245525,-8.938154884545114e-11
386.3626821549669,2.5261764410175562,6.769865272946318e-11
387.3113180443992,2.532936231472119,-4.329915682180662e-12
388.15771382101383,2.5389814725775546,-1.903510306012319e-13
388.70568759581,2.5429023215711664,6.721565063455398e-11
389.961744675142,2.55191050179453,4.777355686908338e-14
390.73219809697355,2.557450413947924,-2.0631238955012143e-11
391.8709668709871,2.565658706559003,-8.037585269427804e-12
391.9528849413463,2.5662500964119026,1.6872552068296495e-12
392.3761177439171,2.569307503547165,-3.2448792873073402e-12
392.6805156328273,2.571508494734781,1.7696936908908294e-12
393.0510811004211,2.5741902234573812,-6.170821581790402e-13
394.05006102332936,2.5814322978658235,2.6476576909149862e-11
394.8814071780691,2.587473131169236,-3.4276810270215175e-12
396.4291326435789,2.5987533249054406,-3.961907849247614e-12
397.44386191785685,2.6061728635015555,1.3555974528699521e-12
398.3278743429118,2.612652081006499,-3.0657147274886223e-12
399.16899332646744,2.6188302829655314,-2.9782013631375228e-12
399.9852904132895,2.624838623765804,1.1390644411353576e-10
400.0409102422514,2.625248459232748,6.44436156114026e-11
400.73844360903627,2.6303930819900607,2.036831102789251e-12
402.4695497578534,2.6431994919633395,-3.170952949771238e-11
404.0285219214483,2.654779726998618,-1.3080746836540843e-10
404.1946785558373,2.6560165987750026,1.925934744863521e-11
404.7651501318685,2.6602670657521097,-4.538829813956021e-13
405.2485011230356,2.6638731065148398,2.9515259376798832e-12
405.4153603463588,2.66511895925244,8.739815663608201e-13
407.78014981561427,2.68283077700752,-3.6013787400499296e-11
409.02340190818734,2.692183810649131,9.029347466761246e-13
409.08429539359025,2.6926426461278163,3.035709378072891e-12
409.5239790119713,2.695957711486694,7.244262733032956e-13
410.30349912197096,2.7018437821835635,1.8830517980372736e-12
410.8657432016281,2.706096173720934,-8.158968974364537e-12
411.6211440683765,2.7118186254989083,9.502367855569882e-13
413.75592712671516,2.728047254337172,-8.919247504592203e-13
414.70603150390264,2.7352969465716095,6.548144491381316e-11
415.014927481174,2.737657533474441,-1.83657307135002e-12
415.7816487754379,2.7435244229032536,1.138526631632378e-10
415.8305182129035,2.743898734993172,4.506087031861682e-11
416.1086160899122,2.746029644011736,2.2736442432127577e-11
417.19028044695614,2.754331381682433,7.437410183819253e-11
419.69182545242137,2.7736132131531095,-3.87839392566029e-12
421.2379925422239,2.7855886635776126,-2.0432864108845157e-12
421.5048398048915,2.7876599182429636,-4.077889862444096e-11
422.1219990307055,2.7924553011771422,5.723640430314043e-11
422.23098795658336,2.7933028839022116,1.0115010066179634e-13
423.9177145535587,2.8064480799016205,-4.338368171857946e-13
428.1931710347209,2.8400028512401043,3.0763347310940714e-12
428.7208881836846,2.8441678430885475,-1.5444823052390133e-11
428.9207943029546,2.8457469358711105,7.617442891296903e-11
430.62108936148064,2.859207616384351,2.5295784100472962e-14
431.7312975670729,2.8680255105642125,3.870226025501457e-11
432.1206330130158,2.871123207547578,-1.0724760442322494e-12
432.2544431328323,2.8721884951561023,-1.1061914413126856e-10
432.30633609985705,2.8726017136138737,2.8880861872482278e-11
432.6333020410101,2.8752064513170645,-3.799985178172548e-11
432.87835081929205,2.8771598961058884,-5.6676203163681605e-11
434.7003593674366,2.891719011102892,5.73862490266764e-12
435.1273135585776,2.895139515723616,-5.0697763569437155e-11
435.8804596998469,2.9011814634874487,1.2031377122454561e-12
435.963924171746,2.901851681821877,1.7820072080865e-11
436.17360378134657,2.9035359717587674,1.052628355413902e-11
437.2717866545604,2.9123705557420654,-3.8497920262171796e-12
437.76793112305046,2.9163691892386905,-2.2239778126764535e-12
438.28207580819134,2.9205176780982076,7.152692288478327e-13
439.10209082280437,2.9271442250169537,-2.138428159891855e-11
441.66451537160805,2.947931023537519,8.457168583225924e-12
442.4650531633706,2.954449910255354,-8.28296441196852e-12
443.3189599831658,2.9614163999641496,4.934254139194881e-12
443.46851997747206,2.962637948346459,7.927239088153849e-11
444.2998552417672,2.969435484926813,-1.4409311783547138e-12
444.95905905234264,2.974834612839485,1.2707181565759736e-11
446.02496562734024,2.983581725867142,-1.888455774970401e-12
446.6480976554864,2.9887050069547323,-4.590010002348707e-11
448.98572031211603,3.0079882720402065,-2.831640295248399e-12
449.4592921477266,3.011907071578079,-7.22276746253806e-11
450.4409597915545,3.0200435135253025,1.0138437655804042e-11
452.9507826240317,3.040926608441448,-5.104670330268463e-13
453.3288660857507,3.0440825255543533,1.0842464781437564e-12
453.45135438398063,3.0451055177469977,4.318025571176207e-14
453.74449732987557,3.047554897838678,4.519478654659773e-12
453.79639004794893,3.0479886566394097,7.451925453355716e-12
453.9790685165459,3.0495160168754762,-4.6788858073449135e-11
455.5484972539354,3.062663213154945,-1.3778814127423265e-11
455.6951041924022,3.0638936652115323,1.2906070225828345e-12
456.7413897050248,3.0726864924247104,3.675660105603245e-11
456.8293538472036,3.0734266488865103,-8.452991042818581e-11
457.4043891902189,3.078268678761906,4.545084792104096e-11
457.5644962221815,3.079617928717277,8.749226141956916e-11
459.2353880571946,3.0937270045155243,-1.1457828433088868e-11
461.5618255575792,3.1134571853699082,4.152129427260454e-11
463.3349539193335,3.128561781718439,-1.853057041105304e-12
463.4522392879285,3.129562932615757,1.9513325747940044e-12
463.5402033126162,3.1303139620624023,2.1668507916057763e-12
465.4583902621164,3.1467267239330083,-1.2747449480774465e-11
466.91362489899507,3.159223498425493,-9.850494469993924e-12
467.3961951038939,3.163376165337602,4.923462059517168e-11
468.3605616900475,3.1716876920700146,-4.616346989524894e-11
470.550936043807,3.1906293802634584,1.5144258063136427e-12
471.74980137700055,3.2010342252210617,-5.438650668627292e-11
471.9061816183094,3.202393387324036,-1.3905066131958137e-10
472.41350157440843,3.206805805535027,1.9192324837199748e-11
473.1975105520695,3.213634052761502,-8.475464426781174e-11
473.9506507528657,3.2202041141932094,-4.8734982641316246e-14
475.65845342804533,3.235140937349589,-2.1880008279489512e-11
476.0124876777701,3.2382441230602867,1.7337231010194994e-14
478.42681055603725,3.259467737263669,-2.368110707906173e-12
479.48891271427686,3.2688383776884646,-2.4095413237712177e-11
479.96923179473424,3.2730829267021964,2.9097244636629875e-11
480.1007195306683,3.274245616347111,7.506012361239131e-12
481.90471043671124,3.290229692770276,5.0196673401073894e-12
482.6624205542462,3.2969611830806342,1.376896725841912e-10
482.78413448265314,3.298043474454594,-3.213678857466771e-11
483.55464193296115,3.3049012288841393,-5.4410039912875153e-11
483.88230710914974,3.307820864399378,1.1753431220209615e-11
484.11835328858666,3.309925361390248,-6.4317812063069466e-12
484.31755449859156,3.311702161351399,-9.25618748909858e-12
485.2984419370743,3.320461970105014,3.6022602541027724e-12
485.71259436203786,3.3241658769434084,6.528629918170124e-11
486.0651516666491,3.327321407184729,-7.236860252864343e-12
486.08772284927,3.327523506368398,-3.329752826816769e-11
487.4902860211076,3.3401002690679222,-9.60847036360665e-11
488.2749955652227,3.347152556040774,-2.5819768985820383e-11
488.5200416178731,3.3493571409764273,-8.989532490356579e-12
489.530320621636,3.3584579127961662,-1.3475298100179776e-12
491.56950979333647,3.376884563227198,-3.879507286831155e-11
493.330675971888,3.3928605700032204,-3.351762029418315e-11
495.59613589185227,3.413495177620035,8.645007739221639e-12
495.80890783402003,3.4154380360759284,4.587830019524511e-12
496.1809409509753,3.418837140515977,-2.227534217073541e-11
497.3783246995626,3.4297944219691945,-6.261305285815406e-13
497.67146531417995,3.432480981611778,2.6938847037597157e-13
497.89626091681345,3.434542248851461,8.647337183547899e-11
498.7200640218115,3.442104082189782,7.431208100306486e-13
499.806210058833,3.452093114062364,-3.236830839525557e-13
500.35487250152164,3.4571472959182774,-1.379798288389664e-11
500.7562975583389,3.460848665611583,4.778827583211453e-11
502.0551439345395,3.4728451155879907,4.3842782820163105e-12
503.9628418447551,3.490521401970445,9.33557647333169e-11
504.01473410020293,3.491003160151,1.932303821773675e-11
505.46616181999883,3.504498045451149,8.230857377818192e-11
505.845718086195,3.508033432402554,3.498078335738319e-11
505.9149077404144,3.5086781872476713,-2.593126049836574e-13
506.6913886645848,3.5159199967167454,3.0269122726442396e-11
507.5549881260326,3.5239873580236,-1.1560656658250267e-11
508.6524537843016,3.5342592156284813,-8.562698481308739e-11
510.1902964633482,3.5486901598827267,-2.0977386783415855e-12
510.27678347545566,3.5495030382624955,-5.660137687727202e-11
511.18925099189414,3.558087578148998,3.29594606571765e-11
511.3456302230996,3.5595603412189263,-1.0087214183040269e-10
512.0686709630036,3.5663757189351255,3.891799543246863e-11
514.1958874096796,3.586482691859524,1.5899150193887113e-10
516.2524373439854,3.606000954447533,-1.4018008012011034e-12
518.1706076208936,3.6242761075639622,-3.0404260559726667e-13
519.0237293338582,3.6324259049598875,-5.859420822540369e-11
520.7239961388533,3.6487083917687726,-6.444327239341737e-13
521.167467390921,3.652964019515415,6.095569060871999e-11
521.7988886810639,3.6590294998709605,-2.853097025885302e-12
522.5137020421655,3.6659049138964317,-1.3873932989532839e-11
523.7343548603488,3.6776674915242213,2.2810130746141323e-13
523.8178180236546,3.678472770170117,-1.6230548548126152e-12
524.3319548783129,3.6834361528508177,2.595738549170375e-13
524.6183443435667,3.6862030156850447,8.995602895156392e-11
525.5992258102663,3.6956909460501888,3.2550272590940384e-11
526.710891317249,3.706465357502372,-2.2915868147785836e-11
526.9296386107511,3.7085881660928552,5.82295017840101e-11
528.2443011850521,3.721364728962805,5.232905317920056e-12
529.2725742542617,3.731380201583903,5.853755472090637e-11
529.5183214551829,3.7337766851665735,2.2473391900253002e-11
531.784543224611,3.7559289137222156,-6.958343580632521e-12
532.8827078475223,3.7666974586521516,2.5448843668188e-12
534.1455484203545,3.7791082686487996,-1.2419795205301529e-11
534.7129818761215,3.784694396171436,1.4135963602329326e-11
535.1301549794063,3.7888050611697475,2.7445053056171335e-11
535.3744967342083,3.7912142005534863,-8.907554356535352e-11
535.7931461161602,3.795344519407007,4.454154529034108e-12
537.2753648033892,3.8099937702341564,-5.590564942999892e-12
537.3355541752254,3.810589496487902,6.273073720857299e-11
537.7309298105918,3.814504398582022,2.322424361635391e-11
538.0104977387325,3.817274342153925,-1.0122251260333704e-12
539.104161506671,3.828124134871249,-4.1550952644701514e-11
540.1249094863507,3.838270438264284,7.329466322797966e-12
540.5698559339297,3.842699242376035,-8.400011628072427e-12
541.5981273972363,3.8529481633467735,-3.906234590934044e-12
543.4021021369562,3.8709756823526993,-5.6575687787102825e-11
543.7065619142643,3.8740241287461807,5.751761330559748e-13
544.2815183640023,3.8797856181508137,-8.224431640843774e-13
544.5964543977517,3.8829440917144282,1.871839751309416e-12
546.4643440962254,3.901714592476806,-1.5440282534943968e-10
547.039371408889,3.907506003872676,1.1126035340743812e-11
547.6113750070755,3.9132730047607684,3.0302137113627423e-11
548.5208854381021,3.9224551957965907,-2.968002805313368e-12
549.3551591670976,3.9308912149483297,-2.987575154776777e-12
549.5897268461882,3.933265428410412,7.863574717547916e-13
551.3057370126321,3.950665122736664,-1.7772748617479083e-13
552.0724396531436,3.9584567295544635,-3.6910063020078235e-11
553.0187231649222,3.968088254613719,1.4977271825512095e-12
554.1649795197095,3.9797772482160085,3.52946850257167e-11
554.4100233453229,3.9822792322015372,-1.3087139302477458e-11
554.8459690757284,3.9867331263583634,7.574129377343476e-12
555.2624385434016,3.990991308553584,-3.640354195714991e-11
557.772923311392,4.016727378788008,6.1074558084558654e-12
558.1224534463353,4.0203197713039005,-8.988441741325796e-11
560.2578838029817,4.042316120987852,2.8985565691372877e-12
560.6066401608158,4.045916522515313,-3.694050552978188e-11
561.0688828400151,4.050691957806795,8.426623611002583e-12
562.331719204491,4.063758401809665,5.4171062157042606e-12
562.8285563718381,4.068907179585324,3.6548784548972354e-11
564.0575005518584,4.081662396323361,6.525714689673298e-11
564.7805365250895,4.0891797887174,9.28241889580589e-13
565.9170888038083,4.101015969154027,-1.012965085649574e-11
567.9540073409174,4.122288199409478,1.42305277101402e-12
568.0238990811557,4.123019458737518,-1.268696557290682e-11
568.061517305542,4.123413085807596,-4.325601275872611e-12
568.7590294210919,4.130716389327114,2.64603491459054e-12
571.8927017592877,4.1636380950034155,-2.508728850426914e-13
572.136971433216,4.166211940786676,-2.4300431752358474e-11
572.2970757893686,4.167899541103279,3.37053935117786e-11
575.0992173823582,4.197512322390746,3.318138735592555e-12
575.5795302968822,4.202602747307559,-4.890226631322038e-13
575.711016347853,4.203996996176068,-4.961800719380633e-12
575.9749042285252,4.206796165582494,1.217807653790766e-12
576.1281875104457,4.208422694588698,-6.861123661717421e-11
577.1737521656474,4.219528999597376,-6.946322954200654e-11
578.5432515142302,4.23410669974912,2.518079488717559e-11
580.2585537033069,4.252414049771021,1.6098952221429972e-11
581.1229191177653,4.261659923434438,-1.374935301328388e-11
581.1838108230547,4.26231178379007,3.052783489314075e-12
581.9843318464867,4.2708879052080775,-3.786964597344327e-11
582.230077577571,4.27352299023084,-6.314954555572165e-12
583.1748817537905,4.283664306949742,7.336295438802914e-11
584.1302331388194,4.293935554729607,5.942470067236841e-12
584.2730400528366,4.295472355888496,-2.6831131455563537e-11
585.2314149989922,4.305795524299268,-2.5708824141093734e-12
586.1033036243896,4.315201800089143,-1.4903776678811644e-10
588.2079306764247,4.337965038345242,1.192572638624571e-11
588.6656720832602,4.342926683505771,5.894223356834858e-11
590.3907461971462,4.361660144700791,8.729019864480368e-11
591.0146388930956,4.368448812035298,-1.5941372448413023e-11
591.2499081742421,4.3710106730922895,-2.7675602999329596e-11
591.5114746197025,4.373860082454982,-2.6775796389033566e-11
591.9601449001956,4.378750667674103,8.856267969246446e-11
593.2815479245415,4.393175736586938,-1.780773736966919e-13
594.8352673810715,4.4101780268714545,5.175164974113672e-11
595.9867214114762,4.4228070317114945,-1.9735107204978407e-11
597.2119352502117,4.436271844804175,-3.701251954814402e-12
597.2382324058107,4.436561147507506,9.343846768356228e-12
597.3066476413245,4.437313863212685,-2.7470354417015054e-11
597.3946100863592,4.4382817672326045,-7.361610607687841e-11
598.2868186054577,4.448107332154651,-2.0960819762223546e-11
599.6247444101751,4.462868899328189,-2.6609404109823393e-12
600.7454008306928,4.475258672316939,3.149848158680648e-11
600.8108634378558,4.475983130112187,1.2816912372533042e-12
601.0197643092931,4.478295510084008,3.9955000125810054e-11
602.301369215326,4.492499533690292,-5.087172821859069e-13
602.4358785908983,4.49399205511696,-1.6786303658556022e-12
602.72001562852,4.497145946680631,-3.8518854954838924e-13
603.1649591678147,4.5020877615184975,7.64208861834681e-12
604.1609505331464,4.5131630685399795,-5.311673866746809e-13
604.9772197072748,4.522253510687012,-5.6994876580645466e-11
606.2361822623169,4.5362981037710615,-7.985524522427028e-11
609.1766925746884,4.56921525322767,-8.224836216422899e-11
609.4382585997696,4.572151033277062,1.553837042665839e-11
612.459064716645,4.606147457936128,-8.884321503672915e-11
612.9784703345584,4.612009831662988,1.6507771165540983e-11
613.4520316290689,4.617359105396256,-2.964673989610637e-12
613.7804653426516,4.621071466876359,2.009850841023088e-13
614.563686792938,4.62993241748361,-4.34457503193609e-12
616.6126906219687,4.653167206012165,4.209622468463652e-11
618.1716094935425,4.67089645312889,1.3030605728086244e-10
619.4140471256699,4.6850584842560306,1.3376064890539046e-10
619.697481128684,4.688293214194066,1.1678713915480505e-11
619.9327498196931,4.69097937479636,8.144328811940518e-11
620.3724190784206,4.6960019949486185,1.1442516306081705e-12
620.9001216408914,4.702034976971245,-2.1916651298117407e-11
623.384293605367,4.730504290664964,4.5780611050896016e-11
624.4854716597041,4.743160466208882,4.098276778808856e-11
624.8823201522141,4.747727042533759,-8.06109194893703e-12
625.0086030430085,4.749180801174829,-2.1804978303195382e-11
625.0491736713756,4.749647909384668,7.773063672085258e-12
625.1280649512663,4.750556307594225,-1.4855860432563295e-11
627.1011283594344,4.773312549756303,5.231302714898523e-11
628.8396966177368,4.793423685804289,1.927952836585072e-11
629.4507900295921,4.8005058207024405,-1.6038913711960673e-11
629.5026815740898,4.8011075233978655,4.570632393030753e-11
629.7552472627555,4.804036829288288,2.0873276019040252e-13
630.4610527586307,4.812229128547065,1.0149869758339448e-12
633.0790292661574,4.84269618156199,2.7136943060202673e-12
635.5203072424376,4.871220639044112,-6.265236339834091e-11
636.7455170621448,4.885577649286421,1.6647625453282598e-11
636.9551909939266,4.888037379690557,-6.99220185695007e-11
637.2077565389341,4.891001356187441,2.58218466370329e-12
637.245374531223,4.891442921715486,5.5349871533667325e-11
637.6242228387051,4.895891352071841,-6.777320158501749e-12
638.0533442435891,4.900933281661794,2.55726727644394e-11
638.8268616725517,4.910030234398979,-6.513347778690693e-11
639.0410355198301,4.91255097454429,-1.6819017120810278e-13
639.7686376346248,4.921120870422586,3.6505270014084144e-12
639.8835994598849,4.922475814249914,1.4204745294596521e-10
642.4459563466879,4.9527390214090055,-5.61776645467348e-11
643.8477923865215,4.969346857887928,-2.8526714578410987e-11
644.6715825697,4.979123354308259,1.877496396628807e-12
645.7404144964767,4.991826564674788,-8.440881591580573e-11
646.655190309558,5.002715510212646,-1.0472435024383e-11
648.1103936939289,5.020069147786412,-2.639997657562565e-13
648.6155243677138,5.026102068433566,-5.96656615255064e-11
649.5828940831924,5.037668762343081,6.449592127327044e-11
649.7669733971223,5.0398717231646195,1.8809467896150612e-11
650.0195387066157,5.042895302752977,8.651142762219827e-12
650.1060244822135,5.0439309352317885,4.762432778727071e-11
650.8719465929386,5.053108558573866,5.013055222672499e-12
651.2823651866365,5.058030825502759,5.0702962883762914e-11
652.4624320631326,5.072200989893486,8.946839986347751e-12
654.5256324402503,5.097037393577496,-3.002109938898942e-11
654.5549531221355,5.097390915319178,-8.057166669734451e-11
654.7601978936696,5.099866010907393,1.3846336513064253e-10
654.86770705855,5.101162799222533,-9.481136653701684e-11
657.6104141626649,5.134317658121898,-7.89682454539528e-11
657.9411678017095,5.138325293412854,-9.104226287369114e-14
658.4417271364663,5.144394242235668,1.9129118804940218e-12
659.5879728179171,5.1583090941580405,-5.0398122287099724e-11
660.0163909309227,5.163516090194035,7.610976266638482e-11
660.843274879925,5.173575602364275,-2.3481160520027675e-12
661.7707758825919,5.18487416506162,-4.438711816495101e-11
662.0977321102985,5.188860833752006,-7.366721842359984e-11
662.7291448413397,5.196565399123106,2.1490068717412252e-12
663.5634101213253,5.206756454969449,-9.40696491193353e-13
664.5916701400407,5.219334913362028,7.1386155803367645e-12
665.1704176809408,5.226423159428943,-2.1190148827490783e-12
666.2392480983682,5.239529944876509,8.46761542936006e-11
666.5422282361734,5.243249138485364,3.462480594995845e-11
669.2090658135899,5.276058505341176,1.5068267092968307e-10
671.903676231847,5.30934261570736,4.928821225438895e-12
673.1942031074549,5.325330707068808,-1.2748678186545575e-10
676.0602367473643,5.360947172619779,4.8966687706304813e-11
676.5179750407624,5.366649541571261,1.5662745235867607e-10
677.5598050632339,5.379642742662757,-1.9540818230635253e-11
677.5936256370602,5.380064871596545,5.214943759258924e-12
677.8393695242836,5.3831327380971,4.1744426677693696e-12
678.2656082141863,5.388456539648054,-4.724993956384288e-11
678.5744932987075,5.392316663936079,7.564913373747626e-13
679.2073816555278,5.400231333595194,-2.2122963102445718e-12
679.9650760974084,5.409716486731689,-1.4920769910062956e-10
680.6483084144694,5.418278557621932,-3.9023119295436636e-12
680.7497701163385,5.419550779782007,-8.610797085355495e-11
680.8812550706122,5.421199743796468,-4.985934491072613e-11
682.3966437630979,5.440227348324665,1.1699615208415172e-11
683.2602286261464,5.451089660900639,-1.0492836807432094e-12
685.1588930781788,5.475019679357013,2.5019892140204705e-12
685.9819783910971,5.48541415555024,-2.1877547012872496e-11
686.8591339198872,5.4965052029569375,4.651277847209368e-13
687.0282366923003,5.498645024419423,-1.344668993014045e-10
688.5976240214754,5.518529134261469,-2.7224333613340305e-11
689.3004030599019,5.527448039666652,5.971371521817009e-11
691.9575343944634,5.561251681201654,-5.418233826419807e-13
692.8474157369667,5.5726016949778145,-6.176660324361361e-12
693.111301229841,5.575970233279547,-4.971606124242672e-12
693.1255036470229,5.576151565663318,-1.0661199366388094e-11
693.2645831261558,5.577927488859933,3.197225777369252e-11
694.223652826008,5.590183669690704,3.899134510509901e-12
696.0539013025092,5.613619872372407,2.165835801484102e-11
696.192278137254,5.615394286992204,2.7419785241664344e-11
696.4290218886546,5.618430884550648,-3.952603437233036e-12
698.4516461189672,5.6444161968681605,-1.7894338860324255e-12
698.6162488463757,5.646534217662515,-8.565559415619692e-12
699.43933351189,5.657132723140483,-3.5884259892972135e-12
700.3233093001677,5.668529195692093,3.4769740414931404e-11
701.4093634784612,5.682550627596546,-9.121018153242739e-11
701.5364193947722,5.684192394364539,4.464387073312501e-11
701.9106951404409,5.689030367096747,-1.2870037903483814e-11
702.6608650040184,5.698735001160168,1.1934029707337492e-11
705.0473591044623,5.729677023331471,-2.1397516919834714e-12
705.7456375523574,5.738750372269173,8.523047878381834e-12
705.9372397853903,5.74124159979246,2.8679296027610716e-12
707.4713996611091,5.761213254169743,-8.957572887863579e-11
708.3349832746057,5.772474435171436,7.679249818653244e-11
708.5875476651964,5.775770486035105,-1.0912297005549153e-11
708.6477361778922,5.776556139893755,1.0931004720372813e-10
708.9521207885235,5.780530361059107,-4.671160585344384e-11
709.5662346459328,5.788553781253109,1.993660029931824e-11
710.6958823057798,5.80333081244865,-4.577396368043159e-12
711.0792998209098,5.8083516776000135,-3.442938865125907e-11
711.2010110188145,5.809946056046915,-2.1794126891474593e-11
713.0177579840711,5.833777306355307,8.362260861614025e-11
714.2429617746895,5.849883292656454,-2.7670563043738214e-11
714.953192311327,5.859232329255107,9.917888901298144e-12
716.1866221570347,5.87549051934594,1.1604655172962596e-11
716.5091484526588,5.879746452395111,3.6833999232872303e-13
717.8282899445032,5.897173282411497,5.1742215808607984e-11
718.9504135477504,5.912022591928542,2.01962320513198e-12
721.0362474024894,5.939686520925472,-1.0052975768425786e-13
721.6864313184249,5.9483261433010455,-1.1974062656332581e-11
722.409458733246,5.957942852346594,1.2910793491692837e-11
722.7935786316533,5.9630558000539455,4.719499538173916e-12
723.8038354016422,5.976516112278691,1.2814572013001545e-12
724.2255020106406,5.98213981366915,-1.1471883237953943e-12
724.5975273397644,5.987104176669794,-1.5162570679881757e-12
725.0597643014602,5.993275889274123,1.0602356501396183e-11
726.5743755907592,6.013526309648588,-6.343409885590952e-11
729.2291094710685,6.049122164497389,-4.401169378718067e-11
729.3643913755609,6.050939560894507,-1.9438238058169218e-11
729.8695195991329,6.057728504930788,3.203452142042449e-12
730.2979359636828,6.063490122073192,-1.49280856537155e-10
732.1695959840235,6.088701052671224,-8.22333083275777e-11
733.2331487274871,6.103055673089951,9.332874397432158e-13
733.47741556717,6.10635545026142,3.7459744498424e-11
734.6635240157553,6.1223941009439855,-4.354355839341609e-11
734.9250879070854,6.1259344758002765,3.6753944166811353e-11
737.051419380962,6.154762012015215,-7.602181393449417e-12
739.2162131195463,6.1841965552615985,1.5788016492370622e-11
739.7393407835997,6.1913224350173035,8.699024428914916e-11
739.7619114399524,6.1916299988085,2.5223073061777475e-11
742.2640647256574,6.225784300281655,6.922689109489534e-12
742.3775495613327,6.2273360981207215,2.5947371782401403e-11
742.9255688111041,6.234833082167551,8.142833664058655e-11
743.3652347047987,6.240851775949283,2.028677503661039e-12
743.6583689793246,6.244866541076929,-2.238699564177611e-11
744.2371139657133,6.2527976761652795,6.512131484012981e-11
745.4705420112309,6.269721190315879,9.104700551330165e-12
746.8213231494344,6.288287023299249,-1.403828829232137e-13
746.8912140041253,6.289248553783601,-8.521332043951208e-13
747.6759052110871,6.300050198524955,7.446456961059557e-12
748.3907055398827,6.309899634332462,2.8308185493070856e-11
749.2701081451648,6.322030083843234,-3.643445456320632e-11
750.4066455468883,6.337728544607428,2.625071654012465e-13
751.6858460947618,6.355426006751953,6.752021643951511e-11
752.783991962979,6.370642661859154,-2.4694257180373123e-11
754.6142349549865,6.396053116340552,-1.3716814270912617e-10
754.6217585019037,6.396157697985302,-2.7283943280409526e-13
755.1892534015707,6.404049210168109,8.693192799753099e-11
756.0717504146945,6.416332887511404,2.7131942896613463e-12
756.3821815693201,6.4206572603965135,6.501300048450394e-15
757.1765748901048,6.431731414150228,5.4247962927859026e-11
757.6885233777416,6.438874336092349,-1.46372870401295e-11
758.7347778005419,6.453487135948725,1.1348093972083871e-10
759.9772048645191,6.470866024682289,1.1504969538872319e-10
760.200448104491,6.473991732226116,-4.718900697141359e-12
760.4710115190378,6.477781216823907,8.150936196124946e-11
762.1509961500641,6.501341097764934,-4.768088038187512e-12
763.1108361872188,6.514825103984911,-1.6030823817010406e-11
764.3134663874511,6.531743823161769,-3.448261960693065e-11
764.4975445274099,6.534335803478944,-1.8163356689456275e-11
764.5050680710367,6.534441754793923,1.1708740375408126e-11
764.7479293210662,6.537862441079692,-4.171995365991347e-13
765.255235619881,6.54501132530571,-6.271714551551473e-13
766.4262952482744,6.561531824451773,-6.890073180790075e-14
767.1929861084354,6.572361452135091,-3.569307711643947e-11
768.7330465744277,6.5941477658939665,-9.452683100309441e-12
769.2561735401513,6.601558070814335,2.8989858462529077e-11
769.4027760334484,6.603635658697588,-1.4408571815694025e-11
769.598246023088,6.606406391703619,-3.652464974794046e-11
771.6081368873492,6.634936863611783,-5.965462011466878e-11
772.9159541206218,6.6535413387556765,-2.2701359715564786e-11
774.3974442800547,6.674654474370419,7.746336430726007e-12
774.7468981266192,6.679640533110701,-7.3495332005225e-11
775.1204699276228,6.684973198093811,3.0793682239842113e-13
775.5038862711315,6.690449065235422,4.1311556145777936e-13
776.4493813008328,6.703963988053573,-1.1178191484164308e-10
778.0053329666813,6.726240636760242,-1.9662792158788944e-13
778.8689136897133,6.738623815857569,6.936165346671019e-13
780.1317313993401,6.7567565226357935,-2.2685345291889703e-11
780.9697178063285,6.76880532223031,-8.176743690792887e-11
783.0089282052165,6.798179690558538,4.194727978961716e-11
783.7170486248407,6.808397924520774,4.242016738549098e-11
784.7242079225756,6.822947224687425,-7.057175312444584e-11
786.4679632795251,6.8481814828186724,-2.276120627441761e-11
787.5841782191319,6.864363871398524,1.2656233602855009e-11
787.9246320551522,6.8693041876170575,1.2310743213877278e-10
788.6500493635956,6.879837819607433,1.3765018764367456e-14
789.5347240372307,6.892697113542974,3.4618366585791525e-11
789.6925761868291,6.894993107937859,1.0505854685078617e-12
790.2194289456725,6.9026596202544415,1.2863609522439848e-12
790.2675227326902,6.903359712988802,6.834718401985916e-11
791.800902928245,6.925703191830989,-3.775899723621449e-12
792.0286457839885,6.929025415616602,8.190011827515543e-11
793.6536424737283,6.952757961865917,-7.298671372201824e-11
794.6954664755494,6.967999050978747,7.977349168697636e-11
795.3786949599829,6.978005017019978,1.5568103678272552e-11
795.6116403118507,6.981418496296472,4.814658876135034e-11
798.0168974595632,7.016722527003704,-6.206671131898065e-11
798.058312418652,7.01733134330024,-6.741785740330841e-11
798.1732732710961,7.019021478924206,-6.877170669750679e-11
798.269460815431,7.0204357995076965,-7.888842711461641e-12
798.5475473408135,7.0245256814838495,3.956256198820059e-12
800.7123353823483,7.056412420217011,-8.427982632617233e-12
801.8510492519083,7.073220012567111,-3.1784078314346702e-12
804.0307419847887,7.105459232875726,-5.7662420860660314e-11
804.1864151435448,7.1077650991047285,-3.026494618493321e-13
808.8142550906166,7.176517609186368,6.675789257216774e-11
809.8515075391045,7.191981448544523,4.650407969929079e-13
810.6451965264799,7.2038275155952345,-4.2984820612055326e-13
811.3592213384222,7.214494484186316,1.3254709514396452e-11
811.4457064034112,7.215787140625562,-7.341374817771932e-11
811.5899876485621,7.2179439592877355,4.975189788484282e-11
811.8643477971299,7.222046347793471,1.914744859946318e-12
812.6362398069418,7.233595553005667,-4.176102191599605e-11
813.1819364586959,7.241766999543611,1.7279622313206808e-12
813.7343829604389,7.250045108216353,1.5273312807014332e-11
813.7569535473767,7.2503834356529815,-1.0965309474758196e-10
814.1741896720556,7.256639390630481,6.880769333300092e-12
814.7446357820435,7.265197734760429,-1.0315790178523085e-12
815.5646214532525,7.277510396203548,8.483801872777031e-11
817.7595022527287,7.310529022115928,-1.2866604771654215e-11
818.1269551422188,7.316065460921351,-3.355217402306208e-11
818.4020888946719,7.320212549089831,-3.1197642802022553e-12
821.4213838295884,7.365813963905472,-5.041324908915676e-11
821.67851792663,7.369705305169912,6.485755234722243e-11
821.9604015034835,7.3739725923399835,2.2243739078835256e-12
822.1129798894215,7.376283006801593,1.7563145052907799e-13
822.1828705318072,7.377341467344353,8.735316619670403e-12
823.0652231013509,7.390712016070571,-7.415444331509884e-11
823.7350222105993,7.400871254867125,-3.186566128029272e-13
824.1626632328953,7.407361861404457,4.276786781206381e-11
824.2964683172972,7.409393406564908,-7.953608936003801e-11
824.9029845180695,7.418606198604685,-1.4412717133917374e-12
825.447907265629,7.426889184273277,1.1233970051827344e-11
825.8095259688105,7.432388914032753,1.8407551826811806e-11
830.0367208578663,7.496857472426338,1.3863125978294079e-12
830.2065251518583,7.499454018723755,-1.7930119850029923e-11
830.2290957258131,7.499799194511519,1.0653855555537445e-10
830.258416156583,7.5002476110690885,-7.312873779417701e-12
832.1007480764818,7.52845535929726,2.0448734701781544e-11
832.558483072876,7.535473388021259,1.9932848524484445e-11
833.6806012700615,7.552694119808677,-1.950242039699616e-12
834.1932508597556,7.56056928176983,-3.863927081471675e-11
834.4382903659359,7.564335211717335,8.025164468439574e-12
835.6972371448321,7.583700981537529,4.54565836797507e-11
837.4967485956516,7.61143268767008,-4.890697442365899e-11
838.8992737396823,7.6330879254928075,3.012246306355718e-11
839.1788361494027,7.637408749999203,6.395793334405665e-12
839.2667974153808,7.6387685480989305,1.479862230837792e-11
840.001915804623,7.6501383569545,-3.125073530129857e-12
841.9200428604037,7.679852204576868,5.0572841129339923e-11
842.4297397432017,7.687759353937571,2.359318916689325e-15
842.8566778811648,7.694386313984788,-2.024855547559477e-11
845.028070317846,7.728142765691633,1.441524553123997e-10
847.4333233013058,7.765636199166108,6.956309578874489e-11
848.8749418783514,7.788159437285662,-7.614145362103158e-11
848.9487007952102,7.78931284482934,5.163821737625632e-11
849.6589273937399,7.800424165541665,8.317288315277576e-11
850.884124290216,7.819613910344469,4.449015302266502e-11
852.0604537896118,7.83806428470108,-1.500439846363724e-10
852.5340091951093,7.845499054938916,-9.656020530690492e-11
853.2969003466277,7.857485053942844,2.0156537285656904e-12
853.9463071323792,7.867696515244457,-6.29854281820221e-11
854.186775530362,7.871479681211746,-9.463443654924597e-12
855.4232930565513,7.890949998250942,2.8381351363106502e-11
856.0028092348325,7.900084805673446,-6.746820236164298e-13
856.5619337472808,7.9089040466894485,-2.977846645058737e-11
857.1076295992249,7.917517026234782,-2.5055960107010165e-11
857.2542316255171,7.919831851157744,1.31231883907867e-12
857.655646443377,7.926172159543283,-4.353530800598982e-11
858.5095223035299,7.939668918730334,-2.3914269405257155e-12
858.9544598268131,7.94670713084105,-7.082547674554289e-12
858.9634596276042,7.946849531167967,-6.435664512374362e-12
860.8635859360147,7.976947897611588,4.1458289585659157e-13
864.9810179896996,8.042397017395391,3.5663961688612946e-11
865.1366908311239,8.044877659917491,1.0112646537755679e-13
865.3696356307422,8.04859046278516,-4.7418145951772816e-11
865.9912691136283,8.058503293403062,1.9434252452038344e-12
866.8752388220664,8.07261170661678,1.5346189960791548e-10
867.0849104462393,8.07596023860047,-1.3138380605473591e-11
869.7915208188222,8.119258488618796,3.289198267722129e-11
869.9192784755543,8.121305591535098,-8.394536452102126e-11
869.9268019907663,8.121426152665835,-1.6719034704305966e-11
871.5391394185579,8.147287229272228,1.483412886058761e-11
874.1321941071624,8.18897895159229,-1.0687370308097112e-12
875.7400314390846,8.214892335322126,3.8125654615009656e-13
875.9767023975231,8.218710762638935,-3.755412486424333e-12
877.0748433082236,8.236441566976765,1.3734718483057708e-12
877.6311570073362,8.245432397176703,-1.5195958808466484e-10
878.3376567611907,8.256858667473916,-1.8254787669969295e-11
878.9050780824415,8.266042270175875,7.629165081516885e-12
881.0472898646598,8.300767009778708,-2.4500671377417348e-11
881.4674066057579,8.307586916190354,-3.0172210637580417e-12
883.1744544920892,8.335331483847927,-3.4622282490234113e-11
883.1924540808744,8.335624316286035,-8.366218289738996e-12
883.4630163198518,8.340026769271192,9.127928389688975e-12
884.0154615853976,8.349020069050583,4.5864185103560844e-11
884.0380321218812,8.349387616118738,6.969840056868583e-12
884.2207042596988,8.352362662931895,-1.949624322152501e-11
884.3282123267188,8.354113855114852,1.4571288009724197e-10
884.4552673145969,8.356183720360018,-1.8466435874442397e-11
884.761828719976,8.36117916655592,-4.533473857224205e-12
885.1429936776259,8.367392698845963,-4.767177876076071e-12
886.3989148951501,8.387884942366622,1.6244148178403478e-11
888.0405719433218,8.414714858117396,3.453106701024357e-11
888.6042668796633,8.423938882285816,-5.608738247209697e-12
888.7883442250551,8.426952300389932,1.0102285616890613e-12
889.4656654816895,8.438045687855425,-8.608435115904678e-12
890.2338293694912,8.450637152311455,-2.2087010337865698e-13
890.6561959510638,8.45756506379543,-1.560232655091475e-10
890.7772747386567,8.459551677153845,-5.063293672660599e-12
892.7126958539404,8.491343968254155,2.021687089025355e-12
893.5469528815205,8.50506921439138,-1.6123878578094719e-12
894.0160788690711,8.512792934655142,8.552023719573554e-13
894.6308198993249,8.522920207122345,1.2062154839809692e-12
896.0026170491542,8.545544356841495,6.712278710423163e-11
897.7388425210762,8.57422848470331,-4.0506118744703906e-11
898.4469602649507,8.585943218288449,1.6341629128944202e-11
899.0376544132965,8.59572242284089,4.087738037931146e-12
902.3817869415642,8.651207220386446,-5.487977158851443e-11
903.438512233101,8.668782907498526,-7.927135863354807e-11
903.6031136448876,8.671522445900886,1.0606421062690194e-11
905.2604485109025,8.699134057600732,4.547822902669103e-12
905.5724254062678,8.704337329035859,1.964794947792922e-11
905.9782685178876,8.711108820741277,-8.915758653572975e-11
906.2534015352927,8.715701140362135,2.8414461401706997e-13
906.3135895963593,8.716705941457203,1.1132582641971714e-10
906.5232609903161,8.720206792104102,7.962105768582323e-12
909.7823843391557,8.774727992662584,-1.156400641364868e-13
910.2100242611331,8.78189641357553,1.2124346102704479e-11
912.2153348349399,8.815555868114796,-6.847109538855571e-12
912.2529523673325,8.81618799214817,-4.370984399887949e-12
912.7467564878473,8.824488280673336,5.993427424253863e-11
913.137694613741,8.831062693889768,5.434251873441651e-11
915.0205210981383,8.86276564982995,8.188435899088682e-11
915.4421847888651,8.869874555813922,3.362287661058765e-11
917.7211517520748,8.908352766854833,-2.4185580043073373e-14
918.0578069086332,8.914044982422723,1.5496983659722936e-11
918.9861427248742,8.929752238816862,1.2975462227579214e-11
919.9023130198061,8.945269221408612,-2.6778629842573678e-12
920.1661962076442,8.949741423237452,-8.295195304151945e-13
920.6938915271559,8.958688469931817,-3.3249593068986966e-11
921.539397679657,8.973034676437049,-7.229934272338273e-12
923.5440761180996,9.007101874720016,-3.569170583843802e-11
923.571075472578,9.007561202837856,-3.1349051240741426e-11
924.2400989456306,9.018947293161057,-6.460378718085817e-11
924.2791927471517,9.01961288436066,6.217463249681949e-11
925.6523940798492,9.043010174690455,5.3155162217780835e-11
926.2837999996003,9.053780041908835,1.8106924418970078e-12
928.3213826775601,9.088585102089354,3.2071222258485446e-12
928.4867576515956,9.091413317604783,1.0588564393564077e-10
930.0464280407853,9.118111323661386,-5.304907781773389e-12
930.2546940808032,9.121679755350844,1.5398275518606769e-12
930.8296381320879,9.131534997913962,5.952159450408408e-11
930.8694345419855,9.132217382263654,5.1919763298995004e-11
932.4892928634633,9.160017663098523,-4.956626842204671e-12
934.5817896990106,9.196000992335243,8.820574237167817e-11
935.4409373418896,9.210798561127978,-4.067765212982046e-11
936.9314196746922,9.23650220724691,1.2612587976683469e-11
937.4725434018663,9.245844112345818,-9.610736701583814e-14
938.6203945066609,9.26567835331557,-9.881330595192572e-11
940.2077664782979,9.293147264725171,1.062704212013537e-12
941.7072484253972,9.319137902031512,-2.3751132702011042e-12
941.8201009414178,9.321095659352656,-3.981139532316349e-11
942.805387470209,9.338198304520153,8.686532109584792e-13
944.4131508951671,9.36614432794269,-5.645573411926269e-12
944.4357213969828,9.366536985631685,1.4870429371034802e-10
944.5568000208795,9.36864354350497,-8.678445951944183e-13
944.6356191496071,9.37001500463729,4.825070437489665e-12
944.9588454691568,9.375640373502799,-1.0287803258173723e-10
947.1979433714124,9.414662046336998,-1.9082432977124395e-12
947.2882253728443,9.416237364561162,-7.952065314407638e-11
947.355794771953,9.417416471948437,4.1243868145182364e-12
947.598654617575,9.421655147448273,4.154281558116046e-13
948.3517703873817,9.43480631766426,3.618074942981893e-13
949.3762926487844,9.452713656833282,9.784594396500469e-11
950.1000880549285,9.465376330072024,2.994053570608409e-12
950.4923600080668,9.472243091155006,-2.8671980402248725e-12
951.0313757231543,9.481683240352197,-3.908289375022548e-12
954.518868898085,9.542891418208663,6.38919540129603e-13
954.5715333902477,9.543817437586931,4.25418986107397e-12
956.0342420702206,9.569557204203583,-1.2297105781883906e-10
956.8189279706861,9.583381822979431,-3.701533875103081e-11
957.5863879672638,9.596913926733357,1.082575076660799e-11
957.6427076286659,9.597907400596517,-2.995759056957306e-12
957.6645755095481,9.598293163835663,7.912739452970662e-12
957.9711363565173,9.60370201824929,1.0847021110642178e-13
958.6889554557351,9.616373744720068,2.505280213988327e-11
959.2774698478705,9.62676992419697,-1.0197553435904184e-12
959.6082195591277,9.632615459096938,-1.2086642976067034e-11
959.7465950820924,9.6350616492955,2.3103050835109103e-11
961.2498736423106,9.661659203959635,-1.479632064285556e-11
962.1630194248266,9.677835843954176,-6.71729450198864e-11
962.5223868263167,9.684206352647719,3.2602256958162514e-12
964.384890580799,9.717261085675705,-5.175075216861153e-12
964.7681626338543,9.72407112340055,2.5852911622945264e-12
965.0906861943528,9.729803869020122,-3.221299702824411e-11
966.0324496097876,9.7465543569566,4.1659417302501655e-12
967.2253699081782,9.76779545110837,-3.664481666345325e-13
967.2636900061945,9.768478211893749,-3.719801116319541e-11
969.318567717519,9.805130206182081,-8.017588447770594e-12
970.9909470049149,9.835017147681667,2.8762714831813388e-12
973.6968477247178,9.883483175437673,-3.706899073103832e-11
975.5910633980509,9.917491175695064,2.3515587887479202e-11
977.2694186304674,9.947678928427528,-1.848439644361528e-12
977.9458226850318,9.959859746484215,-4.330454938498513e-12
978.058675111327,9.961892835667882,-7.168202644044789e-11
979.7407564797801,9.992224125465674,-4.7798425250094195e-12
979.8287174232623,9.993811671123526,1.288765696613538e-11
979.8663348972593,9.994490646157697,-4.034360674781773e-13
980.0632799384354,9.99804582297693,3.103510279100327e-13
980.0992790319045,9.998695742127326,4.578884445888416e-11
980.9088560072266,10.013317959085642,6.713143822134226e-11
981.3980884138132,10.022160108262149,1.3935818844495462e-12
981.4357058865961,10.022840170753488,5.593003222014393e-11
981.9461035436458,10.032069903270793,-7.081160499084923e-12
983.540294891966,10.060929228380294,-3.850590948665642e-11
985.073666673635,10.08873171930245,1.1854336789736953e-12
985.6327893761215,10.098880286833728,-1.6936142866726135e-12
986.3469528855206,10.111851356298168,-2.328537124027126e-11
987.1481615486205,10.126414575018707,-2.8375232497623847e-11
988.3612597592639,10.148487035470843,-8.406797303892335e-11
989.4368272193326,10.16807978051902,-6.548961225220771e-11
992.3607661083212,10.221450525897504,8.124401208498382e-11
992.5704370918533,10.225283708173224,2.257186182644553e-12
994.0518467610052,10.25238975333737,2.028343793998825e-12
994.209698004575,10.255280414586464,4.6689354936572626e-12
995.3673211429814,10.27649348994412,-9.032022785890895e-12
995.4725079354561,10.278422227836748,7.45226648222825e-11
995.9851553913832,10.287825208968048,4.159796555746337e-11
998.7676238337643,10.338945698772314,-6.730348273879663e-12
998.9526164743465,10.342349504786885,1.6889308493258165e-11
999.4930368694804,10.352296679661414,-7.75868136852793e-13
1000.6053768366294,10.372787747326345,2.267318246179965e-11
1002.7701529716286,10.412731699801768,1.330242439361028e-11
1003.202994506454,10.420728748183944,-6.078306928724039e-14
1004.928108138978,10.452635709800285,4.182834165368663e-13
1005.8179800215767,10.469115830837586,-8.014582581989216e-12
1005.908893475293,10.47080033796926,6.362939665146444e-11
1005.9607842473218,10.471761874209289,-4.485221242878306e-11
1006.9191411937078,10.489529150001818,-1.463795150602641e-12
1007.7533960524844,10.505009432833653,-5.076835286826999e-13
1009.8278900079358,10.543558945728421,2.4561552534004033e-11
1010.9260274903183,10.563997295391545,-8.982927709520999e-12
1010.9937389020757,10.565258255846235,1.5799364234449757e-11
1011.4221515362441,10.573238357414274,2.8552252313335473e-12
1012.756256577364,10.598110574132809,-4.989707760168314e-11
1013.0862322662654,10.604267491143887,2.6084662318163927e-12
1013.1765141449414,10.605952382986269,-6.519353804534595e-11
1013.2937953260032,10.6081413753975,-2.6841938487287096e-11
1014.5241898441807,10.631121323214296,-3.5925185278027495e-14
1014.9511261725359,10.63910168470644,-2.0361807005837237e-11
1015.0293136240261,10.640563540693808,1.705887633127066e-11
1015.3185771942561,10.645972825906306,1.9733547561736136e-11
1016.3018254333361,10.66437128378777,5.587992465459748e-13
1018.168053404487,10.69934096222082,7.654743170214996e-11
1018.6129892373809,10.70768771224775,2.965029860701293e-11
1018.9941530365917,10.714841034355315,6.710951282470673e-11
1019.8480256196026,10.73087542125161,8.896320612298586e-12
1021.4880593471297,10.761710351632416,-1.1531740668797304e-11
1022.0291821266372,10.771895088263948,2.252896076608732e-12
1022.2020802638663,10.775150425755536,6.351875037253709e-13
1022.6394925754297,10.783388512274499,-6.607200728558014e-12
1023.1130460487079,10.792311243375181,4.1546013114793004e-11
1023.7015596843165,10.803405819569269,6.860190692372853e-14
1024.049676940004,10.80997148015699,2.6579152501111145e-11
1026.5864029581467,10.857882767215697,1.7195890597012038e-11
1027.3980870507796,10.87323812268555,1.0545502076007726e-11
1027.8672116517605,10.88211850734011,-2.905375562120225e-11
1031.2179425260852,10.945664699948694,-1.3587536838967544e-10
1032.5393211047826,10.97078134087715,-8.337317261212712e-12
1032.888772481123,10.97742905776153,-2.6735029368659616e-11
1032.9557812526973,10.978704042469625,-9.899473952865843e-12
1033.8021301348374,10.994814753711374,2.4708217872261968e-11
1035.0489763975597,11.018573188393798,-5.0707164619599904e-12
1035.2151246717185,11.021741276608394,-5.330627423533823e-11
1037.0370558051695,11.056514923719238,-3.3334614689364905e-12
1037.195751637735,11.059546710822486,8.856166838859505e-13
1037.3009383488763,11.061556494443384,3.386392684190904e-12
1037.387422919506,11.063209092296603,-4.620279419531277e-11
1038.3005673491052,11.080666398386178,3.027180415414824e-11
1039.0086829451068,11.094214579531883,2.395153070233499e-11
1039.1115486613162,11.096183449364695,-2.97441116424921e-11
1039.1792600387023,11.097479564688557,-6.8911243955956004e-12
1041.0492845175897,11.1333085099052,-2.8320078316803795e-11
1043.3629103989567,11.177725836880773,-1.1442659575635091e-12
1044.5308664322863,11.200185879411496,-1.2817965641689361e-11
1046.066415365417,11.229753046938947,4.478211129136661e-11
1047.128482038909,11.250228670132813,8.813692926545214e-13
1047.2187638630428,11.251970175011266,1.977400850943823e-11
1047.8343475875984,11.263848572285267,-5.8053530475537844e-12
1049.7254659693995,11.30038354185671,-1.5280912628923586e-10
1051.1377575082038,11.327710910527843,-9.132078981582935e-12
1051.5722170462434,11.33612494701454,3.404696824793055e-13
1051.7285918484115,11.339154257877064,7.342942872393209e-11
1052.7320178712816,11.358603462303,-1.947189357748293e-11
1052.7770166775763,11.359476099623025,-5.889208307090198e-12
1053.272437744093,11.369085996228424,-1.329828701087727e-13
1053.7533723488652,11.378419217509808,1.7514004408060756e-11
1055.3544535141655,11.409521181327337,-3.1814211656472387e-12
1057.2071805754058,11.44557045453811,8.449819514740986e-11
1058.432371657108,11.46944423437646,-4.06695252718316e-11
1059.1651653034965,11.483736490763345,-1.4359422620312698e-10
1059.717608482991,11.494517768309374,4.162671102104508e-12
1059.740178934324,11.494958364456329,4.2748107299368917e-11
1059.9400762399928,11.498860954883284,2.9528619537611332e-12
1059.992740626233,11.49988924297188,3.4208837004765602e-12
1062.1724193507814,11.542492945684458,-2.097550423301605e-11
1062.48446628747,11.548599333863944,-7.271053273736825e-11
1064.105725632794,11.580354323770477,-5.231239320243328e-11
1067.5917350478417,11.648797444534067,4.3534009195374584e-13
1068.0968583667625,11.65873343180021,3.520605226085054e-11
1068.414810378768,11.664990091390024,7.813999485849967e-13
1069.2490643467293,11.681415393980489,5.721924365444446e-12
1070.6584739351824,11.709193837672794,1.1299774095402342e-11
1071.3235560963324,11.722314833651698,6.28569574312595e-13
1072.9690040375638,11.754811878173264,3.184169705109258e-11
1073.4837586337394,11.764988350323836,-3.2108364336892643e-13
1075.630532511834,11.807481751585136,-2.4227125862515152e-12
1075.9792810261274,11.81439292137502,-5.699975794733125e-12
1076.5542945029822,11.825792889524626,-5.95419425632206e-11
1079.1180175697968,11.876694266919383,-4.73440023519423e-11
1080.338637295653,11.900971576439952,8.890733796943983e-12
1080.761846933978,11.90939534042891,-4.022779336911265e-12
1081.206782299136,11.918255101181956,-2.697465045923827e-11
1081.436773461772,11.92283622230122,-3.2516192243532435e-12
1081.51953175488,11.92448489691576,2.11264452464922e-11
1081.8765773819334,11.931599250448105,1.7608346997628237e-12
1081.9930847634737,11.933921239778721,1.483978090197045e-10
1082.5297781690633,11.944620755385671,-1.4746253435206126e-12
1083.267000364247,11.959326661372728,-1.8061626818059775e-11
1083.928498281733,11.972530562125572,8.790075461337206e-11
1084.8823540781787,11.991584295379115,5.5018385420694036e-11
1084.997314127778,11.993881809942861,1.2950111526870023e-10
1085.231876206163,11.998570365664087,5.4646184018094596e-11
1085.829317941929,12.01051693760856,7.1431026042116596e-12
1086.4531984305772,12.022999202378378,3.7360567447597356e-12
1087.7595288567695,12.04915878171471,1.424839995824885e-12
1088.178238569211,12.0575501964331,-1.4920677297029257e-12
1089.1237261100728,12.076510712544438,1.0732743516236745e-11
1090.8954543866705,12.112084746169593,9.462912098484833e-11
1090.975118015011,12.113685648171437,1.5179351116621805e-13
1091.0104144258617,12.114394994120165,-2.0633040446916892e-13
1091.166789130724,12.11753790594965,5.3267729414271064e-11
1091.384685850021,12.121918074944759,-8.127675924930546e-12
1091.5929512510947,12.126105452238928,-5.728267556354254e-12
1091.8220976636653,12.130713585627303,-7.09425285478748e-13
1093.1502247611818,12.157441265297726,-2.391658286828222e-12
1097.7465339744717,12.250189751655766,2.7879942285243302e-11
1097.9088137660642,12.253471492567407,3.817234397780324e-12
1099.2505114271996,12.280622871648573,-1.8722870260062266e-11
1100.2607575738027,12.301088688061256,-1.8480663793048645e-12
1101.0763090166101,12.317624045479524,1.244927780031593e-11
1101.6513222766278,12.32928984045486,-9.370265720598793e-11
1102.767386551582,12.35194979189778,-2.1082407296672704e-12
1103.0906119366427,12.358516666041117,8.117889420029413e-11
1103.1695018876212,12.36011974192145,5.243722038413529e-11
1103.3994929750888,12.364793908634107,-9.677477325674874e-12
1104.389418563561,12.38492353798514,-2.5467033167955444e-12
1109.093234607903,12.480819900031754,-3.0911895308766097e-11
1109.6222622196085,12.4916306453601,-1.076669523225579e-11
1110.9865300883,12.519533419634394,-8.053412661253851e-11
1111.3818955622285,12.527626064440753,-3.6066527408951765e-11
1112.6333822815734,12.553261440433966,4.874861034189459e-12
1112.8679442652171,12.55806940394728,-4.50451941126278e-11
1113.681948235088,12.574762413203748,6.506244220335999e-12
1114.7973807572002,12.597656724985185,-3.1221688194024283e-12
1115.2489946642363,12.60693264257974,-9.114400361479107e-12
1115.9097186100905,12.620510342046707,6.5178549354380045e-12
1116.453232614915,12.631685437088437,8.42316348919021e-11
1116.5771213135336,12.63423345218927,1.6210107437876185e-11
1116.6508798116367,12.635750575248842,1.3214512364736162e-11
1117.0958149433613,12.644904478153753,7.622817462512393e-12
1117.499477523605,12.65321241241628,-5.3068624209194557e-11
1118.507331368519,12.673968541296569,-3.724615859146258e-12
1118.924564619897,12.68256667941344,-1.668774152838505e-11
1120.1150897288856,12.707118065991889,8.881184040191756e-11
1121.4703576457189,12.735098608837875,9.839244951419747e-11
1122.4287128005765,12.754905005932473,2.0860940342417384e-12
1123.0577243977289,12.767914031550822,3.743309940012837e-13
1124.2640700550273,12.79288369614715,6.339670476904765e-12
1124.3205316543695,12.794053028829547,-3.3342056788562725e-11
1126.1514600364783,12.832003803839815,-2.7570995522393893e-12
1128.060575684492,12.871640977699137,-3.0536072077948156e-11
1128.128286969788,12.87304803631145,-6.44983170828892e-11
1128.5635196683595,12.882094304277308,1.3632097384168847e-12
1129.409867304193,12.899695545071015,-4.152493276121715e-13
1130.333628576609,12.918921794669586,6.864652560526473e-11
1130.7943842396735,12.928517380892586,-1.338680486520504e-10
1132.683108228294,12.967892361840919,-7.592652648309814e-12
1132.838780229097,12.971140649258192,-9.375867161978942e-15
1134.979362967503,13.01585180791622,3.618815889479987e-12
1137.7078266820554,13.072964617678954,-8.377701132948628e-11
1138.7789627033117,13.095423360339822,-1.4210237488609329e-11
1139.5673723616956,13.111967620794957,1.573092622366585e-11
1141.1668331292492,13.14556643482468,1.9745177890840566e-11
1141.550246142313,13.153627540547232,1.3255739348114242e-10
1141.6042446392203,13.15476305495827,3.3203819386458608e-12
1141.7117521729683,13.157023951025925,2.4880543560459206e-12
1141.8342356054302,13.159600051459366,2.275277439698386e-13
1142.458115603585,13.172725931407102,-4.257439016747471e-12
1144.4793092941343,13.215299288301972,-1.1529385813662795e-11
1146.745469781388,13.263121982608402,6.036563837533206e-12
1148.2600643488192,13.295137152582333,-3.983638149831237e-11
1149.9443909863144,13.330789707646515,5.1474235950453245e-11
1151.7174519483187,13.368376984772926,-9.764200858074209e-12
1152.1166855194895,13.376848360472248,-1.7798603722554402e-11
1152.1572554373454,13.377709381815116,-4.7256467933386745e-12
1152.1834810195435,13.378265987343529,2.3628580635297744e-12
1153.239498842737,13.40068918504169,-7.088427889099274e-11
1153.4989521079794,13.406201489232492,-2.0633467151440972e-11
1153.6988491445902,13.410449316663541,-1.2523620083621606e-10
1153.737942787178,13.411280145633253,-9.555194881004782e-11
1154.3376338936873,13.424028476124773,2.5924595371234777e-11
1154.6962975350991,13.431656171640133,4.4168061224283866e-12
1155.8800012210672,13.456846799617372,-1.473451283980731e-11
1156.1678589448438,13.462976657232634,1.4400220585545995e-10
1157.0842385244496,13.482500893187103,3.8583262879419576e-11
1158.3627237270705,13.509765938468998,1.0113043293368682e-11
1158.440911007651,13.511434341669013,-2.3415366366906836e-11
1158.7301739459022,13.517607772319357,-5.6950708912502686e-11
1159.2421174772023,13.528537415405093,-1.488277552588227e-11
1162.024578827102,13.58802548292067,-8.557028008368133e-11
1162.3327570105291,13.594622999133682,-2.5679549864840905e-13
1162.5905918706837,13.600144103467327,-1.6836649191668977e-12
1163.059715528427,13.61019274672024,9.555591133322185e-13
1164.040498481699,13.631214245408916,-5.020841801219761e-11
1165.1612038026599,13.655256445806227,3.437449456797307e-11
1166.0510734998777,13.67436306815393,1.9068269363404406e-11
1166.1488786419714,13.676463957363572,-1.5150966927447241e-12
1166.266159551537,13.678983425315042,-1.55603610546293e-12
1167.1560292367324,13.698108159845084,-1.2279119630309157e-11
1168.4849286496801,13.726695508081146,-8.036760148317493e-11
1168.5766865908151,13.728670609962982,-5.351346130109506e-13
1170.1196852080136,13.76190709274691,-1.6106542045084803e-12
1170.232537289449,13.764339669080305,-9.711144195280889e-11
1170.8096578576792,13.776783424718124,-3.04341316541525e-11
1170.8878451263129,13.77846975451833,2.1801666802274153e-11
1171.425382596169,13.790066320245092,-6.131977447430631e-11
1173.6801505392048,13.838767549475332,1.898105118557114e-11
1174.4694045656288,13.855836948864342,-4.127888521561143e-11
1176.3003317769403,13.895479066893886,7.715679444212576e-11
1177.057313007052,13.911886805320902,-5.849244703255203e-14
1177.127203136021,13.913402221853293,-1.3965164002103593e-11
1177.2136875325375,13.915277573805554,3.887377654346891e-11
1182.1812390167013,14.023226592340118,6.071940295864478e-11
1182.5230951181875,14.030672126543474,8.584091757486306e-11
1183.4551529079872,14.050983031226444,7.986451621593248e-12
1185.7596322769116,14.101269708313218,-3.2991992514466822e-12
1186.6277760565245,14.120239080084657,3.8516852661786494e-11
1187.1013284009828,14.130592285380736,1.7052403449495449e-12
1188.1589641528803,14.153730135942025,5.635488846112035e-11
1188.3957047959152,14.15891212285624,-8.508690970198492e-12
1188.7879752297063,14.167500754876414,2.367442946213009e-13
1189.2052081102784,14.176639042257063,4.478574081114245e-11
1189.4779477272652,14.182614353110779,-1.292402331217013e-10
1190.7084811653574,14.209590509720554,2.2739374663789336e-11
1191.0880256348685,14.217916636156193,3.5198778678969296e-11
1191.2834937596524,14.222205686216363,-2.293717230503435e-11
1193.136991021294,14.26291094058456,7.58951349577955e-11
1193.3466613687565,14.267519563327514,-1.4992912667373114e-11
1193.877306787891,14.279186941255956,-1.2773557530546165e-11
1194.8620287449417,14.300851909809655,2.3682850235869256e-11
1195.3272839125866,14.311094249749043,2.0231672022271226e-12
1196.1435369703888,14.32907325203004,2.6727463367826727e-11
1197.1648894366601,14.351587113621338,-5.054502579371751e-11
1198.1345644177438,14.37297962077388,-6.364363969723354e-11
1198.4473133921322,14.379883033601397,-4.4285411321132384e-11
1198.5712019634277,14.382618165744317,-1.1053338029106553e-11
1199.7265005792513,14.408137716478075,-1.2505010256498614e-10
1200.191053109838,14.418406212341806,4.595466149953312e-13
1203.0997937200434,14.482791554321496,-3.7422740590682654e-11
1204.422787482971,14.512127753529741,-1.0967792988115102e-12
1204.7008716370767,14.518298120806312,4.256717962187176e-12
1205.0517984440128,14.526086815761047,2.237394732817103e-13
1205.5839200669038,14.537901392682324,6.053480649585045e-11
1208.188350795676,14.595802222063739,-2.6926006026785074e-12
1208.2410150772366,14.596974325526238,-3.2224138252528882e-12
1208.4755767817483,14.602195383464842,7.570326440970676e-13
1210.3673936410207,14.644341973873491,-9.452102615722602e-12
1210.8635162646372,14.655405687380874,-4.448296508145645e-11
1210.894241699733,14.656091024762866,-3.183631531479562e-11
1212.114859337454,14.683331229447235,1.2018994853096636e-12
1212.7884505457098,14.698375340007884,7.038209210946439e-11
1214.7350394280322,14.741897792482533,-1.8140358519756848e-12
1216.3804842877812,14.778741608912561,5.009685919895811e-11
1220.3038978332984,14.866793572815647,-2.4434672494808274e-11
1221.3306656622815,14.889883820786968,5.24110724604253e-12
1222.264199321694,14.910894247135774,7.659712025058641e-11
1223.5443019392771,14.939730771614286,-6.96929800271345e-11
1223.6660115920374,14.942474063365871,1.7857511449058113e-13
1224.618247321082,14.9639465327924,7.784811110425466e-11
1225.366228400657,14.980824868663134,2.0248902374811905e-12
1225.4436419592266,14.98257230890332,8.06382345955698e-11
1225.7156788559926,14.988713817054116,7.77660349046371e-11
1226.3906041382295,15.003956824682227,-5.3335418273465435e-12
1227.380528226791,15.026329175729378,-4.51501324189796e-12
1228.3208116318756,15.047596360222208,-1.0648266839288463e-12
1228.411093237897,15.049639192550751,-2.5955839638351178e-11
1228.5162796769255,15.052019470929386,1.472349684954608e-10
1228.530481898728,15.05234087057448,6.638784024442462e-11
1228.6433339059934,15.054894870303864,-2.714085729410476e-11
1228.7899349393235,15.05821300830989,2.5813969214177155e-11
1229.6286159998656,15.077203155903037,-2.428010644103665e-11
1231.1823737739676,15.11241893105358,3.2448249851521383e-11
1231.4588394738298,15.118689660753358,-1.348676280034722e-10
1234.0211522789837,15.17687442907953,5.333811631276277e-11
1234.578236173349,15.189540645375166,-7.311605330453386e-11
1234.9653039284253,15.198344631738902,3.4487473416873328e-12
1235.2335435396037,15.204447450963995,2.0473808700288745e-12
1235.4192381690957,15.20867303495845,2.5530573903113327e-11
1236.6903408713947,15.237614735092672,-2.3221657743795075e-12
1236.9571752553675,15.243694059041147,1.5516172690392896e-14
1237.3155543575533,15.251861122417274,8.014223468511276e-11
1238.2400881219428,15.272941148735521,1.6656010156401667e-11
1240.0869056897338,15.315097040846734,7.621223401625514e-12
1240.542458280839,15.325505251693677,-2.9014246155459184e-14
1241.3420456361343,15.34378301988395,-1.7858694903841478e-11
1241.3984361070404,15.34507249429117,7.891679328854664e-12
1243.867656615415,15.401593313786968,5.485654430003147e-12
1244.409551420832,15.414012393924141,2.866931893737607e-12
1246.100626026331,15.452803018178546,2.8503572095544685e-11
1246.5179297003892,15.462383419723345,-7.185712012407848e-16
1246.5809278711706,15.463830001931028,-1.5133219961803308e-10
1249.106538717575,15.521884023775645,3.467669116975649e-13
1249.1853574796073,15.52369765284678,5.050994309026177e-12
1249.5161057617825,15.531309457749428,-2.2859801211543464e-12
1250.441342023653,15.552613447371286,1.5334436625312513e-13
1251.5912954255134,15.579113631581697,-7.226241570744893e-11
1251.9138176233114,15.586550391705568,6.065773005856045e-11
1252.2265664201946,15.593763625352048,5.1056972065448824e-11
1252.436939247227,15.598616674740502,8.08973526949885e-11
1254.8835890883522,15.655117833543335,4.6111863242267676e-14
1256.2793537004138,15.687400006278336,-7.086988328578834e-11
1256.9083643218232,15.701959912831182,-2.4482059960993117e-12
1256.9760755067814,15.703527679416865,2.885687465333707e-11
1257.13835498861,15.707285398697573,1.3942168358565315e-11
1257.814053717684,15.722936991955653,-8.039565279277007e-11
1258.6604000988666,15.742553258208842,2.6303859105186833e-11
1259.6300744553826,15.7650441881855,3.3973942669180754e-11
1260.676317621562,15.78933050495225,7.734217664989217e-11
1262.4141511175944,15.829715186893223,-1.919019989746305e-11
1263.0688267417397,15.844943307108359,-2.3113079572521624e-12
1264.76890077444,15.884524848744318,1.2104193349577396e-10
1264.8817527407648,15.887154180336216,-4.886799841784193e-11
1265.6394358656967,15.904813471732114,-4.566037268668086e-14
1266.8457795543702,15.932951499578037,7.100515096931882e-11
1270.1529775582733,16.010229545466693,-2.962893086036522e-11
1270.4716313902986,16.01768605068252,-1.233305684615193e-12
1270.781988095795,16.024950201014047,1.4150290888969834e-13
1271.4719600027342,16.0411059098944,8.812603015934401e-11
1271.8133263237185,16.049102253182962,1.4863262690981564e-11
1272.4558364560146,16.064158568973216,4.733871197749499e-11
1272.664875070648,16.069058732615915,3.866497603447223e-14
1273.6103605323644,16.091232315906602,-1.3546119700243442e-11
1273.7450092190334,16.09439144474022,-9.422498958801854e-11
1274.23423962088,16.10587258450828,-2.862890581456516e-12
1276.3087261797762,16.1546051134343,2.784454557706456e-11
1278.433627008762,16.204604129036298,1.1678809802846472e-11
1278.7854693158642,16.212891021033396,-1.5214004358602396e-15
1279.1837865735522,16.22227528301887,2.151537422817477e-11
1279.784392628651,16.236430947870957,2.4985798127137043e-11
1279.8902816254515,16.238927331266897,-3.319289991571154e-11
1280.8748606123856,16.262149137249523,-5.6694777885457223e-11
1282.2955162538478,16.295687509093124,-1.4032718621216408e-10
1283.369674165456,16.321070558407946,-4.6721834386702865e-11
1283.7665151339231,16.330453544874498,-7.760317060304964e-12
1285.0156073611727,16.360006264666325,-9.582497733270117e-12
1286.665479890003,16.39908524131069,-4.809744499244216e-11
1289.3451431319115,16.46266275624504,-1.1571198814123766e-12
1290.025973084431,16.478837155762044,1.6989619040532003e-12
1290.4695731780741,16.489380306676157,-3.9801431386484216e-13
1290.814452493566,16.497579641505023,-8.844751226462233e-12
1291.018217543987,16.50242508427357,-8.752617574255003e-12
1291.4759487962208,16.513312519761715,-8.035058312305137e-11
1293.1107032531022,16.55222772338224,-2.8554957530213855e-12
1294.3216886037185,16.581086876356206,3.345070330097956e-14
1296.4411734542687,16.631661616458228,1.101150988314975e-11
1296.9102964534225,16.642866924101938,-3.246268283551096e-11
1297.710799143277,16.661996811795433,7.4254222336635e-11
1298.7592208232224,16.68706915854349,2.2958433291661953e-12
1299.2913419522663,16.699802247784863,4.252321502627044e-11
1299.9091737051192,16.714592844281203,-7.290976846784704e-11
1300.1167359952829,16.71956336409934,2.1904612420495917e-11
1301.5035002867205,16.75279274364611,6.322842235693565e-12
1301.8522478751001,16.76115494097256,1.1629546353511305e-11
1305.9749233274865,16.86017738321651,6.248068827646736e-12
1306.0125406354487,16.86108235383824,9.15046118678157e-11
1306.2115926399335,16.865871440244433,1.4926014214415177e-11
1306.7100357836428,16.87786692188196,-2.2206056880394075e-12
1307.3097259280667,16.892305068842134,-5.45890933669693e-12
1308.0757058828435,16.910756445944628,1.4477524213223238e-11
1308.0832293442993,16.91093772912212,9.248514791611832e-12
1308.46664167569,16.92017770363758,-7.352717011841274e-11
1308.7506306343153,16.927023388661272,6.029063351190489e-12
1309.139948051712,16.936410479141028,-3.0322359244707364e-11
1310.5244623007213,16.96981604015908,-1.9175033696832362e-12
1311.702258976208,16.998261715095197,1.199203555181335e-11
1312.2480927966938,17.01145314077481,-1.9411810431431653e-14
1313.1763521175171,17.03389942838527,-1.7059842739773684e-11
1313.3867248266395,17.038988668181787,-5.0034096879115096e-11
1313.4092952099743,17.03953472893628,-3.237997396898931e-11
1313.6438566750717,17.045210190742694,1.3329593386647822e-10
1314.2991635550372,17.061071402091887,-6.291868227984242e-11
1314.6900993269649,17.07053747628533,-7.694102615120221e-12
1314.9966586534354,17.07796243824038,1.801841705803035e-11
1316.1715027399046,17.10643355619124,9.698175528828504e-14
1317.3057059158818,17.133943905397903,-5.223295168449913e-11
1319.0231470222122,17.175645927693914,-4.0151784151407395e-12
1321.6126700800455,17.238626118515217,-2.4499196081150327e-12
1321.87183869202,17.244936198329373,1.4173225089814897e-10
1323.3436817731395,17.280795204824727,2.814721663356614e-12
1323.781724008797,17.29147508015479,6.408469956946316e-12
1324.0162854533219,17.297195358461686,6.955010190722156e-12
1324.053902755497,17.298112830459157,-4.07644683087252e-13
1324.3974477996944,17.30649297226795,-3.5546918131022322e-12
1325.7924378735877,17.340543495482013,-6.56854512339554e-11
1326.928961941457,17.368311582269847,-5.2633480088227474e-12
1327.4188947244204,17.380289188125396,-8.861894771376636e-13
1329.2723895274848,17.425642409903652,-1.6246786052721624e-11
1330.0390719506106,17.444420888010924,-1.1115789228729975e-10
1332.5646808872032,17.50635762552876,-2.6076457791039333e-16
1332.9044286520068,17.514698391620477,-1.3035284341031975e-13
1333.9513026955144,17.540412391307438,-2.4635231308631567e-11
1335.4951434812886,17.578370048802757,-1.8075381150425938e-11
1336.9932119298285,17.615244295666646,-7.396395556657439e-11
1337.1488835986343,17.619078451337334,5.386583914025338e-11
1338.2733131848922,17.646786138164128,3.726019215729014e-11
1338.4649127264945,17.65150977006317,-2.1395741828751062e-11
1338.5513969859355,17.653642145975866,-5.992248923775376e-11
1338.9023233476573,17.662296081329938,-1.4632980378091863e-12
1339.5548196478421,17.67839284008542,-1.3274512441044599e-11
1339.964386360135,17.688500653262512,-1.810617365351005e-12
1340.0170505762856,17.689800592612936,-1.8951088633448722e-12
1340.6702494811702,17.705928101312214,8.14826655157021e-12
1340.840052301975,17.710121827295232,2.0529418503823962e-11
1341.2700815564647,17.72074490328982,8.364947918542963e-12
1342.4499857627002,17.74990974629599,2.7213891714167342e-11
1343.6805173912705,17.780353315628147,5.284566779294133e-13
1345.2551545029573,17.819350798454522,7.658068873676109e-11
1345.911376974196,17.83561629594886,-1.2944746596614125e-10
1346.511066923289,17.85048748354712,1.0800022783884236e-10
1346.7628541245956,17.85673330919023,-8.253557981317154e-11
1346.8192445421346,17.858132288229093,1.0079024896703424e-11
1350.0054333510468,17.93727299082928,-4.325169067477409e-12
1350.1369162545157,17.94054286940889,1.0643173180712896e-11
1350.9284899082438,17.960235426432828,-1.3853464561862655e-11
1352.0259201801207,17.987556095856345,-8.283041811218712e-12
1354.274779076194,18.043611041581652,6.105752134789727e-11
1355.0752813837773,18.063586805178225,-3.125892790343459e-11
1355.2714518153698,18.06848385002289,-1.1176987259416069e-14
1357.3639364003973,18.12076310266056,-6.58733168171865e-11
1358.555934830715,18.150580402748634,-1.2746696085170453e-11
1360.3064927906914,18.194417259656376,8.974609070391891e-12
1361.2310255453058,18.217591862912546,2.95289949192347e-11
1361.2987366690177,18.21928974816986,2.3489726341935008e-11
1363.715148261525,18.279937584287254,7.05172158782405e-11
1364.4893539330255,18.29939158599924,1.4519908751771795e-12
1365.1719439340638,18.316552656063763,-2.7599024498958806e-13
1365.7604551821794,18.33135537174811,4.0800212905134724e-12
1366.6427996936773,18.35356077490749,-5.85724275460765e-11
1366.9516798747673,18.361337554885672,3.985887151489753e-12
1367.635043523961,18.378549076009765,-5.38296167389378e-11
1367.707041357384,18.380362948504015,3.8197776635942716e-13
1369.0254622037037,18.413595377962324,-8.954172156013469e-12
1369.578677128839,18.427549381497222,-4.936983890528279e-12
1371.2203224325244,18.468990569386666,1.0065790553090338e-10
1374.58221850436,18.55401216796612,-3.9825635295231114e-11
1374.791256939954,18.559305578351182,-1.4222144538516706e-11
1375.3918625176377,18.57451899127744,-4.199102503594039e-13
1376.7266643727648,18.608353479794303,-4.499319562272424e-12
1377.195787065671,18.620252571956946,2.492908073943302e-12
1377.5902356936667,18.63026072644546,-1.6392304917325108e-11
1377.718134467073,18.633506455558624,-7.722225236779568e-11
1377.8330941569504,18.636424082448983,3.885184964664225e-13
1377.989468386817,18.64039318312904,3.631387353437875e-11
1380.3684044912277,18.70083104182729,2.4411509273775452e-14
1380.5690747493738,18.70593392072418,-1.15269801855614e-11
1380.7081521298253,18.709470978821084,6.0681345988927684e-12
1381.3830764898285,18.726640919793642,-6.032049670331559e-13
1381.6513157587963,18.733467203399748,-4.806834231855399e-11
1384.2918123173022,18.80073458638561,-1.0028983153022296e-12
1385.5614371075405,18.833124354133805,-1.599738251295811e-10
1386.282836354385,18.851541409422943,-7.307457994853141e-11
1386.54228903736,18.858167484108957,-5.92946600777589e-11
1387.3809689433579,18.879594730313453,2.6725654040984893e-11
1387.8162005191737,18.89071947159012,-1.8906991436824175e-11
1387.8989585428324,18.892835203752284,3.296826131962025e-12
1388.205517692739,18.900673573925058,-4.3111217810651265e-13
1389.2111899055317,18.92639962776702,1.4845178464987658e-10
1389.5900310763313,18.936095576961332,5.892723091405402e-11
1389.746405292744,18.94009854338614,4.39864698196528e-12
1391.4060498075837,18.98261093633032,1.9980096055474763e-11
1391.7734992118974,18.992030145737754,-5.871043583125088e-11
1395.0678968221591,19.076589945761356,-8.821429834294471e-11
1395.6377769261323,19.09123777303786,-7.0080859762313e-11
1396.317272127294,19.108710894495697,1.5840739613444342e-10
1397.0244691171495,19.126905395723423,1.3550279531256083e-10
1397.5371141058693,19.140100295046384,4.2293933177658613e-11
1397.94295443561,19.150549597076004,4.5745770765413277e-11
1398.0986260324103,19.154558529039807,-1.799834030202724e-11
1398.634543995824,19.1683631672026,-3.5214028611593276e-12
1399.0943826850528,19.180212306955188,1.965744814173527e-11
1399.552887202785,19.192030945876496,3.1865642512722326e-11
1400.3195692143765,19.211801971634667,7.0653818760748495e-12
1401.4245225386962,19.240315310643798,1.1676270786868973e-11
1403.8529567387402,19.30306012601825,-3.1374482718448535e-11
1404.1799783905628,19.311517867086422,1.846108013289733e-12
1405.3299303184847,19.34127464706554,1.0410617811774843e-10
1407.855537815652,19.40671413667734,2.673078791782875e-15
1408.0846834848671,19.41265720557061,1.872376789465985e-11
1409.3436189112804,19.445325917231155,7.954073562941752e-11
1409.412806282126,19.447122139419,-5.296760948864264e-13
1409.4632915898321,19.448432879786345,5.278119612454133e-12
1410.2975425468107,19.47009917555893,5.085967046866599e-12
1411.1431142074143,19.492072563302386,6.278257492055275e-11
1411.6323440679737,19.50479191481513,-5.538733502366826e-12
1412.658478649982,19.53148442511495,7.253991296054879e-12
1415.5663691211732,19.60723181245617,8.849312163008583e-11
1415.7355402879632,19.61164333198965,-2.735420620302349e-12
1416.2437563973313,19.624899383447307,-1.356449415029789e-11
1417.1561944086006,19.648710893139206,4.679774376691981e-11
1417.616948800331,19.660740833465127,1.0924272269419001e-10
1418.951118694911,19.695597032447846,-4.730400911440106e-14
1419.719908434003,19.715697137323694,-8.035766571628729e-11
1419.817713349173,19.718255039832638,1.65013172996875e-12
1421.1999764950722,19.754424360081053,-5.280041325665462e-12
1421.8019160447554,19.77018615628389,-1.0114877945577783e-10
1422.2192191149202,19.78111716094335,-3.3594016294983764e-13
1422.5212072779632,19.789029561137205,-1.3323324411638243e-10
1423.1955709301403,19.8067046460354,3.930991811496003e-11
1424.4438881294188,19.839445170837923,-1.8556448092066908e-11
1424.999494868707,19.85402670491476,-1.160487793068478e-10
1425.6015054535058,19.869832496116263,-3.76314766463438e-12
1426.1802430616913,19.885033549014473,1.4994368259516467e-10
1427.592528916475,19.922154379110854,3.622627806519984e-11
1427.9052772666628,19.93037969409929,6.805743746565794e-11
1428.138220157171,19.93650728775226,3.126671717256202e-11
1430.2081332828946,19.991000530299768,-5.210662777992465e-11
1430.584866515883,20.000927028016267,2.1557804312361103e-11
1431.741496980583,20.031419277030576,1.0688726441775108e-11
1432.3653752914374,20.047876812016963,-8.05203354386904e-13
1432.6096388818569,20.054322291870697,-1.5015166473390694e-11
1434.0024489558552,20.091095922304024,5.923743672067067e-14
1434.5075703607297,20.104441206402537,-1.0065037748612781e-11
1437.7328506994327,20.18976377847369,-4.5914358820725996e-14
1437.987519226117,20.196509021623505,2.0177576089378383e-12
1438.627147029619,20.213455704551045,6.240499426581938e-11
1439.005988071971,20.223496500203165,-6.604362416896346e-11
1439.8523332304471,20.245937566380157,-3.177850974966279e-11
1441.340698208608,20.285433963244532,-2.1346710650780886e-11
1441.6578753423285,20.293856093961658,-2.0275601779590125e-12
1442.4567587813558,20.315077375957788,-2.8455587022509522e-12
1442.9258812606588,20.327544472955218,6.7344315010946e-11
1445.1852146996641,20.38764384097914,-1.9042625738100217e-11
1446.5359075292815,20.42361783694548,9.157424303423163e-12
1447.778248404931,20.45673568607983,-1.8700777726481793e-12
1450.6826962015293,20.53427227799963,4.304463749984626e-12
1452.2632371958516,20.576531392432106,-8.953976802196704e-12
1454.4867137061822,20.636058653371844,-7.112702250119383e-13
1454.8022724418497,20.64451422066468,-3.6302280148044767e-13
1456.9421462206062,20.70190169199179,4.501887523873039e-11
1457.0549980184178,20.704930510733433,-6.620254432062051e-11
1457.6614372895365,20.72121069465656,8.025303469250188e-11
1457.8666783545632,20.726722034270615,-4.5486766037085024e-11
1457.9741855789964,20.729609236123117,-8.380663650898291e-11
1458.2478403317714,20.736959437894416,5.003962168734605e-11
1458.4139878600135,20.741422733410847,3.40573303427739e-11
1458.984428231894,20.756750598780958,2.1265258018798813e-12
1459.9840527835822,20.78362519821349,-7.394765306879227e-11
1460.7168434239838,20.803337742299007,1.5074075284733286e-10
1461.282854976458,20.81857059147888,4.113682342318657e-12
1461.6865162539762,20.829437775840663,-5.362117121512739e-11
1461.9992645355903,20.837859505722328,-6.368499874069204e-11
1462.56295510225,20.8530431951636,6.060341128419631e-12
1463.2424500011819,20.871353995147267,9.046550534848315e-13
1464.0361308595943,20.892752608978956,1.0294485783730025e-11
1466.754813023421,20.966139579314117,4.4283632177405036e-12
1467.2710418760587,20.98008982610561,1.324857212630872e-11
1467.3124563911842,20.98120919886065,9.5724552018208e-12
1467.9747254845934,20.999113639850243,-1.5772314230116466e-12
1468.2767135588367,21.0072805676333,2.1106274240829326e-12
1468.7442175906865,21.01992700164667,4.543286798839934e-11
1469.8423495757506,21.049648363853652,-1.6616216841424976e-11
1469.910060649043,21.05148171702027,1.167555380374945e-12
1470.0003420800551,21.05392631928224,4.4588662894813827e-14
1470.0229124378004,21.054537493307233,1.5638527224407444e-11
1471.6725695345024,21.09923333016802,-9.229734415309717e-11
1472.2101056101792,21.113808170110865,1.1488684565308642e-11
1474.2348774425375,21.168755944543857,3.650220060224679e-11
1475.610390315462,21.206127362399823,-6.617148482976233e-12
1476.340370446098,21.225974406207772,1.0121338466260957e-10
1477.5292732659432,21.258319868516885,5.484571189308669e-11
1478.5951325036563,21.287339924142834,6.777506561305585e-12
1479.6240770837223,21.31537475994377,-1.560068976562153e-10
1479.9593956875358,21.324515133025283,-1.4290818177716757e-10
1480.5600008431854,21.34089206883312,-7.393593788712433e-11
1481.5557569615485,21.36805838120446,-1.222167616886838e-11
1482.3134388427713,21.388741766156848,4.222973341252707e-12
1483.010933104647,21.40779148306754,2.3406114351268027e-11
1483.506352022754,21.42132763280173,-2.1792664958657096e-12
1483.855801761449,21.430878239336806,2.8287186097859312e-11
1485.9492002805173,21.488138790895746,3.8775609616136813e-11
1486.3143284772402,21.498134379305572,1.9506535239822564e-11
1487.0961990636263,21.519546783373396,-1.0022228427969804e-10
1487.9492937616355,21.54292258612496,-9.075197127854907e-12
1489.0879243687314,21.574143297750595,-1.933802412892998e-11
1490.932417359922,21.624769099946707,3.2576406739177988e-12
1491.703527731367,21.645952344103307,2.7116361492196115e-11
1491.8049877523388,21.64874037710086,-4.945305020796431e-11
1492.5619669779378,21.669547491908258,-3.751596728636985e-13
1494.2419308105436,21.715762424240626,4.84908652154116e-13
1495.0107201862636,21.736928759758943,7.525966617135142e-11
1497.6858795101284,21.810666194110777,-3.0324656632029336e-11
1497.924869481102,21.81726006951819,-9.654632638880546e-11
1498.0277347180302,21.820098506452563,-5.501902659576506e-11
1498.0954457799967,21.82196701448835,-5.092436490393248e-13
1498.8832213929657,21.84371213725612,-3.008292904268643e-12
1499.4829107207636,21.86027314132303,-2.274119246215023e-11
1499.610809392272,21.863806044627264,-5.743458517603442e-11
1500.2422108934884,21.88125145809083,-3.339395466910715e-12
1501.3545448653765,21.912002740278048,-2.903425615222621e-12
1503.1200770141447,21.960858958868165,-5.435087443869395e-12
1503.2028349763477,21.963150465376195,1.3266500729688285e-11
1504.5150653660141,21.999502010208875,9.084805012763946e-11
1504.6421193231397,22.003023356611916,-8.521845059837602e-11
1504.6580109359315,22.003463819334215,3.97050422400642e-15
1504.9015718083438,22.010215099749637,-4.03674500124744e-12
1504.9825692978507,22.0124605168046,8.283538325289521e-11
1508.2658569786704,22.1035817430646,-1.219096193185891e-13
1508.4868474934563,22.1097220350639,7.548450798581999e-12
1510.5770089728117,22.167842331217287,2.942610974171729e-11
1510.6447200299378,22.169726491625557,-3.1428480084961326e-11
1511.046131259501,22.180898087770743,-8.468917742092393e-11
1512.6694914082118,22.226107775182488,3.239635398792038e-11
1512.827483872944,22.23051037060179,7.180112696733576e-11
1514.4623068075389,22.276093107529796,1.8694594721812573e-13
1515.1431356681803,22.295090749982485,2.976241905009305e-11
1515.4656572321676,22.30409327456844,5.1105173879969286e-11
1515.778405414875,22.312824825269068,7.342246248945765e-11
1516.686974565509,22.33820119645888,-1.484852252100015e-11
1518.0586898497486,22.376542065939102,-9.878467067521132e-12
1520.9337452430784,22.45701531121279,4.5735544670573384e-11
1521.088500958969,22.46135126619341,-3.8799165955018824e-11
1521.208876164577,22.46472425100028,2.4875103959286715e-12
1521.314062368514,22.46767184947672,-7.536288654763932e-12
1522.827949512917,22.5101175875605,-1.1996609195833977e-11
1524.1192277786724,22.54635527264182,-8.329064566345685e-12
1525.871962732371,22.595592151219268,-6.062376150658319e-11
1527.012914075421,22.627673545255,2.6016594843776474e-12
1527.7028847097972,22.647085849904055,2.8942848447635816e-12
1528.3771058317882,22.66606351382543,-1.6464976760985824e-11
1530.239597854014,22.718531592026157,1.1626863495981908e-12
1530.9726013469583,22.73919848353097,-5.2253262393515975e-12
1532.3344010432443,22.777620436554223,4.383654525198793e-11
1533.5837752846332,22.812900453734482,1.1879133674993368e-11
1533.7047820412788,22.816318987982413,-4.260779054538393e-11
1534.6231244825879,22.842271661643522,1.0121543180465843e-11
1534.8953028440526,22.849966500337985,2.2975893707496375e-11
1536.0076366022668,22.881427816565406,-1.4117737256043291e-10
1536.128714407786,22.884853764102257,-2.178916619909745e-11
1538.0302998704044,22.93869535164175,-1.2073757567411402e-11
1538.5332420847742,22.95294682150763,-9.27351528605859e-12
1539.048839166309,22.967561719052018,3.480607624090117e-11
1539.514093079498,22.98075381345717,-1.3779739970267899e-12
1540.1227819918959,22.998018972451156,-4.989582655415741e-11
1541.7058562979526,23.042954047026043,-3.7628923795199615e-14
1543.1016180144218,23.082610605925474,-1.876746125714232e-11
1546.7297837178278,23.185862392795457,3.958113238387549e-13
1547.3421988064877,23.20331466489612,-6.486183210582661e-11
1547.4851443429864,23.20738924353685,6.393699264656697e-12
1549.811413794139,23.273751093982465,-4.0501841938840637e-11
1550.7380532664602,23.3002132448205,-1.3122427303925342e-12
1551.495734855962,23.321862199854788,-5.40352292852595e-11
1551.7039994008956,23.327814718317935,9.201613223428371e-11
1552.12123109969,23.339742240565123,1.2963329962704353e-11
1552.4277899404626,23.348507969706702,-1.7389650504074317e-12
1553.2913603189015,23.37321016762698,-1.4877251636653515e-12
1553.5116481702912,23.379513641310844,2.320305923724265e-13
1553.595740278586,23.38192014861757,6.574332881708368e-12
1554.0213401327985,23.3941017574704,-5.72361948210899e-13
1554.3662188252426,23.403975395581064,1.0239187038614886e-11
1554.6938717398455,23.41335790116469,-2.404438489914008e-12
1555.7065058683622,23.442367687905833,-2.4240582810998312e-11
1556.06952609582,23.452772035094142,1.1412544547553408e-11
1556.3867030193835,23.461864476583614,8.088568136596597e-12
1556.5240908281241,23.465803518045966,-1.3355824284244086e-11
1556.6624654481072,23.469771203794803,2.0602623517135383e-12
1557.6042228358303,23.496784060584307,-3.9550543865893455e-12
1559.0863975227921,23.539331043215466,5.2820255819025594e-12
1559.6434800931781,23.555332996995286,-6.804835575163254e-12
1559.91404004853,23.563106776110956,1.8387804567721655e-11
1561.6819636692665,23.613936280415817,-6.003454618105285e-13
1562.0854115674906,23.625543864067875,9.699430367977298e-11
1562.2659743366855,23.630739799652456,-8.702603090347875e-12
1562.380791795171,23.63404413820891,7.936409714262338e-12
1563.0820829994618,23.654231911388305,-1.1459066272353225e-10
1566.2156743470075,23.744547959921466,5.266113739557035e-12
1566.4072736087348,23.750076082143675,-1.7685287013522456e-12
1568.410531902921,23.807915636007067,1.592870420805184e-10
1570.0476042856008,23.855237288508242,3.8525086029693136e-11
1571.1658429193592,23.88758977171873,2.822678423209884e-12
1571.6349650553525,23.90116910546092,7.791983536779254e-12
1572.5978164471644,23.929052756172602,-2.6225671944431928e-11
1572.6916819250803,23.931771962740964,1.692052535608672e-11
1574.1648567813625,23.974469902708634,-1.685907191587956e-11
1576.0206696234184,24.028314977867232,4.333245187364077e-11
1576.656499675627,24.046777721214713,-7.156064821519413e-12
1576.7280790088757,24.048856653137864,-2.4532736835671997e-11
1579.5540534827994,24.13100895403594,1.113353049808316e-10
1579.9328942227244,24.142033200697394,7.981186309868769e-11
1580.1923466045823,24.14958477737973,5.050206000033218e-12
1580.8034274207328,24.167375690761585,-3.8147825125441426e-11
1580.87704353059,24.169519403164866,1.5816117530874064e-12
1581.0874158731394,24.175646028283083,1.0651437838335317e-11
1581.1438772583895,24.177290478919513,2.2803582166640322e-14
1582.8792438191736,24.227862062493898,-7.961483310857486e-12
1583.5566304395416,24.247617333489526,1.2496797681679147e-12
1583.7324801794712,24.252747188825868,-8.5965878383659e-12
1584.2736000247246,24.268536207856183,4.112749379333816e-12
1584.5329813506407,24.276106456034757,-6.05937808846733e-11
1586.8216331285323,24.342956270427464,3.7494849214538765e-11
1586.976388791686,24.347480050839742,-5.6482988511881136e-11
1587.0440998217812,24.34945950216397,-4.76624661520112e-12
1588.674422266249,24.39714553456468,-2.1897789350414852e-11
1589.710187074721,24.427466517799072,5.7295904510685044e-11
1589.8340752850752,24.431094545000157,1.1986623529340027e-11
1591.044355652939,24.46655209629719,7.202650114311975e-13
1592.8240891559499,24.518741912898793,6.691438626359736e-12
1593.9494327047414,24.551772173919566,-1.27108067494835e-12
1594.6881989365725,24.573468584129323,1.379937501657302e-10
1595.1331323059771,24.586540432949405,-2.690386715505362e-11
1596.7581101183846,24.634312188425795,7.269468542204027e-11
1597.5209940022767,24.65675653575904,4.687885513791666e-12
1598.8101639473073,24.694708793822603,-8.769375840271439e-12
1600.0729662936324,24.73191448987276,-1.9745170969378912e-11
1600.5088999350517,24.744765137216852,6.784075324528348e-14
1600.520007479946,24.745092616139825,6.141739760147516e-12
1600.6779998732181,24.749750883334965,-1.5468763793985867e-10
1601.2776888825156,24.767436372926166,1.3127061371947538e-10
1601.8249979610262,24.783582902554894,5.3581499966130066e-11
1602.9936506235774,24.81807857314457,-2.710658274690941e-12
1603.6582402133538,24.8377067982636,3.692218118387888e-11
1605.9399998940446,24.905159019377702,-5.614397034388744e-12
1607.8732968516144,24.962385217063353,1.4029647557305014e-11
1608.5406968638335,24.98215645366116,-4.370362761179328e-12
1609.485619702362,25.010163132891186,2.794691953976673e-11
1609.6336966121198,25.01455349252378,9.144194854460715e-13
1611.0324103972678,25.05604414247624,7.174291150339319e-11
1613.4339135901778,25.12736502261776,-2.1465180768308954e-11
1613.688581870938,25.13493450159543,-3.174066875359583e-11
1614.694252769921,25.164837627726314,-4.955253662871159e-11
1614.79571272612,25.167855523869118,-2.7254483787440025e-11
1615.0910928784533,25.176642598044946,1.682453866012584e-13
1616.8514925801808,25.229044928726264,2.086523423149267e-14
1617.9993352918964,25.26324384306649,-5.867968641758531e-11
1618.1578171304448,25.26796757000034,-1.0997892444047541e-12
1620.863700104981,25.348690798527073,-1.1372559950086073e-11
1622.9720729772519,25.411682299741607,1.0362095052584222e-15
1623.2156337031722,25.41896439856863,2.9078079307664044e-12
1623.9709940468497,25.44155548465725,3.6720536943388816e-11
1624.7826736607592,25.46584266520015,-2.130523928504567e-11
1624.9742728688877,25.471577491531225,-7.2201240607609316e-12
1625.0954216718383,25.475203989858112,9.866988784705717e-12
1626.3769259050457,25.513581411181228,2.4995056155157793e-11
1626.7864919059514,25.5258531317473,5.060695116229494e-11
1627.266792512103,25.540248191597993,-8.163408441808809e-11
1627.4119879220154,25.544600670750732,-1.6217866007961496e-11
1628.0921848383625,25.56499590017904,-6.826024974914195e-12
1628.7551559815445,25.584882828470185,5.810504697904743e-11
1629.3120962651817,25.601595441456872,5.8671999921256734e-12
1629.8035044092828,25.616346316869514,4.032650902519735e-11
1630.1944394142338,25.62808441040203,-4.934764762468684e-11
1630.341040040914,25.632486921274438,2.624483298735511e-11
1633.362481303442,25.723310902687533,7.283524688140928e-12
1635.285159934421,25.78119382990748,-8.892075333393366e-13
1635.3356451787627,25.782714623722516,-1.3774504954339267e-11
1635.5895397745605,25.790363537188597,-1.898866578823823e-13
1636.7260616951096,25.824617331026605,1.906184396195442e-12
1638.7089278653777,25.884436182099726,1.2405581731871826e-11
1640.8374078272345,25.94872849020285,-6.114940239045488e-12
1641.9011583426286,25.980891135478597,1.936052255727407e-12
1641.9355388323827,25.981930982113777,2.2364241894149266e-12
1643.7657571625632,26.037317831268055,1.242256212085781e-11
1644.8437098458,26.069968169200457,-3.3387406417890687e-12
1645.5433824081817,26.09117215556451,7.124434724123661e-11
1645.701374769185,26.095961454544753,2.0845362263731215e-11
1646.3280628002583,26.11496308161977,-4.912934117125116e-12
1646.936893501043,26.133430189950765,1.4035449635599003e-11
1647.7285368255957,26.157452598737745,-2.1785879726956864e-13
1648.3125472569996,26.175181789005176,-6.350886803197128e-12
1648.7567779085934,26.18867179926964,-4.046055759100615e-11
1649.6224557211065,26.214970394704647,-7.381837283292833e-12
1650.0036173177255,26.226554154523406,2.601060657598013e-12
1650.1614675748608,26.231352114699703,3.371702471969576e-12
1650.1990848029275,26.232495582284713,9.245484611202009e-11
1651.311417944449,26.26631944790873,-4.058318273756922e-11
1652.3420510409808,26.297679317734264,7.565859680714213e-11
1652.7627955877806,26.31048726164114,-8.283854250204526e-11
1653.6489358940632,26.337473049640025,1.644948995667425e-12
1653.987980399419,26.347801858030746,-8.492077201866115e-11
1655.1642983343925,26.38365416872992,4.928786703320005e-11
1655.6378490949803,26.398094443155696,-8.534682872962417e-11
1657.4373419764825,26.453005159000735,-4.256746313985502e-11
1657.6138232160104,26.45839361649315,1.79439399721729e-11
1658.3175061390255,26.479884695450746,1.8737703065470745e-12
1658.407503281605,26.48263394312492,-2.6254373076608587e-12
1659.0163339507972,26.501236522333073,-2.4395716500494495e-12
1659.1893731932985,26.506524913744453,-1.0077816711834258e-10
1662.0153466017866,26.592969817959258,-6.922035739585623e-11
1663.8981578399712,26.650645589439943,6.656017081094555e-12
1664.8115103975797,26.678647653621802,-6.837638163634489e-11
1665.6435102738533,26.70416893727238,-9.738431531718e-12
1665.799181642392,26.708945514131347,1.6686036724193702e-12
1666.4327615059583,26.72839070763838,-8.885150834935234e-11
1666.6831430215964,26.73607720283229,-1.2024266439203158e-10
1667.1904426863227,26.75165440238461,6.464456019450555e-15
1667.530189781461,26.76208936479089,4.136647668256845e-12
1670.1208995194474,26.84173012044736,7.405153280901168e-12
1670.4352658386656,26.851402436257064,-9.337915993982326e-12
1671.7039728588288,26.89045608018932,-3.0123261587195074e-11
1671.8278610237091,26.894271224432497,-8.173298957543086e-12
1672.3834670358501,26.91138462556619,1.305422988736495e-10
1672.8951954949862,26.92715157050047,-3.275954133486789e-11
1675.3637064322584,27.003277002110877,2.4702299108286174e-11
1675.7996399286953,27.016732244261863,-6.954247853663047e-13
1676.568428620759,27.040469710613646,-1.2294192557164246e-10
1677.0757282646769,27.056139285591062,-1.1149023189959438e-11
1677.438961440534,27.067361818457346,1.1906512392585899e-10
1679.2193968698077,27.122405699640574,-4.51963474186461e-11
1679.3397719848988,27.1261293200257,5.682468104768442e-12
1680.3590132176596,27.157668689501712,1.856220461132952e-12
1680.6745715907862,27.167437197592328,-6.094313687525105e-13
1681.4412524399327,27.191178413954102,3.4843584036063556e-11
1682.5462040920042,27.225413649744834,3.810975376297792e-12
1682.5815003362302,27.226507620534296,1.3195963654165808e-14
1684.2035249851986,27.276805365740884,-1.0226699070468694e-12
1684.7626440150077,27.294154451896585,-4.36030459593384e-12
1685.371474617615,27.313052603927638,8.887322077949603e-13
1686.2780062589973,27.341204073176527,1.1372936071114445e-11
1690.0978397737783,27.459991616215554,-1.3079096945460728e-10
1690.5849610858177,27.475159229069636,3.96723266078956e-12
1691.1440801012347,27.49257403944097,3.0520667913462173e-11
1691.4568280239662,27.50231767148354,9.786808361886318e-11
1693.1816467048632,27.55608660397111,5.2220715736185214e-12
1693.7596809006936,27.574118312760483,1.5539394179406618e-10
1695.2930425156965,27.62198116687305,-7.711881406066213e-12
1695.5321743607303,27.62944941087878,2.0394750792328184e-11
1695.6802512156728,27.63407447604858,3.318322509848868e-13
1697.155533093176,27.680175813776838,3.080819821062705e-11
1698.1726664254145,27.711983737934514,3.709975314021664e-11
1699.64717462882,27.758128586078776,-3.943821496709325e-12
1701.757938826799,27.82425481549658,-6.937410712753617e-11
1702.3327362641332,27.842276344003412,-1.5648860463476156e-13
1702.5575238236543,27.84932572642842,7.645460810575446e-11
1703.4031652420938,27.875853546129274,2.1144641911667003e-11
1703.9781758268882,27.89389918492219,-8.811633299272578e-11
1704.4674049394725,27.909257527026494,1.1377841313747092e-11
1705.6769110450557,27.94724640823933,1.1944981366377589e-11
1706.1211415918592,27.961205829578176,-8.722645589905041e-11
1707.7333927168756,28.011899458375492,-1.7181276342875618e-12
1709.358369740864,28.06304167485975,1.8797165870190278e-13
1709.6266085371492,28.071488518679377,-1.519742017366586e-11
1710.017543412013,28.083801437349333,1.040967725843552e-11
1711.8214647015552,28.14065436542772,-7.911003903861712e-11
1712.2159126185884,28.153093891763945,6.7155881980499555e-12
1713.798985691112,28.203047387906103,-1.973553881087967e-14
1714.6549609525998,28.230076713727758,5.835387300877676e-12
1715.3562516844436,28.25223158949777,4.353322387252911e-12
1715.8237551544933,28.26700579111813,-4.528368137020709e-12
1715.8914661469128,28.269145950415734,2.1323902760316494e-12
1716.0990279297569,28.275706936984413,1.1025482051729486e-10
1717.4068282050541,28.317064495885084,-1.759156631672144e-11
1718.123797375266,28.339751125759495,-2.6897580533279907e-11
1718.3869757981481,28.348081100218646,1.4223067020316482e-11
1718.9776647953174,28.366781899395832,-7.674749879175967e-12
1720.702696442001,28.421431983381307,-6.522210613917614e-12
1720.9807796484315,28.430246964150626,-1.0425280509111474e-11
1722.8311756903033,28.488939084604784,1.7661747840154761e-13
1723.0192617752862,28.49490845833828,2.233232608706901e-12
1724.0475025446897,28.52755372305725,5.061831406844324e-11
1725.6746583446431,28.579253531884838,1.784076865393146e-11
1726.1144600518267,28.593235774905335,8.714869843763804e-12
1726.8548442380293,28.616782229901826,-1.0917506710486191e-10
1727.3823931330594,28.633566040092195,5.49530729146786e-11
1728.9923231485698,28.6848171761988,-9.124213870728578e-12
1729.2787034489475,28.69393891950112,7.953269685023637e-11
1730.3948334836873,28.729504147298105,1.0309301183685938e-11
1730.469223205735,28.73187537443499,-1.7166187414377646e-11
1730.7286754199336,28.740146402467786,-5.990971485164618e-11
1731.567353812239,28.76689095473339,6.278209384621615e-12
1733.3975714797411,28.82529961786679,3.4873277222287254e-11
1734.1785253980906,28.85024137745963,-1.3054654421077146e-11
1735.2240629384378,28.88365087999613,5.1502971676261444e-11
1735.9598761933025,28.90717540778928,-1.3791848681349663e-11
1737.6849077299548,28.96236511937056,-8.784866786546899e-11
1737.9443599371937,28.970670633003508,-1.1600049258133047e-11
1738.5440486023806,28.989872449099515,7.764144213679454e-11
1739.2542679321386,29.01262198603656,-2.0722681765579636e-11
1740.0008413573519,29.036546023871438,-3.6376964148259847e-12
1741.1056506581517,29.071968613747305,-2.41353384398744e-11
1743.2807466697532,29.141772631726013,4.61778661747429e-12
1743.4838796260565,29.148296102191203,-3.1064293334252264e-11
1743.8769222781066,29.16092054569994,1.2465339322116932e-10
1744.3640434897854,29.176570720746387,6.799683740091293e-13
1746.2579616579405,29.23745984284381,2.269093732999346e-12
1746.8667921167369,29.25704766479498,-1.0016417069666443e-11
1748.0393123740998,29.294790241556615,-7.370263233902574e-12
1748.3206322905703,29.303849492627666,2.7835334967924572e-11
1749.9335147184638,29.355816744132127,-6.467739503448167e-13
1750.7016716319451,29.38058369127994,-1.3645939591968423e-13
1751.9059040125212,29.419432478310867,-5.205024835813493e-11
1752.8965274593713,29.4514102225362,-3.835915362715168e-11
1753.5299650077818,29.471867329809,1.8685111143019073e-11
1753.5767240321873,29.47337772327793,1.172670753938879e-12
1753.6496374795515,29.475733028034135,-3.5948030732295024e-12
1754.249326110433,29.495108334093995,-2.764069813233064e-11
1754.483886996351,29.50268855079221,2.7445457063473506e-12
1755.3564563321386,29.53089594632417,2.036748243696141e-11
1755.5370189520745,29.536734713802268,7.998100723572029e-11
1756.626078696678,29.57196385536878,-3.1780000920959254e-11
1756.731967399403,29.57539033156142,-3.2632791104612695e-11
1756.7883576926781,29.577215161945563,4.116666994166403e-12
1756.8448190363201,29.57904235025663,1.0660670739676107e-11
1757.8813567795667,29.6125969680583,-1.2890826647717238e-12
1759.0694843834622,29.651083170854307,7.602143099055233e-12
1759.7527045282784,29.67322602834543,2.0788119706301853e-11
1760.1474365767174,29.686023035453694,-1.3434999377587333e-11
1760.7456489253532,29.705422238618727,2.983608543646808e-12
1762.7977013710258,29.772017565528913,-4.2730840892924396e-15
1763.1622685956643,29.783856992406303,-8.259153772787448e-11
1764.0708367467646,29.813373661805155,-6.540058542940838e-12
1764.3527882056771,29.822536515400323,-1.3077571519663257e-11
1766.2469904395932,29.884132232283164,8.272234849992632e-11
1766.7075308882017,29.899118086609796,-3.1298091955870226e-11
1767.070763940275,29.91094034205044,2.914494073698362e-11
1768.1935725544902,29.947500099689073,6.148434184875403e-11
1770.9709621297977,30.038034417701613,-3.401549514046181e-12
1772.0915918514836,30.07460371682219,6.876297833127366e-11
1772.6019859491942,30.091266978785576,-1.0329501477364803e-12
1772.6130934863222,30.091629669169755,-8.266265703730484e-13
1773.4633766416616,30.119400402768594,-4.6413696441300197e-11
1774.394444035577,30.14982487162764,-1.2240460226804967e-11
1776.2209352255031,30.209555473597213,-9.66124975136547e-11
1777.0028047839403,30.235143249563922,-8.191220911200476e-11
1779.5402177941219,30.318261215946652,6.602441947861543e-11
1780.2384137233141,30.341152807278494,1.718906672066385e-11
1782.0069672695633,30.399178151497065,4.458043698711888e-12
1782.8134439141456,30.425657368006103,1.4659649995604074e-11
1784.0116289853286,30.465019752120593,-2.2051016565729406e-11
1784.5077498378798,30.481325894154068,5.70983031797521e-11
1784.5384751633524,30.482335901063752,-5.570274074917493e-11
1784.7076460267149,30.487897219229513,-4.853788621241596e-12
1784.9173155846147,30.494790621920608,1.4233145412012285e-11
1785.1639707924041,30.502901055538434,3.7251442654932844e-11
1786.8887888766735,30.55964726305036,3.668220768246526e-12
1788.6341404993711,30.617124804274745,-9.73612068658385e-12
1790.148799551509,30.667050706644297,-2.729301435460413e-12
1790.7221915857986,30.68596177263932,4.94160469047565e-12
1791.9645304636877,30.726956177934028,-4.3930217231540203e-13
1792.167663385263,30.73366181453948,-6.36548027872724e-11
1793.779914007707,30.786910902009957,-6.234864405703647e-13
1797.817499511512,30.92047356289184,-2.706572924251378e-12
1797.8679847242568,30.922145506277715,-2.2426343474924504e-11
1798.5751803196197,30.94557098250431,-1.4223855972324314e-10
1798.6729850574884,30.948811437343355,4.844262783502518e-13
1799.20067591908,30.966297867691146,-1.8869569393477218e-11
1800.0461749413116,30.99432640427155,1.9005746559787682e-11
1800.1852520304985,30.99893811110299,-3.5800769909714098e-12
1800.675183582089,31.015186764620754,-6.552687548804985e-13
1800.8482227324725,31.020926690650523,5.842673163030072e-11
1801.8477036203574,31.054091521181824,1.8852308122037235e-11
1801.8965704635807,31.05571349533804,-5.427597876611121e-12
1802.055265339559,31.06098115323788,1.4927247903138693e-11
1802.6002530051192,31.079074800548184,5.005128651389277e-11
1802.7859470088624,31.085241110519128,3.528485285468724e-11
1805.6247869041865,31.179589077412516,-6.880911565812385e-12
1805.6849744337803,31.1815909984333,6.00083629653113e-11
1806.9595858913603,31.224002019900347,1.7881088938840174e-11
1808.7613987307577,31.28400602884119,8.73868767247931e-13
1809.0633863413989,31.294068678108797,4.466957209881433e-11
1809.6497884456219,31.313613213982016,9.789346399216964e-12
1812.462963317034,31.40746323510156,4.958085131306001e-13
1813.8347479208567,31.45328006747164,-7.271503441490232e-11
1814.1865891780506,31.465036952641142,4.5050633985269115e-14
1816.486630601308,31.541949730931194,-2.672398825965719e-11
1817.1270309451093,31.563381893070552,-5.607744625750464e-11
1817.6364381554265,31.580435526456295,-9.588859528029442e-12
1818.0536693987574,31.594406908245844,6.688273454956762e-12
1818.7068666938496,31.616286275763144,8.508521032307719e-11
1819.6547412980444,31.64805007394892,-6.970216258587467e-12
1819.8215911641416,31.653643017576233,3.3171287495761238e-12
1820.0754855828177,31.66215474950791,7.45263280207604e-12
1820.1461490864735,31.664523932866285,5.4617742923668494e-11
1820.2138600540666,31.66679421083552,1.7357479974496673e-12
1821.212006711468,31.700270823673492,-4.939417770630517e-14
1822.4911890095268,31.743199857511744,-1.006740640221933e-11
1823.5893192663846,31.780076875221297,3.681963918931348e-12
1823.6113290805677,31.78081622800521,-3.482337861233979e-11
1823.8103094836797,31.787500774626945,-3.664759630096601e-11
1825.4195363525819,31.84158793403992,2.045203203144116e-11
1825.87065859386,31.85675900606536,-6.553604446167428e-11
1827.6925785669148,31.918067635228052,-1.1759874766479816e-12
1827.882843460235,31.92447368178566,5.552824040421798e-11
1827.981840255326,31.927807077921738,-8.08846560146722e-12
1829.6888718308887,31.985314227183032,-3.282079604881985e-11
1831.2762309568134,32.03883796840244,-1.2153169693119146e-11
1833.1156608579518,32.10091927310385,-5.6739485373997e-11
1834.1083918603056,32.134450134410265,9.316437350324988e-12
1834.3203823617703,32.1416127587386,1.3532093094062335e-10
1834.4128425245801,32.14473701368922,-7.3367224222492e-12
1835.3027084343369,32.17481388459941,2.7081791979404586e-12
1835.889742047703,32.19466321227334,6.369896192315972e-12
1840.0612726604188,32.33589772321161,-4.322414952443528e-12
1840.207873172073,32.34086697207187,2.9472330324980076e-12
1840.4898245598188,32.35042525905908,-4.083480806818873e-11
1840.6769948089163,32.35677122880322,8.705698390512723e-12
1841.0288360360994,32.36870208173025,1.8501913883760237e-12
1841.5835259505748,32.38751611710241,5.83672252584619e-11
1842.891325659754,32.43189665003756,3.0221129922929818e-12
1843.2068838502403,32.442609919760436,-1.8549835637004453e-12
1843.4842643309016,32.45202856268909,-5.758306056221778e-11
1843.9278631063112,32.46709420659958,-4.677906912078326e-13
1844.4284126660166,32.48409838405801,2.2743539934530155e-12
1844.4765058434464,32.48573240121604,6.84659072172274e-11
1845.5519236029745,32.52228199851969,1.0958195682340048e-11
1848.7012609343242,32.62943923813769,2.1341048388062105e-11
1849.0877668178148,32.642602815154554,-5.932435933167472e-12
1849.1839531712874,32.64587914755774,-7.751469634377169e-13
1849.5319971439783,32.65773576417937,1.1972388043651993e-10
1850.8127976971202,32.701387285048604,1.3552144253163418e-12
1851.3124314864021,32.71842371478675,6.083014221568795e-12
1851.7746612254948,32.7341888423859,1.2191537282229148e-11
1852.827792842132,32.77012237720175,5.0192858653275516e-11
1854.3980681981125,32.82373913404502,-2.5341615852847407e-12
1854.5219562824852,32.82797120252455,-7.981793814637277e-12
1856.4521567889467,32.893944171659456,3.1252428742183807e-12
1856.5650083888033,32.89780348781331,-4.0679610645833273e-11
1856.86938798163,32.90821387704601,-3.143665618649724e-11
1857.0136675084077,32.91314912086864,7.254459238079898e-11
1858.6055974044655,32.9676283338143,-1.2036519837094245e-10
1858.7294854872591,32.97187000425416,-1.8355279762154627e-11
1860.3094631316458,33.02598994951959,-8.415266783995804e-11
1860.373518946354,33.028185062647836,-6.276133230262822e-14
1861.072346252321,33.05213791580758,-1.3980094709510123e-11
1861.5346470280936,33.067988580944736,7.762272778980238e-11
1862.2448660669409,33.09234715989862,-2.320538887812818e-12
1862.5981835387747,33.104468447956414,3.1999880503137636e-12
1865.3950479481432,33.200501826431015,1.3423164276511646e-12
1866.4163963435606,33.23560685114995,-7.178616696916835e-12
1866.634576096714,33.24310845362123,-2.00505194345215e-11
1866.9997037063881,33.25566447739576,3.4631749558300607e-11
1867.7732759381875,33.28227422529278,-5.052476739279153e-12
1867.9656486342471,33.288893274796195,-4.293644097017352e-14
1868.7391498134723,33.31551434127025,4.027486433225759e-12
1869.0705995680587,33.326924996258946,6.391221617701217e-12
1869.2485569423436,33.33305228075417,-4.146495832850385e-12
1873.865864743825,33.4922356196292,1.3321316495800547e-10
1874.491360195742,33.51383000310913,2.3606725356637395e-11
1874.83539374596,33.525710367680496,8.597387044643959e-12
1876.5205573674896,33.583934902816395,1.0297569298325904e-11
1879.4949606231776,33.68683194849071,-3.988041502548837e-12
1879.6564658956493,33.692423755899746,-5.262348076599862e-11
1881.7994303878625,33.76666523729676,-1.1626641977089028e-10
1882.0398962479967,33.775001284829486,-9.99217930024596e-12
1882.6689047284356,33.79681168179165,-3.9164826322037673e-13
1883.9864776425459,33.84252115603457,-2.5763571965161046e-13
1887.0306285631343,33.94825167459979,-8.754052897354939e-11
1887.9167681375357,33.97906146306258,6.094752534420673e-13
1888.333999291435,33.993572994115915,-1.7949291300851577e-11
1888.5639891723097,34.00157354079232,2.4209480778550355e-12
1888.6467470043592,34.00445263582802,1.4188637675490476e-11
1889.4998402821807,34.0341385893968,-9.226271175106511e-12
1890.9159204889556,34.08344496703021,-2.6957245930171413e-13
1891.5156088554468,34.10433659959489,-1.634825023854774e-11
1891.5246085623648,34.1046501771754,-2.777213663457814e-11
1891.5283347567986,34.10478000973287,-1.5236551283293078e-11
1891.731467615519,34.11185819664024,4.3791838171398776e-11
1892.6409511545476,34.14355857105294,-1.3288081703356065e-13
1893.4225362252869,34.17081317199227,-7.437346735035233e-13
1893.4752002994958,34.172650022071906,1.4824008562775174e-11
1893.8696479782145,34.18640943598262,1.1056230610931703e-11
1894.1125058573905,34.194882408590566,3.9380232953480584e-13
1894.8078911012628,34.21914943885727,3.171145949544285e-13
1896.3073606751063,34.27150711050955,1.905089431983083e-11
1898.9478509579199,34.36380701230151,-1.0977871453747789e-10
1899.236409975859,34.373901548299145,-5.5133960090779666e-11
1900.5728269501562,34.42067285003031,8.172270110172877e-12
1903.1569979843955,34.51120578420521,-2.578227023801294e-11
1903.8295997425728,34.534789651702376,-3.672021681959861e-12
1904.4849046949573,34.55777504487669,2.9077452945552397e-13
1904.8210674196569,34.569569315613805,4.788263232229144e-11
1904.9795490947824,34.57513036792977,3.07382038210124e-11
1904.997548507932,34.5757619886823,7.903325654745262e-12
1906.7422679364556,34.637014588393754,4.821114096515974e-11
1907.268198154934,34.65548964107155,-2.691818133415391e-11
1907.3170649824724,34.65720651004366,-6.9318001520186964e-12
1908.177121146053,34.68743060386594,2.921610230532263e-12
1910.7927200473925,34.779431711290556,-6.91400616669095e-11
1912.7177177767562,34.84722210898342,1.194002411313533e-12
1914.4838785732798,34.9094789757089,3.5918392568469096e-11
1915.8322477321587,34.957047437650516,-2.1492537219571787e-11
1916.4570405006507,34.9791005535323,-1.0353159948037353e-11
1916.781598329603,34.990559208084136,-8.413217180303927e-11
1916.9033075153854,34.99485670379619,6.733081139027561e-11
1917.5146007226422,35.01644531446254,1.3592209935420004e-11
1918.0014374645455,35.03364350794054,-2.4624972662352034e-11
1919.218537211243,35.07665837139203,4.7952113607110185e-12
1919.555189379803,35.08856118437739,7.44433638162285e-11
1919.8316540391174,35.09833754415052,-1.3678316909192567e-10
1921.0833473871628,35.14261761638743,-7.66208660142022e-11
1921.1651184016775,35.1455113630792,-1.2946172486802624e-11
1922.393957228103,35.1890128563802,5.409564411810228e-11
1923.3381053467947,35.2224550560228,1.8168243425661396e-11
1923.7401474815356,35.23670057483764,2.6153412154506236e-11
1924.1348793283278,35.25068996571271,-6.546446257046585e-15
1924.572288728276,35.26619521169768,-3.231796146461399e-11
1925.6883470161927,35.305773106165326,8.128036757608797e-11
1926.103470300188,35.320500150004,-1.6954347045637015e-12
1927.4224482709717,35.36731369250322,6.363595783585603e-11
1927.4494473890259,35.36827228761075,-2.7412615027819898e-12
1927.9116770268972,35.38468568681943,3.735720245011087e-12
1928.0582775011699,35.3898921727194,-2.6842059779252396e-13
1929.7148233838523,35.448751572623244,-1.811229261798662e-11
1931.1249983620282,35.49889689970648,8.489259082063753e-13
1931.215279622657,35.50210851729596,1.0660838555208744e-10
1931.8391566053576,35.524306089184236,7.587042857443335e-11
1934.473386307432,35.618111152452926,2.8908290043357378e-11
1935.1342489179522,35.6416645625013,-1.6817358595938604e-12
1935.255255489078,35.64597815691583,-4.3316746436130746e-11
1936.8253173247822,35.701971554810314,-7.269722631952242e-11
1938.1355087028012,35.748731902693834,8.656801783732347e-13
1938.498528413155,35.76169356464389,-1.997639444650834e-12
1939.964035759301,35.81404435993504,-7.328834321314139e-11
1940.5993044602142,35.83674969499847,6.328129377647513e-11
1940.7231925142494,35.84117848248041,1.251576867917375e-11
1940.9441826561329,35.84907920661785,1.7076428426917795e-11
1942.611488656209,35.908716857495044,-2.968639003834008e-11
1942.6692130840295,35.91078251215819,-1.5666166994016085e-11
1942.7706729236006,35.91441337668835,5.23196250678473e-11
1942.9962339674444,35.92248603407797,-4.732099188376186e-12
1944.2590347688708,35.96769802062864,-2.9017279768732812e-11
1944.8640676094492,35.98937038623346,-1.5628737856084534e-10
1944.9851452277853,35.993708214117554,2.527988144922948e-12
1946.186771707996,36.0367733269318,-8.153690400070347e-11
1946.4199982885607,36.04513502070668,-2.2775156062605213e-14
1948.3139152707056,36.1130732792588,1.3003066222488475e-11
1949.0957844236912,36.141139621777214,-8.236481867729866e-11
1951.5467121099905,36.229192250465594,2.994976116428207e-11
1951.851091621527,36.24013518772444,5.01129350252252e-12
1953.141594118397,36.28654980288715,1.2275993082289757e-10
1953.5048269654164,36.29961948128241,9.811745867851167e-11
1954.266794127597,36.327044132312054,-1.3609131230716965e-12
1954.3518729214536,36.330106944074075,-7.788736388946438e-12
1956.2332771162887,36.39787102224792,-1.3080592738346836e-11
1958.8443047773728,36.49202258334366,-6.4970747114300154e-12
1958.880303598455,36.49332154958066,-1.1640165415526904e-11
1959.8185465560819,36.52718513065224,2.4459841762135508e-11
1960.1859950481105,36.54045170269106,3.409916869366841e-11
1960.5213130132665,36.55256038609639,-5.558208989757309e-11
1960.8285029519136,36.563655154826584,4.801050342980569e-11
1961.464474226747,36.586630032647136,-1.9301324199207544e-11
1961.5426611394496,36.58945510023796,7.690910499110846e-12
1965.7939955489114,36.743234824934895,6.057750468191275e-13
1965.8728850692844,36.74609157147351,9.493135507415406e-12
1966.9619441205998,36.7855402823969,-1.054165722374666e-11
1968.5424817989283,36.84283056157462,6.039153050860811e-12
1969.1267047572826,36.8640187353788,-9.761914333247401e-13
1969.2474981666912,36.868400367357296,-5.7499203618012557e-11
1969.4031693804404,36.87404754507195,-3.688134720289985e-13
1969.4918322639764,36.877264107136114,5.442588519478344e-11
1969.5595432026587,36.87972066025631,-2.322307160693597e-12
1969.9104685428977,36.89245358606439,3.642768093147698e-13
1970.0985544834523,36.89927900369016,-3.2506612546133108e-12
1971.5866320221883,36.953302560840626,8.003597718673349e-11
1974.1596239859398,37.04680937550905,-3.887345590668992e-11
1976.3759907855442,37.12745360510057,-4.018688303930924e-12
1977.548510228717,37.1701532344761,1.7109357139825592e-12
1978.3985797178293,37.20112604266808,1.7230634471321924e-12
1978.4476596871616,37.202914708195046,3.2254736187759316e-11
1981.3632087901133,37.30924829986171,7.998612889163911e-11
1981.7427516021905,37.32310220262534,5.134196921452008e-12
1982.3538315546914,37.34541314649116,5.400567005144031e-12
1982.6603899181905,37.356608391391894,6.9107353912839986e-12
1982.6942809115776,37.35784616727463,4.1459140171888605e-14
1982.8949506436813,37.365175514175306,6.694217191768577e-12
1983.5502554591374,37.38911531310999,-8.935682724810762e-12
1984.2539376336435,37.41483125654427,-9.378779207655173e-12
1984.9154317175505,37.439013760953195,3.8492713668544377e-11
1986.0871774769282,37.48186952506432,-1.3185555732596112e-12
1988.28174755761,37.56220240052936,-7.394385929681055e-11
1989.8873895907577,37.621033593166985,2.1060803430224157e-11
1992.2391071230793,37.70728692668578,-7.350973259136958e-12
1992.942789282501,37.73311549710889,-5.945996131103942e-11
1994.223589332512,37.78015052159045,2.132073010944227e-12
1995.0825874406748,37.81171257546425,-1.169806554113205e-11
1996.238583688018,37.85420864656831,-1.4484853614751094e-10
1996.9450762744948,37.88019244115709,-2.2331238852311496e-11
1996.9488024678903,37.88032950963587,-1.9459126127117497e-11
1998.0614185559878,37.92126866801103,1.2825694712419763e-12
1998.6431073440915,37.94268121925407,1.4895248994482642e-10
1998.7641849459521,37.94713899165301,4.332849399281391e-13
1998.897001635739,37.95202927829321,-1.9446936889225135e-12
1999.2451165165126,37.96484834760928,-8.778676601772407e-12
1999.2901150383154,37.96650554734167,-1.5786523993266845e-11
1999.975797776951,37.99176239694854,5.58348599614512e-11
2001.2361353193398,38.038209016230795,6.338039381490956e-11
2001.5488829390476,38.049739086621514,-3.913807816064859e-11
2001.6329749130416,38.05283961383253,-1.217409652704417e-11
2002.713105213729,38.09267632109743,-5.959785458099535e-11
2002.9206668148533,38.10033394323065,-8.996689158439622e-11
2008.726170754771,38.31483937667759,-2.9927317877739068e-12
2010.0416354058034,38.363530273845285,5.3195367469787505e-11
2010.244341899591,38.37103613089336,1.437415542017619e-10
2010.521090696064,38.38128486340769,-1.1875330065954372e-12
2013.5975842786074,38.49531049159158,-2.819944675748324e-11
2013.6269043670968,38.496398035489044,-9.947180467795772e-11
2013.705580727206,38.49931638581657,-6.209136987486868e-11
2014.5061517691943,38.52901853307759,-1.6344181285751632e-11
2014.8037104047232,38.54006132541939,2.2708744871395187e-11
2015.2998309310035,38.55847663736284,2.4966084717102257e-13
2015.7620604660356,38.575638042274825,1.533800526682989e-11
2016.020809850881,38.585246465876736,7.122503592093557e-12
2016.633926527568,38.608018920726806,1.26139180023954e-10
2017.0811802379558,38.62463524097331,-7.695333384371583e-12
2019.1962290862512,38.70326321569294,-4.988610463018225e-11
2019.6023525681603,38.71837048517077,-2.4635289806533085e-12
2021.4708884621164,38.787916755875194,1.8571501130225924e-11
2021.7106516259917,38.796845315077015,2.334619673456784e-13
2022.3237682944618,38.819682030845115,-2.4984392154262382e-11
2022.490618067557,38.825897871853456,-7.495539515728005e-11
2023.5257497954565,38.86447225019343,3.066317589801e-12
2025.1304048830686,38.92430903806258,9.739984236243651e-12
2025.5213393854722,38.93889397607162,6.676104400583986e-11
2026.517093454622,38.976056168325776,1.6702850514108007e-11
2027.6220439272129,39.0173150204868,7.570749280386542e-12
2027.9679799086132,39.030236893303645,1.5808816771317365e-10
2028.962328755234,39.0673914429591,-1.6487457791946164e-11
2030.3054950631165,39.11760872181312,-8.22583396790295e-12
2030.7414280792646,39.13391419662519,1.1116359718129393e-12
2031.2756552270162,39.15390100180883,-2.665873197234853e-11
2031.5239286316244,39.16319133476914,1.636436046204513e-11
2031.617722911755,39.1667013903849,-1.4662447378466743e-10
2031.7447766231599,39.17145636939441,5.1798664386564883e-11
2032.0529533181543,39.182991102675395,2.7838599048061877e-12
2032.2432181060053,39.190113389336105,-5.422231620976113e-11
2032.966091671626,39.21717919349623,1.001468467676969e-11
2034.7709269738084,39.284797785738725,-2.7018796148516732e-12
2035.1352807638232,39.298455668245495,-8.37050673759332e-11
2035.6427929966794,39.3174839521014,9.887892023696572e-11
2036.755124781723,39.359205482851124,1.8076513978143466e-11
2036.7663033608583,39.3596248865833,6.75852449843043e-11
2037.6796548553857,39.393900259265905,2.4014770949360934e-11
2037.9456434621331,39.40388491198332,3.650248301211484e-11
2038.7237862503957,39.43310223846611,-1.565397508700344e-10
2039.0926398888635,39.44695567191702,-4.661053238053609e-12
2042.358624391247,39.56972910912908,5.45206083635492e-11
2042.9890378289385,39.593449954511385,7.519190643408739e-11
2043.6438530933312,39.618096729531125,-2.5641532161286248e-14
2043.6664234022069,39.618946400519405,-2.007235624074151e-11
2046.5677698891393,39.728247228431655,-4.056148543580074e-11
2047.0839976108443,39.7477110403238,-8.291854009733173e-14
2048.6248810296515,39.80583758958781,4.233633708973796e-12
2048.6788792495768,39.80787535077305,9.101739312770234e-12
2049.9438586008628,39.85562795503706,-1.1320702876396887e-10
2050.902208584432,39.89182501417431,-6.826515647182703e-12
2051.5878912404555,39.917733759739114,-4.010048059746428e-12
2051.8404513342457,39.92727900878322,2.1982594136982607e-13
2051.8697714201458,39.92838720740193,-5.215871448006801e-12
2053.068587154592,39.973711888218745,-6.750024907000105e-11
2054.0478180217397,40.01075417474553,-4.975999425845672e-11
2054.343197754685,40.02193124921131,7.875521669089817e-12
2054.8123191262216,40.039685954852395,2.2710463620631714e-11
2057.6307656432045,40.146440255185794,-4.4274420138541435e-11
2059.542192065098,40.21892262374255,1.0226047506645726e-12
2062.73139474028,40.34000881294077,-3.383272007457513e-11
2062.954563692313,40.34848900368809,-4.038962139613674e-11
2063.6175339214346,40.37368660175152,3.737818066736243e-12
2064.582073145329,40.410360431247426,3.859914608151016e-12
2064.8886314497954,40.422020017913106,-3.519430260652849e-12
2066.04975891968,40.46619783956478,5.302471022250663e-11
2066.900815041852,40.498594041084004,-4.8283166452376816e-12
2067.4059352121208,40.517828195020094,1.1467966541368332e-10
2067.9830530053073,40.53980965383475,9.32640502388926e-11
2068.167341659256,40.5468301951543,-7.217783406292931e-12
2069.0804799385546,40.581625749915105,7.520720618932008e-12
2069.570411134065,40.600301135059105,1.0033982013977009e-12
2069.755402395739,40.60735385284974,-3.1775923897006544e-12
2071.5292280463404,40.67501224787909,1.3565668852063435e-10
2074.0548288665495,40.771445345057764,-4.441479465598507e-12
2074.1427891199273,40.774805981941206,-1.7875634441829531e-13
2074.547152083076,40.79025703303869,9.422196082147078e-12
2075.200838391324,40.815241310362815,-1.5889768974797889e-12
2076.8462761559686,40.87816575824361,3.0947537654894705e-11
2076.9139870776066,40.8807562119326,2.5112726795244023e-11
2077.9609998651677,40.92082310132048,-3.5697955752112956e-12
2077.9623340315593,40.92087416983246,5.976146415385552e-11
2078.989239586258,40.960191240064205,-1.685571209821575e-11
2080.393927395716,41.014003895513284,-1.3399081455603964e-11
2081.7964363255714,41.067769341735804,-3.2313665405013895e-12
2081.8708259731707,41.07062209490925,-2.063577395131429e-11
2082.1302779277826,41.08057256188896,-1.171978276421316e-11
2082.5084154346628,41.095077062021346,1.14710473440378e-11
2083.697315626636,41.14069774568052,-3.940483920307851e-11
2083.85530777478,41.14676220764272,3.894232793053501e-12
2084.186757349237,41.15948625389585,2.477431701881718e-12
2085.084004016684,41.19394088735034,6.818961737907423e-11
2085.332277391577,41.20347730439488,-6.654948384320044e-11
2086.470905553557,41.24722764236392,-4.129013731183447e-11
2088.8745129561853,41.33966161585103,1.1323226043369652e-11
2088.9706992506394,41.343362804482325,-1.1412022928252404e-11
2089.2556740418936,41.354329457186026,1.9392336186907838e-12
2089.4218211817206,41.36072396914067,-9.423813665556517e-11
2092.506540262545,41.479538043449466,4.0905621379199274e-11
2093.2642204759345,41.508748413973144,-1.1358689770573909e-11
2093.702190206029,41.52563800962967,1.0557953221841097e-10
2094.5771507502136,41.55939003111794,8.001572770652647e-11
2095.6992557520184,41.602696407879414,1.7933586765705268e-12
2099.6440305566616,41.75512463510561,-2.0578738026420692e-11
2099.835629482546,41.762535420419866,-3.060385461315759e-12
2103.9320650248446,41.92114174965417,7.628880490186009e-11
2103.9485881623928,41.92178212058877,4.575811234312812e-11
2104.9315451144867,41.9598866617232,7.008514623897713e-13
2104.9534128120436,41.960734570180215,-2.2194589081358256e-11
2105.6487976985027,41.987702346765815,-8.939729901004063e-13
2106.410204083506,42.01724072454038,-3.7846903159501216e-13
2106.9835956362067,42.039492210696714,-2.3057719733328226e-15
2107.0354149740815,42.04150345130897,-4.8511552970965974e-11
2107.046593551502,42.041937326883755,-1.3255560328321504e-10
2108.18993466348,42.086326131441425,8.692547919263329e-12
2109.1030728649894,42.121794888357286,-4.5130111440368855e-12
2109.9817595734844,42.155939957371565,1.4093901343105973e-12
2110.174132153865,42.1634173010849,-1.025797933730231e-10
2112.8980104143056,42.26936508426653,-1.911391170117019e-11
2113.3717026283,42.28780373491237,-1.438266271581934e-10
2113.996139851285,42.3121165083515,6.9905515926323145e-12
2114.078897637917,42.31533926292378,9.115922793753235e-11
2114.435941080917,42.329244698610424,4.064045885418049e-12
2114.863576923381,42.34590252078203,-7.041608717476088e-12
2115.826355574085,42.38341824446248,3.8830079951014666e-11
2116.7449804217804,42.419229385159916,-4.377952959805067e-11
2118.388657574489,42.483344336553586,-1.5356697460852795e-11
2118.5129008287777,42.48819271901897,3.4676819953265756e-13
2119.1260173674364,42.51212271687869,2.3040098428684976e-11
2119.8545906082513,42.54056800428617,-3.283201321049655e-11
2121.6830458410514,42.61199844616051,-2.3073903603149815e-11
2121.9463660670654,42.622290388632045,8.321272290456734e-12
2123.439858703547,42.680688119479825,6.139367436525164e-11
2125.5977266944187,42.765136461142916,5.145891508618307e-11
2125.7095203591607,42.76951385240067,5.141723254959879e-12
2125.9126531032994,42.777468304645616,5.437297498812331e-12
2127.1310864200686,42.825196750719364,-2.2533688224731242e-12
2127.1549908911666,42.8261334097175,4.0594141615695235e-13
2127.3781598128685,42.834878439784895,-6.697765256857345e-11
2128.3554958516065,42.873186841537766,-3.8317518185528635e-11
2128.4050652617725,42.87513027042323,1.5455476686154658e-11
2128.7243494191525,42.88764927800598,-1.3084562939098054e-11
2129.3498444824727,42.91218013896341,3.7635689479113265e-11
2129.4153054712556,42.91474782507805,1.5204816587260478e-12
2129.9675319088783,42.936411870178965,2.1407257135638217e-11
2130.0300403638626,42.93886445364548,-4.6513838616163685e-12
2130.4680811111084,42.956053451972984,-8.206491160839911e-12
2130.6185498090376,42.961958755253,-2.2257934899146686e-12
2131.937527150463,43.0137412679612,7.719107114410772e-11
2134.334668752551,43.10793411629592,1.8587612545119293e-12
2135.9093007673787,43.16986502397003,1.1169714775538103e-11
2135.9587280761843,43.171809759158144,2.0805100181292893e-11
2136.1994779902097,43.1812827942868,-7.408543532912128e-11
2137.780930825718,43.243536391494,-9.757143882689156e-11
2138.899167435545,43.28758337301158,-7.200337435093343e-12
2139.872706209274,43.325949509322385,-4.828895756663971e-12
2141.5847257561486,43.39346074069253,-7.325072590014383e-12
2142.181461230777,43.41700490581834,2.3146690423509705e-11
2142.6558560251065,43.435726806303414,2.5333629852687585e-11
2143.2736855357734,43.46011554585002,-8.734547137064855e-11
2143.386537056353,43.464571104412116,-2.772971174903142e-11
2145.1925639996957,43.53590785611313,2.1034423900560737e-11
2145.3142731207317,43.54071743889813,4.5655323619340803e-11
2145.4811228497815,43.547311287809926,-8.393429981056834e-12
2145.591021836246,43.55165474138071,-1.4368254043416069e-11
2147.35655011523,43.62146286148631,1.1201965835855667e-11
2148.536734649014,43.66815879730614,9.661571394931892e-11
2149.1362805484946,43.69189064139754,-3.4849060460835336e-11
2149.2100386278835,43.694810667161256,3.049893278180078e-11
2149.81064238634,43.71859183948825,-3.712942460479353e-12
2151.564076315184,43.788057851023915,5.997165909525405e-13
2153.2492388193746,43.854872515160686,1.049283677841752e-11
2153.4523715524374,43.86293001628083,8.368810380324385e-11
2155.5606700075714,43.94660306226437,-3.286330769897314e-12
2156.8231860002907,43.99674833292122,-1.3629201911913586e-11
2157.0083193293776,44.004104023780606,3.870482840995691e-11
2157.3757676596188,44.018705298213874,-2.0053373364732382e-11
2158.3950075127254,44.05921979475228,1.9381569716574506e-11
2159.756804413359,44.11338070168506,3.724642640441642e-11
2160.1892242691456,44.13058589785096,-6.486752610425377e-14
2160.4649151169174,44.14155693112219,6.559734451656231e-11
2161.682716792891,44.19003572925822,3.219213248694146e-12
2163.982472015246,44.2816599291746,-6.7106615213252656e-12
2165.242177554608,44.33188896499661,1.632283895743186e-11
2168.548659852362,44.46386948313037,-5.701926716634093e-12
2169.0379593905354,44.483417317312195,3.0055114808601887e-12
2170.857067388926,44.55613053918684,-6.597051311180798e-12
2172.71350835124,44.63039887715113,-1.4582378214507947e-15
2173.892706018073,44.67760654955041,-1.2102041748022353e-11
2174.321257569635,44.69476940948316,8.895319105422252e-11
2174.3932551775274,44.69765313981244,-4.891418371138381e-13
2174.59638790237,44.705789758197646,1.1141647571019421e-11
2174.7645717881496,44.71252705242855,-5.5110683109733345e-11
2175.013547726545,44.722501759768775,-4.7184081730771054e-11
2175.8591880504105,44.75638912037494,1.1353985729213185e-12
2177.038314659952,44.80366227246805,-4.97471940006564e-11
2177.2188770811404,44.81090358225925,-7.07797419566709e-11
2177.3014927568984,44.81421701734027,-5.732435522688978e-11
2178.506213249574,44.862548562172094,3.178663279148209e-11
2178.552972222071,44.86442499965043,1.159588561152848e-11
2179.444455753625,44.90020793587904,-2.1231194068872524e-12
2180.2440397063183,44.93231460179324,2.0786086238578553e-11
2180.9394244895525,44.96024680673036,9.163829539815568e-12
2181.09038263009,44.966311667658495,-6.930200816484023e-11
2182.895919985655,45.03888307362263,-2.7803539401158644e-12
2183.128862242593,45.048250281441284,-3.586922039558574e-11
2183.382756434511,45.05846115894603,7.632280429418335e-11
2184.276418832929,45.09441107713919,2.0991105101412254e-11
2184.7162200021685,45.11210863629341,-1.0906567930974368e-11
2185.214661326872,45.13217017728105,-1.2600436380287894e-12
2185.4199018722043,45.14043214199466,-5.25813725857877e-14
2187.255248748326,45.21434858360189,-1.5846695916343248e-11
2189.2757289360043,45.295792806355266,-3.7586930539644516e-11
2190.5044249203006,45.345357500463834,-9.736301682421754e-11
2192.078496258051,45.408895016587074,1.7030167418397543e-12
2193.369771733678,45.46105153281332,-4.1826697272154934e-13
2193.7855263268984,45.47785100913497,3.3742197054634556e-12
2194.5069233852555,45.5070081952964,-1.989616343711066e-11
2194.891668482656,45.52256261432891,5.520571218101115e-13
2194.998614925468,45.52688671394066,1.9915359881603918e-12
2195.1452153123514,45.53281445938348,4.107398991472222e-11
2196.9534209531557,45.6059613019983,4.110205005549795e-13
2197.2232777655445,45.616882909952345,-1.3108800335313173e-12
2198.7386378792394,45.67823727318623,2.3016626219727908e-11
2198.9302367680048,45.685997799784204,1.3190833614740538e-11
2203.5151263171256,45.87190599412576,3.018267620213063e-11
2204.1503946501452,45.897695410705424,9.099474863437659e-11
2204.4952726464817,45.91169922560661,-1.9767229932401402e-11
2204.5413290085626,45.91356951587845,-3.3411679458508613e-12
2206.239004086689,45.98253720631532,-4.080512804244236e-11
2206.97636375536,46.01250882379611,9.459666363513472e-11
2207.904832851413,46.050262752750776,6.252036715721756e-11
2207.9927930814843,46.05384026420748,6.072481390579253e-12
2209.616149570434,46.119890876789704,-2.5238067940931096e-13
2210.8166543426214,46.16876785678699,-1.5740175696218737e-10
2214.4805981435948,46.31810468800489,7.779982121966741e-11
2215.461731262971,46.358136171870484,5.517548933599205e-13
2215.5405496909557,46.361352833824384,-2.34817094707454e-12
2215.578727366964,46.36291094559565,-2.845381140685641e-11
2217.4089427344684,46.43763740421628,-1.5805100232750902e-10
2217.6873097798994,46.449008348968825,-1.1132690915380585e-13
2217.9464774644375,46.45959630701115,-2.3725890510919512e-11
2218.318425603323,46.474793925613774,7.092523233081125e-12
2219.344557217229,46.516734373565825,-1.1987004992247247e-11
2219.9712442389714,46.54235810782095,6.250672585036993e-11
2220.2569926161714,46.55404407728131,-8.930842937611405e-11
2220.746221057627,46.574055062189075,-7.67354993028947e-12
2220.9544851732376,46.5825750587162,-1.9637346950962775e-11
2223.2656318705244,46.677176717945294,9.391823788212882e-11
2223.933314890755,46.704525158674514,-3.3469833547435834e-12
2224.0122043678502,46.707757031155374,-1.0216069985810732e-11
2224.180388238478,46.714647418012156,6.176516695272687e-11
2224.3795816023667,46.72280891820871,-1.4316999409884686e-10
2225.161450290691,46.75485129457053,-3.5401087353828965e-11
2225.9852228448703,46.788623148616544,-1.1746407031848114e-10
2226.140680823151,46.79499779550593,6.697058821563908e-12
2227.2921056164264,46.84222651370672,-2.0928470257403305e-11
2227.8860305632907,46.86659745598722,-7.258628232179433e-12
2229.281015657821,46.92386441978619,-1.4931205568147048e-10
2229.432960594476,46.930104232087864,-7.860777238389482e-12
2230.0438981299512,46.955197452610854,3.0436993178036907e-12
2231.0805056893073,46.99779007556992,5.4633719888890216e-11
2231.129932989343,46.99982146232122,2.3762015451444693e-11
2231.216416949213,47.003375929612275,-2.056295018806906e-11
2232.050665461277,47.03767039180417,3.340305632620776e-11
2232.595865711436,47.06008952450879,-1.6757231109192458e-11
2233.2234684776026,47.08590390331513,2.4477058306537988e-12
2235.479843266817,47.17877240534086,6.649350023706127e-13
2236.181133047125,47.20765538934699,3.1334898950204174e-11
2236.826735209323,47.23425285877482,9.049571130179167e-14
2237.5413113870572,47.26370086651833,-8.468342409700397e-11
2237.660983713252,47.2686335367793,7.998939550970512e-12
2238.168424690576,47.28955223912508,2.3649323161275863e-11
2239.2980528180287,47.33613696247274,-5.4688786959490216e-12
2240.8335910930596,47.39949870343942,1.507941991319629e-14
2242.1164983145973,47.452469296280384,-4.2102201740282406e-11
2242.156578557127,47.45412467768613,7.760429102431571e-13
2242.9260686865464,47.485911651460796,-4.0782937446131174e-11
2243.0840607863825,47.49243951851666,1.5285546682755624e-10
2243.7640433732126,47.52054006971142,-9.421442179777758e-11
2244.673526200211,47.55813812411628,-2.5837794193845816e-12
2245.271106270388,47.582850401525874,6.153604931434746e-12
2245.97612223036,47.61201403227149,-4.01085235334537e-12
2247.342774015836,47.6685729115403,-3.788768159415161e-11
2250.5222021680484,47.80028665993939,-4.97997414695266e-11
2250.6378640989487,47.80508168162398,-1.078526337749389e-11
2250.7188613967537,47.80843975082736,1.4184676308104e-10
2251.1498049148536,47.82630828199159,-1.4204205845147882e-12
2255.790168508307,48.01893186844749,5.303376085284403e-12
2256.380998792432,48.04348596695792,6.490384046892975e-11
2257.924834114259,48.10767600472056,4.6732027563867196e-12
2258.40576543236,48.12768127689167,5.5475169730797174e-11
2258.669646099329,48.13865971591876,8.437065788654823e-12
2258.949205190245,48.1502918362592,1.1465693201052053e-11
2259.099673852657,48.15655325379839,-2.645236734256533e-13
2260.1556859758407,48.200508575789385,1.2633870022412554e-10
2260.784693928645,48.22670008935089,6.188400158337761e-12
2260.9810768475663,48.23487884913483,3.171939196259908e-11
2261.2780037787684,48.247246314685185,4.931192157623367e-11
2261.889643889036,48.272727188829876,-7.198453841991485e-12
2263.2652953372813,48.33006188871738,-5.1651694237177626e-11
2264.787191899939,48.393532439719166,5.339465993727398e-11
2265.0999393537295,48.40658082716403,-5.627785837323427e-11
2265.3570702430884,48.417310140923426,-1.1421193066269625e-11
2266.824755452503,48.47857563251153,-6.643910215952105e-11
2268.3047481422323,48.540395054972365,8.093733042590488e-11
2269.2488955635554,48.57985325442307,8.331213223896162e-12
2270.5280765321572,48.63333950899349,1.864149748403016e-11
2271.466318884089,48.672589296237774,-1.9080776844027294e-14
2273.9569699128,48.776860141591875,-1.6964897111558245e-11
2274.1601026019707,48.785369310279016,-7.664864961212265e-12
2274.423983262014,48.79642432866731,1.6430608075318409e-12
2275.40103483781,48.837368101971045,1.077057843248738e-10
2275.9758314275664,48.86146341987572,1.9909607607190247e-12
2276.0414344994692,48.864213869890115,2.399814859831156e-11
2276.968071967233,48.90307219644574,1.2369754346342161e-11
2277.741643494381,48.93552385215055,1.3611228618312697e-11
2279.7642311878835,49.020424357952976,1.11950532564357e-10
2280.1849750257024,49.038095045555316,-7.03828798659183e-11
2281.045030501366,49.07422638965918,5.645565978630451e-13
2282.6842783613765,49.14312971507501,-1.0779064019985808e-12
2283.6606273158695,49.18419259991734,2.428205610144208e-11
2285.858993325985,49.2767148587547,-8.544034855372505e-11
2286.1717407689293,49.28988464083332,-1.2268813256223413e-11
2286.8549600408815,49.31866124383737,-3.67989591238606e-12
2287.249691585434,49.335290913053235,8.329839548818279e-12
2289.1708905312626,49.41627020028249,-1.7216206888403829e-12
2289.6968203204474,49.438450200537794,-2.9971548028569994e-11
2289.9601404662994,49.44955709679475,-3.612539024500032e-11
2290.064623815965,49.4539645792645,1.2952098467152255e-11
2290.752342933194,49.482980056382736,-5.655842385594463e-12
2291.365459280252,49.50885532255115,-2.7488644068702635e-12
2293.649890806864,49.60532584246047,-2.421955388021052e-11
2294.173010159977,49.627430465458524,-8.178399928825244e-13
2294.4674739993743,49.63987537324238,-3.651961904875337e-14
2295.547603675944,49.68553850466944,8.364047545623155e-11
2295.627266801893,49.68890716217904,-5.334133613298531e-12
2296.4742411143775,49.72472978650052,-2.2470437566721905e-12
2296.5171317855566,49.726544191158276,-1.1592621381509726e-11
2297.624473706613,49.77339982302112,1.1091302589184156e-11
2297.8574159174073,49.78325932394173,3.463455616162934e-11
2299.6253357458404,49.858120794729246,-5.998235517485293e-13
2300.317341551181,49.88743903080698,-2.7833646359205136e-11
2300.4190144668623,49.891747354297955,-1.9222106761776944e-11
2300.7864627046342,49.90731932138171,5.786976203169196e-11
2301.0254520804506,49.91744870780466,9.613731820317544e-11
2303.390880862567,50.01776238318051,5.058745821473841e-12
2306.1687563651526,50.13569879110212,2.9119953397045774e-11
2307.821574757699,50.20593765804689,1.6608945059885676e-10
2307.8864752181835,50.20869672214176,2.0963804345000105e-11
2307.99095856486,50.213138706483974,3.8491495008314365e-11
2311.343843755189,50.35578937227181,5.458215536707134e-15
2311.5874040267304,50.36615986912998,6.670393793374978e-12
2311.742159374852,50.37274972929057,9.282951677370526e-11
2314.789402142424,50.50259862608516,-1.2899363109317858e-10
2315.158255587957,50.51832778882935,5.131989391604772e-11
2315.7723587204428,50.544520790261075,1.8799929872206864e-11
2317.2853975558714,50.60908524230118,-2.830945889363255e-12
2318.4533453067224,50.65895279405576,-4.8101313111409146e-11
2318.7467591701493,50.671484556303106,-3.811443668427648e-11
2319.2698785025136,50.69383101722393,1.7862158742842732e-12
2319.551474339873,50.705862234175996,1.759214359318947e-11
2319.900994219384,50.72079754590917,-2.886874125585785e-11
2320.6295671998473,50.75193738602179,9.714697383984539e-11
2321.181793450977,50.77554652860089,1.3202737876686742e-10
2321.381689390962,50.78409399701243,9.771821662940893e-11
2323.238271975195,50.86351587216833,-1.2059264347842847e-11
2323.3727779984447,50.86927230887164,1.901332913920321e-11
2323.943990453766,50.893722126519165,-3.864603835339405e-11
2325.0400827037524,50.940655399910675,5.195952738351718e-12
2325.548928824706,50.96245106416406,8.08089025319285e-11
2327.2197465645804,51.0340515911457,2.7353931472709073e-12
2327.238377519615,51.034850284231915,-5.806682808293355e-11
2327.6535004614916,51.052647907651284,-1.723531796335532e-12
2327.7773884182834,51.05795998823108,-5.901305854199163e-12
2328.202987324787,51.0762110159479,2.816105907467172e-13
2328.4396557154196,51.08636154897103,-5.0606628124107186e-12
2329.1800388170163,51.11812269776926,-1.0265016781748729e-10
2331.2648505774305,51.207611749268054,1.2939442853395285e-11
2331.8927374436157,51.23457903093041,-1.2699630303022381e-12
2332.2820533520257,51.251303511865125,9.876397563885385e-13
2332.7124994614983,51.26979814018431,-9.671862612771176e-11
2333.3891820603317,51.298879511869586,-1.0740303217023902e-11
2334.061783216095,51.32779383654585,1.4591879076824002e-11
2335.4462921037266,51.387338460763175,-1.1832047400094194e-10
2335.933412628567,51.40829681992562,1.706874271813165e-11
2336.0234096137783,51.41216941832655,-2.065209945223013e-11
2337.9957961715463,51.497079294333616,-2.287827505516362e-11
2339.6831370102705,51.569775025210134,-4.1154622009258355e-11
2341.3088851715843,51.63986676701478,-1.2960418691951228e-11
2341.5140546129323,51.64871580568804,5.2357187387102625e-11
2342.1493228009017,51.67612008983912,-6.642091370889481e-11
2342.2471274185077,51.68033985889093,-8.73453972465517e-13
2342.778330671618,51.703261640013594,3.6986930379337e-12
2345.4218420871166,51.81740824966442,1.488757833401105e-11
2345.8090501635056,51.83413867167416,-5.275303646787652e-11
2346.2560904448965,51.85345774855095,1.0516761617330871e-11
2346.7569236601803,51.87510588726936,1.9558988538063967e-13
2347.2483308750434,51.89635108512292,-3.319621041878303e-11
2347.428893244612,51.90415852527488,2.7922212462439702e-11
2347.7367855569437,51.917473043214784,5.824989785359476e-11
2348.2654625747473,51.9403392648003,4.7197707409123535e-11
2348.4141707484127,51.94677208565957,-6.816963338511682e-13
2349.1311388228905,51.977792420070585,6.695276877607231e-12
2350.691497047728,52.04533559375329,4.947962153785381e-12
2350.909676576492,52.05478349761801,1.207038274582636e-11
2351.850729241924,52.09554427537772,-8.825653394186989e-11
2352.8969678535263,52.140880229700485,-9.434090410125434e-11
2354.1708751466504,52.19610882047741,8.789232574191662e-12
2354.2273364117023,52.198557316882216,7.817070243765142e-11
2354.6916024257257,52.21869288035071,-8.769949236019706e-11
2357.826173644684,52.35474547328224,-2.1857685829268208e-12
2358.8069512841325,52.39735221589745,-2.1420510806588887e-11
2359.9770778357256,52.4482077962816,1.9049881415753586e-12
2360.531767129373,52.4723242962693,-4.666880161200328e-11
2361.819387106194,52.5283286337604,1.7899057850214246e-12
2362.378505197141,52.55265668412129,-3.4298580342189124e-11
2364.9401034935995,52.664189220678246,-1.2467212748452734e-10
2365.1069531604053,52.67145808370334,-7.463801803329085e-11
2365.355226411978,52.68227514241077,-1.6203438719515666e-11
2366.1917957198993,52.71873212892698,1.4026372112820936e-10
2369.329808875478,52.8555989758519,-9.359855339685203e-12
2370.7974938471034,52.919675439133755,4.107722538115614e-11
2371.510948857975,52.95083792323183,-5.231154185819963e-11
2373.2283833399115,53.025890950856805,1.880428251902345e-11
2374.927115813585,53.10018013731955,5.998197741006571e-13
2375.5395294738164,53.12697532618125,6.905216279667214e-11
2375.698224148591,53.13391988717852,2.611391554412614e-11
2375.803410092547,53.138523134103664,-3.4440836878116983e-11
2376.0065427497675,53.14741339472219,-2.6362487324538747e-11
2376.077064067421,53.15049999343818,-5.419692392336236e-11
2376.4289048920987,53.1659008395376,-5.477967086819156e-11
2376.634145373079,53.17488571949546,-3.3595264688776913e-12
2376.6521447690357,53.17567372197395,-3.7316963265938803e-13
2376.94759538053,53.188609220890456,-1.388896772910377e-10
2378.876806951905,53.27311401522448,-2.1580922129054286e-12
2379.3279286536545,53.29288428177901,-7.701571567102383e-11
2379.377355942068,53.295050645003755,-2.166609144701223e-11
2379.9485683496796,53.32008974757683,-1.2309484735950534e-12
2379.9976482814504,53.32224144735916,3.2788980419109485e-11
2381.7089645265987,53.397294538942695,3.396683177958994e-14
2383.4865864365997,53.47531271665208,-5.976984710533778e-11
2384.244266265563,53.50858427452395,-4.3515774799716424e-14
2385.349216014663,53.557124252268615,-1.565072745023274e-11
2385.6717367663286,53.571296693577644,-2.1766362867472041e-13
2386.4654153843326,53.606181255805986,-5.449023338691051e-12
2387.5545446084384,53.654070647650016,-8.400704267220019e-12
2388.1676608655375,53.68103919591003,2.5349192860929454e-12
2389.8317286772062,53.754269829221016,5.2825059925015856e-11
2390.0935725169047,53.76579743591637,-4.627766128127254e-12
2390.9291549859236,53.802592181800094,7.752999943936821e-11
2391.279377436364,53.81801799871034,1.2199300814650466e-10
2394.1695435392044,53.94540384250616,-3.20049212610942e-12
2394.492766894791,53.95965967641836,-1.0809655210614583e-10
2396.055445991555,54.02860910926872,3.5520792403671977e-12
2396.5934700265557,54.052358527376335,1.3432432015857194e-11
2397.7299897485505,54.10254422756553,9.901128474877868e-13
2399.5097194420064,54.1811801790946,-8.568075438894375e-12
2400.4469748004017,54.22261552141837,1.3892753059536575e-12
2403.4935856100474,54.357415642995804,-2.886679370361993e-12
2405.6297269983215,54.452033168913744,1.0174896211021257e-10
2406.758581173976,54.50206820148191,3.2626247698516507e-11
2406.9170626909045,54.50909457321659,-7.946981503023015e-12
2407.1983821856675,54.521568178856235,-2.7359216263906953e-11
2407.751310974552,54.54608909186171,-1.185266848989852e-10
2407.794201638611,54.54799141347481,1.1025294771908884e-11
2408.37842411251,54.573906698180345,-9.329485332684784e-12
2408.767739977542,54.591179691543175,5.672108018400778e-12
2408.901543375991,54.597116865968154,3.2624847965934214e-12
2410.7836485486655,54.680665285838764,5.1159887169557505e-11
2411.794306688492,54.725556279102584,-1.0268774602119911e-10
2411.9604537362256,54.732937930455115,-4.7325602299099275e-11
2413.127067159285,54.78478304572939,-2.6601101062058094e-11
2414.1327359899633,54.82949579179365,-7.143626981199302e-11
2415.0188746264043,54.86890958130021,5.488787263882976e-12
2416.534234216482,54.93634345986454,7.049284917075701e-12
2416.759092447504,54.94635331108511,1.2670297896177055e-12
2417.439919561344,54.97666687847518,6.22052760910391e-11
2417.6502914368707,54.98603533272372,8.065076414791167e-11
2420.3741682872674,55.10741088204911,4.064216196352157e-11
2420.456926031326,55.11110069416901,1.4223709235279173e-11
2422.1466586947145,55.18646619655434,-1.9261876134596448e-12
2423.5560586749057,55.24936852295687,-5.904554863088316e-11
2423.8737243093356,55.263551174789015,1.7848601486585155e-11
2424.6022971796674,55.29608640826684,7.96133498368937e-11
2424.816253143072,55.305642707608605,-1.0067332438484462e-11
2424.9553300454604,55.31185500122215,-7.738972641710801e-11
2425.124713823556,55.31942152500846,-8.130699556326756e-11
2425.91438200639,55.354703679281975,3.681935850845145e-12
2427.071293101889,55.4064148863802,-7.00723091652368e-11
2427.744596774948,55.43652132804029,2.0451866705551467e-11
2428.0409631240695,55.449775850015314,3.9342326686670295e-12
2428.9962888905256,55.49251231597409,7.099282238847057e-12
2430.2079007729553,55.5467379143243,5.2208241938551395e-11
2430.306897443306,55.551169697837686,-8.088395003393523e-12
2432.0996371457354,55.63145650420657,-4.803485938442403e-12
2433.0738780602333,55.67511214610073,1.663525985497574e-11
2433.3708049146057,55.68842088633949,4.9582670731430574e-11
2433.475288242175,55.69310438378896,2.0376179930355047e-11
2433.6012840038807,55.69875245020983,-1.2153053544384238e-11
2435.4971018097954,55.78377239684256,-1.1742314531035325e-11
2435.8805125959557,55.80097490618725,8.051047907828439e-11
2436.485331722799,55.828116858741744,3.79514686013569e-11
2436.685227629549,55.837088898574606,5.979793986441534e-11
2437.443681060886,55.87113768297892,8.730870467348202e-12
2437.6277564469833,55.87940286427413,2.708150572241581e-12
2438.762799838868,55.930381314222714,1.8794841069187445e-11
2440.2737305818578,55.99827889613696,2.2159545958514392e-11
2440.656999265029,56.01550875257244,3.793408264992371e-13
2441.9707024300437,56.07458685494385,1.1385725324216015e-12
2442.0211875734344,56.0768578396435,-1.8934851157717023e-11
2442.3863147608577,56.09328383672953,-4.322364089329287e-12
2442.891434605862,56.116011739960065,5.275259719868962e-11
2443.5591174012957,56.14606138691864,2.9051181980083394e-13
2443.872567379685,56.160171309285246,-7.931687987255469e-13
2443.9085661682466,56.16179190735307,9.911612462339074e-11
2445.1035127977793,56.215599715178804,-3.309128029125739e-11
2447.876958931738,56.340587881856706,1.0958051596593108e-11
2449.0264886627633,56.392434141365236,2.6825863140771443e-12
2449.0608690844506,56.39398514710753,-1.6647840548742036e-12
2450.2288166146427,56.446687758138026,-6.502163378839696e-12
2450.595846365797,56.46325484366599,2.577405257209911e-13
2453.2993316768793,56.585361931214756,-9.205846847453263e-11
2453.7578346628675,56.60608427936269,-1.2184670168327905e-11
2454.0996889439048,56.62153713151788,1.2191357893023443e-11
2455.442293744276,56.68224777748044,6.68545499810492e-11
2458.159349633901,56.80521070554624,-1.6235326240352058e-11
2459.53485858229,56.86751250923667,4.075383867910681e-14
2460.962328936414,56.93220468613887,2.231180188628546e-12
2461.0545047797564,56.936383335156975,-1.8354977561068603e-11
2461.5596246123573,56.95928493882552,-7.7538384281835e-12
2461.742294776799,56.96756816975466,1.1496850824186809e-10
2462.28960266197,56.99238968231443,3.309560339222898e-11
2464.040225285878,57.071820988112684,-4.8245949582071024e-11
2464.2993218231118,57.08358181643703,-2.2975877618590066e-11
2464.504491229148,57.09289567873948,2.8853747539770095e-11
2464.5626419024165,57.095535625451426,-5.898099888440896e-11
2465.6382004153643,57.14437547681918,-4.815041263517551e-11
2466.5792529308296,57.18712504730373,-3.3996734476490685e-11
2466.863382834673,57.200035536753866,-3.296894197933746e-11
2467.8252451739395,57.24375233579297,-2.0197921224630095e-11
2468.337888432911,57.26705901696042,-8.648675488657136e-12
2468.7414064198833,57.28540785979951,-7.178484625343046e-12
2470.0982843981205,57.34713006069092,2.93383267234182e-12
2470.448648911638,57.36307308916517,6.164968999049823e-11
2470.63040331529,57.37134455393352,-7.89368138197054e-12
2471.3406214955967,57.40367172192319,9.535086269634032e-14
2473.2888190217514,57.492395988476616,1.4433003469763312e-11
2476.424092336546,57.635328523459485,1.5268208439801855e-12
2477.1603938431504,57.66892169005265,8.597210660473795e-12
2479.5122514367476,57.77629020322086,-4.2692597730708085e-11
2480.3851036022447,57.81616413510243,-7.484584564774433e-11
2480.6068671817047,57.82629705074338,-2.7531738246115384e-12
2480.9599000215107,57.842429846150196,8.818702357998133e-11
2481.819955248238,57.881742017328754,-3.7495503279808815e-12
2482.0725151578436,57.89328883899799,3.6017672714213044e-12
2482.4889721754175,57.912331461520075,3.422702137606437e-11
2483.8349478655423,57.97389845391073,-1.2493434284717877e-11
2484.789713054902,58.01759111004997,-9.797811442362441e-11
2486.3114670267887,58.087265428105184,-2.5762984084112193e-13
2486.377070078797,58.09027005798943,7.959997005748523e-12
2486.882189895017,58.11340727854449,-6.76505487705023e-11
2487.0444686355722,58.12084152040016,2.5515780827051777e-12
2487.3600264199517,58.13529910276858,7.803253780923644e-13
2487.7313428510633,58.1523136700603,-7.149552343908584e-11
2487.8765379568617,58.15896753229221,-1.218166998742882e-12
2490.83954596839,58.294838249130684,-3.832354726656335e-11
2491.6761151340024,58.33322896458247,7.425095076436526e-11
2493.19801119324,58.40310284605944,1.3022849200340383e-10
2494.056448040172,58.44253455123857,7.436403748689634e-11
2494.8141277570785,58.47734932511262,1.6079053661635255e-12
2495.120685841835,58.491438427537425,1.398510652956239e-11
2495.2520972004113,58.49747849200565,-7.542406568647796e-11
2495.5455109915115,58.5109658275151,9.701825485343962e-11
2496.194625946487,58.540809293727605,1.1055950835596448e-11
2496.5938572217406,58.55916805623798,4.441270434731169e-11
2498.938893935154,58.66706450155483,-4.66052305805766e-12
2500.2957718615826,58.72954147466606,-4.28760695656712e-12
2501.0922607899797,58.76623132784741,3.48744224197442e-11
2502.206210063693,58.81756442951017,-7.373546657510248e-11
2502.3618811293222,58.82473989666651,6.56247475880518e-11
2502.805479326224,58.84518946081074,4.597771124358527e-13
2504.650527622687,58.9302837787007,1.5407970678058372e-11
2504.8580890428925,58.93986051307182,-6.130034161208632e-11
2505.3082238599595,58.96063213592873,2.058162939810095e-12
2505.8683286517326,58.986483571914576,-2.1922932991441326e-12
2506.8098705764914,59.029953124271906,2.90766394920752e-13
2508.6914860515376,59.116873362598575,3.232619658921471e-12
2508.777054217553,59.12082768943367,-3.922677026904434e-12
2511.1528161748447,59.23067166775994,-1.456824771703744e-11
2511.724028482521,59.25709732309903,7.328090525864028e-11
2514.4524758997936,59.38340478380672,-7.437330594794708e-11
2514.9215969131224,59.4051355232912,1.5095802549186528e-10
2518.1572008897097,59.555126374671836,-2.1491874600044966e-11
2518.7819929634197,59.584111681326334,6.0117183014047784e-12
2519.1631537847625,59.60179799685675,8.130431719563709e-12
2519.3411109370654,59.610056336837374,4.467691196248264e-12
2520.0447924527757,59.642717334004125,1.6684307752339518e-12
2521.9567068746364,59.73150386741217,-1.6542462536349634e-10
2523.1069391059195,59.78495142483036,3.7216494351677344e-11
2524.2276381218235,59.83705011020945,-7.107434406579895e-11
2525.5121631852917,59.89679314272826,1.9706916986618857e-11
2527.2604646966306,59.97815517139658,1.3726498045780198e-11
2528.9280452450007,60.05581309208783,4.7847326339212134e-11
2530.236616857817,60.116788117442766,3.735593719164662e-12
2530.7846273040764,60.142332927483984,1.1022258315424352e-11
2530.8457305044244,60.14518151826032,-2.566761994264068e-11
2531.855685880342,60.19227493275397,-5.83906433430878e-11
2532.7998329507705,60.23631675110614,1.1979357260177476e-11
2533.46132640581,60.26718335188584,-3.797243172756017e-11
2533.5693227593083,60.272223442018024,1.4788589255756663e-11
2533.8287745254565,60.28433269452665,5.965125509462038e-11
2534.164092150957,60.2999846302976,7.133231782335378e-11
2534.6674514706137,60.323484294268205,-5.408645694447735e-12
2535.6776910429744,60.370662082814306,1.1682594772055605e-11
2535.7604487748595,60.37452766928004,5.723367188791158e-11
2535.8281596463976,60.377690515680975,1.85542333008178e-12
2535.880823657589,60.38015056571419,-1.4647277303706927e-11
2536.497665986266,60.40896841065451,-3.004313385262711e-11
2536.821173483279,60.424084943308706,-6.356861038884344e-13
2537.2156206897134,60.44251888361608,9.162341729817997e-15
2537.3435190023906,60.44849664827662,4.063351669079443e-11
2537.9891208851986,60.478675657632934,-5.716793390058786e-13
2538.692518184133,60.511565084519695,-4.673329458277922e-12
2539.0599663014946,60.528749835131094,1.1881590514652092e-11
2541.4225838793786,60.63930373694064,-4.908745201552519e-12
2541.9056938786234,60.661922552723574,3.051558416527707e-11
2542.153967072425,60.67354817342196,4.124484245468508e-11
2542.35435240965,60.68293222923366,1.785243970492054e-11
2543.0106434013537,60.71367154898415,-2.349239680002628e-12
2543.0481184513633,60.7154270426816,1.2515304439885306e-11
2543.5532382326815,60.73909156592103,-4.634294853668516e-12
2544.936412566099,60.8039164124169,-5.041057088679473e-11
2545.186793582495,60.81565471695488,4.079281005700583e-11
2545.9209872036013,60.85008166929044,7.392651173806832e-12
2546.3808243022313,60.87164887207955,-3.978184230256698e-12
2546.8641474494366,60.894321812140376,-3.261503669960271e-11
2549.0403686709865,60.996462788027266,-1.3965109567343705e-10
2550.0866070100087,61.045599052564825,-1.3676532052621228e-11
2550.609023571217,61.070141734842736,-4.304108737010512e-11
2551.139381968923,61.09506266036775,6.349409488851672e-12
2555.0059671173995,61.27690559501631,-4.5991861556730023e-11
2555.5793582689116,61.303895248596824,8.044066498668636e-12
2555.9425907320897,61.320995817777316,-4.039316526641034e-11
2555.996588907412,61.32353819765606,1.2596770362832446e-11
2556.5917056398894,61.35156145806701,-1.360858006533747e-12
2556.63002539764,61.35336610837894,-1.6097010338531857e-11
2557.764508113951,61.40680627346908,3.313981305557635e-12
2559.944873904496,61.50957965814214,-2.034241821959626e-11
2560.934650980508,61.55626253691634,3.5390701263930215e-11
2561.872892955171,61.600531421427874,7.581332860679553e-14
2562.2372464302925,61.61772701026434,1.3508025412533595e-10
2562.470472758334,61.62873536347569,5.540483571900488e-13
2562.8527545745765,61.64678134797531,-1.7908690869120527e-11
2563.3624452424037,61.670845978381585,5.591856399930559e-14
2565.532335057204,61.773349114006805,4.793916002153407e-12
2565.8818548217546,61.7898681420322,9.351788093864793e-11
2568.197784430397,61.89938062763934,-5.512263620861247e-12
2569.088564843763,61.94152893251976,-1.3458879158218994e-12
2569.8075694842655,61.97556012860081,2.6962830398734742e-11
2570.090996744664,61.988977636122144,-1.3309579633148893e-11
2570.8673783920312,62.02573928885919,6.0388867775735985e-12
2573.466593146268,62.148892856926146,-3.50711302726588e-11
2575.191621662309,62.230695252397254,-6.846537423787689e-11
2575.6591242757345,62.25287408528998,-8.096424655117086e-11
2576.781441589123,62.306134474212584,-2.4623997868875483e-11
2577.4944701096415,62.339983817280945,1.0544943203721492e-11
2578.096060292945,62.36855017288952,-4.712968408002988e-12
2579.2872805361862,62.4251346306135,-1.419858844282127e-12
2580.0426392022027,62.4610286585425,1.4753837853708045e-11
2581.3077595752357,62.52116969015993,1.3561688588499562e-10
2581.445147034039,62.52770256158083,6.426476664298144e-12
2584.511864365893,62.6736176543358,3.801943984838749e-12
2584.624715812094,62.678990456091206,2.9591499589633725e-11
2584.9326080295778,62.69365024601875,-5.452278007117511e-11
2585.1771550213407,62.705295199775435,2.374754746936976e-11
2585.87513667564,62.73853807790008,-8.935255002104523e-12
2585.9134564321107,62.7403633986229,-1.2628997369984123e-11
2586.9236959446803,62.78849483663259,-2.200840930998255e-11
2587.2403115506872,62.80358341031772,3.61898287819737e-11
2587.2696316115344,62.80498077503414,1.544219970618629e-10
2588.3896279361,62.85837053326911,-3.788766953785289e-12
2588.9425566000377,62.8847369319856,-3.176126962740441e-12
2590.212176808201,62.945300073215684,-1.4137617366158982e-10
2590.3332542911703,62.95107723527823,1.0875747397762906e-11
2590.4212144734033,62.955274388372885,-1.0628098844406133e-12
2591.9748934904073,63.029434023608964,7.084736470584952e-12
2592.5496898333854,63.05688125948,-1.914278928594156e-12
2593.3508916739975,63.09514979167896,3.11687455153619e-11
2594.812252756911,63.16498056344334,-3.1406468993421434e-11
2595.064528431627,63.17703947481544,3.7844893633338333e-13
2596.5484598007006,63.24799591281175,3.6204342087857544e-12
2596.6723477139562,63.2539216366303,9.036001006754982e-12
2596.6950601034046,63.25500803112094,4.17527923338226e-11
2597.9503360491426,63.31506602111752,1.75461061328556e-13
2599.008384456554,63.36571031089542,6.799602859726986e-11
2601.614980457888,63.49056498561314,-1.578570583082274e-11
2602.551043515941,63.53543249156592,-1.7172106231186375e-11
2603.948206756634,63.60243154099709,-1.918645780884803e-11
2604.947686086771,63.650382265629055,-1.624078539095588e-11
2605.0649663278505,63.65601007408956,-2.1561548672351236e-11
2605.7002343001036,63.68649843975688,-9.550511407581888e-11
2605.885928014986,63.69541182765597,3.117734152645242e-11
2606.091168436655,63.70526420590694,4.729578595046409e-13
2606.3159555650964,63.71605579620795,-1.1259563760325597e-11
2607.973273151981,63.79564910076926,8.095150918057052e-11
2608.9727524777127,63.84367393104777,1.2541529262747269e-11
2610.2740136919965,63.90622690989134,-5.1866033984212394e-11
2612.7353435263453,64.02463088960268,5.929649215608776e-11
2613.6448258938544,64.06841040611097,-2.2894249431449955e-11
2615.562929374833,64.16079160841576,-4.2712494039614807e-13
2615.9653262770494,64.18018076348591,1.2076135963469265e-11
2616.2898837091643,64.19582146246677,-3.708567987902816e-11
2617.0717519730842,64.2335083274587,1.1149251406218363e-11
2617.2865525947814,64.24386391303352,-4.485502280046497e-14
2618.086909705384,64.28245679000355,1.5337146789236344e-11
2618.345658838875,64.29493608639022,-4.135685418502921e-12
2618.609539377435,64.30766413720096,-1.11891090670593e-12
2620.611734737327,64.40428009675458,8.281647146341981e-12
2622.8675478200116,64.51322285018345,-2.306754445942265e-13
2623.6017413770223,64.5487003808424,1.6620227365305968e-12
2625.1966215737843,64.62580202421748,-7.371480168748911e-11
2625.929409913436,64.66124308171422,1.0227575489127324e-10
2626.506811410173,64.68917587535617,4.5595420710139715e-12
2626.910258271902,64.70869695810931,3.1570742307436805e-11
2628.657856974485,64.7932904715179,5.384555464448892e-11
2630.217725190823,64.86884430161354,3.7148952309732454e-13
2630.2521056051164,64.87051005735944,2.1850037973473177e-12
2630.714334684651,64.89290750219457,-2.740669444207437e-12
2633.9276521480265,65.0487185174354,-3.486073038023221e-12
2634.250172800877,65.06436777131483,1.9032369246221016e-11
2635.2354499479443,65.1121869721312,1.905118438987298e-11
2635.290924384281,65.11487988665807,1.0014080803776604e-11
2637.2602155602135,65.2105125862866,-4.75510975543929e-11
2637.761048591632,65.2348454295587,-5.6792898855439594e-12
2638.9896727529567,65.29455738722503,-5.487441377444548e-12
2640.24066194458,65.35538487054791,-7.861293754715357e-11
2641.0486135151186,65.3946856320577,-1.4717253082365723e-10
2641.098040787587,65.39709028708123,9.39356657412013e-12
2641.810019293797,65.43173329679739,1.1204883290574455e-11
2643.409470357489,65.50959244801223,5.517708635911508e-12
2644.7125551460686,65.57305971880405,1.0094925647526908e-11
2645.2109961493043,65.59734475959382,2.258096051837715e-11
2645.5742285765673,65.61504505134869,-9.887174759047959e-12
2645.693687686037,65.6208668168058,9.040035360122427e-12
2645.753875120019,65.6238001135814,-8.16778840214535e-12
2645.8106837209853,65.6265688006547,-3.692027171185156e-12
2647.52593874797,65.71019336996925,2.8652055820070182e-12
2647.6408980097076,65.71579996637512,-2.0507917015300274e-11
2648.892589797722,65.77686109192825,-6.887580995954665e-11
2650.203198008042,65.84082725991946,8.110560119807407e-12
2650.2508727080644,65.843154690438,2.480018836162854e-11
2651.801172791955,65.91886158585984,-1.8384483064593088e-11
2652.1876781120554,65.93774296698761,1.1319771669968096e-11
2652.6319077910603,65.95944767105382,-3.9314875277669256e-11
2652.6996186537995,65.96275628849882,-1.4438813643469383e-12
2653.0130685551153,65.97807377640174,-1.1444495702863975e-10
2653.227024460384,65.98853028874517,-6.826073213564453e-12
2653.4975837101397,66.00175434282343,1.2186353602124364e-11
2653.8361380234855,66.0183036732776,-4.637466089332445e-11
2657.497971782358,66.19743763291443,-2.2391209522169587e-12
2657.5240551085217,66.19871449420435,-2.715570054482389e-12
2657.652727062146,66.20501357659124,4.256543018764606e-11
2657.7744360938354,66.21097207268089,-3.739724149238099e-13
2659.039414260236,66.27291763004594,-1.2456554429445454e-10
2659.8115801862477,66.31074482495245,-1.1485178025340365e-12
2660.1135673159247,66.32554168737954,-7.222856393175117e-11
2660.5104064927805,66.34498869512296,-1.1715417709628352e-11
2662.2826121941116,66.43187061076124,4.334204115376929e-12
2662.517172661978,66.44337421102213,-1.4404889647016785e-10
2662.827812129173,66.45861053013405,-6.9802653778215796e-12
2663.6802016476513,66.5004278664367,4.739809332435638e-12
2665.3447583619363,66.58212786169247,1.9990449055595887e-12
2665.4884061224625,66.58918079262047,-2.0567402211912738e-11
2667.6382595343944,66.69478140267823,9.754929487720779e-11
2667.7732549562716,66.70141520677477,-1.09880628731136e-11
2667.892927213752,66.70729629662314,-3.178427763216819e-11
2668.1771991523556,66.72126741587567,7.370186031132769e-11
2668.686605560971,66.74630694768935,-5.977191841143864e-12
2669.2256162286044,66.77280686192104,2.8035286853854932e-12
2669.283340586677,66.77564513885466,-4.097063181800869e-12
2669.8545527934148,66.80373465751299,-5.781843907408015e-11
2670.6710856272134,66.84389832263166,2.1594154850792555e-11
2671.895209899256,66.90413362701489,1.0033284577045764e-12
2673.995983382843,67.00757041410712,-1.2224739890119869e-11
2674.458425592115,67.03035081934954,-6.944743414785148e-12
2674.898226463855,67.0520195424566,-7.000158617338282e-12
2676.0782680155494,67.1101770818106,8.648272413434316e-13
2678.9329948610434,67.25097642462575,-7.29797671412484e-11
2679.6204294351046,67.28490413998307,-8.870872612290591e-12
2680.9507974601984,67.35058798220223,1.840522483250425e-11
2680.9908066292433,67.35256384730748,8.944280373305168e-11
2682.1813241340355,67.41137141285522,-5.373674755633039e-12
2683.996704647396,67.50109537141884,6.367052725774274e-14
2684.0755230257714,67.50499229174011,-2.615492032425685e-12
2688.506214792847,67.72423757037569,8.95795636968971e-11
2688.6376971732934,67.73074927808564,7.198130848277849e-12
2690.1530562771804,67.80582091611728,-2.8742519702463524e-11
2691.084335200186,67.85197791945207,-6.043092735402152e-11
2691.2954806663156,67.86244514979887,-1.141117400965748e-11
2692.078967235572,67.90129253794642,-2.4316618841910353e-12
2692.4509861892852,67.91974220546908,6.935375615346902e-11
2692.915252012139,67.94277028058522,1.963672802747882e-12
2694.6281859829382,68.02776796357355,1.3125507691042176e-11
2695.5889981100536,68.07546818776767,-1.0678847848528539e-11
2697.0566825057276,68.14836528636448,-8.620733015371698e-12
2697.08248952463,68.14964742700752,-9.530624663826305e-11
2697.217769143507,68.15636857050356,-2.2438738906756584e-11
2698.1581188047544,68.20309759976774,2.364541314747078e-12
2698.200725253209,68.20521523832417,2.093106613237563e-11
2699.4072053537266,68.26519395626813,-3.6350726805712136e-11
2699.7476543237362,68.28212382102575,2.7886659417772775e-14
2699.9056463292554,68.28998118131584,-9.473116111943834e-11
2700.994561997377,68.34414834303556,7.35494757812656e-12
2701.1411622840938,68.35144251488497,-5.366240330381795e-12
2701.698243373425,68.37916397842645,-3.126191782259517e-13
2701.9688026099307,68.39262960685335,-3.494345208045081e-11
2702.0476920371493,68.39655615700497,3.6048488493608825e-11
2703.6726658207076,68.47746120396087,-8.136550081526142e-12
2706.2077534398077,68.6037766092276,2.583345105294703e-13
2706.7033839811907,68.62848614793269,2.7290345798075535e-12
2707.6151161842236,68.67395215074667,5.346393512470293e-11
2707.853189679956,68.68582685350555,-7.702653520610926e-12
2709.4362596139995,68.76481425406939,2.1309856178664414e-11
2709.842098465658,68.78507105029689,4.259739433737963e-11
2710.368027976276,68.8113264928874,2.3188510579380316e-11
2711.427836726942,68.86424972301047,-4.5126525724992145e-12
2711.9459665017903,68.89013088489187,6.634010448055405e-11
2712.8441991585837,68.93501032855133,2.3285746802135617e-11
2712.9161967136783,68.93860826957346,4.283092642695556e-12
2715.2273419149624,69.0541540884953,9.318504218429119e-11
2716.090909956613,69.0973534664454,-1.1086181032033915e-11
2716.4294642487234,69.11429315291441,-4.354275437855296e-11
2716.708036367008,69.12823319300746,-3.6660621566403726e-11
2719.8837364069814,69.28724957870459,6.133632355074197e-12
2720.2965381760146,69.30793338782293,5.3951724008536396e-12
2720.837656639163,69.33505137615545,-2.0134594357254573e-13
2721.9987829903016,69.39325907695141,6.797663417634054e-11
2722.4049060380144,69.41362404046166,-1.0783824571176144e-12
2723.1421231022914,69.45059941419069,-1.4230418789314597e-11
2725.1263188606986,69.5501671644953,1.832901231611604e-11
2725.5414416014687,69.57100736610077,-3.102538028596775e-11
2726.706152036069,69.62949569536994,-2.915611508310056e-13
2726.839955385421,69.63621650592982,-2.2529580132583286e-11
2727.4782468599556,69.66828179759675,-1.0601219058916878e-11
2727.85019475059,69.68697047996439,1.657513687078687e-11
2728.035327935064,69.6962735266576,-4.061408534392916e-11
2730.7705244854237,69.8337922616062,6.92011701147076e-11
2731.800239500875,69.88559942354843,-5.960363701626389e-12
2732.292278046565,69.9103618301447,2.1405443903957084e-11
2734.279078962426,70.01039523541502,3.1514182939900075e-12
2734.5632087819645,70.02470682570272,-8.435412818252419e-12
2734.95547703228,70.04446778159192,1.7730063953482802e-12
2737.2328022813494,70.1592466061492,1.3242527769920968e-11
2738.0534796570237,70.20063275093494,2.1550596184236207e-11
2741.232905821463,70.36108596618286,2.939888806872075e-11
2741.5263195342595,70.37590279492659,-6.8523153137938e-11
2742.5040020969914,70.42528533182141,6.159142667451577e-12
2742.57466548493,70.42885520671427,4.490490173905441e-11
2742.680553991461,70.4342048071106,-3.8234006335664334e-11
2744.043968180228,70.50310439828759,-1.471022366176757e-11
2745.8579433692744,70.5948259952483,-4.167680903611643e-13
2747.358816039614,70.67076174161392,5.536654735587133e-11
2747.7518579431267,70.69065431542559,1.089634352545034e-11
2747.9638481058864,70.70138470888487,1.556019529556422e-10
2750.1328927973213,70.81122370565582,-3.7457962103501256e-12
2750.8614653994227,70.84813758727948,9.083179331755803e-11
2751.38388185112,70.87461237441543,-4.0202129321620115e-11
2751.758150707128,70.89358249500229,-1.628154185663508e-12
2752.1955595218524,70.91575618561092,2.7046019653982068e-11
2753.087042373751,70.96095929307788,3.295841608966392e-12
2753.8888045907543,71.00162557227809,5.996625356398643e-13
2754.5765943661936,71.0365204773495,3.448608959491086e-13
2754.6722911128977,71.04137632716653,-2.2831681838285964e-12
2755.777098289064,71.09744873225564,1.421035465050495e-10
2758.2317490435767,71.2221103758315,-3.834463885981505e-11
2758.2459511922475,71.22283196765183,1.0425106256614279e-11
2758.318232945224,71.22650456259605,-1.6778847047727797e-11
2758.4348816107627,71.23243161822982,4.613856896634891e-12
2758.6715498796652,71.2444577809641,2.0108526484139233e-11
2759.2872710498873,71.27575013400134,-6.526542219089313e-13
2759.3440796445116,71.2786376281266,-3.812784254327277e-12
2759.900387045039,71.30691702535665,1.3755020777048705e-10
2760.3027128389363,71.3273724553672,3.944073952893804e-11
2761.1742937291447,71.37169642488723,-2.1178678453019238e-11
2761.980066330202,71.41268618312908,1.0027179114800801e-11
2762.9183081103974,71.46042973689026,2.161133200928876e-11
2762.9443914338813,71.46175724962944,-1.2549470927768548e-11
2763.73659344245,71.50208240188789,8.375834749618077e-12
2766.489860339591,71.64232078909616,8.905941095637956e-11
2766.9049830642803,71.66347729040936,-1.6470751907938685e-11
2767.030978779269,71.66989922066423,1.2584934519628962e-11
2768.564621358529,71.74809155759407,-1.786342774295601e-11
2770.20843913569,71.83194925323505,5.019904570994009e-11
2770.8658509865186,71.86550038553298,1.6675982554113495e-11
2771.0574497330067,71.87528016033366,-2.8043880810650228e-12
2771.610946696913,71.90353610423533,7.994185297803492e-11
2772.5579039617483,71.95189122905842,1.304809789583803e-11
2773.181780109863,71.98375766859857,3.830432058757885e-12
2774.203126948249,72.03594165225229,-3.1513688709839794e-12
2774.6977706492376,72.06122153943276,3.404321719458355e-11
2775.8160062956536,72.11838811759515,4.475961722691947e-12
2776.1696074254114,72.13646975083908,-4.9747925519066103e-11
2776.2174163253067,72.13891466806884,-1.2100882954086212e-11
2776.487975542782,72.15275169053444,1.3645714194899255e-12
2778.4973466620686,72.2555577591318,1.9659911151439015e-11
2779.7548723029536,72.31993476574927,9.30252104301958e-11
2780.6482498045866,72.36568749120441,-1.4738408613572457e-12
2781.3066484578208,72.3994156067293,-1.1347443431633321e-11
2784.598925919109,72.56819053929466,4.035144408540257e-15
2785.7303137397585,72.62623597087499,2.303867556693563e-12
2786.133760538537,72.64694036218242,5.058531055185241e-12
2786.567514200785,72.66920340891456,-1.2733493387455623e-13
2787.529376208773,72.71858475959841,-1.2624564041470159e-11
2787.886490373056,72.73692309969425,5.5726665523104165e-11
2788.1347635040283,72.74967367620633,-2.913073550521771e-11
2788.382610333489,72.76240349164844,4.991056482480636e-12
2789.164478464989,72.80256892319211,1.1210180123238969e-11
2789.3453880982947,72.81186405556339,-8.847712450369037e-12
2790.7636450993427,72.8847549536311,-6.055357324158259e-12
2792.478899886189,72.97295946831379,-5.538323699436633e-11
2792.9871141698686,72.99910406584041,-2.096812090653135e-11
2793.2119723070487,73.01067319575428,-1.826773377210812e-12
2793.661475430549,73.03380328070821,3.90146970093761e-11
2794.0959316975277,73.0561626366295,-1.4784207066935925e-10
2794.484189536474,73.07614732564639,1.9007182569786594e-11
2794.9602733338893,73.10065644612763,3.5120294627530305e-12
2795.4065397246504,73.12363433716378,-4.918818334573385e-11
2796.0425101852056,73.15638627462205,1.1345098598050054e-10
2797.4848137277804,73.23069128756548,-2.1622437292157233e-11
2799.2781132163277,73.3231324537569,4.1097876008846976e-13
2799.7832328653976,73.34918110065529,-8.519411341624509e-11
2800.0485185724533,73.3628635708452,1.6762446615280474e-11
2802.1710884276254,73.47238467189868,7.433548819156604e-12
2803.075510272501,73.51907656121364,-1.8334101499117636e-11
2804.8517261233255,73.61081974159117,1.4639350678217286e-10
2805.158986716008,73.62669592964706,-2.3833619224977116e-12
2805.7714000782044,73.65834458176133,8.959612794380389e-12
2806.866015445292,73.7149299580065,-3.1411039440807148e-12
2807.0306151048,73.72344073134029,1.3848682441952765e-11
2808.451264107546,73.79691740732001,-3.9131686530435467e-13
2809.823677908615,73.8679346400035,-4.864232292012371e-11
2810.3174768857893,73.89349536038523,1.0311015086063595e-11
2810.5900728677266,73.90760778296254,-8.902674248657934e-12
2811.0488598788793,73.93136249347539,-4.8444746627924056e-11
2811.9055359738054,73.97572916921739,3.5970375835798372e-12
2815.903602470582,74.18296509879276,-3.566124626196234e-12
2816.726600761396,74.22566096736317,-8.788607116311792e-11
2817.997696950251,74.29162797250382,4.8777802169610145e-12
2819.200024426828,74.35405342798377,-5.7612284247641e-11
2819.7411428411215,74.38215726102678,2.667832297151392e-13
2820.180872602788,74.40499928796481,6.628855943947686e-12
2821.1485054386385,74.45527610032605,4.272069610031565e-12
2821.1911118822527,74.45749026637948,2.0924989360414876e-11
2821.431861577968,74.47000214318662,-1.0886307700612455e-11
2821.5112404534107,74.47412773534853,1.58287152882967e-11
2821.9284709806843,74.49581454395009,-1.6902162145924187e-11
2822.6493780074225,74.53329340683108,-5.1851853323586016e-11
2822.7057681921688,74.53622545071299,9.78955306214682e-12
2823.070895230305,74.55521188316372,-7.672724726774585e-12
2825.105789081864,74.66107037767699,-6.001905558210576e-11
2826.257986679682,74.72104339633744,1.9433259710946397e-12
2827.4259337398908,74.7818611482487,6.4976405174483944e-12
2829.4326995944803,74.88641684695217,-6.746442369521571e-11
2829.624298331057,74.89640332586175,-1.1448744454125782e-11
2829.7454468359133,74.90271815795495,-5.728513951864188e-12
2830.4249394790645,74.9381415335376,-9.673831078094792e-11
2831.1579408254183,74.97636396598087,-1.6772532637938602e-11
2831.644776872711,75.00175555262597,-8.856282741833407e-11
2832.0080092358953,75.02070326733545,-3.328324133126949e-11
2833.533844098263,75.10032372427644,-1.0724563051631694e-10
2837.383478735526,75.30139429423038,3.05875309100568e-11
2837.4302376688106,75.30383824180075,-1.1396190491737865e-11
2837.9831661984986,75.33274119239795,-1.537891084287102e-11
2838.742464012592,75.37244075609803,-9.844227162572657e-11
2838.911634564495,75.38128721321316,2.422433267347129e-12
2840.227097638543,75.45009487811248,-1.4217790659421697e-11
2840.2395393197476,75.45074581481958,-3.01096240318657e-13
2841.045311864575,75.49290912605822,-3.1443473054941574e-11
2843.812362315325,75.63779043259342,2.6586291333077328e-11
2845.458287806854,75.72403712447128,-1.0402486152199803e-10
2846.6532339279033,75.78668370983583,2.363840551027432e-11
2847.5957623341806,75.83611552769244,6.152905215695813e-12
2849.7878034192336,75.95114253700379,6.58437470645874e-13
2850.340029335548,75.98013446249874,-9.839855208616644e-12
2851.025711229672,76.01614066034821,-7.337826255868274e-11
2851.4601674751557,76.03895909998324,6.223509971352918e-11
2851.5868657884357,76.045614182834,2.2255365563684858e-11
2852.3785072283176,76.08720343205626,7.653571048351596e-12
2852.8769481346408,76.11339517814994,-2.2013132797953444e-12
2853.768920364355,76.16027737308097,1.0615707773176132e-13
2854.6875443167028,76.20857570573682,1.3167285688915282e-12
2855.1871772865707,76.23485134849633,-1.0041333933263701e-11
2856.0894202173126,76.2823118542161,-9.693783637927118e-13
2856.2547935277466,76.29101257975908,3.66320987767232e-11
2856.702536160455,76.31457202766303,-1.2684222182214482e-10
2858.1534209144893,76.39094046175674,-4.225274885889132e-11
2859.814251141299,76.47840713647986,1.5607084561727164e-10
2862.641836326873,76.62743718620202,-8.80871911271425e-13
2863.0351623915026,76.64817940693092,-4.789082356722536e-13
2863.602648307891,76.67811104494378,4.635853774813962e-11
2863.666277717458,76.68146750242028,-3.868292808293682e-12
2865.589938449683,76.78297600107398,-8.770286118089113e-11
2867.292396194464,76.87286883036124,3.7596391813909245e-11
2868.6150984641017,76.94274674203415,2.1075563169890106e-11
2868.90921475163,76.95828918543071,4.183874230447634e-11
2870.9850255504793,77.0680297872091,7.319571878844884e-13
2871.26697646273,77.08294163396565,-6.376993183001308e-12
2871.3330689458876,77.08643735138872,-1.0624890224844527e-10
2871.445920361001,77.09240639555236,2.0169617402513455e-11
2871.7766669776556,77.10990191086384,8.360115397683309e-13
2871.840367437033,77.11327170770744,-3.7530135007022e-15
2872.852714495416,77.16683557632787,1.863925934920876e-11
2873.1232736903835,77.1811542168121,6.8446389651364165e-12
2873.5857158157723,77.20563088349644,-6.636185021277064e-12
2874.1044060228255,77.23308940027343,-1.2994863767803843e-11
2874.16951169728,77.23653632641188,-6.273690359230658e-11
2874.8385283566804,77.2719609731812,-1.0310014386502175e-11
2875.267640039001,77.29468691453442,2.2944827570571572e-11
2875.4482023025967,77.3042505844686,1.3035938255103385e-11
2876.4777750863145,77.35879446367544,-1.2959861113001761e-11
2877.0978539396833,77.39165392404142,1.27450453473918e-10
2878.0142279511097,77.4402277407897,1.4010558848933812e-11
2879.660153396059,77.52751139888696,-5.040464668199224e-11
2880.0662763871856,77.54905583404057,-7.902846588785893e-12
2882.055184868119,77.65460939476955,1.3940517050027537e-12
2882.954538403566,77.70236300060668,-7.573443074647076e-11
2883.2930926456734,77.72034331284071,7.125823759606774e-11
2883.741822076992,77.74417818438994,4.011174646107508e-12
2884.038677741034,77.75994811361235,3.47909917048446e-11
2884.970445958894,77.80945718705438,1.777552615096509e-11
2885.2298976354055,77.82324587850994,1.1667846331157172e-11
2886.9810089563734,77.91634200831803,1.6876424201610063e-11
2887.0788135148964,77.92154335805054,1.7154081163353886e-11
2889.506607012747,78.05071245513209,-1.268033085353101e-11
2890.0213578737385,78.07811337427812,1.4091944448242797e-12
2890.9278874745564,78.12638109887612,3.601202624307938e-11
2891.7395650473973,78.16961131871994,-2.693571971979144e-11
2891.791455382423,78.17237542809536,-1.0060556144187565e-12
2891.987838156528,78.18283685157468,1.2289920691559051e-12
2892.208685885303,78.19460238596069,4.535892461929935e-11
2893.1371542098054,78.24407582467701,9.186717778105818e-12
2894.483342492616,78.31583567632303,3.583291101875991e-11
2895.6061489216636,78.37571347792189,-7.804626810119476e-11
2897.0952112744308,78.45515905115128,-1.373271481604605e-11
2897.2302066683296,78.46236344609312,6.828732984893687e-11
2897.5913311890986,78.48163748468214,-3.0650395318346024e-11
2898.841751682051,78.54839383563633,-1.1591153758093406e-11
2900.330111423396,78.62789062220715,-1.1657277385681843e-11
2903.452933809668,78.79482052229974,7.597284043152923e-11
2903.7559076813404,78.81102549491285,5.2671644925379104e-11
2904.2970260577617,78.83997215948847,-6.253370108613158e-12
2905.016669920748,78.87847724876478,2.98532999873592e-11
2906.317504475358,78.94810359326091,-2.4056047769938245e-11
2907.031661682242,78.98634165868555,-2.5049546433215395e-11
2908.0311407300733,79.03987246485525,-6.037043802789805e-13
2908.601934407827,79.07045169184013,-5.5823613718954045e-11
2910.407746460753,79.16723429678373,-1.1438249727986736e-10
2911.1917223349806,79.20927023067773,1.144217044208742e-11
2913.274006526836,79.32097501550541,9.164997832570579e-13
2913.6190263294316,79.33949142377409,-6.889700386476558e-11
2914.577375197134,79.39093527724123,-1.3825302903290368e-12
2914.6673721251577,79.39576715184995,-6.043326349219102e-12
2915.27620134362,79.4284587022833,-1.399777721899164e-11
2915.5176536282884,79.44142555824281,1.7786547430980358e-11
2917.9506495253518,79.57214611803462,6.345230523258105e-12
2918.094644609806,79.57988613657066,-4.473401347024114e-11
2919.3047796157953,79.64494836214847,9.252589394498434e-12
2919.3770613588886,79.64883540302435,-1.608067506983508e-11
2919.5801938982886,79.65975962393097,-7.826092176137933e-11
2919.7717926207583,79.67006426676932,7.068042434453e-12
2920.7488434769475,79.72262294228443,9.742101464598107e-11
2921.0713640456365,79.73997621066815,-3.583117323456759e-11
2921.120791305564,79.7426358212526,-5.2029068959619925e-12
2921.2035490066924,79.74708899624605,6.120173371103144e-11
2921.5944830291974,79.76812678173518,3.0328924899591533e-12
2922.7736085641486,79.83159748136048,-8.516893513144507e-11
2922.9429922552235,79.84071727538121,8.871866278310124e-11
2925.197746855209,79.96216594933243,4.766004553741835e-13
2925.493197294371,79.97808684430926,1.3700008570672255e-10
2925.5628738627624,79.98184172976596,-1.2057656585839007e-11
2926.513628243971,80.03308702626767,5.3574974362587847e-11
2926.5394352576923,80.03447824652963,5.4240999185111996e-11
2928.4469201297006,80.13734207155242,8.166816608261005e-11
2929.4052689863524,80.189047687735,1.7937821341123867e-11
2931.3240745202343,80.29262349047255,4.524902026335611e-12
2931.823920610139,80.3196159734261,1.1270783236638621e-11
2932.449415040952,80.35340014950992,-3.746831272333032e-11
2932.575063382041,80.3601875311311,-5.567137957989567e-12
2933.0372923349337,80.38515912041194,7.532668547570509e-12
2933.405371871013,80.4050471695054,4.17101305691168e-11
2933.6987855358407,80.4209026648385,-8.784934210363346e-11
2934.606649270471,80.46997187395802,-5.73427909964986e-13
2935.0446185246924,80.4936491426816,1.634629723921945e-11
2935.664697349362,80.5271775680635,-1.605461231069113e-12
2935.8341520889853,80.53634142669112,2.389286895993315e-13
2943.703649113234,80.96249471353694,4.192402826382423e-11
2944.7519948846266,81.01935141176035,6.580628160500459e-11
2945.547851911114,81.06252798172869,6.889678406332535e-11
2945.7961250098247,81.07599959866762,-4.997885880813125e-12
2945.8864061366166,81.08089864997751,6.690639377417393e-11
2946.4860935473866,81.11344413931592,5.290626340256285e-11
2946.8447549804855,81.13291213235692,-2.9271071458685293e-12
2947.067221065638,81.14498868942296,-8.569478883137292e-12
2949.013799309123,81.2506974516968,-2.388672515109054e-11
2951.5165427608235,81.38671127909298,-1.5881772266587154e-11
2952.1885119103176,81.42324969097484,-2.146350717677948e-11
2953.0160810069083,81.46826030044635,4.9472683119865244e-12
2954.998381705595,81.57612684432654,-6.013316206440145e-11
2955.3514143811753,81.59534464873413,-4.320801608766795e-13
2955.8948537094284,81.62493198023319,-3.904514192185673e-11
2956.1630919134286,81.63953810461523,1.8119499541476283e-12
2956.3487855691733,81.64965028417001,-9.03824732051996e-12
2957.4922675539788,81.71193402008683,5.717503377550664e-12
2958.2264608901814,81.75193711890806,-6.807777571993313e-13
2958.540826465162,81.76906860943187,1.024089365438711e-11
2960.1078623970084,81.85449207714692,-1.2708563667843955e-11
2960.2994611135523,81.86493975716009,1.8862627110381602e-12
2961.4719789448377,81.92889067429664,-1.0535174747126905e-14
2962.3809005190997,81.97848207284541,6.435697694465098e-11
2963.786920895806,82.05522550901505,-9.649125276498661e-11
2965.417238869623,82.1442571547291,-1.9434790763123953e-11
2967.510417339637,82.25863739165686,-1.3392922612690647e-10
2967.690979590275,82.2685078677221,-7.253909006065636e-12
2968.7205523001494,82.32480116696946,-1.0369658183246237e-11
2970.0360152389276,82.39675431850651,8.216371231906333e-12
2970.5383243880315,82.42423801877045,5.590940026145918e-13
2970.896701613742,82.44384936627849,7.309151413694584e-11
2973.785034477387,82.60199293326113,-6.012879557035537e-13
2974.123588695741,82.62053969946395,-1.0454671538913536e-12
2974.4031475618294,82.6358561583054,-2.529683722137023e-13
2976.9444238596902,82.77515351669967,1.4719153495600464e-10
2977.2405058446293,82.79139067343218,-5.462983168320356e-12
2977.5418613334646,82.80791868772613,-9.0668700549762e-12
2978.331110671658,82.85121344736402,-4.476135817219386e-11
2979.2721627151573,82.90285043533783,-1.3056751324867996e-10
2979.589828172251,82.92028491536897,2.3278753060235602e-11
2980.0990291875523,82.94823534756188,-2.5892085358328285e-14
2980.3072220708877,82.95966458937826,-3.734659392557238e-11
2980.401016233066,82.9648139031135,5.7068499310351855e-11
2980.543961346797,82.97266192323137,5.957712702595165e-12
2981.2013730845774,83.00876020698885,-2.157774287161352e-12
2981.605735577675,83.03096758607185,-2.7379918376355955e-11
2982.5439771887554,83.08250693246839,-1.875729962589856e-12
2983.637676642634,83.14260633403515,-2.2366623756585185e-11
2983.91856967162,83.15804512056845,8.480248097549396e-11
2984.4260812693033,83.18594327958763,-7.941406309469535e-11
2986.656647118286,83.3086148194794,7.068433990579333e-12
2988.464645832175,83.40811423347742,1.6615264633200254e-12
2988.6613048979398,83.4189405833797,-6.982038156346541e-11
2989.879105367121,83.48599802592176,4.877417369086552e-12
2991.4010007009288,83.56983867011996,1.3962567182482239e-11
2992.4013243930217,83.62496936584843,7.799027486863332e-11
2992.4832373817267,83.6294846411,5.7143841419167846e-11
2992.702261471915,83.6415584745298,9.077045751685461e-12
2993.5813656236082,83.69002850589406,-2.089927047480502e-11
2994.436289022869,83.7371789682781,3.6440573880623137e-11
2994.9005547268303,83.76278964307959,-2.2264509541622143e-11
2995.4115793581404,83.79098430985349,-1.1608809219306378e-10
2996.113642193696,83.82972693598965,1.2133658213784334e-11
2997.973878582426,83.93242609693239,4.591100596770063e-11
2998.098121702325,83.93928753057706,-3.7996393289861205e-12
2998.4295708943537,83.95759348970392,2.1902017058974024e-11
2999.2204385863247,84.00128133578903,-1.645245308530947e-12
3000.33649515709,84.06295234674216,-3.6264438783611787e-13
3000.6237195452386,84.07882749319504,-5.016807155030556e-13
3001.2682632924243,84.11445752866653,6.898259515255274e-11
3002.517633723496,84.18354385498913,1.3019012803156517e-11
3003.1196420825218,84.21684332336335,2.218320518885218e-11
3004.1007032671805,84.27112401035426,-1.7454705392297863e-11
3004.298980696479,84.28209656555055,-1.6964340001950166e-11
3005.2947334829655,84.33721188417326,-1.5371863169639438e-11
3005.324827190579,84.33887786737289,-1.0389490873074624e-12
3005.9449059830013,84.37320905077394,-8.480290727057667e-12
3006.054804855921,84.37929443311006,8.855700194317111e-12
3007.5947706066104,84.4645896856979,1.702666737783265e-11
3009.2118021408724,84.55420045782702,-1.4293867425540137e-10
3010.053289147767,84.60085206015155,2.453435014376333e-11
3010.1187500666256,84.60448172628637,1.1023590346899347e-11
3011.124702500273,84.6602695362364,-2.449117192693244e-12
3011.398845754585,84.67547612322737,-9.430358017430216e-12
3012.366407395236,84.72915734124045,-5.481893718644784e-14
3013.9161464889066,84.81517423578936,5.168125594039039e-11
3014.910494053532,84.87038791533048,2.329404084872894e-11
3015.5439302794607,84.90557057088203,-6.21993703422558e-11
3017.5916918063,85.01935901193214,-5.6460636875127126e-11
3018.621406579479,85.07660659909213,-1.5781191833965307e-12
3019.174335031652,85.10735503540029,-4.1209102380828714e-13
3020.220572922601,85.16555189540566,3.763168389041891e-11
3021.7666568696154,85.25158954822695,-6.919968016328014e-11
3021.776643370141,85.25214542771295,-4.954743904911198e-11
3022.7032800879606,85.30373288526162,2.1176792655685794e-11
3023.3303928427313,85.33865430370055,-2.1502883171661174e-11
3023.81722881756,85.36576926030257,-1.1996290768085668e-10
3024.7250924921686,85.4163455589816,1.1816266844701942e-11
3026.7462733362213,85.52899831891854,5.265579707995825e-11
3027.6392322558577,85.57879234362217,2.5139386638241582e-11
3027.9025521932967,85.59347864474074,1.2052785910202814e-12
3028.7214689087705,85.63916074163023,1.0418498851136386e-10
3029.084701216667,85.65942709091766,1.169378829291749e-10
3030.6180592737824,85.74500675576448,-4.599952160611497e-12
3034.3158906274666,85.95156800719631,1.771190885085122e-11
3035.2283251916583,86.00257544258562,-5.5680418747813386e-11
3035.4413021137298,86.01448360707778,-1.9906888020122276e-11
3035.7998214232434,86.03453136053724,3.459659514164675e-11
3036.264371314538,86.0605116746164,1.6558423310798222e-12
3036.4083663864644,86.0685655181174,4.074583979018627e-11
3036.792061150089,86.09002796168589,1.9944792253711333e-11
3038.2050443713324,86.16908831669281,7.56852300856931e-11
3039.280602297548,86.22929343677713,2.7683176931685926e-11
3039.768211924714,86.25659475281353,8.729455624357439e-12
3040.377325288094,86.29070522902113,-3.729537971439297e-11
3041.0019039112462,86.3256888599362,4.2066622208049584e-11
3041.554129747284,86.3566258829093,-6.068295145116683e-11
3042.967112963883,86.43581018531457,7.693473204020768e-12
3043.869355766338,86.48639157303623,-1.2728032802087522e-11
3044.0910481781707,86.49882235151794,-9.569572274233561e-11
3044.8273492912763,86.5401148622956,-4.879858176244743e-11
3044.8574429980563,86.54180276021884,4.6728371170971226e-12
3045.8288729047968,86.59629734936412,-6.994273217741871e-13
3045.883644714151,86.59937041734504,-1.6866769567115768e-13
3046.3527654984114,86.62569352152201,-9.236588560008267e-13
3047.5408906179023,86.69237922378201,-1.7543669762810837e-12
3047.858066602804,86.71018570531177,-1.911021486726157e-12
3048.4272418562077,86.7421442484649,4.696334003261019e-11
3048.577426188817,86.7505779229889,1.643227583352748e-11
3050.4422334052365,86.85533169121042,7.2284406680151e-11
3050.968162769489,86.88488685273714,-9.836900166738002e-11
3052.5422325676773,86.97337382898539,-1.0496163042818457e-12
3053.0993134964333,87.00470129553045,-3.779144565535474e-12
3053.4937605189252,87.02688649525999,-6.178242421930563e-15
3053.9784176108624,87.05414937635365,1.4623281980467528e-12
3054.718381751744,87.0957821096017,5.927229328143714e-11
3055.6089486307346,87.14590160563013,3.0845470217586052e-12
3057.0295973608395,87.22588339264153,3.4214995807353525e-11
3057.477339925966,87.251098771926,1.5892070936572224e-10
3059.3240766971517,87.35513990133308,2.6713370372136785e-13
3061.769095612299,87.49298359229675,-7.2672044937766894e-12
3062.8620923978206,87.55463947308678,-3.5479413452560427e-11
3063.8615713319996,87.611039280062,-6.275434057968627e-11
3064.4479723051327,87.64413798916188,-5.494860192239672e-11
3064.6095483513404,87.6532590710308,-5.982477558478895e-12
3065.22984026895,87.68827945454886,4.817762372753548e-12
3065.4741740075574,87.7020759718386,-5.869147171171501e-11
3065.7218786831695,87.71606395457964,-2.216520339603573e-11
3066.1453694447746,87.73998126635011,-9.395475389904587e-15
3067.4400856349603,87.81312290386553,9.557349983603017e-11
3067.49197596329,87.81605495713559,-6.169529920106668e-12
3068.4565139857973,87.87056502686306,3.749963241420349e-12
3070.149758631334,87.96629879862657,-2.0194493776670395e-11
3073.269280744257,88.14281065720046,-4.085114010931469e-11
3073.388668760651,88.14956954851151,3.5584084071860046e-12
3074.476810440629,88.21118441077272,-1.65040598672903e-12
3075.914266471894,88.29261226322345,5.142422888343845e-12
3078.5004699976657,88.4392092821012,-1.0722153236086956e-10
3078.6201422145487,88.44599579497654,-1.955576420095549e-12
3080.482628420064,88.55164985623364,1.0329803440640385e-11
3080.7207018441995,88.56515975640279,-7.820008304319572e-11
3080.91708459124,88.57630463072371,1.206221531349768e-10
3084.426340699582,88.77557742811602,1.8706356940843797e-11
3084.6440937665434,88.7879499915575,6.240258847950622e-11
3085.824134921902,88.85501422341947,1.2198872940050043e-10
3087.318399522423,88.93997324314051,-6.209449405517802e-13
3088.8520417199447,89.0272139151036,-4.0270570077196525e-13
3089.954385533767,89.08994710031047,3.1696212798937927e-12
3092.149236654195,89.21492033968757,3.654580615131459e-11
3092.6339647838395,89.24253237270581,4.3166411766643794e-11
3092.748924003103,89.24908153984812,-1.868957792089814e-11
3092.98348438788,89.26244507850035,-5.6830059490269633e-11
3093.2962315675263,89.28026470655723,-8.236457189886209e-12
3094.000615328985,89.32040550141309,1.2606840323094006e-10
3094.1562863112254,89.32927797392449,4.299633484002537e-11
3094.374181477245,89.34169766544615,1.1539281704785602e-11
3096.320759518965,89.45268844554833,-9.948542386936738e-12
3096.749310624828,89.47713312203251,-2.13966309869862e-11
3097.870009067323,89.5410740700547,9.120227330477934e-11
3097.903544760233,89.5429877905177,-2.1203316817006226e-11
3098.8576778567467,89.5974442500866,1.5547114225794041e-12
3099.4573652030253,89.63167955589367,-1.1139129497771268e-11
3099.761744246995,89.64905866121984,3.370563943987972e-12
3101.2633901598347,89.73482299336324,-4.659695723482636e-12
3102.31194896581,89.79473454021841,6.828492342722712e-12
3102.5801871423814,89.81006412898147,-4.253642565959499e-11
3102.6202673479816,89.81235479322308,2.4892978979381836e-12
3103.5184286752587,89.86369427830296,3.667244300140822e-11
3103.77788031071,89.87852746864918,-4.647625726650853e-12
3104.4880980778867,89.91913789300352,3.984198290806996e-11
3105.79146657054,89.9936889918769,-8.832741308283107e-11
3105.810800118429,89.99479508292706,6.306727493251033e-11
3107.363144288059,90.08362867164988,8.690737243718397e-12
3107.9268328647695,90.1158969882604,-3.637603131928428e-12
3109.647005490777,90.21440434455971,1.2530312022271142e-11
3110.715039939343,90.27559380216422,-7.10369432335827e-11
3111.5457746255715,90.32320249258798,-7.270001120972724e-11
3111.6134854628226,90.32708350274497,-1.0666764785693712e-13
3112.0826062265937,90.35397461175668,-2.495090896681615e-11
3113.1871288964226,90.41730446589722,2.3077132006351883e-11
3113.338584231861,90.4259901902598,2.1523510793300294e-13
3113.948889629682,90.46099452319467,8.795281831378038e-13
3114.228448468873,90.4770310338985,1.0430996857703551e-12
3114.285257047948,90.48028995638639,-8.440020567450987e-12
3116.115470632103,90.58531513650435,-4.6881339543213225e-11
3118.677769646316,90.73245405020525,1.8540826546667204e-11
3118.7379570569306,90.73591174001858,1.1622417509537698e-11
3118.871760365177,90.74359880813039,-1.6192870984684723e-11
3120.35498846996,90.82883310745125,-7.309662779108298e-11
3120.6193583549198,90.8440294844614,1.1062287447847149e-10
3121.248365740345,90.8801909468875,6.252182693829493e-12
3121.7042001146697,90.90640129489215,-1.3811891016724183e-11
3121.972154086995,90.92181035902476,2.7858115762594262e-11
3123.728964915431,91.02287096019981,-3.189603960391918e-11
3124.2586204423174,91.05335056603778,7.724213420051481e-12
3125.7327778003228,91.13820976817927,-6.76951138635235e-11
3125.9986239495474,91.15351734208035,-6.207813083654824e-12
3126.6759375715606,91.19252333300129,-1.3092520833231044e-11
3127.0910601820956,91.21643411418745,-3.153531046453696e-11
3128.648322582873,91.30615966342445,-8.044422736044506e-11
3129.2217134508237,91.33920825769403,-1.0232148735680495e-10
3130.7571792283875,91.42773789607081,9.908013205688065e-12
3132.399101880939,91.52245351971266,-3.3516780378879e-13
3132.459991898498,91.52596696412536,1.3676541298710245e-11
3132.7076965632978,91.54026059507719,-4.2556196753930453e-13
3133.109106484445,91.56342608424306,1.102021335195554e-11
3136.247819916968,91.74466453527697,-2.5118742030004287e-11
3137.1724908423557,91.79809233236685,-4.924693471668743e-12
3138.0588420285685,91.8493207864911,8.577518676436952e-11
3138.534286251655,91.8768060073986,-3.4276531549385036e-11
3138.9667056343915,91.90180759703098,1.357320694926912e-12
3139.783656567742,91.94905140216706,9.762192622982956e-13
3139.879842743078,91.95461460261804,-1.1206947295991707e-12
3140.6486295380946,91.99908569360731,-7.110780554602248e-11
3140.7464340789825,92.00474405663915,-1.8679555362869845e-11
3141.4359130670555,92.04463802635868,9.630708664005795e-14
3142.4705460077885,92.10451939156093,-2.7945755072313958e-11
3143.0759331420963,92.13956647715958,9.698897373205994e-12
3144.9745601362,92.24952562151256,3.447312667212215e-11
3145.459075098805,92.277596981795,1.2090148918760016e-11
3145.605959535252,92.28610788470321,4.556967316463365e-13
3147.713339893182,92.40825926382895,-5.13373481548565e-12
3147.905712242897,92.41941393496053,4.13180778366504e-14
3148.521220080516,92.45510861023115,-1.2822932806597989e-11
3149.4253574924332,92.50755421436672,4.20742862301632e-11
3151.069387948187,92.60295681034195,7.999910072919969e-13
3152.9334924327673,92.71119046773153,-7.307705355323974e-11
3153.5420373493203,92.7465376690885,5.0716046083123805e-11
3154.039143982945,92.77541706385884,1.3905054518161634e-11
3154.950102210469,92.82835096839287,-7.796822476805921e-11
3155.105773186677,92.83739821719738,-1.4365840458649499e-11
3156.500472715207,92.91847494851432,7.944958056747066e-12
3157.112254361591,92.9540503707198,1.645487978740934e-11
3157.3267075318327,92.96652256652334,-1.4913343893703993e-10
3158.2670568546114,93.02122152832693,-3.797112744569811e-11
3160.0889733043978,93.12724651613253,-1.92400271424867e-12
3160.780978513137,93.16753323505422,-2.8120122329968464e-11
3160.9615407402093,93.17804654301293,6.665926508643692e-11
3161.1421029672606,93.18856045153467,-1.0019184390227195e-11
3161.2500992624105,93.19484922528407,5.0670348229993736e-11
3161.449995036643,93.20648999976548,-9.825234584657924e-11
3162.183067257247,93.24918618794585,-3.3214686648776237e-12
3165.5312366050925,93.44431884522734,-1.9706906520842806e-11
3165.6172310234188,93.44933335452917,-1.0996960978722914e-11
3165.6869075802892,93.45339643606727,5.590773116941269e-14
3166.1920270930946,93.48285437979804,2.434964107986339e-11
3168.350105685028,93.60876378308166,1.574261964697663e-12
3169.2818737168013,93.66315271153104,8.959851691587612e-11
3171.3131119198824,93.78177506849627,-1.6541908461055452e-12
3171.4957819681485,93.7924465483798,-5.158507916998106e-11
3172.716392719211,93.86376970729728,7.637872395547457e-12
3172.9122781032283,93.8752183069071,-4.9605874393670275e-12
3174.68230421194,93.97870024007813,5.905489619747912e-13
3175.081045793316,94.00202003606954,9.646050471051333e-11
3176.0896664474312,94.06102075770069,-6.827740399683306e-12
3178.8089705046846,94.22018374380326,-3.434407467403704e-11
3178.902764654477,94.225676018669,2.966419562900128e-11
3179.0684221279125,94.23537676769408,5.814161443843822e-12
3179.528258979913,94.26230703922937,5.453152990630637e-11
3179.733499305396,94.27432816321308,1.1030047766590385e-12
3179.9130036718248,94.28484254332886,-2.4071677055773088e-11
3180.202620049259,94.3018079317808,3.137564916024626e-11
3181.0253339219366,94.35000997627431,-6.371192585809511e-12
3181.0564854846384,94.35183536249464,2.38894388948342e-12
3181.6454126428825,94.38634805472317,1.3338526159737468e-10
3182.927829160233,94.4615231646201,-2.3120566002739875e-11
3184.1710101809285,94.53442721257643,2.143179597959335e-11
3184.4124624210463,94.54859003351856,-2.0890579255953385e-11
3184.565457170347,94.55756477504268,-2.5342800796587593e-11
3185.75379533516,94.62728791273135,-8.705218845166135e-11
3187.003165615086,94.70062002704523,-3.1348634464181494e-12
3189.422101016382,94.84268179806824,-1.5330131387822154e-10
3189.684363067732,94.85809067491807,-2.960921462538282e-11
3190.7327086652817,94.91969755620624,6.653250655962528e-11
3194.23915410178,95.12590377234102,-1.1544935610485153e-11
3195.1806954677727,95.18131228747296,-6.66501908609472e-13
3196.397019506596,95.25291558840978,-1.0519394159324008e-11
3196.9561371564682,95.28583920812599,3.513499324083024e-11
3198.996793423397,95.40605203121848,9.034174795281172e-12
3199.3849169423643,95.42892464442083,7.810210909889513e-14
3200.177892352924,95.47566432136875,1.5179899044890788e-10
3201.097566045204,95.5298863746661,2.1635778858827395e-12
3202.6129245509183,95.61926275465167,-5.815681066125188e-11
3202.957802185086,95.63960966827628,-5.683873963892444e-11
3203.2419319046985,95.65637425369076,3.73670456527503e-12
3203.413494436122,95.66649772583887,-1.5218992356225214e-11
3203.580486071791,95.6763520016734,1.606391475911008e-12
3203.8944252941474,95.69487913268486,-2.7793012183174163e-11
3206.2822801591756,95.83585786734183,-1.9300458738379882e-11
3206.401320809281,95.84288876509981,-2.072059519357136e-11
3206.528019090966,95.85037223230272,4.926404479389144e-11
3207.689642368129,95.91899759919838,3.435586398980131e-12
3209.7641185136104,96.0416135226919,-7.238312401295841e-11
3210.0163940624834,96.0565301630817,6.844733602935409e-12
3211.1093907460595,96.12117081112181,5.001181848312477e-11
3211.8670699946247,96.16599344812148,-1.0821004187805223e-11
3212.5984527773326,96.2092704748142,-8.805911465738274e-11
3213.3238594491486,96.25220361913996,5.057878054239491e-12
3213.882977093448,96.28530157359819,4.5195143606624415e-11
3214.4361896772084,96.31805563521925,-5.789218074696418e-12
3218.2897626185304,96.5463705662317,-7.010956312691286e-12
3218.607428026006,96.56520368204735,-8.562762465226233e-12
3219.396187783033,96.61197414199415,1.048056354043622e-11
3219.8116577265278,96.63661454090507,3.405205728390641e-11
3220.893894246952,96.70081399133417,3.874382039408398e-11
3222.0915873283343,96.77188760111996,3.347582056715024e-12
3225.570536275963,96.9784855506152,-7.54044689906073e-11
3225.8188093286017,96.99323780921702,-1.2167605638781662e-12
3226.240539581968,97.01829940900548,-9.49254826507679e-13
3227.47844706785,97.09188180416135,7.198189786726614e-11
3228.8600022509327,97.17403608629084,-1.112050779823864e-10
3229.194261823407,97.19391813911238,-2.888015184424628e-12
3229.4152516019535,97.20706393529966,2.740341154385861e-12
3230.0149389002804,97.24274146196495,-1.1053210287459491e-11
3231.140279197146,97.30970983143963,-3.9163435744760525e-12
3231.4189222583436,97.32629532680373,-2.8687590885502114e-11
3232.2713114029175,97.37704042828342,1.2002288872719913e-11
3232.6172468896575,97.39763875005194,1.3966457854429612e-10
3233.038763990714,97.4227404696611,-2.740092075969962e-12
3233.1943639094666,97.43200741079215,6.325981603703849e-11
3234.2917893735744,97.49737857518986,7.494816674141717e-12
3234.954758707187,97.53688091520725,4.774729025253429e-12
3236.281186830421,97.61593906314991,-8.157446084519829e-11
3236.4701171830684,97.62720238089786,-1.6278747103102484e-11
3237.379314900014,97.68141452835783,2.983430039093066e-11
3237.5668400376935,97.69259786335074,-5.901030829088395e-11
3238.2380354032716,97.73263088612123,1.4304138452260896e-13
3238.682967488179,97.75917315258494,-6.410711324338715e-12
3239.2095283478043,97.79058966634048,1.657190078938568e-10
3239.5620715008654,97.81162651265512,-5.694724371531011e-12
3239.945766215482,97.83452482717895,1.6427940447607367e-11
3241.771827171501,97.94353852105192,-6.553923172820578e-11
3241.8621082807163,97.94892979068878,-1.618781997747528e-11
3242.3289080345803,97.97680782180868,7.602853412760181e-11
3243.531029896413,98.04861894858149,-3.0719101142961434e-11
3244.7078342059162,98.11894346592649,-3.81009571481507e-14
3244.962501772849,98.13416547425058,3.1193476676999327e-12
3245.0662113679077,98.14036475402783,-9.847453082069468e-11
3245.812783088569,98.18499720414104,9.645306018895471e-12
3246.7863206957336,98.24321382589572,6.453259304695165e-11
3247.188433196931,98.26726486536145,-7.311266381793074e-12
3248.6312257341165,98.3535852817364,2.560928913499301e-12
3249.092680932931,98.38120164438558,2.1943743772437822e-11
3249.202019281882,98.38774570923671,4.386384181170906e-11
3249.506469348413,98.40596866452786,-7.607900938136872e-13
3250.2436861253104,98.4501020814597,3.9923759433261227e-13
3253.0097489846366,98.61578143997062,6.325665385135193e-11
3253.851235861601,98.66621208882424,-3.502342080118609e-11
3256.4896846791944,98.8244199594714,-7.721108363094743e-12
3257.872084547338,98.90736324543121,4.882077539962303e-11
3258.9623339267196,98.9728024805708,6.47676155417009e-11
3258.992427629499,98.9746090832471,1.2485291965792792e-11
3259.238166553854,98.98936204964807,-1.3842230396111383e-11
3259.3418761480784,98.99558860162435,8.879116382763878e-11
3259.6643966445786,99.01495346327836,-8.752887480824191e-12
3260.442396226467,99.06167420756681,1.55973771608654e-11
3261.9893246482793,99.15460410125677,-3.3901950273819383e-11
3265.5646017856807,99.36955331464817,9.878421937062406e-11
3267.102814713242,99.4621046491941,8.668711343598267e-13
3267.1395160834777,99.46431343292943,9.203984496271308e-11
3267.812819260109,99.5048389689412,-2.056288943893208e-11
3268.627875459761,99.55390766987004,-4.8342326311855346e-11
3269.8342129483076,99.62655507630376,5.730509983417244e-11
3270.1646752751076,99.64646067805491,-1.5054035881164925e-11
3270.458791482773,99.66417864086557,-5.921808605994704e-12
3272.424000256708,99.78260640087584,-4.781077942876868e-11
3272.5194127669033,99.78835797733967,-1.4872648900751392e-10
3272.9954964042877,99.81705935556447,3.6662399591258635e-11
3273.547935311836,99.85036915297003,5.4460847748380566e-11
3274.245916585201,99.8924625958381,2.0481146479346343e-11
3274.4399072861247,99.90416326629133,-8.212390443639239e-14
3274.6754544535365,99.91837137288066,-8.005720580940572e-13
3274.9495976625685,99.93490886349647,-1.3558697335766426e-11
3275.285759792705,99.95518949023626,-1.3555832358241848e-12
3275.5653186050413,99.97205683001219,1.5979030632840007e-12
3276.634758162743,100.03659536083912,-8.799846981491088e-12
3277.222635324831,100.07208154126059,4.063972012539812e-12
3278.582954356959,100.15421923801871,-1.4332814910235954e-10
3279.0946815042457,100.18512676099454,2.5612820505651148e-11
3280.206309083441,100.25228395672428,-5.8165586391356256e-11
3281.257401900826,100.31580497912294,-6.860166253863633e-11
3281.4954752961094,100.33019537020535,9.7975098631834e-11
3281.7738420433298,100.34702262458805,-1.6107452277377013e-12
3283.4843832435863,100.45045607956048,7.450421071638161e-11
3283.63843584269,100.45977401825016,9.783747957174565e-12
3284.0195964243285,100.48283056130929,-4.433799111510041e-12
3286.4456288156416,100.62964487396249,-5.122707940592096e-12
3287.1576069714943,100.67275167917552,1.0133933796674024e-11
3287.534828214067,100.6955943700526,-6.135202614399857e-11
3288.6252907262206,100.76164223740929,6.966099372128096e-11
3289.8094842261066,100.83339207559084,3.715546768848182e-11
3289.985751850288,100.84407427324419,3.61833982484789e-11
3290.045939254817,100.8477218906624,2.0248643913645915e-11
3290.071746262437,100.84928592754824,6.758525087253259e-11
3291.030094894113,100.90737545165872,1.993143220464158e-12
3293.9388185755724,101.08378897583101,1.2581962570099625e-11
3295.960630641332,101.20650329778306,7.236479967819367e-12
3296.9488598214425,101.26651147943667,3.834020513481712e-11
3297.3099842472207,101.28844450449431,3.541464763923368e-11
3297.7763576854218,101.31677342158342,-2.0875020710381075e-12
3299.9591142130635,101.44941383742132,-1.2149197647956038e-10
3301.8052191561724,101.56166531909489,-1.790183386314871e-11
3302.008351645149,101.57402052178128,1.3695723670279493e-11
3303.31895921037,101.65375436418636,7.353268113272642e-12
3304.4917609872523,101.72513129828866,5.102736836864133e-12
3304.552650998708,101.72883776757828,1.3750771768830234e-11
3306.4576723321143,101.84483385987143,-3.5155061664788356e-11
3306.980301728477,101.87666826938197,-5.892156688370963e-12
3307.6595099505166,101.9180477290171,8.958295699770252e-11
3307.7497910564457,101.92354857227217,-1.327044702756057e-11
3307.8670712338885,101.93069469778682,1.718285358691242e-11
3309.1278331409317,102.00753154892962,3.5853606437919444e-11
3310.2979586902347,102.07887078590812,3.139882127863524e-11
3312.713096685079,102.22619465306857,-6.704373271313949e-11
3313.6013424527787,102.28040483534137,2.434764792278082e-12
3314.6309149384847,102.34325845974088,2.2342843336949935e-12
3314.7236591173482,102.34892129058018,8.214763489412871e-13
3314.9063291507073,102.36007533265605,-8.114911729276045e-11
3315.2363020126713,102.38022541266301,-2.055120066549208e-11
3317.0672179893327,102.49206833015644,1.8078309358833545e-11
3318.2747475102965,102.56586499706243,2.3559818707068176e-12
3318.6885359100997,102.59115934024234,-1.6604066198283142e-12
3321.1595667083425,102.74227587375498,4.6721770227171704e-12
3321.3941270615455,102.75662631849242,-1.3859641001259233e-10
3321.4370176915704,102.7592504845808,1.6070276961579118e-12
3321.555632032727,102.76650781092769,-3.4035179988266585e-12
3322.205804406222,102.80629270640354,1.1614507523922069e-10
3323.14404581834,102.86371864836043,-3.1828417983673418e-12
3323.6062036057533,102.89201140838168,1.931397333207123e-11
3323.6616780133318,102.89540775130672,-2.295367525266356e-11
3324.586348838873,102.9520277752541,1.340307483460672e-11
3327.054150793329,103.10321488086404,1.0655017687719098e-10
3329.62207035291,103.26065468065306,-1.7414072967486991e-10
3331.093906563171,103.35094809555555,-6.911228847912539e-12
3333.0541970211875,103.47126890535274,-8.970770720951494e-12
3333.9449769028024,103.52596753941182,-2.2674112723789485e-11
3334.1246233541106,103.53700056046715,-1.0119306659883241e-11
3335.2483452212973,103.60602764285021,1.2433962116469333e-11
3335.5527952735897,103.62473316033369,-2.760656506058521e-13
3336.5605711288395,103.6866634406788,3.779843302413905e-11
3336.820022729087,103.70261040152022,-1.335340655558516e-11
3336.887591457058,103.70676365654076,4.897141462290346e-12
3337.4265308101035,103.73989371630402,-1.0459232196343931e-11
3337.809941303377,103.76346625351216,-1.0550594037165742e-10
3339.557183821209,103.87092310810598,1.3239383198845704e-11
3341.539484039688,103.99290429770194,-4.8357875198040574e-11
3341.5977688762855,103.9964919607184,1.5646234818227565e-11
3341.7014784659023,104.00287585230448,3.026801359600782e-11
3341.7917595702093,104.00843330859557,4.024959815168545e-12
3342.3933493979644,104.04546935612501,-8.885692565501757e-12
3342.430050766715,104.04772904100581,-8.619570402150907e-11
3342.9524670025107,104.07989663709851,2.5700925151678936e-12
3343.548285975624,104.11659011747525,-1.1414417237563368e-11
3343.8506992546654,104.13521672536139,-6.441138940681084e-11
3343.884234942773,104.13728240017188,6.868088705486538e-11
3343.90012650129,104.1382612688516,-1.1728219060188156e-14
3346.3015517673193,104.28623477544204,-4.7004080778376855e-11
3346.8405621679426,104.31946267367783,-4.905447333445539e-12
3348.1948339891937,104.40297188834306,-7.22265210794475e-11
3350.955907400461,104.57333414493043,-3.5154105802943374e-12
3352.139603509735,104.64641292817065,4.584780583549312e-11
3353.005278983146,104.69987415977558,-1.1049699391853293e-11
3353.397128656666,104.72407802791972,-1.4438766856095168e-10
3354.51297183624,104.79301720211348,1.0140603835563108e-10
3356.551733254272,104.91903547188005,3.732728538315369e-14
3358.2594639572194,105.02465126691128,-1.1832602673139694e-11
3360.2659449030657,105.1488121188566,-2.2997450941208128e-12
3361.7654117178918,105.24164740336953,4.974177405078361e-11
3362.024863314764,105.25771482486884,-6.348329368842828e-11
3362.8635397130506,105.30966119231992,-1.8192102383708128e-11
3364.449000934672,105.40789769868474,4.554083244949953e-12
3364.6937530369496,105.42306686987332,-1.0105069768080321e-10
3364.838316482478,105.43202709739913,2.2782656586508387e-12
3365.9454441661505,105.50066105288086,-4.631868951851349e-11
3366.0658189703945,105.50812478610092,3.914136928202789e-12
3366.4920490368236,105.53455495002787,7.729153498075973e-11
3366.9449229227685,105.56264094139387,-2.332576190347017e-12
3367.2560516875446,105.58193847998383,3.99639382730442e-11
3368.0565504503675,105.63159703775878,-1.1026386643036885e-11
3368.6565219046142,105.66882371879927,-5.160515190416616e-12
3369.361537111358,105.71257656754928,9.067537028495927e-11
3370.5504356619826,105.78637968418715,6.004692590775213e-11
3371.4775695383078,105.84395133493766,-1.1890539175440322e-12
3372.270544874176,105.89320478989845,1.5262214810260502e-10
3373.1977419051354,105.95080974164019,-9.038909661744783e-12
3373.270023627588,105.95530113014163,2.7463771520264985e-11
3374.5769049566115,106.0365237616006,-1.3380658606580169e-11
3374.9159485487785,106.05760044940313,-7.513300555727924e-11
3375.3850692421265,106.08676688854274,1.321675909976021e-10
3376.527493073253,106.15781127099093,-3.150591241685279e-12
3376.5658128067507,106.1601946928077,3.0205069990663815e-11
3379.0419828281615,106.31426557509616,-8.744051453586808e-12
3379.335459566992,106.33253360892321,2.1356261034947568e-11
3379.666206075548,106.35312347405288,2.6155587292973248e-11
3379.8806592192236,106.3664748394097,4.6973958505526556e-11
3380.9773819895745,106.4347675511053,2.930458739390621e-11
3381.8567701361876,106.48954288386872,-3.795879690159424e-11
3382.332214294231,106.51916328450062,4.8929997094842685e-11
3382.6272462425204,106.53754601099526,1.6350762038953477e-11
3383.20204224315,106.57336476327525,-6.7303913281692435e-12
3383.3563079848514,106.58297895996581,2.584288754608775e-11
3384.4183661572224,106.6491807718787,-4.4852430510282304e-11
3384.8260994879124,106.67460174043568,-5.4142247764423923e-11
3385.4681168579077,106.71463583405642,-6.057227947081013e-11
3385.583076057885,106.72180511352533,-5.605715196604636e-14
3386.7271182485465,106.79316506778106,-1.888531888599748e-11
3388.602685252151,106.91020625110251,4.049432764629876e-13
3390.3688428630317,107.02047918946317,-1.5371162421843856e-10
3390.7376959523467,107.04351638841499,4.354754012025737e-11
3391.048824713403,107.06295028800012,-6.023570032606425e-11
3395.0741019025995,107.31454018340825,6.258344935712574e-12
3395.985833666166,107.37156715758861,6.623682018153993e-11
3396.9682998357607,107.4330355658311,-2.5985663196117854e-11
3397.2846310482655,107.45283074497566,-2.038862131232527e-12
3397.339963353329,107.4562934851809,-7.239741253798143e-11
3398.0036352367583,107.49783100106053,9.068898872442821e-11
3398.434578292048,107.52480696295619,2.980739553689217e-12
3398.45257767222,107.52593375374907,3.52297980306092e-13
3399.798552375443,107.61021089222066,1.0343405063782423e-11
3400.019826334742,107.62406897974302,-9.820355128512448e-12
3400.769982081234,107.67105692702809,2.328610839001984e-13
3402.369148063714,107.77125943131345,3.08269869529296e-11
3402.6174210929344,107.7868202519062,3.0969913083708974e-12
3403.3876840406842,107.83510466511548,7.286259544748769e-11
3403.579282705605,107.8471168442919,2.0910288154461013e-11
3404.537915481861,107.90722798604229,-1.4821158893006134e-10
3404.7348586994926,107.91957942172256,-6.025053398134485e-13
3405.6905310505554,107.97952524664241,3.5467629998282763e-11
3407.1760798897094,108.07274168393943,1.3760690380647282e-10
3407.7240899638546,108.10713893375949,2.5730984695468848e-11
3408.5252913178833,108.1574383362271,1.1268474777773029e-11
3410.8433272725747,108.30303117523269,2.829750722281301e-12
3411.072472012064,108.31742883565695,-2.6576058603673008e-11
3412.0719507462104,108.38023956003612,-1.0801284539497935e-11
3413.0797976127446,108.443594800223,-1.279021314877704e-10
3414.109512146679,108.50834400935292,-4.247716585746523e-11
3414.229886948037,108.51591454071377,3.5961158698777663e-12
3415.262554011257,108.58087131263851,-3.4921405123926517e-11
3415.848954866204,108.6177658143737,-1.0747165502518328e-11
3416.6081102968856,108.66553890016735,7.859982559171038e-12
3417.4545942983045,108.7188200260871,-4.126487522743731e-11
3418.8929579118926,108.80938671738694,-9.058292106473107e-12
3419.021629795608,108.81749041096214,-2.3498949468758284e-11
3420.1107580695048,108.88609540377627,-1.9378097799423238e-11
3420.4083162408774,108.90484261270298,-1.7810016362838495e-11
3420.662983784338,108.92088885685494,-4.906290591974775e-11
3420.870055599042,108.93393704163147,8.573445324034018e-13
3422.6497837671272,109.04611534952609,1.6594737530506985e-11
3422.6857825270463,109.04838499468053,-2.5181632101603066e-11
3422.8054547205465,109.0559302432258,1.3315775090617776e-12
3423.2605785163455,109.08462789138086,1.2728949794010042e-12
3425.3667664891423,109.21748241424751,8.56859145977929e-11
3427.4415265951566,109.34843441896419,-2.582429795548791e-11
3429.551717057194,109.48170400763222,1.242670320927645e-10
3430.286194385707,109.52810934440875,-2.1274036625990966e-12
3430.5544325130836,109.54505949338531,-1.3445263872611556e-11
3430.8553695140745,109.56407748393717,-8.218452773258272e-12
3433.143730150131,109.70874711249672,-5.462492167747554e-11
3434.0819715098664,109.76809039635978,4.562372745612168e-12
3434.6929083561513,109.80674055506826,4.824837856734458e-12
3436.4061966964173,109.91516628435599,-1.884998731676773e-11
3437.3493563061484,109.97487736865386,-3.6306390738885194e-11
3439.195461120601,110.09180100478773,-1.319748612056323e-11
3440.5194970793978,110.1756979030491,-1.0578827496375184e-10
3440.7205217320516,110.18843855661252,-4.860423222105656e-11
3442.2595002837375,110.28600146903219,-1.3744636179840346e-12
3443.758967037999,110.38110151005252,-1.4366042143314859e-12
3444.9091984567463,110.4540802181637,-1.1153134472078562e-11
3445.4825892252325,110.4904692325946,4.773516282721595e-14
3446.7557216710634,110.57128750299533,8.113718028232364e-11
3447.378405477487,110.61082625708195,-7.108848516706011e-13
3447.9631879580643,110.6479648819502,-6.828621774250567e-12
3448.3101733695376,110.67000436299013,-1.944742221410486e-11
3449.688215356561,110.75755538472475,6.985466535909261e-12
3450.7966771586757,110.82800457750196,-6.70206442378102e-12
3452.538369770087,110.93874499117373,5.6401280635572996e-11
3452.6643654279987,110.94675822272873,-9.837238695430817e-12
3452.9349245251956,110.96396657132486,2.7473983376108584e-12
3453.273478647701,110.98550150140757,-1.3062330383348524e-11
3454.3325132040154,111.05287876500734,1.0938679169036053e-11
3455.1062891693286,111.10212053898196,1.0618551885051091e-10
3455.171189564383,111.1062511900217,-4.399115480667603e-11
3456.9353103465787,111.21856015302583,-4.0964487906493836e-11
3458.413754130787,111.31272625705,5.62751099127772e-13
3458.5791273787236,111.32326183257706,6.21908079535701e-11
3459.2489174528264,111.36593787615443,-3.235018599364303e-13
3459.471801876352,111.38014091251175,6.868849882042981e-11
3463.014458724861,111.60601523863585,-1.2893905306608054e-12
3463.068456863702,111.6094598652888,3.451141986278277e-11
3463.3452052200123,111.627114923559,2.0979933334973363e-11
3464.588101855111,111.70642244741072,2.7735794042676194e-11
3464.691811438447,111.71304129948064,-5.530662042010271e-11
3465.2917828644963,111.75133598028204,1.610558501520732e-11
3465.9975006454656,111.79638867421428,3.9247874329958024e-11
3466.1636475503706,111.80699674930683,-8.361442842197959e-11
3466.508525136856,111.82901796621323,6.578590820452744e-11
3466.538618836445,111.83093962118866,-1.1410725055520294e-11
3467.023702116735,111.86191726695567,8.306851126088115e-12
3467.185696532951,111.87226327180043,-1.8456467360242694e-11
3467.6145317519226,111.8996537793785,2.075947123714253e-11
3470.737424108708,112.09922091361138,-3.202440468205378e-11
3471.2335438496343,112.13094177566835,3.9326928689413415e-11
3472.8298993489207,112.23304018425381,9.556097189132547e-11
3472.8336255362524,112.23327855563099,-1.8892682178079125e-11
3472.9878912712957,112.24314745617122,4.7199596715029787e-11
3474.577354901544,112.3448563448421,4.068354664114884e-11
3474.6490050633283,112.34944229482502,1.4693983413179523e-13
3476.115283465184,112.44331183245298,6.70114111583741e-13
3476.2431816878648,112.45150161453115,1.2507034495433487e-10
3478.3703215172563,112.58775418965817,-2.0556006714866927e-11
3479.9971891171763,112.69201839860484,-6.1834119847407e-11
3480.0253881452,112.6938260740866,6.175836100325097e-12
3481.5826502488985,112.79367581964621,-9.619259713787998e-12
3482.244143233464,112.83610346044357,8.664309982829605e-11
3483.359986343196,112.90769102783835,8.129176659836224e-12
3485.2804806584913,113.0309551719607,4.627917651533303e-12
3485.693984823378,113.05750422652994,-3.27658533750566e-13
3487.6487884799267,113.1830551282304,-9.419764414541388e-13
3487.7089758785187,113.18692189288507,2.0617653075106224e-11
3488.3095788553187,113.22551153825036,7.686521962523786e-11
3489.1212561333855,113.2776735831672,5.439333707138252e-11
3489.6398040441463,113.311004165233,1.4135829879340055e-11
3489.791259348662,113.32074015683412,-3.102868642519716e-13
3490.737931971562,113.38160462694955,-5.16990908079426e-12
3491.5162867136623,113.4316597937373,-6.849163892089531e-13
3491.8309284964616,113.45189724007159,-1.2676834112218583e-11
3492.5681451826995,113.49932142577983,-2.871701453029936e-11
3493.229638163943,113.54188292627893,6.843312409024244e-11
3493.5407669098317,113.56190422707387,6.7235288965038875e-12
3495.130443675732,113.66422860567798,1.1357119399930621e-11
3495.5501370991046,113.69125121625125,-1.322975283531459e-10
3496.3770033245073,113.74449977126449,-1.5391335402699758e-13
3497.355672209871,113.80754039321396,6.2980612637894755e-12
3498.424827448108,113.8764298281797,1.7064383957188806e-11
3499.116414126732,113.92100240745435,-5.788861194971814e-14
3500.1816379209727,113.98967303661223,9.486432375088909e-11
3502.4512964965606,114.1360583724023,-3.802570131677358e-12
3502.7602463689495,114.1559919364001,-9.245510652425375e-11
3503.872860632458,114.2277928020234,-3.400164784508784e-12
3507.05242729889,114.43310698652478,1.5058892711965062e-11
3507.2098508171184,114.44327713504481,6.069107813199828e-12
3507.360319312259,114.45299838973753,-4.504644743918334e-11
3507.645435795461,114.47141993414004,4.202879206555736e-12
3507.81642989829,114.48246868246767,-2.9835884942148196e-11
3509.9025816371677,114.6173083116033,-1.0607701606188587e-10
3511.0200430981863,114.68956905430998,-5.256425671632141e-11
3511.441560139692,114.71683246531268,1.7586009768206297e-11
3512.639884600721,114.79435708477922,3.4000906452908564e-11
3512.6510631625133,114.79508039720655,9.910259078095058e-12
3512.700490405118,114.79827863038787,-1.53863563488618e-11
3513.6321240635257,114.85856922335252,-2.535935552151481e-11
3514.7075396044324,114.92818452832213,-1.4767241491031073e-11
3515.6810770798147,114.9912232918344,-7.57917238117206e-11
3518.9232152552167,115.2012849902937,-1.71180119104651e-11
3519.5027952644864,115.23885701740804,-1.258314023691207e-10
3519.5286022691917,115.2405301339128,-3.8462150411101645e-11
3519.600599785792,115.24519793276995,-5.482231114749842e-12
3520.2749607362352,115.28892326083023,-3.6835254530768824e-12
3520.6828361412254,115.31537382497588,-2.807799509266068e-11
3521.0665308015045,115.34025907444328,-2.1897660391070343e-11
3521.9045045289727,115.39461688866244,-1.3286250515610742e-10
3522.452514573793,115.43017228774421,-1.3755202990149325e-11
3522.8241780695125,115.45428930762824,4.4145499687058204e-11
3522.8925914991787,115.4587288910791,-3.656196346816094e-11
3522.9828725956318,115.46458767482032,-5.282341735624982e-12
3523.2151119532923,115.4796595171952,-7.372827488383597e-12
3523.7135526550123,115.51201061733504,1.2806877024488461e-11
3524.1435799269984,115.53992504777212,3.5588709477447455e-13
3524.651793975601,115.57291922093351,4.094707813783808e-11
3524.9787432240296,115.59414787109492,-8.738696006085025e-12
3525.878025361411,115.65254796420626,2.5772334413620568e-11
3527.3702528343533,115.7494872650059,6.9337785804584655e-12
3527.4026675057075,115.75159346856331,5.99588450385215e-12
3530.6272325864547,115.96121231202612,1.014095738497988e-12
3531.1344598254445,115.99420299493735,1.3332905737945267e-11
3531.7295761376245,116.03291613335985,1.7932694776239904e-11
3531.8686529187976,116.04196421060821,8.658739018941901e-12
3532.426294207841,116.07824689624799,-9.35422350156346e-12
3532.851892683619,116.1059421284242,-9.889840699006748e-12
3533.5649207170513,116.15234891915101,1.0079318985955187e-11
3534.0095053798104,116.18128905377101,-1.935676730203577e-12
3535.9664168159934,116.30871703006076,-1.4102459302271806e-11
3536.0230911766853,116.31240853894136,-8.257390893455008e-11
3538.0380821864196,116.44369429329099,6.233315364228684e-12
3538.564011410076,116.477973262979,7.799034039219052e-11
3538.9928466152387,116.50592761813417,-6.507562605170741e-11
3541.247600402815,116.65296332436652,-1.1591279545356925e-11
3541.983901314868,116.70099883973518,-1.2071308733864299e-11
3542.169950159153,116.71313805578993,1.0301135274650131e-10
3543.7570217172274,116.81671637537046,1.7342782559811163e-10
3544.6931552076035,116.87783375891539,-3.9829933561550726e-11
3545.2952344339824,116.91715025868729,-1.173872779334633e-13
3547.765775506646,117.07854948696367,1.6226304038311548e-12
3548.8681190495554,117.15060132161533,1.2246267459247511e-11
3549.4552224758177,117.18898495417969,-2.951165215836906e-14
3549.748636035861,117.20817011783613,6.443779621537958e-11
3549.939532080517,117.22065291415112,-1.5061681232488233e-12
3550.6164192504043,117.26492034487197,-2.9034281812439732e-11
3551.1349671469866,117.29883832814754,3.6173554570946807e-13
3554.483001618012,117.51795097994184,7.668708219350322e-11
3555.0359299062143,117.55415732652513,-7.577371582629744e-11
3556.186161267046,117.62949377222216,-3.2804975811217947e-12
3557.509147192067,117.71617522142442,-3.4439084885733573e-12
3557.6811280992933,117.72744570198195,1.3827104576313843e-11
3559.4533327316585,117.84361589696462,-1.327455520080951e-11
3559.703713564871,117.86003333303435,-1.0770717028905867e-10
3559.8705630701224,117.87097427283585,-3.182387569100606e-11
3561.018118204956,117.94623760415854,-1.5523484451642896e-11
3561.223358490528,117.95970101145937,-4.272087383861358e-11
3561.417349164319,117.97242717702329,1.4449914207229343e-11
3562.63072044825,118.05204242163914,-5.4905350176481024e-12
3562.8946008152284,118.0693604978758,2.147035950431197e-12
3564.855380514497,118.19808373104797,-1.1079196981153348e-11
3565.353537006345,118.23079849035072,4.858456046809768e-12
3565.355929029111,118.23095558946285,-2.5737918640251934e-11
3566.4682590612006,118.30402068753394,2.8371503487313033e-12
3568.0019008679888,118.4047976687067,-5.0313910928571915e-12
3570.8406634181238,118.59144962738685,1.2389630477103756e-10
3571.6333544797694,118.64359650512024,-4.0825853575388785e-13
3572.2399335438536,118.68350789385349,-4.947458705756359e-11
3572.3603083365447,118.69142906079263,8.213939056219528e-12
3575.3255638838705,118.88663960171647,-9.197570372270862e-13
3576.1598114044455,118.9415894957756,-1.6558566523949248e-10
3576.8274936215257,118.98557736687759,9.172617332118177e-12
3577.785486870102,119.04870569309027,-6.256303586003132e-11
3578.430740913567,119.09123515316217,-4.720571672579574e-11
3579.816724651405,119.18261291633533,2.5870129680479007e-11
3580.6179259426867,119.23545217381846,5.9092729140666344e-12
3582.4621280723677,119.35712231277853,6.866587145740752e-11
3582.642690260621,119.36903816305036,-5.897597356643522e-11
3582.8539777039955,119.38298242929892,8.216920774841461e-11
3582.8682508955008,119.38392444196454,-3.4585096174481728e-12
3582.9806759618937,119.39134448596631,3.017610399346212e-11
3584.131049409437,119.46728240705905,2.41366242419635e-11
3585.9619651530356,119.58819424665597,-3.7970901760273316e-11
3586.004784727498,119.59102274738153,-2.3294791383875327e-12
3587.2123851451383,119.67080621607491,2.6566533986523287e-11
3587.682137349727,119.7018489546781,-9.804041359249485e-11
3590.1760223086426,119.86672097813236,3.37239921931001e-11
3590.32058573911,119.87628165426686,7.643875749250807e-12
3591.114263602368,119.92877825372972,3.162347757237854e-12
3592.192213230394,120.00009615314916,-1.2589410993986169e-11
3592.2635791876423,120.00481853011965,-3.680033877929147e-12
3592.282210123322,120.00605137848466,-4.7520847759705014e-11
3593.0987424601904,120.06008932872331,1.0988739494929315e-11
3593.176929234588,120.06526435846108,-3.2772407667021567e-11
3595.060082641295,120.18994061921218,-5.24500821865688e-12
3596.3570562848117,120.27584618676946,2.7393527241915674e-11
3596.4236381964683,120.28025710248421,3.158950436373629e-12
3596.7621922974495,120.30268688378246,6.128208076227902e-11
3600.583910348702,120.55602860160536,1.8620961135683084e-11
3601.2423086688523,120.59970099885835,2.1291155471360134e-11
3601.5447219117077,120.61976312973295,-1.5464213336947797e-12
3601.644634251465,120.62639169659049,4.825855911619786e-12
3601.727391920418,120.63188229619355,-2.1484264892991537e-11
3602.7376307236564,120.69891727292688,1.5177123396411069e-12
3607.434939584373,121.0108568338753,-4.954260713000881e-11
3607.8221472668847,121.03658871021028,4.847077097392448e-11
3607.8715745074674,121.03987359495478,-1.757217340289382e-11
3608.844196185996,121.10452221011192,-4.95687532303428e-12
3609.1194682597975,121.12282227064068,9.875671656113372e-11
3610.74282273055,121.23077110459253,3.329691959452372e-12
3611.1032444954876,121.25474479630745,-9.73932263318492e-11
3611.8433426230486,121.30398041377302,3.0505375134399395e-12
3612.084092204435,121.31999864636283,-2.5122450101491218e-11
3612.2214795654304,121.3291401696277,1.0032746037898936e-12
3612.9227685066026,121.37580816998857,4.84149436119522e-11
3613.7231250791206,121.4290797981506,-9.427468374528255e-12
3613.8752119325877,121.43920401326272,-8.692715870143133e-11
3613.9334967618447,121.44308406805543,2.7635530423765047e-11
3614.0194911608046,121.44880887920371,5.7883842758095295e-11
3614.1479498826866,121.45736087504723,9.240833688724295e-11
3615.0399217120957,121.51675128592888,3.483534742335768e-13
3615.735305593261,121.56306239280144,7.51029602021119e-12
3616.673546877048,121.62556140993726,3.679782024525227e-13
3619.904364250901,121.84089973558257,-2.3478145617787422e-11
3620.585759140225,121.88634017447244,1.2032447452148635e-12
3621.002492116555,121.91413521908893,8.586681646079599e-12
3621.1830543019187,121.92617925744135,2.231312721897279e-11
3621.4151515494596,121.94166172087269,1.9107077204594557e-12
3621.859033588383,121.97127443250274,9.643860871907413e-11
3622.8327052248824,122.03624372090218,4.769597166756403e-11
3625.395003574248,122.20729928497651,-1.88629904069905e-11
3625.9591183020443,122.24497506329807,1.0967454165270173e-12
3627.6696592240523,122.35925354828031,1.7497253529524178e-11
3628.2444551611243,122.39766683812378,5.637569328095518e-11
3628.6893871623643,122.42740557284758,-2.8342156303178445e-11
3629.6165209301644,122.48938582619938,1.2794104863710331e-12
3629.7735260336876,122.49988341558476,-7.181712777497989e-11
3632.7158559863046,122.69669586363277,6.315669741403263e-12
3634.126028331284,122.79107882162656,-3.605644650634064e-12
3634.5355931320028,122.8184978939154,-6.21628324372915e-11
3635.004997971178,122.84992686825639,3.213286147309804e-12
3635.6908137559103,122.8958529222262,-8.478823117185303e-12
3635.841282242817,122.90593029117814,-5.353134256519286e-12
3636.7484430134496,122.96669466534878,-7.613657647125051e-12
3637.474410042508,123.01533305403105,-1.0080148247432073e-11
3637.8164771742418,123.03825425602663,1.1460974280633513e-10
3638.6472116368254,123.0939290058005,2.039440727237309e-12
3639.3802126329924,123.14306434207042,1.5772075384660795e-11
3640.4825561337107,123.21697648918406,-2.6341230334862053e-11
3641.3866933228746,123.27761560913062,-1.1338795706214114e-11
3642.9650493267936,123.38350965832308,2.5555108167801995e-11
3644.922529075188,123.5149033825148,-1.285997302430653e-11
3646.1936246387495,123.60026210368284,7.388627939344575e-12
3646.7416346548725,123.63707216446475,-2.2370193367265426e-12
3646.9114366836625,123.64847895999551,2.3483177765240612e-11
3648.335811161513,123.74418511719931,6.558751017441572e-11
3648.3498001518115,123.74512524670574,5.629036333710995e-11
3648.3767992190715,123.74693972808132,2.2294105113932807e-11
3648.521362646097,123.7566553901391,2.7853556560616423e-11
3648.598073153943,123.76181102311222,-2.1871742875220462e-12
3649.18777383437,123.8014478083711,2.8431195011627223e-11
3650.4629508338417,123.88718084985467,-2.0667062110509584e-11
3650.5411376064085,123.89243849847749,-7.06487493215277e-11
3650.6985611150726,123.90302474185718,1.2545348795467006e-11
3650.7515092859976,123.90658544495095,7.972644072688404e-11
3653.31310499927,124.07891147150713,5.267710958175709e-11
3654.124782220259,124.13354058722472,2.4087827807600152e-11
3655.8180263520762,124.24754173879626,-6.176283877982902e-15
3656.1425835598507,124.269399253619,-4.2805086955531015e-11
3656.5058157473104,124.29386366092682,9.931918822114531e-11
3657.713842431433,124.37524413329103,-2.357706455063089e-13
3659.0604485373274,124.46599189404994,4.984915399657562e-11
3659.0628405599996,124.46615312213417,-9.795882824350458e-12
3659.2673071797867,124.4799350538892,7.409257530208164e-11
3662.7737518171584,124.71640438680285,-1.331988811754614e-12
3663.82947849727,124.78764536109233,-1.6740662225879728e-11
3664.4770534905183,124.83135421073902,-3.444675534324747e-11
3666.0194107238544,124.93548856856904,4.368216570395563e-11
3666.438393614848,124.9637843401891,2.216341885949723e-11
3666.938381601728,124.99755497687602,1.0475522209633125e-10
3667.3473148400158,125.02517893550642,-5.393691139027787e-13
3667.493915037593,125.03508271479262,-8.533439583423934e-12
3667.7984360941978,125.05565632159956,-5.5165166315544785e-11
3668.467452450666,125.1008614262403,4.0997521664780047e-11
3668.930099621965,125.13212708918206,2.6444960413743398e-11
3669.241228344747,125.15315536347946,-1.0574962552504008e-10
3669.5719748106903,125.17551149861177,4.945428870602334e-12
3669.6046736809467,125.1777218217452,-8.168254654102448e-11
3670.177361786556,125.21643662052463,6.841859862781872e-12
3670.3914596515315,125.23091159248824,-3.7419925489196075e-11
3672.2484586401,125.35649711539827,2.004913326462216e-11
3672.560503120373,125.3776063598458,9.863270024233995e-12
3672.986662078271,125.40643813971455,-1.3708139134971599e-11
3674.5449819128107,125.51189473447083,-3.84727585033823e-11
3675.580111931565,125.58197009064753,-2.0229500163393596e-12
3680.1324388231837,125.89038393836738,1.0237063272254166e-10
3680.7458386774256,125.9319701141136,8.876863638517318e-12
3681.0052902373964,125.94956202830178,-1.3488137074823776e-11
3681.113286505042,125.95688499795844,-1.2065384705986458e-11
3681.399523981269,125.97629511872556,-6.008031698284878e-13
3682.3917633742603,126.04359179507347,-1.7072925475350158e-11
3682.7303174635317,126.06655770693604,2.006973867738652e-11
3682.910311242819,126.07876849522717,-2.1533476022534182e-11
3683.789351915943,126.13841123903758,2.119978600157849e-11
3683.9457254590216,126.14902264568926,1.2981483612163462e-10
3684.3173889298405,126.17424529398082,1.5100888487969674e-10
3688.7839424550048,126.47756346278432,5.50720794808732e-13
3689.438472464494,126.5220426646944,-8.653985384686032e-11
3690.8377425229623,126.61715784539483,-2.9624964980058735e-12
3691.2826745131842,126.64740959084476,2.578279563760756e-11
3691.964069383205,126.69374595167841,-3.771846935508886e-12
3694.701514240179,126.87998446544879,-1.2854239007323805e-10
3695.1411727278005,126.9099089263378,2.3935952301532297e-12
3695.383816972419,126.92642553825148,-3.009885311809899e-11
3697.3344048134686,127.05923999366458,1.4200263418391518e-11
3698.4893412080155,127.13791201339184,-2.526488938034102e-11
3698.645012142934,127.14851789367339,-9.945281472576748e-12
3699.4628786093804,127.20424657189635,-9.33099090025869e-13
3700.1143139862766,127.24864360255822,-1.405974147535501e-11
3700.7758069102065,127.29373408056107,-6.254204620491108e-11
3701.897910227748,127.37024036910775,6.780720106794208e-13
3705.921568506695,127.64476869416433,-9.10655929008389e-11
3707.014422833172,127.71938404856189,1.492002589917586e-11
3707.4542234191313,127.74941793378103,-1.6145425879128304e-11
3707.8474782456783,127.77627623666994,-4.282966351749118e-12
3709.956965847221,127.92039749224662,3.2621248340074357e-12
3710.147230322399,127.93340048712204,-5.022530584421138e-11
3710.251081995421,127.9404981667964,2.1115959863543937e-12
3710.3064142929743,127.94427990027452,-9.390672407046371e-11
3711.490607565391,128.0252281275144,2.3604669768560428e-11
3711.7009792399954,128.0396112643959,-4.930689041405075e-11
3711.7270625487076,128.04139464017786,1.2710333861060978e-11
3711.923445233341,128.0548221781941,4.672587542013022e-12
3713.16634173846,128.13982089248557,5.978114018324246e-11
3713.245231116388,128.14521690844836,-5.0119120811517754e-11
3713.4257932952023,128.15756775293184,-1.2415887580660364e-11
3716.2731369619155,128.35241163952185,1.4930900482370928e-12
3716.7180689478178,128.38287185190075,2.261629345512523e-11
3716.7857797647853,128.3875076797963,-2.0886912240193555e-11
3717.1658113627163,128.4135281485781,-1.281221133524659e-10
3717.3878589491496,128.42873280594767,1.7871006771612205e-12
3718.050401832254,128.47410567535047,9.583711268804694e-12
3719.6914082547173,128.58652139866788,1.0260817544123866e-11
3721.8412602409094,128.73387020878923,6.478559391864598e-11
3722.476101449151,128.7773979037092,1.3847901504936093e-11
3723.2272438994823,128.82890934664312,-1.2846872954639292e-11
3723.3836174402063,128.83963435426168,9.416717317729555e-11
3723.4984345229245,128.84750946488992,2.950932156375479e-13
3723.9675551450214,128.87968818254535,-8.410584082572667e-12
3724.6349531219144,128.92547446307012,8.718576987811656e-12
3725.1556798541123,128.96120418374136,-1.3794699448897661e-11
3725.3246371700748,128.972798281382,8.711364059703823e-12
3728.1387924978576,129.16598704794532,-2.0006807541116178e-11
3728.5922347139294,129.19712901987933,-1.3635438571139414e-10
3733.353599022053,129.52436359496488,-3.1728577155358175e-13
3734.5541022464427,129.60693657388484,-3.609849571355583e-11
3734.784233762342,129.62276850567915,1.2854609679078001e-11
3735.6740977278982,129.68399600869736,1.0618880760942295e-11
3736.227025975948,129.72204784099168,-2.030311112541342e-12
3736.587447723188,129.74685464800066,-5.155337201940397e-11
3736.7185747675608,129.7558803443542,-1.4086474178534697e-12
3737.027524610296,129.77714713707908,-9.76852518980402e-11
3738.136128379345,129.85347317800546,2.918536763748883e-11
3739.359415024343,129.93772127064705,1.493201791423991e-11
3739.593975334013,129.95387865414003,2.3229717007136066e-11
3741.309931782834,130.07211092129825,-5.4645250677603486e-11
3742.2040824400055,130.13374089130792,-1.1203151126795649e-12
3743.179238190482,130.2009709841946,-4.343791570137327e-11
3747.6593543048275,130.51006841081747,-3.7234018590108075e-12
3748.7231727764274,130.5835189429775,-1.497055269715096e-10
3749.154676274042,130.61331771456096,-1.075783259241127e-12
3749.8355027275893,130.66034120761924,3.602943940044126e-11
3751.6257066019543,130.78402820324015,-1.7980017748443796e-11
3751.679704734336,130.7877599059975,-3.1734643687022388e-12
3752.5590927408875,130.84854020942552,-3.4862479356922336e-12
3752.671944100993,130.8563411423474,4.581603061919961e-11
3752.8525062771546,130.86882312298,2.3263367206622994e-11
3753.657220550138,130.9244590637453,1.2750282679449102e-12
3754.1086259903527,130.95567333413746,-6.291308760637705e-11
3754.4355752085485,130.97828391528608,-1.6935978101901204e-11
3754.7353122099357,130.99901433170618,7.936539649309454e-12
3755.487433564573,131.05103985024763,7.082329179369078e-12
3755.698089436542,131.06561314465318,3.057186510019296e-11
3756.0694055410722,131.09130299668305,-6.83221440823277e-11
3756.118832778806,131.094722857901,1.6020857355449064e-11
3757.5202895689686,131.19170811565237,6.90341286086959e-11
3758.0497317827235,131.22835661288676,-2.8009469926186538e-12
3758.5203286635337,131.26093611432856,4.628281972137106e-11
3760.019795220132,131.3647716447346,3.790432677419634e-11
3760.645289374456,131.40809830204256,3.986980513446575e-11
3761.3441152025352,131.45651301319822,-4.208498295222829e-12
3761.626421227393,131.4760737490192,-7.340506464935374e-13
3761.759237685883,131.48527699226278,3.6070380578372185e-12
3764.0744628656635,131.64575795997848,-5.64498064730436e-12
3764.4807198655417,131.6739280461242,4.007998161492477e-11
3764.571000953234,131.6801885997989,9.072256077879304e-15
3765.0553105165645,131.71377567200824,-5.837483588012341e-13
3765.370583821381,131.7356423302994,9.378072411107303e-13
3765.7843721398117,131.76434455033606,-4.52219087898245e-12
3765.9553662248027,131.7762063906183,1.4082332877098617e-11
3766.6634759410254,131.82533361477613,-5.127005551177024e-11
3767.11916807283,131.8569535005141,-1.9455248826892893e-11
3768.276078053455,131.93724716604714,-6.835743293961644e-11
3770.129137636061,132.06590746088932,-1.4967903504176359e-12
3770.9110053260733,132.1202125085706,-6.476294957679818e-11
3772.7675858379516,132.24920743937287,5.205599392097337e-12
3775.040622994238,132.40722416969848,-4.433644137468376e-12
3775.6197766428218,132.44750091924868,3.794649317973003e-12
3775.980900992117,132.47261813343846,1.335376449852991e-12
3776.251175852439,132.49141808190421,6.3355370556471635e-12
3777.2226054039324,132.55900049847455,-9.234013698719896e-13
3780.0434393943997,132.75534462737758,-4.8316415035831357e-11
3780.235038028956,132.76868616491487,-4.355090772865393e-12
3780.9631128401484,132.81939017470987,-2.0836339087264377e-11
3781.4220416998214,132.8513555524892,-2.277633601833491e-12
3781.842500837356,132.88064483723963,4.2217147684201536e-12
3782.526848213849,132.92832360392495,5.326252136117298e-11
3784.3330857228857,133.05420635682947,-3.146242396558375e-11
3784.544649455741,133.0689548751174,-3.039591536497549e-11
3785.9678317955922,133.1681891054924,-4.558458283763939e-11
3786.0938274362493,133.1769762008814,1.0185377252840113e-11
3786.4952372323573,133.2049729778069,2.1424297572284804e-11
3787.228238187438,133.25610461104037,8.185940788665122e-12
3787.52509370607,133.27681504990204,7.903821128679754e-11
3788.7661665557002,133.36341738795429,-5.602061247230436e-12
3788.7973102148235,133.36559096430616,-6.356074658479568e-12
3788.9101615734494,133.3734672290905,8.249010520319256e-11
3789.0944499340967,133.3863298198442,-2.6192438085221044e-12
3789.6339496886862,133.42398834217937,1.067924406251601e-11
3790.953351406217,133.51610869205004,1.959834672140715e-12
3792.256435266466,133.6071212072318,-8.235584260816513e-12
3792.6660000426377,133.63573328672115,-1.7480905036066154e-11
3793.873466158175,133.7201045115129,1.0263033118068765e-11
3793.9516529265225,133.7255687073484,9.695862558449949e-11
3796.484204769859,133.90262066747366,-2.485799263283654e-12
3796.7029445694484,133.91791841869548,-3.6810783240437635e-11
3796.958180474768,133.9357696698875,5.007702554698586e-11
3797.1156039747707,133.94678049985876,-3.005188685790658e-11
3797.535297347277,133.9761377657933,-6.950610562559897e-11
3800.7054376510964,134.1979917399592,1.5550234753657972e-11
3802.5021149530526,134.3238096906913,1.4267375679591947e-10
3804.903184496593,134.49204493134948,2.9770684562471296e-12
3805.113840364825,134.50680997958685,-2.803123314997643e-11
3806.949326847176,134.63549537282498,4.631359497030314e-11
3807.397985005208,134.66696009717128,1.4608454944100926e-11
3808.5968698323563,134.75105695822364,-6.072523789274931e-11
3809.2735516780995,134.79853510802528,-3.641605558621353e-12
3809.429925213939,134.80950797229906,6.871491211979654e-11
3809.801588667556,134.83558972112485,-9.207873834679642e-11
3810.73982988229,134.90144278935762,-2.744513749159854e-13
3810.9646168399418,134.917222494844,-9.944480204860387e-12
3811.053279561043,134.92344674014427,8.476916361056359e-11
3813.1748614014837,135.07242790058044,3.576449160962775e-11
3813.90062312662,135.1234111821283,-2.5515108930790076e-11
3814.054249388662,135.13420435812225,-8.921239809997587e-14
3814.1033292691363,135.13765260881667,-6.861921091178923e-11
3814.884494339681,135.1925416213162,-2.905970323104799e-11
3817.1731388165076,135.3534192495319,4.767488841241694e-11
3817.398415230291,135.3692600117072,7.675873926369643e-12
3817.4858858873145,135.375410938085,4.7711430456639054e-11
3818.71211713201,135.4616542128413,-8.418801147971617e-13
3821.479655557303,135.65640247871715,-2.525625649487672e-11
3821.583365125725,135.66370313576277,8.93051921069716e-11
3823.461323811856,135.79593671162155,1.181620890678317e-12
3823.937399439231,135.82946916756254,3.8284481248471336e-12
3825.2603852272637,135.9226757854741,1.3125393972642117e-11
3825.813881859146,135.96168013863607,5.30895002298004e-11
3825.8804637649946,135.96637247909845,-1.9630128960287535e-11
3826.2190178364526,135.9902332421765,-9.415612650879228e-11
3826.575847590882,136.0153843322899,-2.1168954074138033e-11
3827.5161966218548,136.08167592324185,8.099855774872213e-12
3830.3788633247636,136.28358501595153,2.335150324986284e-11
3831.5184765097983,136.3640060168594,-2.8869720434940764e-12
3831.826936885416,136.38577777315112,-7.582581960883415e-11
3833.619248529273,136.51231742793345,9.452275535505953e-12
3834.552634641009,136.57823919702236,1.0068582272307289e-13
3834.9664229493237,136.60746874009664,-9.869428782777896e-12
3835.200983250986,136.6240392180149,-3.9035927844618367e-13
3835.4794841367006,136.6437151880603,1.166950279711328e-10
3835.7015317136706,136.6594037793553,4.663408259258301e-13
3835.7906128404466,136.6656979893236,5.726021288596073e-11
3836.9169396412753,136.74529353116338,7.524125183181082e-12
3837.7037255635496,136.8009081774441,3.366037540033904e-12
3840.562247663205,137.00306126836358,-8.303151828549729e-14
3840.7704404561155,137.01779042723848,-2.8038381749047426e-12
3841.0407153102888,137.03691293951,1.698854097209875e-11
3842.582725087432,137.1460391012522,7.508252444253392e-11
3843.4763152055652,137.20929743578776,-3.2940144693732544e-11
3844.100893583629,137.25352083446657,-1.380829884933033e-11
3844.3668817438806,137.2723563618235,2.227811552115808e-11
3845.89995498627,137.38094390143542,-7.442102993050246e-12
3847.190036640355,137.47235389787772,9.524090664286946e-11
3848.314950327553,137.55208577797717,-1.5917351455102744e-11
3849.512643073881,137.63700172929845,-1.241121473004739e-11
3850.5536070351077,137.71082713394367,-1.7488036920115204e-11
3850.957053593705,137.73944502435216,1.6456085740679113e-12
3851.2328150991852,137.7590074877238,7.071905363269431e-11
3854.0574462537375,137.95946688874315,-1.2812880538122488e-13
3855.2616756134316,138.04497374012305,-2.103044530689834e-11
3855.728688391793,138.07814138266858,2.5017090819568048e-12
3855.8819672953964,138.08902825575194,1.1117107229274844e-11
3857.280534662492,138.18838367307214,-1.2442873481819809e-10
3857.907647160528,138.23294597938855,-1.673132583641519e-11
3857.9793604668753,138.23804235331704,1.2935347647737016e-12
3858.561332422404,138.27940424451384,-3.326103210690533e-12
3858.6712312489703,138.28721567052474,2.175223815430464e-11
3860.1285807900654,138.39082269140684,-6.525970710974113e-11
3860.876557523665,138.44401362469387,-8.384071692306396e-12
3862.5117219593812,138.56033110386136,5.956411045876735e-11
3863.5828506610883,138.63655258024366,2.240586395298912e-11
3864.1013984956944,138.6734600161048,-5.76970946527672e-13
3864.6179095587167,138.710227409585,-2.4648658269460438e-11
3865.159027664273,138.74875170521324,-1.8567125980619794e-11
3865.251771821482,138.75535506274468,-3.21716676260159e-11
3866.7941289422074,138.865193677323,-1.2923484045115036e-10
3866.9831223979036,138.87865581740738,2.3395856387917658e-12
3867.1795050716632,138.8926449938705,-3.481236981402777e-11
3867.476431632284,138.91379768984586,4.050442761540027e-12
3869.986136834322,139.09265098748443,-4.913658940147437e-11
3870.790851074291,139.15002324276426,4.333679617018368e-12
3870.952079702013,139.1615195029372,-4.5435496693679553e-11
3870.985615382742,139.16391079420688,-4.172967064930815e-11
3871.2648267670793,139.1838210123093,-5.500361827157858e-11
3872.825814818425,139.2951595944352,6.509167607753922e-11
3875.7141463780767,139.50129025870766,6.192512025250745e-15
3877.273800262851,139.61266148973593,-1.355364395595443e-11
3879.9197717904244,139.8017066117055,2.9091767066835124e-12
3881.1161935152113,139.88722896966917,-1.5359791192718255e-12
3881.614349947657,139.9228458546604,-1.6359791988303343e-10
3883.004486015988,140.0222611330071,3.6541707626165313e-11
3884.3344267996144,140.11740487745564,-4.712213222740394e-13
3886.3551883949003,140.26203219184802,1.0404762421017376e-10
3886.383379523677,140.26405038257386,-2.660859470485731e-11
3887.367321762715,140.33449955464005,-2.0704237381856937e-11
3887.6039898819145,140.35144738993455,-9.921966338395802e-12
3887.8941666742912,140.37222839644713,1.0771584398165432e-11
3888.6453090808654,140.42602865244893,-2.2356355521761617e-12
3888.702117639573,140.4300979640915,3.62876852271358e-12
3888.939354160265,140.44709233706968,-9.450418014731342e-13
3889.191140176842,140.46513009324846,3.191858775172081e-11
3889.964916009465,140.52057010646803,-2.4438950306676327e-11
3890.53233056812,140.56123161698906,2.0156518240762227e-11
3892.524616829757,140.70404786795214,1.76716043991659e-12
3893.094628666234,140.74492239258146,-7.971576801668745e-12
3895.2482067080464,140.89940562744883,-3.146966103093912e-11
3895.9044971348676,140.94650048263586,1.2265447036551263e-11
3896.3890119320668,140.98127395240425,-1.1977506619773725e-11
3897.9242719144386,141.09148762329698,7.945391164031394e-11
3898.500054602858,141.1328332663649,4.376547259035188e-14
3898.610087633593,141.1407351826514,2.0910555465488244e-12
3899.061493051144,141.17315476284395,1.2549930413052692e-10
3900.371397679743,141.2672523272361,-7.703919951657385e-13
3900.415480363255,141.2704195755749,2.6690256474618988e-12
3902.017322247748,141.38553283798055,-6.129119578377064e-11
3904.880557280679,141.59141142441086,2.4069396765351156e-12
3905.174033956921,141.6125221587924,-4.2599060730907936e-12
3905.7897547342864,141.6568181182977,-8.504487481589954e-12
3906.1415951784397,141.68213323060402,1.4255897349173583e-11
3906.2920636505955,141.69296021556883,-5.250906808676568e-14
3906.515721692577,141.70905433938995,-1.0522505090887048e-11
3906.69628385914,141.72204801576692,1.1408802019508111e-10
3906.8159560296203,141.730660236348,-2.961946474691324e-12
3906.865667465581,141.73423780272128,-2.808474347189052e-12
3907.079836362651,141.74965134500704,-1.4618430213933591e-12
3907.2238313746006,141.76001501110827,-7.513262739471459e-11
3907.587063529296,141.78615939670996,-3.965182127548746e-11
3908.8904315386717,141.8799920115609,2.899269646003219e-11
3909.5076285799337,141.92443643672573,4.2876243187429525e-13
3910.4621086741563,141.9931824674736,7.675688296064761e-12
3910.4914997613255,141.99529961460604,4.0012297454650176e-12
3910.6646727096845,142.00777421633734,1.0799671887125412e-11
3910.905422264775,142.02511765125482,6.327465666023614e-11
3912.419019832153,142.1341806519402,-8.637846037176377e-12
3912.569488304001,142.14502503621958,3.754200741648553e-11
3912.727969656056,142.1564473662104,-3.7748333617788015e-11
3913.6178335666523,142.22059170119354,-3.0939409376636987e-12
3914.6110596859544,142.29220395259108,-4.997878760617534e-12
3916.887396617669,142.45639788007202,1.2015107187946672e-11
3917.2305215731362,142.48115602436184,-1.3775205390978037e-10
3917.6214553985205,142.50936645559966,2.780942874309612e-12
3918.1501949759568,142.54752565645478,1.065904526751314e-11
3918.5411288012265,142.57574271049828,9.97137341295864e-12
3920.987765093538,142.75240142209296,1.415667704177949e-10
3921.409282069354,142.78284807637218,6.279595289804295e-12
3923.453948075156,142.93058308876786,1.3941732491124158e-10
3923.76120848273,142.95279049528855,1.6064099621620838e-12
3923.8422056765153,142.95864489944032,-1.8089542412284013e-11
3924.9451174661217,143.0383743957477,-3.1305693837038918e-12
3926.528186304104,143.152853609621,-8.88113344369252e-12
3927.1211947061574,143.19574874427073,-6.927147498730773e-12
3927.3801488921717,143.21448217135062,4.991222854185812e-11
3929.3576645889143,143.35758159350547,-5.4659453087724906e-12
3929.651078107411,143.37882008032196,-5.920938278124374e-11
3930.767418377035,143.45963991174384,9.265947342710777e-14
3931.5290998813925,143.51479664146777,-7.074641837890511e-12
3932.2142919308567,143.56442356214595,1.8377323902238482e-11
3933.719031900097,143.6734388479573,1.117499298913286e-11
3935.4190966797914,143.7966551920409,6.111485193961905e-11
3936.3886236131407,143.8669478613424,1.3064323163357628e-11
3937.3621609336533,143.93754871454763,-4.8148160923743145e-11
3937.6759579553845,143.96030897156857,-2.6166703078288223e-11
3939.948079227009,144.1251640907615,8.472801228835785e-12
3940.1341280437177,144.1386671862998,-9.916013013125429e-11
3940.2714443382233,144.1486337701501,4.240598577104606e-12
3940.3686883372366,144.15569206808593,-6.872530697969914e-11
3941.183878511541,144.21486817534475,-7.89827952432648e-11
3944.194132098144,144.43349390905553,1.7879240989927466e-11
3944.5736742095937,144.46107076959328,8.927411242404463e-11
3945.8295806902247,144.5523416375923,5.310579115759449e-12
3946.3035563714598,144.58679456606276,-2.037248799444964e-12
3947.0675588442937,144.64233803071463,-5.445408235551169e-11
3947.152566424928,144.64851880050847,9.760886263288975e-12
3948.9766611099235,144.78117797953243,1.3982504165313136e-12
3949.0991437076314,144.79008784951031,-2.53900283844541e-13
3950.506505464504,144.89248475620184,1.463334132071275e-11
3951.29807540227,144.95009387831553,-9.119411862676698e-12
3954.8373527513368,145.20781767823019,-7.109672318943444e-12
3956.183327159174,145.30588967148566,4.71244501981238e-11
3956.2693215475674,145.31215663139025,-2.5374921349360103e-11
3956.8441174172312,145.35404917306815,8.559440645008735e-11
3957.107997746051,145.37328346107714,1.1369671778780166e-11
3957.311130180156,145.38809069707918,-4.0136584539287046e-11
3957.7535990565534,145.4203468729533,-1.0238135169125882e-12
3958.982293317095,145.5099381374847,1.0895834484631115e-11
3961.2531514594602,145.6755928432079,7.692509360015005e-11
3962.100195787716,145.73740741183093,1.123249821004661e-12
3963.0335818601798,145.80553822904096,3.467402490105828e-12
3963.6649810301515,145.85163516189897,1.6272039949626992e-11
3963.9815963728925,145.87475325013472,3.210086491720797e-11
3964.2298693473745,145.89288252163075,1.1822143721400232e-12
3964.710168490752,145.9279579210821,-2.2083751548832795e-11
3968.295431073354,146.18991757591394,4.1295028021933244e-11
3968.7161743854654,146.2206749968834,1.0944249203488727e-11
3969.5975280488233,146.28511479203678,2.8655355033122243e-13
3970.766745419187,146.37062370105969,-1.059027090012562e-10
3970.9807011613198,146.38627374995107,-5.158470229076157e-12
3971.305258333211,146.4100154825936,-2.8215663029776245e-11
3972.545770600231,146.5007782719856,-1.8731292575293474e-12
3972.6360516816244,146.50738484551275,6.673873406783177e-11
3973.801748120084,146.59270146478983,6.901893664623125e-13
3974.2708687021645,146.62704318090908,1.0227119362747697e-12
3974.4120532822226,146.6373793146351,5.429616615645136e-13
3975.526775171149,146.71900108232475,-1.922831282389265e-12
3975.5281093353638,146.71909878573422,1.0271794009930291e-11
3976.71700760011,146.8061771237221,-4.312106715314131e-11
3977.151463593791,146.83800442961018,4.529003028858998e-13
3978.1799858381487,146.91336560225156,8.519230615904936e-11
3979.1902245053075,146.98740608317277,-2.1877934703363738e-12
3979.400596160662,147.00282660537604,1.0493812954839811e-11
3980.9448478958434,147.11604726810015,-2.1180337130814952e-11
3980.9696680881425,147.11786738101972,-2.3635227517836405e-12
3981.082519439589,147.12614313295387,1.1172850730944499e-10
3981.8965175397234,147.1858431759211,-2.0407359299469504e-11
3982.6364813639816,147.2401240064808,-6.562843509065865e-11
3983.145887390329,147.2774978872212,-1.1407404426108468e-11
3984.5463572658987,147.38027158968728,1.5880677126232704e-14
3984.7981432748247,147.3987527772608,-4.394856435608022e-12
3985.680483741808,147.46352611541624,4.386800067399089e-11
3986.0267664748853,147.4889509337266,1.990855572747919e-11
3987.5113992211886,147.59798087868762,3.984378184170493e-11
3989.247462724415,147.7255271452077,6.394680801700077e-15
3990.0481033908895,147.7843678515603,2.4650699605181828e-11
3990.3860890426963,147.80921064707923,1.6926730669570532e-11
3991.6894570181016,147.9050311751081,-1.6851482879513336e-11
3992.393137887333,147.95677713472313,-4.517719782795647e-13
3993.0242528508043,148.00319463819014,3.6814169013490024e-12
3993.392269040486,148.03026503120748,6.498505744625012e-11
3994.36594054936,148.10189801677402,9.58269306630417e-13
3996.3032418096063,148.2444771571707,-1.5118041673686922e-11
3997.9064888601297,148.36252326372764,2.783969806572863e-11
3998.744462440652,148.4242415908911,-1.3056221945308883e-10
3999.6378393632763,148.49005472427876,3.4739813232831954e-13
4005.8357429059993,148.94704559240384,1.2333700099871223e-11
4006.391347327168,148.98804660881314,-2.1480331953715326e-11
4006.5382317084063,148.99888694183286,2.1652651530173353e-12
4007.0985412292575,149.04024244753347,9.975396011502549e-11
4007.2530200840297,149.05164528963735,6.806663035992444e-13
4007.293589730069,149.05464000711757,5.94269503021917e-12
4007.7240353323273,149.086415949318,-5.802171185030587e-11
4010.0482600115038,149.25805160224348,2.4182931330359257e-11
4010.0976872450715,149.26170270667612,1.947663802587717e-11
4010.204633537143,149.26960279871267,6.417575234993233e-11
4010.461337794494,149.28856632864384,7.318369428049645e-11
4010.6688990190546,149.30390039972866,-7.053204237987493e-11
4013.099785787366,149.4835469201487,1.3739278595190534e-11
4014.5022924216087,149.5872439795487,-8.56710701165038e-12
4014.5766819475516,149.59274512592333,-8.787550370757848e-12
4014.6753311587327,149.60004044659144,7.548618719602742e-11
4017.789854745914,149.83045831582226,-1.305399750411027e-10
4017.839281979367,149.834116468839,-6.94496937682515e-12
4018.1587077456643,149.85775853589527,-1.78900955267186e-11
4018.9322782911504,149.9150215877392,7.856773091301707e-12
4019.0380956745626,149.92285550714973,-3.951027059790477e-12
4019.3793180533776,149.94811843841975,-1.3411000680886284e-12
4020.33098768618,150.01858811715914,5.5824184289185056e-11
4021.7132450195577,150.1209718690069,5.1176031408029734e-11
4022.074369339721,150.14772613326593,-4.760637527148731e-11
4023.40846255301,150.2465846220648,-1.3648088653576533e-11
4025.0390560104343,150.36745878844775,5.716116951289126e-11
4026.137183720827,150.44888943146546,-2.0905597993324682e-11
4026.915538309217,150.5066210472048,2.027122617364819e-11
4027.9276716324857,150.58170903994886,-3.0340375356296486e-11
4027.967396570686,150.58465653246438,-1.1612314766715608e-10
4030.5296945588193,150.7748341353986,4.592481910124724e-11
4030.5773692214852,150.77837376646454,-7.163538018824649e-11
4030.800537798234,150.79494359462595,-8.736690637492224e-11
4032.0744436215555,150.8895461633395,1.0296890884854424e-11
4032.3498577549913,150.9100028490509,-1.4865928952624572e-12
4032.5141731093117,150.92220821703043,-2.3596041640383545e-12
4033.6549782845723,151.00696110149823,5.951157863769982e-12
4033.8240776835623,151.01952590180377,6.900325173477835e-11
4037.8505459427843,151.31886511079733,-1.537643951401853e-11
4038.2121597178216,151.34576313178658,2.301703852889127e-11
4039.1704370108287,151.41705459554592,-1.562452148787957e-12
4039.5315613291236,151.4439249876271,4.3647362602815847e-13
4040.000681901908,151.47883470858108,2.7625938047024798e-11
4040.6657588365088,151.52833351724553,1.9368758459447707e-11
4041.2130661712354,151.56907335386435,-4.7134922514022986e-12
4041.5196239605043,151.59189496240867,7.660383825197053e-12
4042.0787414117303,151.63352276200652,6.612293303612568e-12
4042.609099333891,151.67301465907826,2.4541603875964983e-11
4042.683559909408,151.6785596113603,1.4346235319201283e-11
4044.341302416309,151.80203532129698,-5.6317421096508555e-11
4044.503296797887,151.81410406665876,-2.2196575948872444e-11
4044.798328671016,151.83608548166924,8.813890695716289e-12
4044.9222164795424,151.84531624827292,1.9652284259640937e-13
4046.024559826638,151.92746328648974,3.029043006966786e-12
4046.629946725185,151.97258646642302,-2.7129973929865465e-11
4046.9050766566584,151.99309581046626,6.027492376930592e-12
4046.942693773064,151.995900057137,-7.330411094523762e-11
4048.099737853835,152.08216706092716,-6.221761263172273e-11
4048.6627235909154,152.12415112448102,-8.80536884073378e-12
4049.1297363408726,152.15898253480628,6.66736926440142e-12
4050.7737661622864,152.28163187495292,2.1828461996750714e-13
4051.1772126954547,152.31173775168426,-6.803794196640707e-12
4051.414583409813,152.32945216513357,2.894510831716445e-12
4052.032696181788,152.37558532564339,2.9160638862037266e-12
4052.3009342465525,152.39560759955944,-8.365796554891189e-11
4054.3224614991204,152.54654444820636,-6.921978977840952e-11
4054.8625296091805,152.5868812463447,9.573885068544984e-11
4059.139378632576,152.90650180412857,-1.4007535920010347e-11
4059.3360376005785,152.92120676643995,4.166926944049647e-12
4059.4975425248476,152.93328365580555,7.19376009324924e-11
4059.8368702286243,152.95865920366333,-1.6277809382794716e-13
4060.0348633607696,152.97346647296231,7.411293974526043e-12
4060.3171693582126,152.99458047901774,3.710987877266072e-13
4060.8167309773603,153.03194689254238,-5.2916468745897096e-11
4061.2772702658135,153.0663985703596,1.0421495234719991e-10
4062.8019121174534,153.18048071179706,-3.731302484926227e-11
4063.076055239662,153.2009981592847,-5.873633450493153e-11
4063.173859741855,153.20831838885934,9.880978963780424e-12
4064.4025539634636,153.30029566779172,-1.5556089383836694e-11
4064.897970989096,153.3373893362988,7.220057255986387e-12
4066.2173725901375,153.43619977068934,3.686945181107561e-12
4067.6159398653704,153.54097396024983,1.6098811433037006e-11
4067.9404970278943,153.5652934321541,4.345911728219838e-11
4068.9641641495573,153.6420107944126,4.075742325906809e-11
4069.8951660645794,153.71180024777445,1.3870210562179777e-11
4070.016875000449,153.72092493228115,4.166476299096799e-11
4070.057863052141,153.72399792370095,-5.443478051788208e-11
4072.3301973835114,153.89440974056754,-9.471691504139993e-12
4072.7774502893362,153.92796230193292,-3.202066789727453e-11
4074.8993161545336,154.08719321949482,3.5667443138622504e-12
4074.941922571125,154.0903913769243,-1.5474510000893017e-11
4075.6335091057367,154.14230848342936,1.1599161391748836e-12
4076.4251500639793,154.20174744751952,-2.935173635025595e-11
4077.383143145575,154.2736921049724,-4.8812277269467836e-11
4079.2773405904986,154.41599486120077,-1.6657117527285355e-10
4079.733664233401,154.45028633649548,7.577095517580632e-12
4080.6944756375988,154.52250122981454,-1.9318952198194498e-11
4080.8744693930144,154.53603150943547,1.5113902898518934e-11
4081.60023105676,154.59059366912882,-6.527296528652871e-12
4081.6313747129725,154.5929352404755,2.0762111387938442e-13
4083.023831667964,154.69764696398076,1.5905761232688067e-11
4083.0411284363104,154.69894789263452,4.62147332929169e-13
4083.7791896727,154.7544642646127,3.412763018892423e-11
4086.53420724869,154.9617831042279,1.4627328327890713e-12
4086.8050504837056,154.98217197618172,3.0211923314048406e-12
4089.714057451779,155.20124499737537,2.7958788495892904e-12
4093.170648049991,155.4617583911015,-6.725848619729051e-11
4093.9295190884595,155.5189818048429,-2.702547166387188e-11
4096.250933280503,155.69409617474415,1.8191225740789808e-11
4096.417356453332,155.7066540119494,-6.27714375011881e-11
4097.169904026479,155.7634455620628,1.358897965523359e-11
4098.07846987013,155.83202504499909,9.868214472606918e-12
4098.293838713349,155.84828353591942,-6.35440431757186e-11
4098.577265721288,155.86968113361775,-1.0160948837471269e-11
4099.396182043551,155.9315143324779,-1.0176222427537853e-10
4101.743679537402,156.10883323542527,7.967751341589748e-12
4102.600355075134,156.1735677520305,-8.240955115922124e-12
4102.635651218814,156.17623518807747,-2.7615493245695285e-13
4103.9599710559405,156.2763346167437,-4.189635897781514e-12
4104.59137019961,156.32407063461724,-1.2253926598246642e-11
4105.170950088647,156.3678953971495,-3.848004524443662e-14
4106.598418977239,156.4758594241688,-5.153157889581696e-12
4107.03259075356,156.50870466548903,-1.6508480685391538e-12
4107.24943586079,156.52511037121272,4.844394090955283e-12
4107.651548223285,156.55553501053024,-4.5132689531302106e-12
4108.120668786904,156.59103339104036,-3.473856827577326e-11
4109.969583576107,156.7309803555056,-2.4394883349264165e-12
4111.17592066254,156.82232365483807,7.0104324337425965e-12
4111.680124218704,156.86050966393935,-7.926985351920465e-11
4111.696647329537,156.86176112599082,3.5870303266590684e-11
4113.0384060318975,156.96340284876007,4.4534013839027775e-11
4114.78346915922,157.09564554739765,5.95649640921721e-11
4115.811991362125,157.17361430387072,-5.920917088808231e-11
4116.014555385159,157.1889722876509,-6.726570074946286e-12
4116.50357788876,157.2260520737982,5.896386370144223e-12
4116.982116545297,157.26234119417165,-4.018146785104925e-11
4117.031685877726,157.26610043666176,-1.4760847263733213e-11
4117.822553169352,157.3260844073577,-1.5667011089518651e-12
4118.37991014307,157.36836451978064,1.2202080841769538e-10
4118.448047252389,157.37353367269742,5.329831657710954e-11
4118.647942946959,157.3886990509632,6.185747083729092e-11
4119.015461771834,157.41658332304473,9.020703819451192e-12
4119.924659166918,157.48557635158494,-2.2181469259317522e-11
4120.650626078505,157.5406761535748,-2.8112776048909742e-11
4121.98141936872,157.64170658225274,-2.7150557434479734e-12
4122.033309673193,157.6456466224991,-9.966399798391276e-11
4124.776659203651,157.85402027861147,-2.3348479793421294e-11
4125.607251430672,157.91713602179175,1.55071375626755e-12
4127.0206523781135,158.02456793800684,1.4228956280326296e-13
4127.591445726469,158.06796409315209,7.834410396699521e-11
4127.602624285838,158.06881403420235,8.056144181255752e-11
4127.685239839644,158.07509562613723,-1.154051256551947e-11
4128.008747033296,158.09969438577733,-2.468275870620386e-12
4130.459314615214,158.28609264733936,-2.1208782095889108e-11
4131.71030277681,158.38128958684598,1.8560714851862296e-11
4134.682725928257,158.6075988681411,9.886917392688138e-13
4134.972902699054,158.62970057162485,2.8347529460341604e-11
4135.607680667542,158.67805469593162,-3.803780459975363e-12
4135.945524204727,158.70379290729915,-4.4623513688950766e-11
4136.028423959122,158.7101088485532,-9.844483960004517e-13
4136.374359320915,158.73646623294536,1.5839161546167133e-10
4136.820064903972,158.7704285244158,7.92060131900211e-14
4136.863587077578,158.7737450638725,-2.9453749290402066e-12
4140.026906230599,159.01489430537515,-4.661098992581567e-11
4140.48259830878,159.04964825912546,-8.388336197275087e-12
4141.034823878233,159.09176959259815,2.2543029643692463e-11
4142.859344760661,159.23097594707235,-5.5533932508628954e-11
4143.270804163017,159.2623777382623,-7.105486079903004e-11
4143.541647393754,159.2830496753964,-4.4587448515085876e-11
4143.657309168577,159.291877898453,-1.6105911557727994e-12
4147.130146519694,159.55706714258162,-1.5683874080077054e-10
4147.997929555794,159.62336659354543,-6.19614985868052e-11
4148.1038179855095,159.63145752007946,1.1534541484727607e-11
4150.813418667891,159.83856815808633,-2.6564249709452214e-12
4151.021682491303,159.85449257795864,1.0724397456669036e-10
4152.072774953151,159.93487416564057,6.055886080705988e-11
4154.082981489411,160.08866003480128,-1.124457265959379e-11
4156.496010883616,160.2733611740243,1.4368652322750172e-10
4156.63895592155,160.2843060185269,-2.417593563228505e-13
4156.814378779188,160.29773810022795,7.726116558311363e-12
4158.0858293794345,160.3951096792019,-3.7484782931734785e-11
4159.526726728435,160.5054940048751,3.3948669775418827e-12
4160.2761086088485,160.56291780142973,-5.225773227876108e-12
4162.140701774656,160.70584314038075,-3.317207221230032e-12
4163.308648071309,160.7954015219979,-2.5760804597787526e-12
4164.756295183955,160.906442298903,-4.0215461727527665e-11
4164.799185800261,160.9097327829687,-1.8777381784955736e-11
4164.864291434694,160.91472762446813,-5.167073100169037e-11
4164.9478937956055,160.92114163149475,2.9889838801046284e-12
4165.484867259527,160.96234152255548,6.53337253806639e-11
4165.962419101719,160.99898668537028,1.8897574529475986e-11
4166.0865200566195,161.00851031758495,6.5408440195929644e-12
4167.179516322535,161.0924002037352,-1.1074259957533146e-11
4167.792631879378,161.13946781617665,1.0496928161370128e-10
4169.825487621165,161.29557548572635,9.673774912356264e-12
4169.987481997051,161.30801868133037,1.3534264061179953e-11
4170.354929766592,161.3362450608412,-4.151363999957435e-11
4170.404222792298,161.34003181174364,-9.509943271259058e-11
4171.090038456151,161.3927216584967,-3.428476571244267e-11
4171.522457654284,161.42594801486294,-2.9154717358869753e-12
4173.649312761861,161.58942208089982,-6.237532681034617e-11
4174.215322058453,161.63294065354472,-4.446713853441554e-12
4175.338269913654,161.71929784838534,2.130209192894541e-12
4175.369421463832,161.72169380320875,-5.009239966689238e-11
4175.631683411084,161.74186582843618,4.1812912690301566e-11
4175.69939421818,161.74707404904365,-1.5427191293260278e-12
4175.812245563339,161.7557546043989,1.1489580055398116e-10
4176.289094797048,161.79243656366822,-5.030773606759269e-12
4176.368899921103,161.79857603755264,-2.364687418094618e-11
4177.67578086326,161.8991321554697,1.3899492997833716e-11
4178.161708729228,161.9365292162097,-1.6335535752398451e-12
4179.151626991452,162.01272688796368,-5.323993959560159e-12
4180.20137738646,162.09354978103752,2.9049923229536856e-11
4181.389715074791,162.185067350278,5.34967840255699e-11
4182.434334068446,162.26553818125,-2.2184313612660387e-11
4183.607135453501,162.3559073241401,-2.78584957563144e-12
4184.07625600742,162.39206207563888,-5.588780400665179e-11
4184.623563320253,162.43424774274615,-7.414465864383637e-12
4185.726119775062,162.51924797605935,1.4439714489205672e-11
4186.097783186046,162.5479059559103,5.072790111339523e-11
4187.924972374665,162.68883267252116,5.6241417439780035e-11
4187.991980574378,162.6940020231747,-2.5520652126667755e-11
4190.876798828078,162.91662989073814,5.171874359663856e-12
4191.375239415657,162.95511119598402,2.2365437151609675e-11
4191.556993630904,162.969144376998,-6.979775879346643e-12
4191.857930550055,162.99238095185103,-1.2023455175982283e-11
4193.1130632837685,163.08931289093047,1.4671829614718015e-12
4193.68666705061,163.133621074594,2.2910871142721335e-12
4193.738557354079,163.13762965456323,-6.66738560947726e-11
4194.147695778763,163.16923776114555,6.257099095374257e-11
4195.079747625095,163.24125520786657,2.109239942304872e-11
4195.422872552759,163.26777169126282,1.8652273033667616e-11
4196.415111782535,163.34446353244388,-4.981105069706523e-12
4197.752228510028,163.4478402229778,-6.34449969846443e-11
4197.889615844524,163.45846393479042,6.443660860576238e-12
4197.932222259678,163.46175861971685,-1.5468923272929336e-11
4199.913890289023,163.61503473857206,-1.7032560642412914e-12
4200.000374127993,163.62172565326594,9.314305207784279e-12
4200.595206103784,163.6677491978886,6.453043570612717e-12
4201.010328530757,163.69987205484702,3.4461214349037253e-11
4201.102504277182,163.70700519656705,-9.420470955907617e-11
4201.837612960764,163.76389815289235,8.96188524537623e-11
4204.761524583261,163.99028972771703,1.0156585264475425e-10
4205.206456500818,164.024753561234,2.5700735783666273e-11
4205.2721305361,164.02984089335988,1.761249065857433e-11
4205.975811362952,164.08435536824493,2.306777852291643e-13
4208.241885300814,164.25997113334836,9.232811894428445e-12
4208.789397865984,164.30241634581125,-3.684250110217819e-11
4210.703212982857,164.45082580442948,1.4032475732312872e-11
4212.110574634446,164.56000467376458,-8.118634993780379e-13
4214.0550439481785,164.7109107631624,-8.956276831998649e-13
4214.341423476271,164.733141947794,-1.4802809335093777e-11
4215.65273319893,164.8349561200686,4.9006152309895697e-11
4216.433898175048,164.89562325747417,-2.953192936167925e-11
4216.67625817893,164.91444779884318,5.908849578445121e-13
4217.2083765408515,164.95578219348525,4.412363076511272e-11
4218.059431194666,165.02190206581227,7.506853246155143e-12
4218.309527771952,165.041335027448,-8.707132748042973e-11
4218.564550494095,165.06115194599957,1.6353770198991968e-10
4220.100015588321,165.18049285796621,-4.1093653636421634e-11
4220.553457734958,165.21574403604413,4.1063610928985364e-11
4223.269808130992,165.42699592735772,9.155722323475136e-13
4223.484608565407,165.44370686054893,3.5047375778942114e-14
4223.732036814101,165.46295720894616,1.0884246406368353e-11
4224.183157988267,165.49805812393114,9.063168932476446e-11
4225.0972104524835,165.56919037049147,1.4657677153083312e-11
4225.694363396451,165.6156695709184,2.912915141082594e-11
4225.784644471395,165.6226971399205,2.168154562018599e-11
4226.359440297102,165.6674433417779,-1.3222298269428829e-12
4226.584227226689,165.68494401316258,-4.012881667393079e-12
4226.794883068178,165.70134536076523,2.479747874182111e-11
4230.510009295834,165.990733842822,-7.847578308635619e-14
4232.409764364112,166.13881285742963,-5.6493885421152865e-12
4233.124552694899,166.19454522701622,-1.3883658001766306e-12
4234.855903084646,166.32957840725138,2.0351818682363148e-11
4235.513527611038,166.38088297516398,-5.685081419093403e-11
4235.848142304294,166.40699099361464,1.3347633233030924e-10
4236.242589129696,166.43777001045953,5.6741885582053547e-11
4236.761705309204,166.47828144960113,-3.8387674067697545e-11
4238.243172271933,166.5939213230812,4.883848446181121e-13
4238.828372997503,166.63961187293353,-7.877153986931942e-12
4238.957044843924,166.64965899394232,-8.932611014175695e-11
4239.004853709475,166.65339214513298,-1.192359325371016e-11
4240.267651951145,166.75201288158686,-3.631933974732564e-11
4240.3437308875245,166.75795535537583,4.1114111893092944e-11
4241.9877606232885,166.8863954418309,1.3944552487144754e-11
4243.246690577272,166.98478320646817,1.2675529554416872e-10
4243.819378578956,167.02954952158228,1.5952119343826313e-11
4244.132125610029,167.05399912196586,-1.0625360807757365e-11
4244.88143642368,167.11258526500296,-3.3668583724936754e-12
4245.879580698788,167.19064294110711,-1.8130640166945372e-11
4246.857823033254,167.2671620368822,1.4922738409678106e-12
4249.065754230438,167.43993342124722,1.2983936333536497e-12
4251.06204277829,167.59622099554088,1.3022810887798195e-11
4251.77226021182,167.65184096225047,-9.311362601945346e-12
4253.305333270815,167.77193371835537,-4.174324059755433e-12
4253.449612469251,167.78323800920882,3.875175116870097e-11
4253.779308910928,167.80907120047215,-1.0737806036068639e-11
4256.372331989333,168.01231596203465,-1.1535355412915015e-11
4257.190616720255,168.07647996924135,-1.6631514695584467e-12
4258.2051420020725,168.1560488759799,-1.1029987752822937e-10
4259.211093897444,168.2349640946916,1.2557152473546056e-10
4259.366764805225,168.24717787868866,5.233765551896487e-11
4260.482891820005,168.3347611638545,6.049929212017002e-12
4260.7307384727565,168.35421298158326,-1.8822426155869182e-11
4261.858541397475,168.4427409414495,8.383947601596085e-11
4262.0655342061755,168.45899158297573,4.049518157510944e-13
4263.819881152923,168.5967539692829,-1.2680776400265337e-11
4264.128830945906,168.6210205266439,-7.968227187789198e-11
4265.237434536517,168.70811061377665,-4.708064972685061e-11
4265.432483023505,168.723435646258,-6.393843875536059e-12
4266.3115866922035,168.792515847132,5.643401183225567e-11
4266.801169683203,168.83099358092673,-5.846883055626344e-11
4268.728902709163,168.98254257728993,2.4861916760142364e-11
4269.457474765143,169.03983719430758,5.353764302108229e-11
4269.671430489514,169.0566644448166,-5.391148626553222e-13
4270.284546030123,169.1048896002676,1.917152039589165e-11
4270.793746760141,169.14494650619716,3.2983581351231795e-13
4271.705620341943,169.21669210573856,6.231128666197283e-12
4272.117782337639,169.24912576033242,-5.695844208253619e-12
4273.104890147362,169.32681549747915,1.1865879222738506e-11
4274.255121236677,169.417366399011,-1.3541416368089184e-11
4274.952612792464,169.47228766052015,-6.308531578121457e-14
4275.114259807772,169.4850172055477,-3.6473440375986016e-11
4275.932473484672,169.5494581200012,1.626644603917853e-11
4276.505864088809,169.59462459564907,-6.539117431178708e-11
4278.699522081317,169.7674768464138,6.820268009739671e-11
4280.352267287796,169.8977656933261,1.3817695913425805e-11
4280.758524224668,169.92979935519656,1.712703174912883e-12
4280.871375566782,169.93869830708422,-1.7986082494417912e-11
4282.799392786778,170.090769359292,-8.575055730866679e-13
4283.096035111089,170.1141728998426,6.42294634164795e-11
4283.396972023216,170.13791691742284,1.3115355340994775e-11
4284.674959196826,170.23876909479966,1.6891050647578828e-12
4285.1309986140905,170.2747646644227,-5.992821648317022e-12
4285.342988616577,170.2914985155543,-8.621863498184412e-11
4285.858299658428,170.33217906619294,-7.560095417074744e-12
4287.512031669898,170.4627637966363,-1.6140500448505858e-11
4289.345552170365,170.60760417444303,9.180182533802034e-12
4290.740535276625,170.71784343044087,3.243686706842933e-11
4291.5180372070845,170.77930147686652,6.477980970567477e-11
4292.022106533843,170.81915185012016,8.370248798260678e-14
4293.040571143761,170.89968322111824,-1.0839142277928748e-10
4296.351050844574,171.16157931044745,-1.0863262892009744e-11
4296.6396092383575,171.18441708238322,-6.983954689600621e-12
4297.025624772046,171.21497043647713,-1.208001713622079e-10
4297.81241058933,171.27725349048634,-3.17766317107725e-11
4297.86183781904,171.281166599064,3.846058950748503e-12
4302.0935460291375,171.61635392766934,2.1602998962073208e-11
4303.01449034135,171.68934426608982,-2.552810421654202e-11
4303.295383211516,171.71160981338696,-1.0268181588278666e-10
4303.796357907487,171.75132420394795,1.0732867549344746e-10
4304.410104999901,171.79998484236413,5.340642253808511e-12
4307.07969643753,172.01172282566435,-2.6668646464535614e-11
4308.177824064708,172.0988586534746,9.753543089447769e-12
4308.89535965516,172.15580671017338,-3.2443000247130806e-11
4308.91265642248,172.15717960553604,-1.2057788854212793e-12
4308.9438000768305,172.15965158299747,-7.469918490992472e-13
4309.870649445406,172.23322693855263,6.357107487900519e-12
4310.008036776023,172.24413439579453,5.417744474981861e-11
4310.383150055608,172.2739171661878,6.0624947640224314e-12
4310.915268405054,172.31617007314995,3.09913847183969e-11
4311.65037706833,172.37455002472453,2.561742033637681e-11
4312.5703345705,172.447624096578,-2.1426293107178393e-11
4312.901365171459,172.47392233613016,2.5699948673796927e-12
4313.001419588995,172.48187140953377,3.481412774749866e-11
4313.476160984686,172.5195909401947,1.556098778196574e-11
4314.329536590025,172.58740445583172,5.77376118081469e-12
4314.7287674521185,172.6191339530216,3.5875861270520144e-12
4314.795562499111,172.62444288055494,8.210939225779259e-13
4315.864717446782,172.709431417361,-3.2193557909226246e-11
4316.8212420984,172.78548466946583,6.740593933298908e-11
4316.942319469404,172.79511273003263,3.5761243275093113e-12
4318.143943496889,172.89068039267036,-7.278694421098429e-11
4318.779913499199,172.94127117578338,1.445385170546815e-10
4319.170847280795,172.97237326799834,-3.9354230224048924e-13
4319.222737582626,172.9765017924823,-1.5767849385193727e-10
4319.711965316319,173.01542843440237,-1.0372368542051654e-12
4319.891185403128,173.02968963726065,7.1738946886039155e-12
4322.015514202974,173.19877538025338,1.0255845670869566e-11
4322.537156599256,173.24030816833047,-1.0110169218473783e-10
4323.808251894918,173.34153283897547,-1.292460619114689e-11
4324.649738437419,173.40856165297615,-1.1449905736401757e-11
4325.923012604044,173.5100094149844,-4.585495886215896e-11
4326.352550306495,173.54423944756485,-1.2195540089685204e-11
4326.626693409683,173.56608779867724,-8.443963469469765e-11
4326.812386955596,173.58088778213667,-1.1026428988504118e-11
4327.750628029556,173.65567635842478,3.615953477635091e-11
4328.196751997147,173.69124324448347,2.569128517442071e-11
4328.377314142449,173.7056394631736,-1.009247299759481e-10
4330.140376547165,173.84623997878796,2.902766023661804e-11
4332.478455807089,174.03278519428136,-7.86259242100903e-11
4332.514801911993,174.03568588740143,-1.2151270186071579e-10
4332.6358792825395,174.04534894971135,2.8862118349179832e-11
4335.640085387074,174.2851980719449,1.836509167863151e-11
4336.363099729507,174.34294674655837,3.229450603058744e-11
4336.927774838825,174.38805523102525,1.4799004354794867e-11
4337.04744699497,174.39761587119366,1.1765946393771428e-11
4337.861160815982,174.462630678651,3.8161545092888395e-12
4338.911550620863,174.54657366181235,-8.750347188501728e-11
4339.535986810296,174.59648575543807,1.2655204901239444e-11
4339.739119223213,174.61272397321991,7.022770029514679e-12
4339.82560305917,174.61963764201295,-7.835356075145497e-12
4341.6628418279615,174.7665422683104,-8.10099555581106e-11
4343.194020182446,174.88902197176535,1.4525209884591726e-10
4343.317907981229,174.89893370573137,-4.862146591729192e-11
4343.7939914323315,174.9370257413019,-5.460279845974875e-12
4344.188438247274,174.968589089587,1.4152753842621706e-14
4345.960366126906,175.1104128298026,1.142680887043188e-11
4347.7242732317745,175.25165203722378,-5.626625118620945e-12
4350.404766894479,175.4663936997682,4.5626449192443706e-11
4350.723418975245,175.49193058975396,-1.4741606324098272e-12
4350.8646035409565,175.50324576852915,-1.6146456421699945e-12
4351.004801298765,175.5144822233324,-1.901535074047258e-11
4351.1785426275455,175.52840760309624,-1.7761202621261577e-11
4351.490097586716,175.55338014763325,1.5311985930081877e-10
4352.361677814396,175.62325075781328,-8.134181697262564e-12
4353.194733065581,175.69004607559665,-1.841714740107037e-11
4354.111311728581,175.7635531659736,-3.40406689915349e-12
4354.1617968157125,175.76760238091848,-1.2156859318742724e-10
4354.545491372106,175.79837858203487,4.366461003118844e-12
4356.013174560699,175.91612670962988,-1.1578903355478094e-10
4358.130753576985,176.08608409196876,-8.164963448979873e-12
4358.134756069215,176.08640541113294,7.870707323864819e-11
4359.4237796782045,176.18990328396868,2.2773315334986535e-11
4360.774537982758,176.29839078068582,1.3033487290241822e-13
4361.629105642201,176.36704359003102,-1.1420476380011458e-11
4364.10619057843,176.56611945546743,-2.0221314413580832e-13
4365.7792560971875,176.70064265050817,1.201395503261786e-12
4367.312613314587,176.82397785282976,-8.579482842182802e-13
4367.510606430908,176.83990653663176,3.021919593873497e-12
4367.8040199143,176.86351318327206,5.359960650427799e-11
4368.142005532048,176.89070785635272,-1.0320900842582514e-11
4368.574843115304,176.925537489829,-6.824356904296796e-13
4370.600175332619,177.08855805265125,-6.42390168360955e-11
4370.721252702082,177.09830605773297,6.128977540377455e-13
4372.471802366467,177.23927394294418,1.2976199510186151e-11
4373.114095824793,177.291010567246,1.0007898042453075e-11
4374.762554300931,177.4238283856894,-1.6821704135050445e-11
4375.091682331424,177.45035252920957,5.203007542865827e-12
4375.33875532001,177.47026523903878,5.138955416926643e-11
4376.439906508521,177.5590255790995,6.869130200027727e-11
4377.077494866913,177.61042978544032,-7.335663963064536e-12
4377.808877332464,177.6694051641046,-8.770698086807936e-11
4378.42438487932,177.71904454825062,7.918761187463121e-13
4378.4579916055,177.7217550606838,2.928588082081016e-11
4382.9155445138185,178.08145832852767,-8.490292339198047e-12
4383.227588927245,178.10665253297717,-1.2848966953732109e-11
4383.511576421355,178.12958300426635,1.2600711255500954e-11
4383.824741848239,178.15487115997777,6.653074017534855e-11
4384.381822478474,178.1998599704962,3.490004514623244e-12
4385.398250294859,178.28195954837238,-6.924464262655747e-12
4385.44177246575,178.28547537474577,-6.559391570219852e-13
4386.14763213314,178.34250130012694,1.363435565621973e-11
4387.015415117396,178.4126214782801,2.278900874800512e-11
4387.075602498335,178.41748536286053,1.1102836004029148e-11
4387.229868187079,178.42995224266758,-4.602866373008881e-11
4387.86569607868,178.48134088096455,-3.693656246748589e-12
4388.350210810383,178.52050514459373,-1.1879916085563658e-11
4389.073225143912,178.57895583388495,7.701986962925894e-13
4389.613009006488,178.62259988980796,4.858535372695742e-11
4391.09026027172,178.7420700240571,3.2513893096300855e-12
4391.127877384772,178.7451127676912,-7.403616114752699e-11
4393.274839572362,178.91881776519637,-3.502910482510457e-11
4393.427913197202,178.93120578758027,2.6269491999732172e-11
4394.070419803,178.98320760627843,-1.3535645571688284e-10
4394.084408790133,178.98433990143712,2.106056569192158e-11
4394.941652665899,179.05373372594175,-9.196177431474453e-12
4396.373550243152,179.16967591231023,-4.281193544391905e-13
4397.004665139333,179.2207899117805,-9.781041334110903e-12
4397.189798175445,179.23578522937248,1.4736075359232454e-11
4397.892136910529,179.29267866899607,-6.990711769410899e-12
4399.185028794265,179.39743403791803,1.6381465106823935e-11
4399.500586242164,179.42300646301888,-2.33290670476423e-12
4399.861007919623,179.45221687943902,5.4115654372328794e-11
4400.42054372537,179.4975692643666,-5.6928401662558266e-11
4401.045335156829,179.5482176671859,-1.6667118662204382e-11
4404.033231254503,179.79052937948757,-2.7416543143537697e-12
4404.380216556466,179.81867977169713,-1.858223537147009e-11
4404.923095046417,179.86272713106828,1.5070681710100025e-12
4411.049631991996,180.36019034899095,1.2020263953438257e-11
4411.754015390828,180.41742926571064,1.1663026010306224e-10
4411.909686292955,180.43008047585258,9.412777487849496e-12
4411.943008818119,180.43278862035572,5.148673292955193e-12
4412.499947344405,180.47805442464372,9.894872550074677e-12
4414.777839179097,180.66325211727258,2.601087015693706e-13
4414.94602280375,180.67692961054652,6.711640923628206e-11
4415.803400881065,180.74666377736304,4.874259448312646e-12
4417.118302520508,180.85363656852516,-5.759772345837119e-11
4418.524748344193,180.96809211688026,-5.737302092011597e-11
4420.33358280438,181.11534732922405,-3.213686902779671e-11
4423.195341170793,181.34844301836003,-1.292085902560763e-10
4423.293350919812,181.35642877155323,4.3553263650950743e-11
4425.187548198833,181.51080115380523,-7.63589370666424e-11
4425.31143599528,181.52090000481343,3.3150311381822824e-11
4426.7692826603625,181.63975922953284,-9.793838753383494e-12
4427.226308870294,181.6770289459724,-3.146367134587483e-13
4428.126364408217,181.75043820670186,-6.3876236434894915e-12
4428.779560110958,181.8037227233655,6.260893404242848e-11
4428.899934871695,181.81354316635364,-2.1158127693085626e-11
4429.005752243892,181.8221762053816,-1.6130153103116218e-12
4429.457157596619,181.8590061237072,-1.4310026430403299e-11
4429.835997051964,181.8899183266782,-5.46221062184202e-12
4430.574476630163,181.95018372227426,2.567101917556843e-12
4430.768467251471,181.96601645784827,-1.506421083137089e-11
4431.343263048975,182.0129330528487,-5.855667501506198e-11
4432.3499175102725,182.09511393845125,6.239302740173819e-11
4433.3256335736905,182.17478690146322,1.0037757587574453e-12
4434.7088065175485,182.28776116951266,-1.055476879444037e-11
4437.355827606774,182.50406179657645,-1.5793762399914602e-11
4437.95551464296,182.5530829964843,-7.52618877519147e-12
4438.205895407832,182.57355224189803,3.651471934009397e-11
4438.2940686568345,182.58076089753806,1.973664507976444e-11
4438.855009671991,182.6266243125542,-3.6045776199123863e-12
4441.118415154958,182.81174276444216,-5.150592287456415e-11
4441.3505123449895,182.83073076603577,4.421963202499483e-12
4441.550060667375,182.84705671979413,2.807380516094375e-11
4443.988675843748,183.04663014765018,-2.125894517381501e-12
4444.269505549313,183.06961995785574,4.887968308338287e-13
4444.906809697177,183.12179753940796,7.055761422225856e-11
4444.940345372663,183.124543390822,7.690623024741619e-11
4446.011758104725,183.21227998136843,-6.282170192398619e-12
4447.818200531735,183.3602550761058,-3.492562547571422e-11
4450.152482492233,183.55155727602693,-7.337354593264232e-14
4450.461077020764,183.57685513966078,1.528181758826231e-11
4451.475602256483,183.66003592858834,-2.3156430998206574e-11
4451.6852712788395,183.67722902787025,8.429061389136051e-11
4452.635117185541,183.7551276208791,-3.1366523908453014e-11
4452.65522438076,183.75677682821504,7.755298438536205e-12
4452.783398869352,183.76728997161234,-3.0827664283125196e-11
4453.130668368294,183.7957752731266,1.5995343898585777e-11
4453.425700210808,183.81997744787546,-3.072991020313892e-12
4453.561753372828,183.83113875761003,6.782541986881147e-12
4454.613611519619,183.91744090715187,-1.712366345761687e-10
4455.205427774845,183.96600680847732,-3.56404858300587e-11
4456.4119068585505,184.06503344007635,-1.0045318140830988e-10
4456.820066344331,184.09854084420343,2.05614501136773e-12
4457.175909228757,184.12775587844294,6.772127722560034e-11
4460.470291995537,184.39833854702127,1.0175294509942394e-10
4460.851452420206,184.429657893008,3.814725245553385e-12
4462.5203733099315,184.5668219811307,4.310451981278664e-11
4462.633224647283,184.57609877889413,7.829824909670297e-11
4462.900404826182,184.59806291402606,-4.793478287729438e-11
4463.200639118639,184.62274590442075,4.865956531616834e-12
4463.3909035524,184.63838886518636,3.1058961731139245e-11
4464.114691531102,184.697902596065,-1.2742159669961573e-12
4464.496759818381,184.72932219200413,-2.2674248584896846e-11
4466.166596464461,184.86667368567976,-2.7421400168290415e-12
4466.784282870659,184.91749415478833,-9.864375577261431e-12
4467.28243922455,184.95848534661005,-5.0024855478129826e-14
4468.138412077701,185.02893042937208,-2.366674445897828e-11
4468.2851543411725,185.04100841862703,4.894664582896397e-11
4468.678195930748,185.07336064438664,-8.856543858007633e-11
4469.255312695372,185.12086971009074,3.6189259194476016e-11
4471.444541796552,185.30114591549486,-1.962778608602917e-12
4471.751099552488,185.32639703979837,-3.042913988690349e-11
4472.340026432081,185.37491173106986,1.0983920434693214e-10
4472.703471682736,185.40485485686827,-7.21286939200707e-11
4472.859142582764,185.41768084330334,-3.144870923497912e-12
4472.906035688007,185.4215445323481,1.0860531778469458e-11
4473.075135068179,185.4354775656611,-1.0579990725995665e-10
4474.610955320913,185.56204640855773,8.087389137126867e-11
4474.7459506242485,185.57317361556147,-9.174653450482513e-11
4474.865622776654,185.58303806767688,-4.909123723062013e-11
4475.107074902802,185.6029415205354,3.4352009447897265e-12
4475.888942438066,185.66740002494527,1.0790212435395967e-10
4476.536864633207,185.72082437752135,1.0348642689067626e-12
4479.0528928871,185.92835652724096,-5.047187708160929e-12
4480.968673602424,186.08645604027876,-1.0207188157933627e-10
4483.4402718210595,186.2905241839358,-1.5351725119673135e-12
4483.844634068123,186.32392116801645,-7.642374517117155e-12
4483.878240793511,186.32669694171443,-4.1810965962547056e-11
4484.104085567546,186.3453513066805,1.342116375047126e-11
4485.328564017421,186.4465073419945,6.202132614067234e-11
4487.923481626982,186.6609687336864,1.5367574973253068e-10
4488.354424527884,186.6965967547768,-2.1575625492188776e-12
4489.56751126769,186.79690655382015,5.405009076236118e-13
4490.548642920023,186.87805588053402,6.07812303649339e-12
4491.427746542944,186.95078153848263,-9.11500796622996e-12
4492.073000407848,187.0041705527932,-2.275286535151205e-11
4493.429237428842,187.11641209667627,1.9352509193743033e-14
4493.936535567099,187.15840456136982,3.077040691241661e-12
4495.6103746946865,187.29699306280997,6.010096301192597e-11
4497.955977289752,187.49128825607755,6.868446296798087e-12
4498.406530033434,187.52862085853727,1.714112523580177e-11
4498.587092171799,187.54358320758817,3.9808152935265384e-11
4499.064154519398,187.58311804678584,6.57924044330542e-11
4499.334997726903,187.60556507653516,-1.0078245105118864e-11
4499.579331330416,187.62581619421996,3.580665944280468e-11
4500.350154508818,187.68971158815884,4.062235952954564e-11
4500.608903400214,187.71116236199808,1.1465035549135435e-11
4500.681185095677,187.7171548720212,3.3740428545957634e-11
4501.07591609749,187.74988172208904,1.0757149250175334e-11
4501.162399930314,187.75705241484246,1.2075337792675184e-11
4502.555480403508,187.87257682593128,8.600175598534602e-12
4504.029352801991,187.9948400122566,-7.19785559189663e-11
4504.4612825092745,188.03067776645628,3.557743904392639e-12
4508.156301301365,188.33739859967673,-1.0478235051905309e-10
4509.308916455988,188.43312781107014,-4.056610321553637e-11
4509.999310852918,188.4904794940759,1.3203421451426067e-11
4510.109414916097,188.4996267493362,-8.055070917294974e-11
4513.180415945047,188.75485018421512,2.1569414743092835e-12
4514.138274718126,188.8344910432686,2.06587404531789e-11
4515.604205284234,188.95640809316993,1.7084831774388108e-11
4516.265129652783,189.01138813814634,-6.209209807185576e-11
4516.968810428346,189.06993378705204,1.0029252620610503e-10
4517.48735817258,189.1130823607671,1.3806435405435991e-11
4517.554153216521,189.11864076429194,2.6523191959473915e-11
4518.0529490166955,189.16015105799747,5.9919007188831225e-12
4518.176836810648,189.17046183670138,1.4523544116276341e-13
4519.189467360836,189.25475038831036,-3.194738100808811e-11
4519.88885354836,189.31297637817684,6.615068441317416e-12
4519.9455278919995,189.31769508128292,2.613297722586156e-12
4523.06356411971,189.57739379845597,-9.256241156648977e-11
4524.0719079760265,189.6614162657052,2.4548798110575546e-12
4524.94004618497,189.73377079340875,-2.1260907200796387e-11
4525.1649041491755,189.75251372715323,-7.912071871427871e-13
4525.442986576827,189.7756944500852,7.520731617588198e-13
4525.785258875651,189.80422794362798,6.84390929727562e-11
4526.3260295299215,189.84931362947415,2.44979081726862e-11
4526.739107259345,189.8837567987692,3.127129599623281e-12
4528.93044415505,190.0665270031371,3.0771745512085756e-12
4529.377554910441,190.10382949811037,-9.261560422514924e-12
4530.315795941926,190.1821190126093,1.7736064358499441e-13
4531.702410842239,190.29785181600454,9.407131071403611e-11
4532.937009980021,190.40092654045603,-1.9895051431230825e-11
4533.530515640306,190.4504873801118,5.0772448942524785e-11
4533.678797321553,190.46287069233122,-2.4343267474058597e-12
4534.644740019627,190.54354849294498,3.086162733936656e-11
4535.00797211491,190.573890936567,-3.3669842518266165e-11
4535.490236909346,190.61418048328224,-1.8079212722395813e-11
4536.043101878468,190.66037340728408,-6.48563557014366e-12
4537.652885325788,190.79490595342372,3.107778325107428e-11
4538.647232297577,190.87802919733377,2.926959611155589e-11
4538.712693177199,190.88350209178793,1.3057280960101199e-11
4539.325808680306,190.9347657976393,2.1087804800080104e-12
4539.896601972329,190.9824970902505,-7.212621815465007e-12
4540.201051902502,191.00795847842716,9.690195735630053e-12
4540.600282744422,191.04134905660123,-7.317443756624988e-12
4541.911592367953,191.15104407437323,-1.0282163646794044e-11
4541.937399364589,191.15320322554956,-6.407720002116749e-11
4542.813834649955,191.22653776579406,-9.330184862165804e-12
4544.286301821797,191.34977632576428,-5.027458510167958e-11
4545.026115545876,191.4117103207746,1.7993049915148764e-10
4545.091015918681,191.41714397941192,3.184149933593642e-11
4546.278019341417,191.51653724008537,-3.835633107879963e-11
4548.679514702804,191.71770487393877,2.2194020500967547e-11
4550.671721677161,191.884667999197,4.655859529979944e-11
4551.488814289643,191.95316813853998,-7.771691270870434e-12
4551.821952694271,191.9810999917144,1.48958802759446e-10
4553.022455645473,192.08177262779807,7.601866582921336e-12
4553.238448127234,192.09988829791706,-2.8080111628363976e-11
4553.668475264563,192.13595799050933,-9.073734586020486e-12
4554.158405579858,192.17705637587974,2.6573290108350488e-12
4555.3201704053145,192.2745300692267,-1.2917544239522649e-11
4556.653908191514,192.3864631896499,1.77914603682077e-11
4556.787853529247,192.39770628009242,1.450539220139247e-10
4557.10551878771,192.42437175630138,-3.1274162034619316e-11
4557.432262677841,192.45180125085457,-1.6751155140159697e-12
4559.635196524215,192.63678445761815,-6.812154724620598e-11
4560.781061901451,192.7330395992512,-9.484497985923928e-13
4561.196184293824,192.76791673608264,6.59660619597988e-11
4563.1185726407875,192.92947049367024,-3.936897451207653e-11
4564.050624407429,193.00782280556015,-4.590514856639853e-12
4564.738626774455,193.06566953283493,9.64245664626918e-12
4565.644168937179,193.14182013504464,3.105575720612671e-11
4566.384551059512,193.20409300367783,-9.195641158560311e-11
4566.565113195319,193.21928145268018,-8.34348828545071e-12
4567.051530473817,193.26020068270302,1.2972752556520045e-12
4569.917007041842,193.50134368900868,-1.047762264879564e-10
4571.61503477466,193.64431188753994,-7.344041403658604e-12
4572.968398189368,193.75829855029176,3.6829619956258894e-11
4573.558659220477,193.80802369041618,-3.022218795333494e-11
4573.803205970785,193.82862683147584,2.4893295396011794e-11
4576.1146334015,194.02341973780088,3.9842027617909153e-13
4578.119289931483,194.19243956721232,-1.6602579175125508e-11
4579.861542437647,194.33939529169376,8.84190746203487e-11
4581.423722264483,194.4712097689645,1.224704171012009e-11
4582.428339922652,194.55600170606832,-3.32492179044811e-13
4583.460580302812,194.64314442657493,1.1392765750752078e-11
4584.4305333778475,194.7250466799799,5.180822234271435e-12
4586.598802629448,194.9081967013907,-4.457948775784014e-11
4587.58752873451,194.99174146556794,1.2544045887747381e-11
4587.6434215253075,194.9964647976423,3.157017349351491e-11
4590.89470833419,195.27132032714994,-2.137210817678292e-11
4592.193221021386,195.38114770632038,2.2549084242226474e-12
4592.702911171322,195.42426546426415,1.9785548821447733e-11
4592.766611585093,195.42965460212952,3.050175855910116e-14
4593.690997823492,195.5078672928048,-1.1951449989536745e-11
4594.7171989381895,195.59471301732324,-4.515220926287026e-13
4594.987757939603,195.61761321523065,-5.2163337787723976e-12
4595.287921173592,195.64302070239924,-6.775301445146612e-11
4595.450199734271,195.65675755438332,-7.695177151923629e-12
4595.5551013450895,195.66563771566828,-7.117458714221728e-12
4595.716329942503,195.67928648039415,6.106636234437599e-11
4595.896323675745,195.69452436846302,1.0856388866603718e-11
4596.137073188723,195.71490664505902,9.29302190862342e-12
4596.552542934292,195.750083554507,-2.5167416704465758e-11
4596.9722362171815,195.78562128990694,-1.9570278733546887e-11
4597.050422968736,195.7922421501333,-3.181846998880667e-11
4597.231687710522,195.80759209577752,4.090338225392156e-11
4597.736238564935,195.8503218942605,-5.0555451489944856e-11
4597.959620261415,195.8692413162366,1.7351856569533095e-10
4598.681016197768,195.93034657508468,-5.035107041663943e-11
4599.7791437544965,196.02338098378218,1.8414930426802636e-11
4600.816949727196,196.1113253070567,-7.648631223883105e-11
4601.609356348512,196.1784876942475,1.0228833196455047e-10
4601.616532414622,196.17909597236437,-2.2941486095024045e-11
4601.77290591758,196.1923511833378,-4.101432612861008e-12
4602.559691681972,196.25905097493353,-2.4609754391520872e-11
4603.100809683939,196.30493089121006,5.581305531596399e-13
4604.171653979012,196.39574075043456,-4.0453349327072185e-11
4605.418213208772,196.50147821411065,-1.3507227587248584e-13
4605.606298765429,196.51743476658748,-1.8179282739901725e-12
4606.792386415969,196.61807350613086,-1.8942556704900534e-12
4607.4660366448825,196.6752438138793,-6.078217613694381e-11
4609.317414288695,196.83240673019483,8.38240341737505e-12
4609.38308831794,196.83798293925696,2.1147837201725106e-11
4609.6176485720125,196.85789948202003,-3.448900672212631e-12
4610.341081277795,196.9193326336632,-6.256621097360601e-11
4611.21119308718,196.99323439266888,-2.8708984809204764e-13
4611.492504344692,197.01713016369894,1.3544471161869651e-11
4612.131568935407,197.0714204371324,-3.6807526509874674e-12
4612.743981822307,197.12345363490715,7.480188449821703e-11
4612.9003553249195,197.13674089854018,9.56351233560255e-11
4614.555421381078,197.27740166654073,5.668991610614216e-11
4615.1579977683605,197.32862596341315,1.2155598867690705e-10
4615.720699227889,197.37646657969512,-8.407920833486336e-11
4616.251057076698,197.4215626965924,-2.161766166049108e-11
4616.532376228701,197.44548525526463,-6.89892391182446e-11
4618.44028611133,197.60776680699948,-1.3676200536750651e-11
4619.299424617022,197.6808646539375,-5.3580345151556526e-11
4620.271903912771,197.7636222499283,-4.7435999048860664e-11
4620.584650917532,197.79024059604473,4.212885856246273e-11
4621.741694838851,197.88873392684044,5.4804793382184477e-11
4622.245061521956,197.9315906993402,1.1169641823414962e-12
4623.789455112952,198.06310990618843,6.193470187827214e-11
4625.913783772588,198.2440876574819,-1.203639923520056e-10
4626.64657141359,198.30653525613604,-2.0741593014530204e-12
4627.964417628802,198.4188659863053,6.09726162729122e-11
4628.47410777513,198.4623195939662,5.5075520709299325e-14
4628.483810068826,198.46314680893855,1.3214897717361177e-10
4629.52815265004,198.55219731741096,-2.02454603326643e-11
4631.061225580397,198.6829579831481,2.5451457967056756e-12
4633.917852420439,198.92672426625313,-1.2304968023949049e-11
4634.200221534722,198.95082800600264,-1.0363681333065523e-11
4634.282979179183,198.95789268556345,-9.260248589863902e-11
4634.673912934055,198.99126679711742,-2.5230621254625163e-12
4634.919225443901,199.01221062443076,-9.179813649611037e-11
4635.282457531857,199.04322400225055,-9.134392380866724e-11
4635.483482110579,199.06038886982407,3.1224549159059e-11
4635.593586170954,199.0697906308117,4.911424019529015e-11
4636.151929885305,199.11747091270033,1.5881119668649038e-12
4637.183262391609,199.2055576135373,-1.1527541944068253e-11
4638.889374030672,199.35132060293046,-5.947127295386668e-11
4639.059744413666,199.36587927508103,-4.010445837342805e-12
4639.990525157638,199.44542678648773,-4.95444878783913e-11
4642.606118281212,199.66904920824254,-3.590126491486133e-11
4642.982849898493,199.7012685902072,-2.3381658224411252e-11
4644.28650186733,199.8127815610604,-1.4668829529766772e-11
4644.955723298194,199.87003819435975,-1.28392104740975e-10
4647.465641152232,200.084852936538,-1.9178886202583167e-11
4647.751878552153,200.10935832636378,-2.292977317059857e-11
4648.7960079789,200.19876125106083,2.1212214242841e-11
4651.025096137511,200.38969272234766,4.299631385135377e-11
4651.41631409186,200.4232117491887,-1.2072063596074703e-12
4651.453789102481,200.426422705537,6.663586266605746e-12
4651.885434596147,200.46340907878638,9.310088738808218e-12
4654.595879673505,200.69573721111942,8.817488499591503e-11
4655.444889578395,200.76853865951355,-1.0617513046570204e-11
4656.760351659008,200.88136397406092,5.654368815407126e-12
4657.998258545575,200.98756660210026,-6.082631641276998e-11
4658.480523328165,201.02894874994206,-3.2046723815233323e-11
4659.014686303522,201.074789175473,2.6874193382602218e-11
4659.292768723717,201.0986555389401,-1.0585086946264654e-11
4659.351053535736,201.10365800087402,1.1819395813496275e-11
4660.176159009303,201.17448176893507,-1.2884459724899953e-12
4660.760451817402,201.2246427214996,-8.96733987408303e-11
4661.127481139729,201.2561550372523,-2.434596262051137e-12
4661.78397669588,201.31252646445196,8.89951611393662e-12
4662.159721503938,201.34479418675753,-8.382981542317642e-11
4665.610477633612,201.641255334961,-6.186357926671353e-11
4667.29943459772,201.78643685439988,4.582381979107763e-12
4667.412285930356,201.79613934615443,4.676494409533401e-11
4667.56057550242,201.80888902811938,-1.1516359153556183e-11
4667.7508399282515,201.8252482289882,-3.032168862896093e-11
4668.35052693601,201.87681451800287,6.134574644555476e-11
4669.892883742162,202.00947015957436,4.2409371924976087e-11
4670.059306892818,202.02378656777498,5.5291993517585305e-11
4670.372053894565,202.05069173949448,1.1461259180478808e-10
4671.671908620369,202.16253566567218,-4.818271318281173e-12
4672.219215873245,202.20963715644044,1.3033565479734879e-11
4672.262738041525,202.21338292925617,1.832688231070779e-11
4672.522189531061,202.23571356867137,-5.1167566513643495e-11
4673.254977165473,202.29879030786196,6.331900604004656e-12
4675.34745165108,202.4789603341782,-2.1810360709375225e-12
4675.385629268615,202.4822483217177,-1.0131320811734706e-10
4678.54606655447,202.75452914252168,1.3230380339106339e-11
4679.152645426259,202.80680871376913,5.5325218985513396e-12
4679.297208812004,202.81926928375222,-5.157382296635787e-12
4679.591253833084,202.8446155376878,-3.536487170747295e-11
4680.095804679421,202.8881107993004,5.714151697469764e-11
4680.674539784033,202.93800695621962,1.4541398471647528e-12
4681.54120170157,203.01273851450557,1.0883738052337629e-12
4683.176515792442,203.1537880141294,6.612969727755312e-11
4683.924279219494,203.21830069558297,3.788109000052337e-12
4684.698196998504,203.28508066909222,8.37513946292354e-11
4686.501694703637,203.44074405606386,2.9426337979894658e-12
4686.918427555725,203.47672159908254,-2.954805271875398e-11
4687.114810188837,203.49367689008264,-1.3231129006675928e-10
4688.738164168009,203.63386129369144,-1.0976959634565127e-10
4689.1519523859815,203.66960165514087,1.6377639951336387e-12
4689.4539392350025,203.69568732520517,-1.0352385974231695e-10
4692.021857678671,203.9175723892028,-1.0748102181432222e-10
4692.838673962487,203.98817615897656,-6.873294202162038e-13
4693.063666124811,204.00762613636155,2.5382180720732545e-11
4695.049762729451,204.1793593817236,-3.791400360356336e-13
4695.329321412101,204.2035380173337,2.8604135496394074e-12
4695.623366432293,204.2289711092819,1.5603509999784665e-12
4695.675256729971,204.23345946731038,1.5464221708102687e-10
4695.825930428465,204.24649257988483,-2.6991935538810635e-12
4697.517563605663,204.39284573113545,-1.0509667066368954e-10
4698.730650294655,204.49782946092907,6.414361068133112e-12
4698.763972817856,204.5007136627383,-8.39879710987395e-12
4701.4856674792245,204.73635662232098,2.6445262909519206e-11
4702.408372178071,204.81627490431086,-2.6999423587998475e-12
4702.732929292718,204.84438951917105,2.948923457358076e-11
4703.336342482493,204.89666507411388,1.5390891652653906e-12
4703.4701457160145,204.90825777149027,6.632061321208189e-13
4704.101260572212,204.9629419392395,1.8681526559702103e-11
4704.269728387631,204.9775403997147,-1.0904523495269745e-12
4705.33396499738,205.06977316021255,-2.031890016219792e-11
4705.3457119567665,205.07079133453044,-1.5187524580402515e-11
4707.302622731244,205.24044316028508,-1.800166066892601e-11
4708.273349440311,205.32462522069147,1.0406603838281443e-10
4708.52105396871,205.3461091005373,-5.386449238633649e-12
4708.922463668877,205.3809265190059,-5.150159575037967e-12
4710.44471326909,205.51299016261024,-5.895756353351554e-11
4715.545332941304,205.9558085014396,-2.9459627520771574e-11
4716.378877585885,206.02821955192613,-5.054232459920928e-11
4716.9127484599085,206.0746042964271,6.258771429458042e-11
4718.164225912316,206.18335802540304,9.552062479274177e-11
4719.024280159316,206.25811369827105,-3.3584554477463165e-12
4719.134178962165,206.26766705304735,-1.3398477682349604e-11
4719.693296324944,206.3162738168504,5.1978250383912587e-11
4720.5915281889165,206.39437349333897,-5.7108915203099864e-11
4720.640955414188,206.3986715348224,8.667550144009408e-15
4721.248939495368,206.45154366644337,-1.1070330430754264e-11
4721.419309875709,206.4663608105528,3.4674075987436297e-12
4721.54987637935,206.47771656589413,-1.187197606106921e-11
4722.253557126468,206.53892317046893,1.3708825075474772e-12
4723.443789342863,206.6424710971091,-1.0579910915043525e-10
4726.817061290372,206.93608108896882,4.179794832818597e-11
4728.388319704418,207.07291516474447,1.987074859882664e-12
4729.858813207411,207.20101525846604,1.62938018257058e-11
4730.456321336788,207.25307776844397,-6.8054233176519646e-12
4730.599968963518,207.26559515781085,-2.02555380641392e-11
4733.331365902374,207.50368018218703,-6.254190258087589e-11
4734.846021023476,207.6357658886759,6.283336388924718e-11
4735.225563062535,207.66887052554173,1.3009947377310779e-11
4735.782643652612,207.71746533906366,4.2179032396565734e-11
4736.9554448946965,207.81978889562836,-7.623543995989075e-11
4738.296563955752,207.93682875320783,3.777385620478929e-11
4738.6576882153995,207.9683498360733,1.122724022591238e-12
4739.456078818232,208.03804666418873,2.558639714385713e-11
4740.403035296964,208.12072801870414,1.5349591320193408e-11
4740.460901701764,208.12578102797127,9.180790557147638e-11
4740.558706188714,208.13432165003442,2.9145683484151345e-13
4740.642166438595,208.1416098236307,6.43401143319024e-11
4741.972106940921,208.257764306965,1.2446270252541456e-12
4743.467428522849,208.388401771105,2.255216286744585e-11
4743.641027737144,208.40357078330814,-5.744801936302123e-11
4744.731979197672,208.4989102805505,3.019907144230677e-11
4748.066931414679,208.7904915194722,-1.8659826293219827e-11
4748.646234913489,208.84116201512606,4.9080835413472915e-11
4749.165058940239,208.88654774214882,6.8244701965039236e-12
4749.4541857079785,208.91184214670272,-1.47375432228881e-10
4749.654081374206,208.92933102261284,2.395541739090858e-12
4749.943413397703,208.95464599095897,4.119982521039639e-12
4750.166297736431,208.97414820209949,5.6554674661368334e-11
4750.995271482354,209.04669080924597,3.790747925960797e-11
4751.172249526196,209.06217960857637,-3.7812190569536025e-11
4751.95411701876,209.13061414682954,4.6363723681335726e-11
4753.557569040297,209.27099476471773,-1.4991780841132324e-11
4754.881754477302,209.3869615789924,4.4239122505536244e-11
4755.115746323448,209.40745699825078,4.935853171410792e-11
4755.9862765153775,209.48371586696243,-3.688553563912301e-11
4756.851951613054,209.5595632700998,-2.2525523634806138e-11
4757.190505605336,209.58922993353525,-1.872243231602684e-11
4758.608761447403,209.71353119422173,-1.3090527267467105e-11
4758.962993840563,209.74458323250852,1.4030211435225227e-13
4759.160986941006,209.76194032964776,-1.7917441334964045e-10
4759.368058672778,209.7800940790093,2.5246594626183597e-11
4759.739722037179,209.81267937558837,-4.46825279139631e-11
4760.2067347107795,209.853627956172,-9.787604983214683e-12
4760.8784191993245,209.91252960450947,5.019501571246636e-12
4761.303457019784,209.94980649932933,-1.3524574292450445e-11
4762.329302850959,210.03978948895002,2.1903932636327513e-11
4762.682903686991,210.07081039683436,-3.0413637500428975e-11
4763.46792896239,210.13968780138362,1.3956544998886984e-11
4765.636971797526,210.3300566646459,-8.011376240171331e-12
4765.909149154889,210.35395078389345,-3.1728058484278343e-13
4766.106092291856,210.37124103335773,7.243202437917365e-12
4766.2681655915085,210.38547048746204,5.6871248038968546e-11
4767.123222636514,210.46054943788823,-1.8766181556580785e-11
4767.447779747325,210.48905095422148,1.9144854752834254e-11
4768.129174423209,210.5488950612853,7.045019542182939e-12
4768.46701791296,210.5785696445206,1.4256415518947105e-11
4771.127609405794,210.8123369647895,2.0310321995895424e-11
4771.3683589108,210.8334963511196,6.38889126422395e-11
4771.394165906298,210.83576458191482,3.646137557521561e-11
4771.914963546549,210.88154119738573,6.435686336251684e-11
4772.243602093926,210.91043015211704,1.4084695214722872e-12
4773.642311244933,211.03340586134496,-1.4452138468342453e-11
4775.198238600885,211.17024667188454,5.942598259477035e-13
4775.479549849739,211.19499221398124,-7.893844780025056e-11
4777.3503320219925,211.35959263680272,2.2596070747873277e-11
4778.893959805753,211.49545698518332,-1.5504848832790356e-11
4779.358225204877,211.53632847630755,6.263224591948105e-11
4779.8157408392,211.57660963780435,4.4784037541938116e-11
4780.406570248618,211.62863388160505,-3.404626712859216e-12
4780.609213186613,211.64647866121248,-9.038262832659223e-11
4780.757494860818,211.6595368557992,-5.019387544645083e-12
4781.104764337262,211.69012018613336,-3.069385051585669e-11
4782.445046575001,211.80817700219157,-4.1776603541139095e-11
4783.30376664804,211.8838335058946,4.3703130446670655e-12
4783.9168821223975,211.93785962200496,1.2200163507673857e-10
4784.305139643713,211.9720754301293,-3.401980123875717e-11
4784.776936359175,212.01365699914817,1.8181664936236442e-12
4785.725929601239,212.09730846534362,-4.2592024475527636e-11
4786.9475975507785,212.20501997379543,-1.2583432484619952e-11
4787.071485338305,212.21594439573812,-2.2232787111508532e-13
4787.584127998209,212.26115221785705,4.266730951293264e-12
4791.364998858969,212.59472099332677,8.94962561415131e-11
4791.9514626296095,212.6464855737343,7.669422362847797e-11
4791.992032268285,212.65006671179495,-1.3304772377916013e-11
4796.911742381328,213.08456108221753,-1.1641535373632026e-11
4797.9048972403,213.17232769370966,2.5470551576495655e-11
4798.006356861968,213.18129485830391,-1.210042860328133e-10
4799.219017227774,213.2884864098232,-5.126848083630478e-11
4800.411009892774,213.39387746640665,1.5934142424165012e-11
4800.95269627622,213.44177978337237,1.0037920583159028e-11
4802.344300404474,213.56486665923467,1.3040923831609049e-11
4803.0860877078485,213.63049205032067,1.0128675608348609e-10
4804.5109590975,213.7565778352037,2.9819512863051022e-12
4805.402014881958,213.83544569008487,3.381951667922266e-11
4805.623288748567,213.85503303295587,-2.2468562891770078e-11
4806.375552002145,213.92163073403327,1.24607988678552e-11
4807.026987191004,213.97931057073066,1.5721450820908823e-12
4807.825867240618,214.05005624626148,-3.192849834891461e-11
4808.810582918092,214.13727497062138,-2.1972866468657635e-11
4809.155460370879,214.16782585043424,5.0075164920236444e-11
4809.562072514001,214.2038482961534,-4.774890698623333e-13
4810.197268794949,214.2601274856144,-1.0359993060961819e-10
4813.303360529478,214.53543815160282,-1.2236599136269924e-10
4813.977579134026,214.5952214755105,8.162481960227278e-12
4814.222331129078,214.61692583727415,6.692926604008224e-11
4814.613264871005,214.6515957387977,4.526694247202672e-13
4815.75140151541,214.7525472487295,-8.597450812429673e-11
4815.961773129902,214.771209600063,7.939069575081718e-11
4816.869636221581,214.85175671700162,1.5892738879608553e-12
4817.6754081349145,214.9232588531602,7.564634704257734e-12
4817.774057327961,214.93201355167938,-2.4770123681522368e-11
4819.445220128533,215.08034942080545,2.0490813613953616e-11
4819.573118301982,215.09170404667054,-4.387303377414629e-12
4819.78377411707,215.1104064402557,-1.7578165005978525e-11
4820.047093885918,215.13378558175228,-6.556201980737629e-11
4820.351472749745,215.16081179262832,-4.1415856474505195e-11
4820.722015096749,215.19371505202187,-7.045109853127313e-13
4821.321702087844,215.24697115750524,-1.2914596354180325e-11
4823.001730368074,215.39620387203766,-5.562788546775269e-11
4824.4445221804,215.5244049617869,3.2411874505464246e-11
4824.692795105115,215.5464694331773,8.87247116092019e-14
4826.056066004842,215.66764605992398,1.0877592947900739e-11
4826.146765474684,215.6757092494518,-3.439905408814613e-12
4827.091543067484,215.75970905724955,-3.413305541325465e-11
4827.421239469669,215.78902610604368,1.3772994614797956e-11
4828.289235528197,215.86621906136622,3.1514054252242285e-12
4830.014262237766,216.01967099038677,-2.0168232026195014e-11
4830.060452732705,216.02378067771485,5.388933721634586e-13
4830.273713719898,216.04275556675262,1.175051792769506e-10
4830.396614698688,216.0536910576566,6.362815820166901e-11
4831.385340758929,216.1416761093281,-5.5504001401888095e-12
4833.260970112174,216.30863465994065,1.5549528848994118e-11
4834.73379245433,216.4397828949148,3.2784917177871978e-12
4835.279055025296,216.48834622036512,1.3100011399273229e-11
4837.337922726627,216.67176682101905,3.0587666582996928e-12
4837.973403205263,216.72839633604679,3.804535558429401e-11
4839.314593292566,216.84793810573274,-3.1032935362077805e-12
4839.755238457763,216.8872205327741,-2.6075184562867624e-11
4841.310881595027,217.0259308751672,-2.3904200931241456e-11
4841.407770322624,217.03457152181562,-3.9831636132300664e-11
4841.829081951209,217.07214658167203,-1.5694814046366342e-11
4845.75971071322,217.4228608249302,5.016952537062747e-12
4846.506637305805,217.48953826873318,2.0291337948020163e-11
4847.897049359533,217.6136864336426,7.782010258620495e-12
4847.974320349851,217.62058690890947,3.486578601392134e-11
4849.939528153854,217.79612140701414,6.421965852596617e-11
4850.091899157833,217.80973432257065,-3.794329332046948e-11
4850.4887379546,217.84519014260417,-6.09105491495272e-12
4850.9054707944615,217.88242653153094,-1.4394936564489203e-14
4851.318130092273,217.91930208897128,-3.006425617353075e-11
4852.341449679798,218.010760261547,-1.0582174062249544e-10
4853.3251785419325,218.09869823714916,-7.930795661069232e-12
4853.48717289417,218.1131810256227,6.9232241645181996e-12
4855.549837825161,218.2976318164128,2.53725759996853e-11
4856.067335573025,218.34392059257524,-9.397008655131536e-13
4856.766161209394,218.40643648750063,9.311626819387e-12
4858.289887034029,218.5427779093268,5.110591974903831e-13
4858.772925456468,218.58600861924617,7.619782321696349e-11
4859.4717510925175,218.6485593427793,6.206157684907532e-12
4859.789353177665,218.6769903518889,2.5097153560735385e-11
4860.709728984073,218.7593907742219,-7.932470706656108e-12
4863.46432768309,219.00610076775556,-5.713504825361774e-12
4864.182565799921,219.07045126795393,1.4228508233327895e-10
4864.432946544142,219.09288634916012,6.030134688297559e-11
4864.931244960446,219.13753924686236,1.0463020986697786e-11
4864.940244646665,219.1383457575965,-4.394875049094984e-12
4865.15996330175,219.15803640180795,-5.705839345620225e-11
4866.298660443014,219.26009787923337,2.3194487250554508e-11
4868.035007799374,219.4157727517918,1.1668798048017145e-10
4871.349852751018,219.71312445283692,-6.680483838423394e-12
4872.142054077371,219.78421729452415,-1.351733161603223e-11
4873.156579230877,219.87527855368256,5.653229579794362e-11
4874.464375737844,219.99269109441101,-5.1497907412559145e-11
4874.8254999888995,220.0251179858536,-3.968118233253842e-12
4875.1887320611195,220.05773657090361,-5.970995592674463e-11
4875.876165987121,220.1194754426128,2.7563987267329133e-11
4877.016970947521,220.2219510607244,3.5420482057278372e-12
4878.252769964061,220.3329868049417,-1.3180216402014537e-10
4879.0802674272245,220.40735264353395,1.30374239653915e-10
4879.842232964625,220.47584039032608,-2.5220312445819026e-12
4880.365919968325,220.5229171493096,1.0461901336165854e-10
4880.383919340713,220.5245352897969,-1.2016805556804117e-12
4880.996545348328,220.57961382099703,2.1904474812839602e-11
4881.483381004961,220.62338802051704,1.4867549154275708e-12
4883.10912695016,220.7695998407249,3.755209213765625e-11
4883.590341750138,220.81288733828345,2.099799301344597e-12
4885.292300826625,220.9660206537961,-2.2563848279986765e-11
4885.720993773611,221.00460060043451,1.3107141266646315e-11
4886.877903433878,221.10873283827047,-6.507065487840003e-11
4888.284207029352,221.23534596549268,-8.965226369158202e-12
4888.334692111148,221.2398919445496,-1.9894921374683812e-12
4888.593859389991,221.2632296573111,1.1459069622404151e-10
4889.682000394827,221.36122899520734,-5.818769173605229e-11
4892.381685205833,221.6044601653256,2.91883655625441e-11
4892.812770174225,221.64331168583325,-9.17419785204667e-13
4893.432074895024,221.69913249760035,-1.9327445637908006e-11
4893.732443368492,221.726208647894,-2.3178765443190062e-11
4894.117890454273,221.7609564841612,1.1191505705830362e-11
4896.007098261894,221.93130707655376,3.4976475790698955e-11
4896.34135765874,221.96145421979398,4.0511446739446685e-12
4899.721308219102,222.26641050062688,-1.5600148115445228e-10
4899.8430171328855,222.2773956213622,3.200540869794641e-11
4900.102468611965,222.30081392812986,2.842620863140496e-12
4900.463592861486,222.3334113679897,2.073259040935632e-12
4900.884336084435,222.37139343673522,7.196807521046456e-12
4900.941144629652,222.37652200704164,-1.1705357764204986e-11
4901.3925499414845,222.41727615596565,6.321967451533946e-11
4901.617407889964,222.43757836840342,1.1403655452611343e-12
4901.97895054572,222.47022366702987,-9.915409346360036e-11
4902.77135712382,222.54178201247677,-6.501904798634037e-11
4903.541130280821,222.61130752050423,-4.172651149811078e-11
4903.87082667876,222.64108886500716,4.3741509986865226e-11
4905.333654614729,222.77324968162162,2.5713953515445283e-11
4905.734361694036,222.8094588859612,2.867927742025018e-13
4906.093378122047,222.84190329862767,-4.783950402828655e-11
4906.120377180517,222.8443433069071,1.008487214737604e-10
4906.156723281285,222.84762806438962,1.070279686911124e-10
4906.429745339512,222.87230305028817,-1.71989296590789e-11
4907.929211471128,223.00784517179764,2.5472114068274295e-11
4908.628037101458,223.07102867601205,3.863584672305689e-11
4909.125632907047,223.11602370358034,-1.655892959365476e-11
4911.236675079351,223.3069651025004,6.997323644052246e-13
4911.5486484105395,223.33518970296495,1.3416415440866014e-11
4912.475284517126,223.4190341510761,1.2537765419018e-11
4912.633276375974,223.43333124422,-1.015936102570103e-10
4912.654504582822,223.4352522747653,-8.609462180430787e-12
4912.763842875281,223.44514689244593,-7.32042157940411e-11
4915.451433360931,223.6884308296637,-9.68910810205625e-12
4917.413057057378,223.86608337458043,1.3741129266732644e-11
4920.3109559963805,224.12865848126552,1.8479759569858824e-12
4921.366192879966,224.22431063579734,7.154061660527832e-11
4921.797135745942,224.26337943535034,-2.5382992494832644e-11
4922.031127585398,224.28459430754984,2.3113395394185677e-11
4922.903694523433,224.36371448973802,-3.483629459911737e-11
4924.865460317864,224.54164920900732,-2.925382641901655e-11
4925.132016811392,224.56583170174596,-8.79936213354318e-11
4925.710325590058,224.61830143222846,9.70101512326807e-11
4926.680278605068,224.70631872344265,-2.2708361102216035e-12
4927.753230659079,224.8037027346651,2.9982748684282414e-12
4928.146556415457,224.83940734893088,4.674270447780751e-13
4928.496004754572,224.87113132900228,-1.1953689958121037e-10
4928.818525085481,224.90041269891614,5.163192133865086e-12
4929.126416979039,224.9283677521003,-3.87567989801489e-11
4931.062454721647,225.1041903664812,5.952921840477669e-14
4931.772672057356,225.16870655794273,1.2668332071934006e-11
4932.793102258075,225.26141877283405,-9.563085676846054e-12
4933.580385327034,225.33296127795413,-5.2382499478331105e-12
4934.647716523412,225.4299707325521,-1.1131519837858694e-13
4934.809008266413,225.4446323222701,-1.5977093152208514e-11
4936.081224422004,225.56029491111124,5.835076510959866e-11
4937.291500632526,225.67035394823628,-2.6109825701978435e-12
4939.04422897616,225.82978985438618,4.6341950770120466e-11
4939.779337548118,225.89667541878737,-7.512576527551176e-11
4940.62315285508,225.97346418961234,-2.756823592023763e-15
4941.3373726814725,226.0384697784472,2.842210940115121e-11
4941.416830436711,226.04570230381674,6.00852517722632e-11
4941.465270852321,226.05011157850348,-3.2625155060652913e-12
4942.096669883253,226.1075884444695,1.901876924377116e-11
4942.113619292265,226.10913146681898,-3.4096678417987597e-13
4942.1496180366785,226.11240869994833,-1.3297225466990331e-11
4942.7581626013725,226.16781264499545,-2.951947587435656e-11
4943.768116849895,226.25977733379642,2.2820335253532164e-11
4944.007532183941,226.281580835417,-8.659918666789221e-12
4945.835636844142,226.4481007350641,7.113809007831949e-12
4946.118005942853,226.47382689232373,-5.456777184392397e-12
4947.166564107651,226.56937205575406,1.073165726906265e-11
4947.29080714275,226.58069448756652,-9.04619537121353e-12
4947.737073156496,226.6213656434946,5.303481999589047e-11
4948.988763709775,226.73546000807514,1.7690749545990884e-13
4950.081822953275,226.8351183832808,-6.050242509080367e-11
4952.187094260038,227.02712600476283,-2.7330214128343478e-11
4952.412654813718,227.04770270648459,-5.346864572307082e-11
4952.431427843131,227.04941531336348,1.0091218280515081e-10
4954.617980524602,227.24893233558674,-1.2485645672522279e-11
4955.880778583745,227.36419936401683,-3.87953900687145e-11
4958.041737419879,227.56151781363482,1.2351461653460137e-12
4958.541369992469,227.6071518074867,1.855733353108643e-11
4959.744549077941,227.71706316651893,-1.7517245120150009e-13
4960.547226343225,227.7904031973498,2.90469492351364e-12
4961.184530429373,227.84864165492866,7.146990753911312e-11
4961.338156649535,227.86268152619942,8.189879696683743e-13
4962.168401374296,227.93856495842564,6.093583936254314e-11
4962.28947872998,227.94963235317087,1.5375137347391763e-11
4962.745518085969,227.99132025625707,-4.710543552321483e-11
4963.322918998318,228.04410767318655,-3.3204750925825324e-13
4963.457566933272,228.0564184028769,8.997127437833366e-11
4964.457045228103,228.14781017119324,-1.1138165145810264e-11
4964.820277295021,228.18102847881764,-1.461414340036354e-11
4966.27453183163,228.3140473430351,2.576042905681719e-11
4968.58356707796,228.5253319756847,-2.1437598711251268e-11
4971.221304015259,228.76681411787658,-3.514576643306394e-11
4972.890508947408,228.9196943516875,-5.836615471331243e-15
4973.086181069016,228.9376190589218,-1.4055303686705391e-11
4973.142500157069,228.9427783464765,2.0547831984733926e-12
4973.502921795287,228.9757972899551,9.461169687646102e-11
4976.47745224531,229.24839130929433,-1.2649339963878323e-11
4976.749629593038,229.27334251693205,1.7877322956105147e-11
4976.966474660515,229.29322224674868,4.4249719946860136e-13
4978.285449702833,229.4141607285887,-1.3708966559441862e-12
4978.643826675022,229.4470263008219,-8.968050247110974e-11
4979.884614970743,229.5608331857619,-4.140340515020595e-11
4981.582642579179,229.71662467866523,4.992990823448346e-11
4981.836536353867,229.73992361714636,-9.243072628138562e-13
4983.244884593529,229.86918434195007,2.7301523662371497e-12
4983.526266882787,229.8950144917676,-1.2337101782360026e-11
4983.560157805818,229.89812568726225,-2.137344905613393e-15
4983.853571254618,229.92506200222576,-3.930099074488048e-11
4984.338512232558,229.9695846477457,8.572726359601706e-11
4984.691544653972,230.00199943510114,-1.5283123163859124e-10
4984.883143233288,230.01959262521683,-6.8982578586412345e-12
4985.551598861998,230.080977639319,-1.2072971069455103e-11
4987.019281872741,230.21578545719356,1.8813569096724274e-11
4988.028817707859,230.3085351368066,2.0510061181862303e-11
4988.0655190590605,230.31190737529573,8.133717880752994e-11
4988.426643303484,230.34508995848987,1.2832532937945686e-13
4988.47164173367,230.34922489254646,-7.912076294751242e-12
4988.5840667589555,230.35955586184994,-2.2541029391487357e-12
4989.917109729381,230.48206969891652,3.191734856462371e-11
4992.444039997275,230.71439805292863,-2.171658252807244e-11
4993.183853661806,230.78243947894248,6.831897733975057e-11
4994.473934972091,230.9011137074537,-1.9251818889796018e-11
4994.516612430547,230.90504011911096,1.766180835467413e-11
4995.145619434313,230.96291391462003,1.8592260063325725e-12
4995.724922909089,231.01622102546207,-8.736936100973491e-11
4996.56640934213,231.09366504505198,1.2003997035473961e-10
4996.935262263596,231.1276155780737,-3.836072998926862e-11
4997.326480194512,231.16362740472903,1.814047562620068e-12
5003.099068280695,231.6953250410876,8.223410921558394e-12
5004.564430315743,231.8303933024766,-7.94916389015184e-11
5005.263255935318,231.89482077578026,-1.1874662417300799e-11
5006.352952129048,231.99530209000008,-7.446653787656589e-14
5007.247102512859,232.07776838607592,1.5060782535195135e-12
5007.8602179644995,232.13432371711409,-1.0547468590045705e-10
5008.069886965329,232.15366570873485,1.8057858514293896e-11
5010.38581406145,232.36736414595762,-2.3496435875775415e-11
5011.935978399621,232.5104582581393,-3.0621762469545865e-11
5011.956085592768,232.51231462373656,-2.2532130649804035e-11
5013.921648595529,232.69381814418807,2.111897985151707e-12
5014.4520064075305,232.74280450281088,-2.0404838249363344e-11
5014.545871553679,232.7514748717956,-2.114517125463636e-11
5014.722849589742,232.76782286013412,-1.2357752932164786e-11
5015.371963784675,232.82778841061835,2.917660246686693e-11
5016.350355965273,232.91818752075716,2.279976902029844e-11
5017.404116568566,233.01557006285105,3.494829052744807e-12
5018.074743170453,233.0775561977568,-3.978297911389166e-11
5019.935617718893,233.2496005480851,-4.263386208202686e-11
5020.848754280589,233.33404654222255,-9.736467394875355e-11
5021.460109265952,233.3905926494757,3.0761520566063084e-11
5023.776391608217,233.60489520131912,-5.1948810669672554e-11
5025.338784463684,233.74950367698804,-4.4226233764361346e-11
5025.91105397055,233.80248177390712,-1.0558667055245791e-12
5026.387129464944,233.84655926535032,-3.441550329405533e-12
5026.605869201341,233.86681270286945,-6.7280156581952965e-12
5026.669435404686,233.87269855745814,-1.000299619307835e-15
5027.463112975618,233.94619467432204,1.7031164519927038e-11
5029.523733183187,234.1370663633348,6.079022558694538e-11
5030.38245322135,234.21663120594073,-7.779616812966284e-12
5031.618315363067,234.3311640525505,4.325761940534219e-12
5033.639076434079,234.5184975891675,-2.4307580762032795e-11
5034.276664713713,234.57762046863652,6.775576039254205e-11
5034.678208597495,234.61485904673432,-8.36188696831489e-12
5035.147329070996,234.65836833843528,8.089660687210654e-12
5035.803548279293,234.71923718836922,7.238176414037783e-12
5036.223241530054,234.75817078611286,2.647044210874706e-12
5036.475027481474,234.7815297190278,-6.69283048704343e-11
5036.987243819345,234.82905315917532,-9.225133627619398e-11
5039.093715055941,235.02454240071,-7.75902753136709e-12
5039.849072909838,235.09466264318226,1.3698578254772974e-11
5041.442617306222,235.2426266312197,-4.701698666359835e-12
5041.720699708289,235.26845196764435,-1.840610765722616e-12
5042.351814528628,235.327068485959,5.331490129468142e-12
5043.366339654639,235.42131066409073,3.7716665839462197e-11
5044.070020363955,235.48668873974017,-2.812618281434799e-12
5044.5391408367905,235.53027919089402,-4.8901847812610996e-11
5045.032449939302,235.57612161085163,-6.709121087410748e-11
5045.08644805506,235.5811398409325,-4.575432474412731e-12
5045.893972508848,235.65619226542188,-1.9195537616406964e-11
5045.952123111439,235.66159732540925,-1.0905001540012327e-11
5046.345377810362,235.69815172414613,-1.2610212509324095e-10
5046.717041157187,235.7327017496671,9.318505488871245e-11
5047.281297784009,235.78516021452182,-6.002651607152828e-11
5047.949745511541,235.84731282783818,1.4801490814754684e-13
5048.748980780838,235.9216369379688,-4.3676073599645695e-11
5049.3760931088,235.97996288026843,-4.287370803962697e-14
5051.106740613285,236.14096308762703,8.709640206010969e-12
5052.886467983722,236.30658668187797,5.581636270998548e-11
5053.980166661248,236.40839655635585,7.288371897942376e-11
5054.009273540213,236.4111063492496,-2.5298872705237835e-12
5054.201440518943,236.42899710673535,-5.0034332502110555e-12
5054.870946103725,236.49133343106675,8.014913070244947e-12
5055.107401010347,236.5133512469555,9.252571585627722e-13
5055.5426305597475,236.55388092293114,3.966320817186749e-11
5055.963942173886,236.59311784933058,-5.881593374678056e-11
5056.47876368264,236.64106783007372,-6.531356930062874e-12
5056.937613460167,236.68380877243473,5.139469780755477e-12
5058.178409635752,236.79940588729607,-2.2354280784642728e-12
5059.4999108890715,236.92255296964137,-2.032574596575294e-12
5060.901714603299,237.0532183792125,2.840165227381153e-11
5062.79429329622,237.22968750011114,-3.053992605983376e-12
5063.461975259744,237.29195970434367,-1.192005723533432e-11
5065.604445231676,237.491835333014,-2.360445535383536e-12
5065.714904534881,237.5021426108869,2.91826094043666e-11
5066.438692434816,237.56968691991557,7.394186011869953e-13
5066.636685525283,237.58816543155788,-7.305094859880853e-11
5066.820760680532,237.60534564296137,6.805396866675289e-13
5067.430157835658,237.66222671270947,7.372429803669593e-11
5068.704765986939,237.78122062798795,-5.686315202567079e-12
5069.108283484167,237.8188981497577,-9.857742738776354e-12
5069.946185822432,237.89714494129322,-3.8767406565576984e-13
5071.579313040694,238.04969029489112,-1.0861748090785556e-12
5072.36118049218,238.12273950211977,-3.158570453577477e-11
5072.706057930333,238.15496468521442,-5.794741033992902e-11
5073.7145437890995,238.24920969287913,4.914866965477444e-11
5074.071515541987,238.2825739019904,-5.199157043367321e-11
5074.472925217775,238.32009428600117,9.363626955814172e-14
5076.510130438401,238.51056076934063,-9.284594436570127e-12
5076.641541641776,238.52284955434604,5.017571769073436e-11
5077.06995037516,238.56291397018094,2.753652303396515e-12
5077.139137434335,238.5693846014627,1.11112115327973e-12
5077.4776914088925,238.60104870064674,-4.219584673891038e-13
5079.548653345556,238.79478650599475,5.829052065672904e-11
5079.604546131605,238.80001635256093,6.790616531332196e-11
5081.135724273995,238.94330993846478,-4.365656250660927e-12
5081.259612055627,238.95490572580954,2.391722048441731e-11
5081.798203785704,239.00532072411133,6.021317160547577e-11
5082.440710310009,239.06546967915477,-1.3715416095382241e-10
5083.292672682158,239.1452388006932,3.063549302432995e-12
5083.755114437996,239.18854275804276,-1.1024100999086287e-11
5084.567849231885,239.2646583912127,-1.6870761885668454e-12
5088.66413521911,239.6484760021579,9.447963281185678e-11
5090.247479959685,239.79691653587167,-4.612361453794718e-12
5091.640852383068,239.92758513067474,-2.852070554433967e-11
5092.053014313922,239.96624397716923,7.192630665777815e-11
5092.831368727854,240.0392584873254,4.956597975138116e-11
5093.113453619476,240.06572256882774,-4.874911841698187e-11
5097.018212075678,240.43220203793882,1.6898980249110833e-10
5097.934372205522,240.518228542742,-1.8038423727030578e-12
5099.427159578402,240.65843288026556,-6.027812550469365e-11
5099.4677292150745,240.66224380098717,-2.242137016430049e-11
5100.279974550591,240.73854868480268,1.1655838567925251e-11
5100.5525702995255,240.7641599113155,1.9426757419242926e-11
5100.806606170002,240.78802861116247,4.150832322842326e-11
5101.959931706127,240.8964077103919,1.0252807713239697e-14
5102.370341066149,240.9349801798219,1.45687041501346e-11
5103.5531918870765,241.04616819194095,5.927884364641055e-12
5104.127987614684,241.10020831241445,5.467961259192915e-11
5105.617048800492,241.24023251888468,-1.314009570579214e-11
5105.955602773635,241.27207421743057,-2.7242383152405786e-11
5106.353349417231,241.30948580591124,2.1603263503637893e-12
5106.379156411333,241.31191328255233,-7.40781429389054e-11
5106.868036716562,241.35790102232988,-4.467521996490747e-11
5109.822673064228,241.63592993572246,-1.4724846714515768e-11
5110.31745053145,241.68250381824424,-3.1829187987076264e-11
5111.513737724403,241.79513012365297,-2.478830181369936e-12
5111.524916281562,241.7961826705002,1.1394689685602464e-11
5111.93103894862,241.83442379372053,-6.746824652825129e-13
5111.9573353991955,241.83690001192295,-3.8311476621853137e-13
5111.994036749712,241.84035603394133,6.185392435877145e-11
5113.538501263097,241.98581468279366,9.170180024578662e-11
5114.155698141608,242.04395496499637,-1.5045668047081446e-11
5114.206183221634,242.048710997501,5.190347726163274e-12
5114.237326871266,242.0516449611983,7.413486110435623e-12
5115.301563409285,242.151914704497,-7.253969931529715e-12
5115.5044115921655,242.17102892756824,-6.473715282950343e-14
5115.596595216877,242.17971556776192,-1.6560076072491e-12
5116.000041661146,242.21773494359417,-2.2121212487228093e-12
5116.574837387714,242.27190685281568,-1.615927401560923e-11
5117.270221010583,242.3374517634616,4.847238620982056e-11
5118.605016525428,242.46329080518922,-6.082525420080552e-15
5118.848576445128,242.48625617526818,3.74352558915223e-12
5119.919917997734,242.58728640791162,-6.705694125349167e-11
5120.296649584897,242.62281817910505,4.329486807267425e-11
5121.884004704608,242.7725596893112,4.449089102286552e-12
5122.321413121013,242.81383031885736,5.173551537498875e-11
5122.528405895714,242.83336185774442,7.614734175844992e-13
5123.070092251405,242.88447833417774,-1.125629636546362e-11
5125.387558727472,243.1032281274835,2.7781060151319686e-12
5125.660793927036,243.12902580494966,-1.4253789722761494e-11
5126.880346094406,243.24418737655031,2.4731557436519386e-11
5128.131823463119,243.3623921079559,3.899183245097923e-11
5128.2535323726215,243.37388931576407,2.1695884332325978e-11
5128.806397284997,243.42611902418113,7.839195227372346e-11
5131.052434673831,243.63836235216226,-4.287021478676388e-11
5131.70154885755,243.69971886901718,-9.255187167380344e-12
5131.83711254666,243.7125337973411,-1.7610008050576282e-13
5131.9516453906335,243.72336092930223,-1.0174449663975852e-10
5132.168490453055,243.74386060281222,4.6759201474716e-13
5132.438765229085,243.76941252246746,-2.258829143172804e-11
5133.4797999426755,243.8678450657169,8.304854029059787e-11
5134.663992816937,243.97983785602807,-1.6420617411493546e-11
5136.002790820098,244.1064832430089,7.306205190451122e-14
5140.815135991469,244.56198610742857,-8.509838482734169e-12
5143.731381559555,244.8382250600411,-1.505182175672076e-11
5144.198394204435,244.88247699963625,-1.428402250448051e-12
5145.1378271998165,244.97150545705153,5.414133726659472e-12
5146.321167469948,245.08367172555603,-1.4215919626144758e-11
5146.610294219245,245.11108134679935,-4.7236405799801615e-11
5146.921699137785,245.14060469213715,-3.18890193135628e-12
5147.350107866799,245.18122372907848,-5.400283241173769e-12
5148.696089827755,245.308863319529,-2.029945807366338e-12
5150.075599564972,245.43971698144648,-5.443558080444272e-11
5150.890655322698,245.51704572685802,4.367614282408389e-11
5151.25388737946,245.5515114574371,-4.918677301357105e-11
5152.721570353979,245.69079915257785,2.7000292232563045e-11
5154.277213415435,245.83847785272752,1.8443849074063004e-11
5155.0078931707785,245.90785737499482,-3.706465762624138e-11
5155.065617471361,245.91333883337998,-1.0786508755220262e-11
5155.946134101198,245.9969596731191,5.288296858223936e-12
5156.431075066714,246.04301961050228,4.4950929613042665e-11
5158.275276474734,246.21822235213935,-3.208065054973172e-11
5159.260552604678,246.31185118875436,-9.989588998597896e-13
5159.429509864139,246.3279086582072,9.386336426902832e-13
5159.485410544315,246.33322149902622,-1.126039543137705e-11
5159.734528163427,246.3568985164358,3.140518446023957e-11
5159.760824613821,246.35939789056044,3.586263129228778e-11
5159.977519680254,246.37999438882852,-9.221347336094121e-11
5161.229423344144,246.49900264084332,-7.208298042514742e-12
5161.431987324973,246.51826145692525,-9.794051833810956e-12
5162.383656733069,246.60875175724144,2.561595637723886e-12
5164.10446771065,246.7724188989148,1.7100698747238303e-13
5166.014058939089,246.95410487052354,5.470466459341621e-12
5166.0680570538925,246.95924343874856,-1.2020848088095512e-11
5166.321950821623,246.9834051956953,3.6267669605354004e-11
5170.846013931415,247.41413597582502,1.1399747472306801e-11
5171.810551310091,247.5060172155614,3.5169609060559606e-12
5172.240996808508,247.5470267204924,3.1446461788570464e-12
5172.582361206545,247.57955169647585,-4.660205332676e-11
5174.199391594351,247.73365045855965,-4.7354399592110905e-12
5174.458843062617,247.75837998827225,1.186652781776897e-10
5177.6608365353295,248.06367900563527,-1.8224245903781913e-11
5177.8612216444235,248.08279131310238,1.447896936757306e-11
5179.060106103445,248.19715382555006,1.717291813791438e-12
5179.24277604165,248.2145811761266,1.2646512942182386e-10
5180.44327886504,248.3291286352961,-2.81742145772422e-11
5181.854500646867,248.46381605082243,2.0710534620944404e-11
5183.982973702298,248.66702752764746,5.510443438534611e-11
5185.581720515261,248.81971939178575,1.946556430112072e-11
5185.784568696118,248.83909622361236,-3.419296190516915e-13
5186.454287418713,248.90307569235182,1.434208137278913e-11
5186.555960184758,248.91278940217808,4.213152400047724e-11
5187.247830765585,248.97889505125545,3.926814944815533e-12
5187.28453211571,248.98240197441936,-5.7923100999114664e-11
5188.496916101817,249.09826281811263,1.3201439258246872e-11
5189.122410052507,249.15804840951714,-5.218395708820953e-11
5189.194407538678,249.16493049301297,-5.572465239998386e-13
5190.691765785219,249.30808136236473,2.980600599719534e-11
5192.555300719807,249.48629724535812,-4.678043630010811e-13
5192.70767171577,249.50087180643027,9.758006985816579e-11
5192.711674207397,249.50125465775074,-5.0452066621719264e-11
5192.8315594954265,249.5127222116231,1.8724833689059166e-11
5192.914317132281,249.52063849719923,-1.266311572575577e-11
5194.226542368249,249.64617790820586,7.365099882555393e-11
5195.026898633999,249.72276284708448,1.977161857632622e-11
5195.574908447388,249.77520792289891,3.4760592177384043e-12
5196.10294527372,249.8257467975362,3.4532896950868504e-11
5197.977319302574,250.00518627847427,-2.448036427898455e-13
5198.683107817254,250.07277031489426,2.4166589050129178e-12
5198.7619971680115,250.08032507534406,1.5226912234012977e-14
5200.060225523022,250.20466509282758,1.517308839720054e-12
5200.288462290921,250.22652806432228,-4.8348921613183635e-12
5202.380936597898,250.42701247615037,4.168614298005643e-11
5202.779393737857,250.46519864336005,-7.20150060912006e-12
5204.991042830148,250.677205353074,-1.1032500474726264e-12
5205.015863016147,250.6795851052322,-4.689754343820253e-12
5205.42965119972,250.71926066657605,9.731964787889452e-12
5206.619883324542,250.8334021660205,2.661794966925994e-12
5207.048718351058,250.87453320532234,-1.5507872537949206e-10
5207.318708923532,250.90043066560156,-6.802916719812784e-11
5210.565700810396,251.21198687979478,8.540471876815353e-12
5210.717156048417,251.22652409305755,3.507236838287238e-12
5210.86762447869,251.24096700742305,3.4237713565813337e-12
5211.663828255867,251.3173986385508,-3.1235115754513793e-12
5213.494040664618,251.49313426578024,-1.7349978092019614e-11
5213.632414780273,251.50642335382733,4.363539909658283e-11
5213.657590217139,251.50884117484182,1.1342183782994723e-11
5213.945161754543,251.53646005447095,5.348557305123297e-11
5214.019622312443,251.54361162657645,1.830829895247016e-11
5215.067967285109,251.64431087097975,-2.2450028371899804e-12
5216.056338036098,251.73926780543704,6.861625871222101e-12
5216.476031275964,251.77959494282905,-1.1689438498486726e-10
5217.12501124633,251.84195998201372,-6.744608025698195e-11
5217.511089870212,251.87906466664128,-5.668935492553462e-11
5217.804503308973,251.9072654562928,1.53557591711402e-10
5219.120241575575,252.03374425668935,-3.78036515939918e-11
5219.150335261594,252.0366374644128,-1.3568292902230665e-11
5219.3507203695435,252.05590291905727,1.0309756993212338e-11
5220.072684633263,252.12532024712667,9.531692478310028e-11
5220.683976445615,252.1841038543575,-1.0492479105481647e-11
5221.819926252847,252.29335838822396,3.504628398209386e-11
5222.0919614904415,252.31952599725605,-2.1474352374338702e-11
5223.377187663964,252.44317288575783,-2.2973850469124653e-12
5224.569046045221,252.5578643939805,-6.4814070556236e-13
5225.865166574573,252.6826186599271,-7.559074773122824e-11
5227.08296615468,252.79986257047491,-2.9912740425467316e-11
5227.143153526657,252.80565783081016,-1.5098480353722925e-12
5228.056503211598,252.89360970411633,7.914164490182783e-12
5228.135739918165,252.90124060223818,3.666738379977983e-12
5228.2377679345245,252.9110665898275,-1.1308786761209898e-10
5228.9152153304785,252.97631421652133,-1.9057596877581825e-12
5230.807793978124,253.15864071849253,-3.966125397001967e-12
5230.950462680546,253.17238775454956,5.116417218302973e-12
5231.878219756385,253.26179219092083,-6.501359705475418e-11
5232.002320685916,253.27375252986764,1.5537639848533103e-11
5232.519818404263,253.3236298970111,1.3543187553307797e-12
5233.626377130732,253.4302985827786,-9.295850793298309e-12
5235.80970088748,253.64083009502548,-1.4429894397335669e-13
5239.522718592723,253.9990671563981,3.865696627626319e-11
5239.849099300047,254.0305689592415,-1.034200490366036e-11
5240.364204996058,254.08029022251705,-1.7132550730053637e-10
5240.454486053859,254.08900522523967,1.3593902175180868e-11
5241.392726973211,254.17958429889086,1.7423690293065817e-11
5244.013940698377,254.43272582397591,-1.0094220350006684e-10
5245.31379530474,254.55830513979438,6.125791900790504e-11
5245.577675563148,254.58380248565177,1.4843636289961374e-11
5245.780807943058,254.60343096085512,2.2915555533371752e-11
5246.486596453145,254.67163649500165,-1.1249067691255421e-10
5246.803906424282,254.70230348107077,1.557051588501002e-11
5247.279705597665,254.74829141337094,3.853356174039191e-12
5247.69272012166,254.78821433407444,-4.0272156009657874e-11
5248.813062575135,254.89652499913245,-2.2338039640893253e-11
5249.282183034298,254.94188473974327,2.1097383584955222e-11
5249.392366028684,254.952539034901,6.549535758382905e-11
5251.243806633868,255.13160006376916,3.845636705807552e-11
5251.5032580993975,255.15669780948383,5.55826454670617e-13
5254.490798501409,255.44578351529188,6.089449511068693e-12
5256.040047027712,255.59575939664995,3.503939496220491e-14
5256.81840142377,255.67112512133187,-1.0259540346719122e-10
5258.790216770554,255.86210004105237,-8.339762078194734e-12
5258.963958071268,255.87893072499665,-5.06355900157787e-11
5259.084332814701,255.89059200477055,5.650296728619108e-12
5259.907117237439,255.97030623249998,2.2926237771570896e-11
5261.33866724172,256.10902951889136,4.560399158071851e-11
5262.703272215011,256.24130069034874,3.7513453197310905e-11
5262.909775529201,256.2613200465121,-7.29287170234406e-12
5263.787410667748,256.3464106910255,-1.2362456669852559e-11
5264.412904612042,256.40706378072326,6.527764321339506e-11
5264.483702139205,256.41392935120194,2.515923695631189e-12
5264.965201112582,256.46062502935035,-1.3021209592151028e-11
5265.731879599543,256.53498617590793,-1.4927115800663303e-10
5266.221107250062,256.5824426629676,-2.7768127731980647e-12
5269.2652509325735,256.8778324095644,2.727805767927593e-12
5270.798607905549,257.02668698715627,-1.7499070624687199e-12
5271.776850055364,257.1216749928559,9.196579944264224e-11
5272.060837505241,257.14925367692007,2.1854080859278038e-13
5273.267813771796,257.2664825337026,2.5091593623445153e-12
5274.304482827952,257.36719154358485,-1.3060512459800729e-12
5275.127551449742,257.4471640677308,-2.329083713307931e-11
5275.247578836795,257.4588274345207,8.744158104039212e-14
5275.408870571771,257.4745009809716,6.775568429089045e-11
5276.26624852135,257.55782484489526,9.165075380048777e-12
5276.588910936208,257.58918614347294,2.921732793813258e-11
5276.6065629514105,257.5909018932667,-6.281864293673342e-12
5276.687560122397,257.59877477219266,-4.578524090512667e-11
5276.738045201289,257.60368195426815,8.448436659808465e-12
5278.435014879257,257.7686558084158,3.892531770844177e-11
5278.987595579484,257.82238734977096,-3.540164866752194e-11
5279.547344450224,257.87682164037903,5.648716744415455e-12
5280.191824572267,257.9395029985079,1.1746611612272821e-11
5281.943984426918,258.10995462628637,-9.37837263427085e-12
5282.419783598081,258.1562505451538,-1.714939333841481e-12
5282.882225341086,258.20125076394527,-1.0532183914833042e-11
5283.032693769906,258.2158937003228,-1.061613707247192e-12
5283.087465541047,258.2212239556158,1.0343689243061313e-12
5284.0498950839665,258.3148942701488,5.8318718145769416e-12
5284.406866826364,258.3496415725619,-1.7240955868890357e-11
5284.729387140519,258.38103742295385,8.768644349478723e-13
5286.167260603268,258.52103102085215,2.9091542360225664e-13
5287.232128672892,258.62473277960055,6.0313673564129666e-12
5288.5212941713935,258.75030560634826,8.369295097090031e-12
5289.0043325628685,258.79736446781146,9.88236096194362e-12
5289.986798247215,258.8930921014252,-2.3244790889281757e-11
5290.298842611269,258.9235002105943,-4.098681073180309e-13
5292.559216291443,259.143822731963,-2.466438173359787e-13
5294.305407930981,259.3140914806216,-2.842841445568879e-12
5294.532871038798,259.3362752307124,-1.8668244492572858e-11
5294.681152701384,259.3507371806229,1.720437855690094e-10
5294.904534372669,259.3725244189837,-1.2430653177980522e-11
5296.492592061339,259.5274400381431,9.51880439908189e-12
5298.097243906926,259.68402160979025,2.4382586582547e-11
5298.722737848395,259.74507001794296,-1.7848115991447492e-12
5298.867017019331,259.7591527339568,5.642011879292437e-11
5300.898956571162,259.95752581599544,-1.054822251274758e-11
5301.087949969523,259.97598062597666,2.5206470940801814e-13
5303.144993907153,260.1768892168003,-4.309670418277446e-11
5303.779834889968,260.2389089832357,-2.9040220445868078e-11
5303.9065330958465,260.25128744888383,1.8230332302658955e-11
5304.4515193226325,260.3045361938556,-3.997281296040413e-12
5304.732348987102,260.33197723830983,1.5666637120532355e-12
5305.288655871048,260.3863406066671,1.8485124455543813e-11
5306.973247027551,260.55099683231174,5.508140179586496e-11
5307.436044019968,260.5962409410985,3.758307714268391e-11
5310.597325699512,260.9054007003234,9.777311542017589e-11
5312.0401174065255,261.0465607090102,-2.5687972763949682e-11
5312.119006756087,261.0542801992443,-3.439488039874483e-11
5312.2995688699775,261.0719490166648,-1.4273715368192033e-11
5312.407565097454,261.0825172217544,4.212301462013049e-11
5315.985934836986,261.43280784956386,-3.1686467053138785e-12
5316.874748526275,261.5198513882268,-8.78879653543548e-11
5317.075630982874,261.5395262785568,3.9731454881579115e-15
5317.68804380068,261.5995119874264,2.2214082383545825e-11
5318.434615090073,261.6726478354601,6.159093963326606e-13
5320.488201248648,261.87387484200207,-2.8667511187259683e-12
5321.097598382357,261.93360345615343,-5.5266085508682694e-11
5322.288114689585,262.05030882344255,-2.8202674001828576e-11
5322.622089864932,262.0830528337881,-1.955236839444688e-11
5323.346446140542,262.1540781351938,-2.5790682573671674e-11
5323.873851401042,262.2057978804691,-1.1863232883529642e-11
5328.797421511558,262.6888726241004,-1.061571198050207e-11
5330.187272959484,262.82531833942335,-6.152083139119959e-11
5332.53287523001,263.05567356272684,-8.208129837499784e-11
5333.368874972543,263.1377993229067,2.0420650689016692e-11
5333.970748683854,263.19693331200057,-1.3541512081545894e-11
5334.494214607496,263.2483691749789,7.563657307535028e-13
5334.78966481259,263.2774023977504,1.0646080108295129e-10
5334.927052118297,263.2909036849504,-2.603807129995329e-11
5335.073794360494,263.3053246818886,8.164245384238482e-11
5335.4123483230405,263.3385973622145,4.1850182662197576e-11
5337.5993903414355,263.5535881217838,8.704130158871975e-12
5339.551027425048,263.7455124825198,2.794306254726934e-13
5339.8240494661495,263.7723671159787,-1.5265020755891545e-11
5339.910043830513,263.78082586443804,-8.822983790695052e-11
5340.060717513987,263.79564705697953,-1.3346088222165204e-11
5340.620537430474,263.8507180591435,-1.1336577443390588e-12
5340.6764381092935,263.856217477409,-1.5590405714441876e-12
5341.022373392623,263.89025131075283,1.3978428446442285e-10
5341.468078874615,263.93410399370686,-2.7790939539977464e-12
5342.340993116095,264.02000008017177,1.1542866612598378e-12
5342.426071722885,264.02837269491715,6.355423081536116e-12
5342.966139697879,264.08152407835945,1.0917930568897318e-10
5343.698927255766,264.1536507621897,1.3949925420164763e-11
5345.036043701209,264.2852857141055,6.37406230235342e-11
5346.674302257352,264.4466120646252,2.7183421060705346e-12
5346.884958055959,264.46735983241683,-1.2395527753815841e-11
5347.879020696077,264.5652774045634,-5.922928059671112e-11
5349.286382055307,264.70393702717837,-3.786896254463186e-11
5349.497740460856,264.72476416680536,-1.2812995485455072e-11
5350.176948310961,264.79169850141017,1.0572589660227928e-10
5351.597596047612,264.9317274671751,9.278247255851977e-12
5351.726267868161,264.94441209684356,-1.6957396832940726e-12
5351.89705663837,264.9612491393624,7.858050457487429e-12
5353.770364875958,265.14596265339753,-4.834482543213271e-11
5356.616649646982,265.4267381430387,-5.122129298259595e-12
5358.418813001026,265.6045920652294,4.238009034397555e-12
5360.019880748637,265.76265022357484,-8.987556633877099e-12
5360.5354758930625,265.81356006947664,3.348983001626064e-11
5360.632996170104,265.82318976879975,1.8568801157271975e-11
5361.293857291997,265.88845152002614,2.478501862413132e-14
5361.484958509933,265.90732476089596,5.377301007540562e-12
5361.538751367567,265.912637488659,-6.624428656480146e-12
5362.266825930415,265.9845493400234,-2.580395995708059e-11
5363.018315464653,266.05878412652277,1.6170415394342057e-11
5364.822799788817,266.2370799320763,3.4974337560332224e-11
5365.848361326151,266.3384393927297,1.04458422934252e-10
5366.425478004926,266.39548616161073,-1.1076338579493326e-10
5366.766423987873,266.42919083726906,1.4906096882106018e-11
5367.837268153465,266.5350645079019,-8.299036544646309e-12
5368.408061368995,266.5915070946692,-6.539936016394141e-11
5369.512299104317,266.7007160978227,-5.068808314333107e-11
5370.069876992104,266.75586903017603,3.7264411674297774e-12
5370.462144865779,266.7946737199329,9.907170953555941e-13
5370.610426526923,266.80934306665256,1.8538179760583248e-11
5371.6243911004485,266.9096643555423,7.578670354074408e-12
5372.213538937705,266.9679631287856,1.0555589202459074e-13
5372.345021185969,266.9809747490106,-5.583714494283041e-12
5372.440638897599,266.99043737733837,1.0297287711596705e-10
5372.860892635539,267.0320290007377,4.5152051559971853e-11
5373.868036394435,267.1317171286824,3.683178821008523e-11
5374.09359693467,267.15404590451044,-3.355312973951255e-11
5374.383497332379,267.1827452125996,-1.6196737411824603e-12
5374.4734941879,267.19165495812933,-5.6091521329046355e-12
5375.002936215837,267.244073073834,-4.072404205398075e-11
5378.297318480941,267.5703538176755,-6.118883387206698e-11
5380.017426802279,267.74079546488076,-1.5841739088300234e-10
5382.32378569201,267.96941288798007,1.3635071562695254e-11
5382.749107673628,268.0115835562807,1.0393555523317066e-10
5383.081464481867,268.04453904833593,1.506387577463523e-13
5385.627736041072,268.29708711522807,-2.535858399288503e-12
5386.5481117773215,268.38840256766935,1.5817650358692445e-12
5386.717211132054,268.405181525638,-1.2153406019073685e-10
5386.788861260241,268.41229120004806,2.143304146400531e-11
5386.838288480521,268.41719580247377,-1.4388380187497579e-11
5387.082337847945,268.44141318144676,-2.1762231143834805e-11
5387.364217472597,268.4693858781067,1.3388814272544141e-11
5389.395454394572,268.67100163015414,-2.221604743341364e-13
5389.897060552327,268.7208015675427,1.5436789549668343e-10
5390.530496314137,268.7836962956746,-2.960747722159543e-11
5392.5729749474585,268.9865472123561,5.5171206378366804e-11
5393.399840792565,269.0686901167604,-3.740711213346643e-11
5393.504892385311,269.0791271042907,-1.0291599261790581e-10
5393.688967532388,269.09741565622085,8.40826170762511e-11
5393.722503202595,269.1007476172615,-6.170786920199037e-11
5394.920195564136,269.21975879967465,4.5242021263325105e-12
5395.357951320716,269.26326390112746,5.5698306299525055e-12
5395.4708026407125,269.27447987848376,-3.398907664266763e-11
5395.86524938435,269.31368468114727,-3.167151759475842e-14
5397.292717927215,269.4555874141406,1.1797850374844352e-11
5398.795696989068,269.60503711257047,6.138014301895803e-11
5400.589136954062,269.78342343029345,3.831307864223943e-11
5402.363527584489,269.9599732948453,1.521699026592129e-12
5402.537616238129,269.97729804356965,1.0204309388564167e-11
5403.3957678310035,270.0627067174759,2.6357665257514288e-11
5403.836128759394,270.10653948873716,-1.3008114823176032e-11
5403.9155865094635,270.1144489572695,-6.751913287623567e-11
5405.410055341051,270.26323464012165,-3.039738466878989e-12
5405.750503971104,270.2971346315337,-9.241148689289762e-11
5406.181446807556,270.34004859720943,-3.6559427680984095e-12
5406.650851457959,270.3867965433734,-3.429075975866425e-12
5406.902842652405,270.41189398692956,-1.3694328172612054e-11
5407.117579885892,270.4332819890818,-3.531379780032564e-11
5407.902257729974,270.5114437599861,-7.566151246548352e-14
5409.709757727882,270.69153201355664,1.3026035178938535e-11
5413.146729732986,271.03413691702815,1.749115710350442e-11
5413.437395891711,271.0631211362713,-3.6141050215722793e-11
5413.992226503846,271.1184512374406,4.746288817268612e-11
5414.922943980994,271.21127913213144,-1.9820765963068462e-11
5416.066985582503,271.32540540894377,-2.7051310359584854e-11
5416.27215472882,271.3458750383464,8.823826027955483e-12
5418.703040835868,271.58846242336386,3.142358324492831e-11
5418.989420302177,271.6170484884636,-1.3063311010048674e-11
5420.017026498249,271.71963537959965,-9.880831275859198e-12
5420.38868982624,271.75674366840536,7.579039078619973e-12
5421.0401249566785,271.8217915830199,-8.49321630843516e-12
5421.53892068446,271.87160324152774,1.360401470884878e-11
5421.856372748851,271.9033076113905,4.328336980331484e-11
5422.164414616204,271.93407394669657,-1.4990281025995503e-10
5422.186984880129,271.936328268438,7.539233440717113e-11
5422.398059083055,271.9574108494018,1.0214251197961857e-10
5423.733770301409,272.0908438131067,5.886389864535217e-11
5424.5134509499085,272.1687464232572,-8.631090214347294e-12
5425.325696250232,272.24991467405283,-9.439349198259252e-11
5427.4970598447235,272.4669602522216,-3.962423684149133e-11
5428.042322368995,272.52147735112595,-1.571944755654414e-11
5428.470731082191,272.564314872493,1.0323513686502321e-13
5428.928957174631,272.61013764059635,1.5338682133292302e-12
5431.007434540312,272.8180346590801,-1.297044192532907e-12
5431.740435240728,272.89137108980884,1.6376493747120846e-11
5432.011278407511,272.9184713458781,-5.8205151161925566e-11
5432.626785845259,272.98006333763163,1.7424414717300882e-11
5433.767590715218,273.0942387291249,-5.0791844104046666e-12
5436.577458309895,273.3755614865531,-2.453471130486786e-13
5438.582114569499,273.5763557183051,-1.0243925664669224e-11
5438.692218616287,273.58738631594804,-5.0997065370059736e-11
5438.976206060178,273.61583817412384,5.789258895090589e-12
5439.914446955794,273.7098483035169,-7.29935743671117e-12
5440.113292638474,273.7297743825587,-4.3749647231218185e-11
5440.890581263705,273.8076724991104,5.5660797895448946e-11
5441.098142431131,273.82847569489144,-3.008393840148402e-11
5441.676877469107,273.8864846586418,-1.0276518339714445e-10
5444.773685033173,274.1969950966288,-5.106784832559333e-12
5446.555456975002,274.3757297154931,2.1399225199685465e-11
5446.581753424414,274.37836802515193,9.49254926983047e-12
5447.504031719068,274.47090780429625,-1.0819083425941706e-12
5448.467369104886,274.56758411074355,5.044689620244116e-11
5448.780116069749,274.59897369747205,6.160680541779954e-12
5449.858065239563,274.70717841541517,1.28188734446245e-11
5451.357531256798,274.85773066062785,-1.6036068674725527e-12
5451.5058129164745,274.8726209688336,1.4638341350796534e-12
5452.263491699939,274.94871269927125,-1.9272871673991346e-12
5453.387426104343,275.061606017328,-7.435489819969138e-11
5453.771120589618,275.10015144453257,-9.547917556238602e-13
5454.622940819359,275.1857338419398,2.1739332654575192e-11
5455.493470921713,275.2732098302598,4.298835673888735e-11
5455.649141797011,275.2888540273823,-7.924692249448191e-12
5456.22759263327,275.3469895504912,6.8559110338404744e-12
5456.3591459303625,275.36021179323274,2.041195860024076e-11
5456.599895411233,275.3844100212411,9.380925796122906e-12
5456.821942914173,275.4067294212676,-1.3347690886852023e-11
5456.900832262316,275.4146593076597,-1.6380782148019402e-14
5457.35638213076,275.4604530135008,1.7853879714550268e-12
5457.435058328365,275.4683622485842,-1.7121459606827937e-11
5457.644372065504,275.48940489279863,-8.509141115552784e-13
5460.4297747178325,275.76950269697505,-5.876813348382635e-13
5462.853129495906,276.0133095231836,-1.0819716829727052e-10
5462.918029859338,276.01984045137687,5.395355382665542e-11
5463.33181802926,276.06148180872367,4.421672270097036e-14
5464.105033110666,276.13930235976903,-1.574411104303541e-11
5464.758718159043,276.2051013521822,-1.2561188428108051e-12
5465.130878836272,276.2425660245089,9.580486374457306e-12
5467.255207222305,276.45646676750624,-6.0710055520697265e-12
5471.697428280027,276.9040271006139,-2.8374160049984e-12
5474.932530999115,277.2301972346752,1.8805928504654765e-11
5475.66110290314,277.30368004586893,-6.446148637965018e-11
5476.788337188898,277.41739069186013,1.545486942447683e-12
5477.044622968176,277.4432469873761,9.677498656023797e-12
5477.182997079196,277.4572078510021,3.674753910345294e-11
5477.381211204168,277.47720671766484,1.858255123496031e-11
5477.49574404299,277.48876286869984,7.688137393992556e-11
5477.512693450751,277.49047305303577,-5.609691060476228e-11
5478.980376363315,277.63858138349144,-5.664308650813007e-12
5479.532601798843,277.69431839931144,8.22924688574811e-11
5481.719154322125,277.91506587536173,7.73578763597698e-12
5482.2512725656,277.9688001863251,-5.744530651871335e-12
5482.453212875992,277.98919386775015,2.809581064672026e-12
5482.552209415767,277.9991916700769,-1.73613725456187e-11
5483.136431101318,278.05819673109187,-2.5188427373246852e-11
5483.990011792981,278.14441774254624,9.79312918810358e-11
5485.144947740929,278.26110030528235,-3.502428209214382e-11
5485.981097462948,278.345591399461,6.5969234212204604e-12
5486.275142448557,278.37530706072397,5.83751043674682e-11
5487.74401742308,278.5237727934059,6.300423155011513e-11
5488.383508229259,278.5884213941373,9.723289488418972e-13
5488.936925727645,278.6443745914878,1.0355064646533062e-13
5493.190153380142,279.07458486145396,-2.8977966619766455e-11
5493.722690029194,279.12847395277663,2.968226344112724e-11
5493.869645419074,279.1433457596522,1.2648986073131091e-10
5494.921503389636,279.24980483788926,-3.8312360339059764e-12
5495.599171808136,279.3184027968761,9.361287765333788e-14
5495.985739874904,279.35753749378875,-2.495029544541199e-11
5496.67008700721,279.42682497318367,-2.936631997429315e-12
5497.176958763612,279.4781493237698,3.826965229708593e-12
5497.688551407992,279.5299564966015,-9.565041093047309e-11
5498.148387966426,279.57652662839905,3.263026828262455e-13
5498.773881892462,279.6398800291123,-1.5382199791355745e-10
5501.287588764617,279.894554507054,-6.850683102680304e-12
5501.829275093702,279.94945032757056,-1.22276460319799e-11
5502.045267543629,279.9713410392438,4.681679940021153e-12
5503.999936061455,280.169484658025,-8.456887536018897e-12
5504.121644965039,280.18182454686985,-8.710579652591999e-11
5508.23326177043,280.5988557124792,5.5011328820034725e-11
5508.2895808544,280.6045701804348,1.7268700808128375e-13
5508.417336914978,280.61753328390495,-8.117589587619735e-11
5509.092258059824,280.68602091613656,-3.707588806779157e-12
5509.6485649298165,280.74247847177134,-1.8045030402330222e-11
5511.135305065562,280.8933902829009,-2.0581898309140664e-12
5512.348249508502,281.0165405754007,-5.7329943410172676e-12
5513.421201476306,281.12550001671946,6.616088733116832e-11
5513.784433516189,281.16239143085346,3.0955056730384414e-11
5514.4263084473605,281.22758896207625,-2.4917265189419854e-11
5514.794387686015,281.2649795099736,-2.773447988350956e-11
5515.563245020413,281.34309030088,3.039977204350923e-11
5517.10279120406,281.4995306849906,2.3895138635270255e-11
5517.649395781141,281.5550841981361,1.1009217736003425e-10
5518.041379447149,281.59492638547454,-1.8152494445988197e-11
5518.461072671093,281.63758817822765,-6.140031516197783e-11
5518.6991459278015,281.66178975377187,1.0604331327575871e-10
5519.477500298483,281.7409214341865,1.6581112621174265e-11
5520.386697463431,281.8333694264891,-4.1698867270117226e-11
5522.246790335538,282.0225528004056,1.6732290536557577e-11
5522.634913610231,282.0620354632914,1.846522664811056e-12
5523.81882222457,282.18248821855957,2.281707797832178e-13
5523.983137533129,282.1992079611633,-9.111879274893809e-12
5526.542411226303,282.4596885383859,1.0985174693191044e-10
5528.034282758664,282.61158554798897,-2.9113025466203894e-12
5528.456225903473,282.65455372345684,-2.0466366409677355e-11
5528.813339735508,282.69092263046315,5.366820721961184e-11
5529.061612635552,282.7162084288985,1.1943524467373414e-12
5530.402802592707,282.85282395797657,1.5850436374865366e-11
5530.570986187012,282.8699577177255,-4.497926705499188e-11
5530.849068571149,282.8982885963246,4.581045129396801e-11
5531.665600553443,282.9814846525338,2.229035843902063e-12
5531.9471959725315,283.0101791242518,-1.675427961543971e-11
5532.601733617853,283.07688191790635,6.0655002255420885e-12
5532.985001798511,283.11594377544975,-3.839127760471867e-12
5533.307522102832,283.14881643841215,-7.664939246493231e-11
5533.681790598079,283.18696590251614,-8.552276421132771e-12
5533.777408307864,283.1967127001001,-9.306394616401283e-11
5535.720266705166,283.39479457687236,6.02349677312561e-12
5536.339705576683,283.45796336782314,3.680522006388442e-11
5538.08062366433,283.63553558635,-1.6345322133890424e-14
5538.411654197373,283.66930674666423,1.7292126584430182e-11
5539.63408777835,283.794034788957,5.530069910902244e-11
5539.63788501404,283.79442227356674,-5.085200452178475e-13
5542.18872741867,284.05478011297436,-6.273743601375758e-12
5543.451525377704,284.18371496680413,1.4049654632443594e-11
5543.660554912038,284.2050602426188,-1.2322980150136033e-11
5543.769893195067,284.2162257596486,1.1892581219869807e-11
5544.306092871115,284.2709851268472,-1.6067689618102609e-12
5545.175912462604,284.35982667662176,6.415820344739089e-11
5545.801406385252,284.423721929251,2.5969875381448915e-12
5546.310812260835,284.4757639180142,-7.946227969523438e-11
5547.036786881377,284.54993929117165,-2.6271782163230586e-11
5548.2630176968405,284.6752496425032,2.1536068886090234e-12
5548.419106976748,284.69120262550786,1.9668063726392518e-11
5549.378094503663,284.7892250461089,1.604351474282003e-14
5549.614762545538,284.81341855549687,5.248805714696635e-12
5550.391490654176,284.8928272260849,-1.5743853895277132e-11
5552.439953250448,285.1023047660792,-3.1185433635801816e-11
5553.012222717589,285.1608393453928,-6.506439302395561e-13
5553.909743971293,285.2526544519044,-4.9862093377708875e-11
5554.755382828507,285.33917564224356,-3.028383277322732e-12
5556.126745411446,285.4795140407176,-9.232080199198897e-12
5556.288739747882,285.4960940199505,-5.074785819080216e-12
5556.627293701427,285.5307462830145,-5.269836642937686e-12
5558.597774811799,285.7324742988903,-1.5000418229051945e-10
5560.132465894322,285.88963785367105,-5.547352215409823e-11
5561.377832881495,286.0172043998809,4.1752233316084654e-11
5561.966475459474,286.07751070670486,1.0261407546729566e-11
5562.06850347162,286.0879641038649,-1.6456927722691017e-13
5562.782723238176,286.1611456797513,7.720275350249207e-11
5564.402074518212,286.3271051537606,1.1639516735809368e-11
5565.597445884139,286.44964396817215,-1.0345776048277409e-10
5567.087272744303,286.60240458025135,8.351867575769534e-11
5569.366782522106,286.83621511173953,5.0200933032594083e-11
5570.178948863747,286.91954257254025,1.212218831512048e-11
5571.202615705632,287.02458708363287,2.925895354770259e-11
5571.565634592593,287.0618432358194,-1.4802284341674264e-11
5572.0847506538,287.1151236539367,6.876355280160752e-13
5572.133617366359,287.12013943321443,-4.134262887863463e-11
5574.091230502102,287.3211090249117,-3.002396885819541e-11
5574.774164519538,287.3912359986712,3.2663159011536534e-11
5574.913525436706,287.4055473083226,-8.543515788902324e-12
5575.135572936606,287.42835064227444,-3.4827574151135794e-12
5575.369217399289,287.4523459156102,-2.150215514389473e-11
5576.289522064783,287.54687093486405,1.4803445603583778e-11
5576.740927335161,287.59324073172155,1.4375108641495264e-11
5576.9640958483005,287.61616670356545,1.1609609673305431e-10
5577.119766721413,287.63215922519305,1.1450437465847177e-11
5578.587449617196,287.7829605027045,-1.5193957887585641e-10
5579.210133109516,287.8469518878583,-1.8516160803742473e-11
5579.818535521851,287.9094825461485,-1.4532675733905439e-11
5579.986719115215,287.92676939852345,5.040691484260983e-11
5580.907592181645,288.02143113056746,-2.6318957979000203e-11
5581.054334419532,288.0365170350915,-5.764653711611619e-11
5581.23489652759,288.0550803515348,9.562264552854787e-11
5581.353795002129,288.0673044512886,1.52265817946832e-11
5581.9925752997,288.1329827043031,2.9555976519778366e-11
5582.208567747652,288.1551923637374,1.2425111642758998e-12
5583.19314121816,288.2564430935375,-3.911814349288446e-11
5585.027150778573,288.44509502112874,-3.484958415159495e-13
5585.279576163591,288.4710651321369,-1.3775009384462024e-12
5587.56350683448,288.7060945885229,-2.6847775548057922e-11
5588.093864606644,288.7606851669711,1.7969574684199568e-11
5588.40218277398,288.7924232333951,-3.289549518863416e-11
5588.851124971888,288.8386401749005,-1.2235732670500458e-12
5589.987643129063,288.95565711861485,6.001195547606208e-12
5590.352769836243,288.9932559466013,2.049358242494061e-11
5591.062773958584,289.0663754676683,-3.808220142097361e-11
5592.241061707829,289.18774150343194,5.415743277517985e-11
5592.344202838141,289.19836646703914,1.172226880225579e-12
5592.513657439672,289.2158230612245,-5.848788303932538e-12
5593.577475506834,289.3254257971009,6.613799138589618e-11
5597.181581068323,289.6969034799518,-1.5017892267429287e-12
5597.413394015392,289.7208047926376,-1.8650084913199092e-13
5597.864799284709,289.76735023844446,1.0046501096317173e-10
5597.922799888027,289.77333108749906,-3.435898981331016e-11
5599.228488444762,289.9079861928657,-6.870594986722125e-11
5599.589612660146,289.9452343235098,5.331622455871117e-12
5600.815709262809,290.07171789155774,3.028596967269187e-11
5600.923705486561,290.08286005989424,8.031588638007183e-11
5601.1049702012115,290.10156195564485,3.969605219583107e-11
5602.2273493772955,290.2173763389466,-5.030440781186538e-11
5603.535429955088,290.3523818825285,-1.831687234058902e-11
5608.135216486685,290.82737103192045,-3.5009100964501804e-11
5608.819910966405,290.8981081706598,6.5060263260941715e-12
5609.291494476911,290.94683341657725,2.2270873465258447e-13
5610.393837510579,291.0607463717818,-5.419102998995785e-13
5612.842580833278,291.31387254661183,-1.3229644454706225e-12
5613.450359581303,291.37671564089555,6.404401097414192e-13
5615.344556504713,291.57261542475135,3.319184934083461e-12
5616.5909655525775,291.7015563774282,5.050130523491087e-12
5617.320942658847,291.7770857598962,-6.949087723072745e-11
5618.237600079537,291.8719445116689,-2.5089423676878493e-14
5618.742016651894,291.92414981455084,-1.7574714026374316e-11
5619.154178555187,291.96681057012415,-4.4562356817066975e-11
5619.353797890944,291.98747326413144,-2.1725807982674446e-11
5620.791671296038,292.13632992165736,-9.226878384982702e-12
5621.621979103994,292.22230535282836,-6.805695164463827e-11
5623.98719113405,292.4672842895,-4.9293781912934327e-11
5624.189897203597,292.4882845449687,9.778491556329944e-11
5624.466645421016,292.51695675496677,-2.9646739184794014e-12
5624.668585728158,292.53787945988995,-1.6443909858186262e-13
5626.528323327657,292.7305991448321,-4.915437452485165e-11
5626.568892961627,292.73480397868684,1.3617686838264952e-11
5628.005574302137,292.8837281562323,1.6518559459402247e-11
5628.208706672653,292.9047876132155,-4.008750592233127e-12
5629.966353104648,293.08704082663775,-1.0902741209253883e-11
5630.433365721249,293.1354756924331,1.013978134683415e-11
5631.387845502023,293.23447930485474,-2.712101036022596e-12
5632.5223268831,293.35217544792044,8.945612815030984e-12
5632.70640202508,293.3712744571332,4.513814027102164e-12
5633.344756017988,293.43751272670113,-5.217158490106256e-12
5633.864014176009,293.4913986526415,-1.0531745808466141e-11
5634.488237084102,293.5561838516694,1.2499389437368128e-11
5635.991216104744,293.7122005166427,-5.7435371844067525e-11
5636.269298485614,293.7410714065324,-1.6996143826040634e-11
5636.774701864675,293.7935467178015,5.5919103265364004e-11
5637.449275643702,293.86359408143164,1.9693558415045754e-11
5637.520286318224,293.8709682777631,8.806820253244907e-11
5639.058498317077,294.0307287123559,-2.360776919473504e-13
5639.311192111767,294.0569779432695,2.768411634139668e-12
5640.591286820752,294.18996921147885,7.885382189276471e-11
5640.7129957224715,294.2026153325916,-1.776021410168275e-13
5643.4247114201025,294.4844459763574,4.87728288716559e-13
5644.379680655996,294.58372889506245,1.2314735255430327e-10
5645.870849561809,294.7387911510297,2.5423733164839658e-11
5647.356397611474,294.89330963938744,-6.302883296022028e-11
5649.080784676548,295.0727218214001,-5.694098306727328e-11
5649.757466275645,295.1431414675542,3.547793861728941e-12
5650.538631062921,295.2244447653382,6.173505943730018e-11
5651.790321500594,295.35474360783195,-3.1297823472055304e-11
5653.190506744913,295.5005347058322,-3.3492058506808266e-11
5654.545764612897,295.6416822376515,2.8243531342462535e-12
5654.800432022545,295.6682091406697,2.5740448566653735e-12
5655.440057022323,295.7348396217995,1.0525493248862596e-10
5656.12355154031,295.8060483710558,-2.2712777859165505e-11
5657.283066253522,295.92687018184546,-2.7677282021375077e-11
5657.303173444999,295.9289655762056,1.2279870415751265e-11
5658.209702268421,296.0234437609496,2.144681061462971e-11
5658.6016859283045,296.06430087823753,-1.580409722951722e-11
5658.8027104771845,296.08525510361306,-6.525996939637699e-12
5659.201941252214,296.12687198761387,-8.93618757555766e-12
5659.539926800522,296.1621068002661,6.333835155413721e-13
5661.765154243013,296.3941381043779,-1.0118435572088763e-11
5662.546105878755,296.4755919544337,3.09907679698382e-11
5662.619721725276,296.4832707226808,-4.1924572344468226e-13
5662.624355773484,296.48375409725,6.191398020691009e-12
5662.807096751072,296.50281600571515,2.451745693276135e-11
5662.887959712757,296.511251104788,-4.783992158211306e-11
5663.808335419626,296.60726720946826,8.2359449681873e-12
5665.694866811269,296.80412408270377,-6.334091410512493e-11
5665.9621969359205,296.8320249050405,6.63222916200667e-11
5666.086084708447,296.8449553223336,1.3834994495995719e-11
5667.837826076682,297.0278183722342,-9.130690508064755e-11
5668.757783376779,297.12387470565534,5.66928391364962e-11
5668.9606315457,297.1450569726751,2.1922022549403842e-12
5669.570028654543,297.2086973649966,-8.477318302895519e-11
5671.615112394661,297.422318990802,1.4367141965789997e-11
5673.76615558645,297.64709186866855,-1.0704607296944962e-10
5674.02285976636,297.67392181926067,-2.869788310723095e-11
5675.545180209678,297.83305512783386,7.944200913640252e-12
5675.692064546405,297.8484117029064,1.0325852981677492e-12
5676.092487384162,297.89027743202155,1.1379066735781107e-12
5676.796870644011,297.96393054573053,1.588788644016424e-13
5676.900011773378,297.9747161593429,-2.747418097801408e-11
5676.987971854979,297.98391442416226,1.0773366834288453e-10
5678.527518011131,298.14493272811984,-3.5765167795161205e-12
5679.5974542754975,298.25686111136616,4.226028977862962e-11
5680.846255336405,298.38752760378634,7.390356933865124e-12
5682.686169933973,298.58009674809205,5.165821967889191e-14
5683.4645242905635,298.6615796430323,-3.431983456730109e-11
5684.5907006923,298.7794944318355,9.827760740770923e-12
5686.813117700928,299.0122581653025,-2.7426490492115326e-12
5686.861984412877,299.0173772181864,2.2098542947118753e-11
5689.221149269459,299.26456484458146,1.4964997654320597e-11
5691.228197493644,299.47493924815905,-2.2702582483424003e-11
5691.5360893564875,299.5072183642577,1.6596748816578105e-11
5691.907752673055,299.54618555052025,4.0650544080541194e-11
5694.57600934934,299.826014676456,2.9746001439582543e-11
5695.617328191739,299.93525689283393,-3.449788602076067e-12
5695.674136731003,299.94121711250443,-1.0879019395250615e-11
5697.185207564317,300.0997769669863,1.0611713759434084e-10
5697.504349033495,300.1332705352212,-6.042899914715688e-11
5698.436195388809,300.23107758646586,2.8543920558785205e-12
5698.584477044385,300.2466427770391,3.0180233084541772e-12
5699.105700919397,300.30135909040064,-3.0100088241597456e-11
5699.342155806882,300.3261829720549,-5.071214015656952e-12
5699.367962799091,300.3288923449388,5.250026293594769e-11
5699.7773853210665,300.3718776190444,-5.834238096586678e-12
5700.066646256391,300.40224898856013,2.3898645112201127e-11
5700.115939269328,300.407424733324,2.472038567346941e-11
5702.833623161817,300.6928496110878,1.7998179240504426e-12
5703.3610283991065,300.7482561340574,3.5908261991376054e-11
5703.525493699547,300.7655350735522,-9.609047061026967e-12
5704.071600914209,300.8229133855954,9.263703739154833e-11
5705.472070351477,300.9700828097591,3.7554108318210327e-13
5705.593495051658,300.9828445212038,8.959903699652575e-11
5706.837946261668,301.11365174725063,-2.6152948028564915e-12
5707.3874954608855,301.17142525083,-8.001647086313853e-12
5707.647578469225,301.1987694312056,7.181489803352092e-11
5708.064808612612,301.24263809189193,8.703846948315027e-12
5708.437111380112,301.2817856789518,3.519240038931424e-11
5709.007904573411,301.3418094662347,5.137007924521455e-11
5709.154504708921,301.3572266932659,1.3174124157254202e-11
5711.027812869671,301.5542683009696,-2.6446187377938236e-11
5711.311800304896,301.5841448116431,1.0222975385707398e-11
5712.146047440808,301.67191923557715,1.2771006012886681e-11
5713.781006043427,301.843976846322,-7.639216526288841e-12
5714.348988808472,301.9037609895175,2.41968758056188e-12
5714.96077004129,301.9681618742249,1.4358757010542253e-11
5716.276508229945,302.1066901407106,-9.347270616310866e-12
5716.530125674844,302.1333960679314,-3.011429849655421e-12
5717.253558265198,302.20958005914184,8.371566865257372e-11
5717.636684337792,302.2499306025794,-3.2376794385367375e-11
5720.913067104084,302.5951071483441,-6.09004925856514e-11
5721.470644969548,302.6538693030741,-2.4421084170671e-13
5722.824773919747,302.79660242437404,2.299606665416339e-13
5723.859406150591,302.9056814836989,-3.602043024286319e-11
5724.1194891584855,302.93310457940447,-6.977274925253223e-11
5724.845250614512,303.00963529914213,-6.780467199994523e-11
5725.008587006552,303.02686027337637,-4.710993584656782e-11
5725.513137778768,303.0800718136492,8.317896611807697e-11
5727.984735535314,303.3408021782095,-1.4241844388908076e-11
5728.593848439687,303.4050751556129,8.809196155705124e-11
5729.470986179105,303.4976418494665,1.7696529420229714e-13
5729.587982086564,303.50998981204464,-6.722586816080376e-11
5730.455764889828,303.6015850710468,-1.1700965173540708e-12
5730.814212877807,303.63942362837963,5.423086702274802e-11
5732.458242212629,303.8130012995178,-5.30731784642646e-13
5733.376375886259,303.9099601078638,-4.027354841819938e-11
5733.7999294913725,303.9546943982313,3.0418923992115853e-11
5734.569284158632,304.0359594729494,2.1816743820596994e-12
5734.871270963533,304.0678605893722,-1.2600141522254795e-11
5734.963730887199,304.07762815596965,-6.221804218225104e-12
5737.479758665845,304.34348450654704,6.659013177945275e-12
5737.74631513133,304.3716570560988,-9.82537113478789e-14
5737.901070244252,304.3880138387058,-6.543082864861554e-11
5738.178450015154,304.41733249174723,4.4798913413146714e-11
5738.501104517881,304.45143840364733,2.1209034813218122e-11
5738.764984760993,304.47933305938983,-4.19436282723964e-12
5741.323484737325,304.7498573907033,-4.555569319413232e-11
5742.530950394348,304.87757128455627,-1.851056965281022e-12
5742.838842255553,304.9101413680313,6.531525343296849e-11
5742.9348941589915,304.9203024957989,-1.3999933880377466e-10
5743.973742029583,305.0302108743175,2.0682870085172483e-12
5744.053128726447,305.03861067256264,-1.292913029140845e-12
5744.226167410321,305.05692006227144,-4.155973009091512e-11
5744.515428344315,305.08752827179643,-1.1453071827723308e-10
5746.22420804311,305.268374618531,4.1038666338787265e-11
5746.920081069101,305.3420367941088,-2.540040873532668e-11
5747.340690040121,305.3865650061588,-5.692246512483223e-11
5750.835954613343,305.7567209363616,2.3341212427246214e-12
5752.177641889562,305.8988682361658,7.584835219337063e-12
5753.3274464042215,306.0207125813758,-1.2866322500855747e-11
5753.446344876579,306.0333135964249,7.98368692688526e-12
5753.690678434644,306.05920920273985,1.386257818227661e-10
5753.974665868621,306.08930889305026,-1.2421304188980365e-11
5756.071142529608,306.3115594019533,7.6115634831917e-13
5756.641864669929,306.372076497907,-7.31877491134436e-12
5757.478503823595,306.46080121647196,2.2579519741077846e-11
5757.582213353498,306.47180040327777,-4.41778805469243e-11
5758.518346395094,306.57109341936285,2.3142631268972523e-12
5758.979375003903,306.6199993684155,4.0278307832180435e-11
5759.259565202127,306.6497238782707,3.1052202090310445e-11
5759.536313415615,306.6790846582371,-3.586300618415681e-11
5762.084763738284,306.94952124147954,6.084919764595329e-11
5762.182284010899,306.9598722794136,-1.3257941461775343e-11
5762.301458789082,306.97252201687013,2.767189761455952e-12
5762.693308239135,307.01411649296415,-1.1215327891633857e-10
5763.004436828678,307.0471445348329,-5.3694713585880645e-11
5765.724023268764,307.3359197774205,3.1939099341536853e-12
5765.954288897389,307.36037644695057,-3.266389307435672e-11
5766.349517176615,307.4023561890722,-1.5136988151390143e-10
5766.556162579079,307.42430647428256,-2.9513881716038966e-11
5766.836636977787,307.454100280516,4.618887558895793e-12
5766.950254055483,307.46616983438724,1.829331030205631e-12
5767.401375116009,307.5140948176072,6.28052025379034e-11
5767.55564077201,307.53048413669956,9.585072481731703e-12
5767.766501816326,307.5528869087804,-3.8612536701801176e-11
5769.072190349629,307.6916270366762,9.369590650180844e-12
5772.958388607286,308.10475334607986,-3.294755672186589e-11
5773.226626591698,308.13327892515287,-7.388825482759547e-11
5773.745174240378,308.18842726643925,7.2241437054037606e-12
5775.91421677974,308.4191619736774,-1.8215169166144263e-11
5776.493520197784,308.4808007885142,4.0357423815828213e-11
5776.569520170302,308.48888776645333,-8.59032830251191e-13
5777.27447182424,308.56390508093364,-1.656517420937572e-11
5777.927730549183,308.6334296728566,-4.564088675593565e-12
5778.344960689568,308.6778384828066,-2.3355810108158232e-11
5781.242859308399,308.9863711948136,8.775145365756278e-12
5782.259918463852,309.0946918561097,-1.9043278268769404e-12
5782.3727697789855,309.10671212403645,-1.0155152697846304e-10
5784.802313729036,309.3655499533375,1.0096047374165421e-11
5787.587005780042,309.6623581504664,-4.7099959666780643e-11
5787.916836346055,309.6975228153951,6.349406280169834e-11
5789.078458864382,309.82138437928654,8.202857423651509e-12
5789.5454714732405,309.87118803642716,-6.139882699194024e-12
5789.804425571373,309.89880542724836,-1.0518600526887772e-12
5792.291346459718,310.1640978231364,3.096320020424098e-11
5794.879237499224,310.44028217432634,1.4038001024917536e-14
5795.0541787473885,310.45895666826976,1.456044717381076e-11
5795.867608183251,310.545795413528,-9.345332116565893e-12
5797.327980774693,310.7017300227927,5.190752719590831e-11
5797.898845012998,310.76269603185517,3.4730850281011834e-12
5797.956221953066,310.7688239907304,-1.4023739793438938e-12
5799.883954508684,310.97474448951306,-2.5112340931824464e-12
5799.996237422222,310.98674066629104,-1.1035989812665124e-11
5800.299076827221,311.01909683637524,5.89294857840813e-11
5801.085933508337,311.1031746009885,-8.834437489415064e-15
5801.6983462925655,311.1686204560172,-1.006046748477999e-10
5802.444917541041,311.2484125794262,1.728462822580534e-12
5804.761475965767,311.49606731950564,-1.8138075796264516e-12
5806.023705488173,311.63104924025316,4.250413024544644e-12
5807.663021817425,311.8064003634031,8.252878518251194e-11
5810.248805032051,312.08309189546424,-2.0543778455645814e-11
5811.1510471491765,312.17966522847684,3.5934993748922375e-12
5811.182190796208,312.18299902026206,-5.31013064019765e-13
5812.807723396255,312.3570300092384,-3.697306664986488e-11
5813.363327641189,312.4165246632803,-1.791722425592933e-10
5814.583163909112,312.54716588892694,-4.2050001568522767e-11
5815.034569168191,312.59551714204713,3.0456113957133416e-11
5815.080759657177,312.600464943471,-2.3472227181781002e-11
5815.859114003251,312.68384608669834,1.0070690344831018e-11
5816.885243890488,312.7937872179225,2.5311671527713675e-11
5817.332283512489,312.841689794837,7.832748791800379e-12
5817.460315874776,312.8554097939923,2.0526767687372397e-11
5817.548275955115,312.86483580636997,9.379523488242532e-11
5818.281276624584,312.9433914519723,-4.257200087827554e-11
5818.711303683982,312.98948203712195,1.2192905143429863e-11
5819.805918016909,313.1068188976693,1.0725014569752278e-10
5820.071763978444,313.13531950823165,2.119896266436057e-11
5820.128438311411,313.141395575136,1.442533973171256e-10
5820.4705052904155,313.1780699026292,-4.733087507548258e-11
5820.615558109971,313.1936222287723,7.915870230409002e-13
5821.647308852535,313.30425603931934,6.251872948757867e-11
5822.669357302913,313.4138688140633,-6.469885073742992e-11
5822.752257034028,313.42276049803144,-9.46669194082671e-12
5823.034207695292,313.4530029932184,-3.7630219363658086e-11
5825.517047139184,313.7193796912869,-7.400206733942114e-12
5826.351294265472,313.8089091519156,4.0202108800253524e-12
5826.445940954155,313.81906722408246,-1.172190199057873e-12
5826.7507381841715,313.8517810826889,-3.205047059376113e-11
5826.874981205534,313.8651165656806,9.901881155659552e-11
5828.189101014863,314.00618352579784,2.2683287826751952e-12
5829.681888256987,314.1664685103718,-3.0855749489881564e-14
5831.29448972783,314.33966442643504,1.2023849189143046e-12
5831.945924829046,314.40964315760993,2.632269564070068e-11
5833.56056307028,314.5831251949242,4.1557408134853723e-11
5834.6386542955515,314.69898559578246,3.115330631811893e-11
5834.811550877512,314.7175684526955,7.52201160191605e-11
5836.737665061659,314.9246236876344,2.0917674801137088e-11
5837.066303562643,314.95995880329343,-1.0681869829996222e-11
5837.878469881537,315.04729122233215,5.1217723833971414e-12
5838.324735845472,315.0952834699505,-9.736461504108378e-11
5838.748226290729,315.14082978964,-1.3836740817919116e-12
5839.784271618254,315.25227020190385,-6.372008485399805e-14
5840.626950027073,315.34292601958293,-1.7839572433286305e-11
5841.66257694813,315.4543572630166,-4.444846981674372e-11
5842.958981586085,315.5938754766937,-3.611346815858805e-11
5843.322213613269,315.6329718206322,3.392784991124658e-11
5843.537290297849,315.6561226650475,-5.83263645577747e-11
5845.56733505465,315.87467856704666,-7.448208810739305e-11
5846.532922320344,315.97866094387325,-1.7520030200934258e-11
5846.541006247931,315.9795315601656,1.5522965105598576e-11
5848.10474100497,316.14796403893985,3.888066604484232e-11
5848.1987482418845,316.15809115055606,-3.405373610932667e-11
5850.379885078969,316.39310404491147,1.969034774410377e-11
5851.553451908714,316.5195896566834,1.0006304763952213e-11
5853.243182256086,316.7017513088038,-1.3648331115846847e-11
5853.833664225885,316.7654207136426,-1.822140462049482e-11
5854.9793872926875,316.8889779565458,3.320261075265148e-11
5855.634690678141,316.9596581550821,2.639523929209449e-11
5855.898570918177,316.98812217972005,1.7118839041386848e-11
5856.064228279522,317.0059918320811,-1.9113197538588156e-12
5857.078753305522,317.11544085511133,-7.56671413663206e-11
5857.745732598231,317.18740626729516,1.872833005977654e-12
5858.386549648232,317.2565565571503,2.4142940360608685e-11
5858.713293478128,317.2918182538797,-2.4816755731495407e-12
5859.921240682749,317.4221951517437,-2.7275433433596047e-12
5860.693121567544,317.5055203475383,-8.585792374730603e-11
5861.791248930865,317.62408304073153,3.140085730207778e-11
5862.231049330659,317.67157367124895,-6.879651435991509e-13
5863.621461202808,317.82173689202284,1.744203286356851e-10
5866.183758382987,318.09855594536634,-6.898027192473563e-11
5866.454601537078,318.12782368798446,4.516348603552877e-12
5866.815725742519,318.1668494467793,-5.586590732433445e-15
5866.906006793877,318.17660626182993,-3.025201683212447e-11
5868.4190433217955,318.3401448395249,-7.4097879661708e-11
5868.545038912703,318.35376514359626,-2.7743875611141785e-12
5869.478140470863,318.4546438622979,-1.036444157681247e-10
5869.893262786582,318.499528384161,3.0572605978125376e-12
5870.258389483216,318.5390098233172,-6.0671799722632e-11
5871.374516215652,318.659712718837,4.6630848879228836e-11
5872.508855468615,318.7824087091921,-4.968314061816899e-11
5873.504607465743,318.8901339219348,2.3095682156392297e-11
5874.249426138949,318.9707239081038,5.456244397465605e-11
5874.54079489014,319.00225302465816,1.3408641879009478e-10
5875.654742751029,319.12280813856904,-5.867900838270183e-11
5876.2975334152625,319.19238346613514,2.199203125992754e-11
5878.263159366783,319.4051890209761,-3.6861785469902196e-11
5878.698744124049,319.45235658685885,6.541940283376789e-12
5880.572478554182,319.65529493658545,-7.980461949070732e-11
5882.249830382514,319.8370185580303,5.5038833776974345e-11
5883.066362334819,319.92550005619,2.6934848751068285e-11
5883.397108655252,319.96134407134286,-4.5285974747769925e-11
5883.753796172987,320.0000016737022,9.345121229632779e-11
5884.0024953648635,320.0269569457754,-3.974906650920527e-13
5886.373825538678,320.2840308869831,-3.3834963176083284e-12
5887.012179515137,320.3532520084653,3.94987336885625e-12
5887.6366234524785,320.4209720313135,2.063551128332636e-11
5887.846426636473,320.4437264888525,-4.530478981715543e-11
5889.255824682979,320.59660547394844,-1.142084963229543e-11
5889.976517883218,320.6747940119755,1.0396802660976663e-10
5890.661149187819,320.74907902982517,-9.623046293027002e-12
5890.878759993378,320.77269241196274,-1.5257236133286373e-11
5891.540252633744,320.8444776525065,6.729139614876188e-11
5891.686710666244,320.8603723811706,-2.082709864373654e-11
5892.175733026599,320.91344763279307,-3.16620995291438e-11
5895.610099680904,321.28631517110045,1.5207612217119314e-11
5895.906047218965,321.31845622118607,-8.113355973303869e-12
5895.929951645511,321.32105240501267,-4.929651467071672e-11
5896.686012028658,321.40317115268573,2.3154553213356594e-12
5896.931324496186,321.42981778523995,-1.5652987670543788e-10
5897.00508244132,321.4378298282261,-5.16260423147756e-12
5897.486581380504,321.49013567562673,2.410951658793189e-11
5897.495581065546,321.49111336361455,-1.8932678707792527e-11
5897.711573506499,321.5145783229086,2.489285829049373e-11
5901.194743714506,321.89310119790446,2.0786743598061532e-11
5901.563533440023,321.93319137787904,-2.6936917922419007e-12
5902.165470269146,321.9986317599643,-9.272407105658444e-11
5902.183469639216,322.00058868876596,1.1332580167896345e-12
5904.009671518053,322.19916815956014,-1.1997061452634933e-11
5904.141856365685,322.2135441995567,1.1334094583513049e-10
5904.618216010461,322.2653543605209,-6.121690498220112e-11
5905.001910477349,322.3070890459696,-4.9356461573507406e-11
5905.050421937368,322.31236586071554,-2.9580154128116255e-11
5905.310504940613,322.34065702505,-1.8692119410193924e-12
5905.670926537751,322.3798648249985,6.219118553618008e-11
5906.651773790256,322.48657660466966,-5.1010691075135574e-12
5907.226569463646,322.5491200303001,-5.676686690210797e-11
5907.612584901873,322.5911257246278,1.736471171522055e-11
5909.054184450323,322.74802296545136,-2.4044438460581895e-11
5909.493984848138,322.79589649277483,3.542805731448796e-11
5909.966618307305,322.84734796437425,8.515236109508548e-11
5909.993617362392,322.8502872396433,8.803821077934234e-12
5912.492214129127,323.1223572391872,-4.2530979584303576e-13
5913.037192424475,323.1817147224259,7.331467525066675e-11
5913.079246216151,323.18629532897535,-6.62477276747602e-11
5916.067907409713,323.5119113754519,-5.596480294298031e-12
5918.857872924997,323.81602792474234,-9.341132309393e-12
5919.054681826825,323.8374862362514,-1.6406820921154921e-12
5920.83954041286,324.0321240936582,1.924243186097164e-11
5920.8900254881355,324.0376303170476,7.126450335227437e-12
5920.926024228215,324.0415565972635,3.374869760171004e-12
5922.188253736514,324.1792394731433,-2.1969683889623563e-12
5922.2373335978455,324.18459365367846,-5.815772858083274e-11
5922.459096889167,324.20878662848787,-1.5617093948833885e-13
5922.9865021150135,324.26632684759454,2.016274438493759e-11
5923.782082165924,324.3531347914773,-2.1212531121537312e-11
5925.78322528702,324.5715366095163,1.3935192422881552e-10
5925.896842362962,324.583938823133,-1.0856760553086427e-11
5927.420291676163,324.75025848501656,1.0528347488465242e-10
5927.690282226599,324.77973864617627,3.124069522233766e-11
5929.103264352843,324.9340435066246,3.489597848494088e-11
5929.464672756841,324.9735170554761,9.376204130146857e-13
5930.610893166645,325.09872482340273,1.2134119937224586e-12
5932.071399944737,325.25829883244387,9.427956751804473e-11
5932.511200341607,325.30635883185664,1.84606997700332e-12
5934.856802457947,325.56273900395337,-1.3926373686983912e-10
5934.9356918021185,325.5713635680161,5.776402991934905e-14
5934.98069022716,325.57628306448527,-2.1176018026078355e-11
5935.198869433205,325.60013624669085,-1.822899305414165e-11
5936.972896816572,325.794120362916,-1.7453687881508886e-11
5938.176075758598,325.9257170538489,-1.0425043465694538e-10
5938.611234212369,325.9733187123266,2.5526689040704924e-11
5939.923317236984,326.1168676100603,8.696371975064074e-12
5941.654667165986,326.3063350802393,-2.9635397696091646e-12
5942.049895438497,326.3495939860833,1.0144568102145803e-10
5942.686631047166,326.4192926376794,2.479471258424556e-12
5943.165737962698,326.47174178731655,-7.492496402655522e-11
5944.1954519224855,326.5844817116979,-7.43387866381812e-12
5946.227036079453,326.8069703221027,-1.5111036443388278e-12
5947.454537853153,326.94143682661684,-1.2941504058930376e-11
5947.88076767173,326.98813460262323,1.4276547222139344e-11
5948.1153278830525,327.01383446734025,7.130090988907885e-11
5949.87838985875,327.20703885915214,4.2591157080986553e-11
5950.5436797309985,327.27995924481934,-1.8383979193832346e-11
5950.629247788629,327.28933868935167,-1.3432908474244528e-11
5951.3220340670305,327.3652826294923,-3.4735280950006054e-12
5951.435651142705,327.37773829335185,-4.738762314031489e-14
5952.103617237147,327.45097118915373,-2.1396002781247277e-12
5952.157615347112,327.45689166600874,-1.2523513574309001e-11
5953.628108614951,327.6181405741569,-2.7982864496037904e-11
5954.033947041703,327.66265034378404,-1.8326608052420159e-10
5954.814196047864,327.7482316008835,5.546280941573998e-11
5957.061851587552,327.994827358391,1.2601334204176718e-12
5958.050577507124,328.10333235658135,-1.3532019797592362e-10
5958.106470287438,328.10946669331196,3.847884933778797e-11
5960.295698924204,328.3497838828741,3.981178990910811e-11
5960.359044075215,328.3567387552596,1.0701974454158163e-10
5961.054917086788,328.4331458069818,3.370438832914318e-11
5962.210421378932,328.5600402055897,-4.37136925867479e-11
5963.781679539813,328.7326310461001,2.647317194087345e-12
5966.113347926113,328.9888310232725,3.185370116877263e-11
5966.856824534345,329.07054409640267,4.025693465139985e-11
5966.858166592873,329.07069160685603,7.636939744572463e-11
5968.749403026341,329.2785971348499,3.3236725217365854e-12
5971.987679151855,329.63473708527994,1.1500343006204002e-11
5972.3938017786195,329.679415374176,-2.161934881513673e-12
5972.456799573461,329.686346148376,5.4104157916826016e-11
5973.682896130281,329.8212511159364,5.848936722138958e-12
5975.3134890544,330.0007049176113,-2.9503599725217004e-11
5977.297966959816,330.2191713668514,4.074849060175149e-12
5977.557418404534,330.24773912104,-1.1801692363997422e-10
5978.049109088507,330.3018817417342,-1.5468361341873947e-11
5978.390962911888,330.33952767022697,3.064450292076351e-11
5978.513374416501,330.3530085014274,-8.288846399002171e-11
5978.885037722646,330.3939404166318,-8.476691244418813e-11
5978.9248336980545,330.3983233662423,1.0671702216111467e-10
5979.067778694543,330.41406692535463,-1.1434090605881766e-14
5979.195676849295,330.4281535867673,2.3047062360904172e-12
5979.609464997007,330.4737301440085,2.6270192379916663e-13
5979.846133028546,330.4997992831074,-2.0844042127655362e-11
5981.187251873837,330.6475438937353,1.3328340495127778e-11
5982.346766549903,330.77530875237386,-2.7392106571812072e-12
5984.463634556459,331.00862655063463,4.3918765289554134e-11
5984.74551416325,331.0397010966769,-7.65710696117163e-12
5984.784473326095,331.043996089014,-4.431644937458143e-11
5985.25710678198,331.0961030565656,-7.973891853624582e-11
5987.782702586288,331.3746150834726,4.3591919797277626e-12
5989.42482931522,331.55576491102664,-1.0539026724928783e-12
5992.232020524485,331.86555288377633,6.754875286966835e-12
5992.468404355059,331.8916456803718,-1.1603704243983361e-11
5992.708103859471,331.9181055226126,-1.2049128085539854e-11
5993.790339660262,332.0375840633932,-5.680957856596992e-11
5995.806245409545,332.2601970386399,8.612277761851191e-11
5995.828815672115,332.26268985734464,-9.667594521692509e-11
5995.87824288921,332.26814897997065,7.126640782523073e-13
5997.848723912293,332.4858207429694,4.313375164782476e-11
5999.294120684301,332.64553386172594,-3.904991011777357e-11
5999.625151201871,332.682117411574,2.4710607658775506e-11
6001.499446117655,332.88929155496055,1.2852131177526825e-11
6002.051671523483,332.95034382399473,-6.32202258782659e-11
6002.834809899042,333.0369347220106,-1.4695461211239057e-11
6004.874051671604,333.2624648406156,5.271202939672064e-11
6005.1009542552865,333.287563887206,-5.952923370047303e-13
6005.382265460168,333.3186827123031,-1.442056051921027e-11
6005.445831656209,333.32571464740926,2.0906256739174313e-14
6005.719690490405,333.356010807497,-7.90906058746023e-13
6006.056626064188,333.3932868486535,4.865583120011029e-11
6006.420071236367,333.4334980587284,2.7479372285339414e-11
6006.491081908308,333.44135489254506,1.600568402772353e-10
6006.744059894551,333.46934589092126,5.1491059420353734e-11
6006.755451601086,333.4706063652455,-5.694525449205768e-11
6009.718455772703,333.7985392660702,-2.763307171097145e-12
6010.940684039722,333.9338574890832,7.653429635386176e-12
6012.0336799884835,334.05489114545725,1.301418867485449e-11
6012.244051571459,334.07818931244697,2.7171177694417642e-11
6012.395506796021,334.0949631335336,6.80550187756585e-13
6012.947732201309,334.1561262412459,1.9789317489023836e-12
6014.845157884006,334.3663231844425,-1.0159672349528584e-10
6017.659880402485,334.6782604923867,-7.48717418466443e-11
6017.7948756765945,334.69322480422153,-3.4815254714568686e-12
6018.787461981656,334.80326393468187,2.3223313143325655e-12
6019.877158045358,334.924089650829,-7.028383372930078e-13
6020.223582760095,334.962505874275,2.212290831233941e-11
6020.291293547655,334.97001481375156,-1.7854903778238315e-11
6020.761116574187,335.0221192168392,-4.367126670966148e-11
6021.143255827956,335.0645022959947,2.5337374275487788e-11
6021.751800313847,335.1320015407326,-7.618553777391738e-11
6021.894745309788,335.1478578693605,-1.8410831779896525e-11
6022.340948110675,335.19735581994365,-1.67640038269551e-11
6022.421945275109,335.2063413510179,-7.831028591978898e-11
6023.315535045463,335.30548097389885,4.4949546946676623e-11
6023.648176032,335.3423896988366,-1.7710299733167026e-12
6027.807609367721,335.80407852083664,-2.551450836761494e-11
6029.121729152456,335.9500094506285,1.1997262621961255e-10
6029.200405345436,335.9587473270584,4.9949065598196924e-11
6029.392572302479,335.98009010911335,1.4160223607894654e-10
6029.755804323381,336.0204338760064,1.1418303791023907e-10
6030.298532691677,336.0807186264199,-1.826789295077913e-11
6030.998210829142,336.1584449249807,-2.769385480583136e-12
6031.516900565553,336.2160712872238,4.324274661600646e-11
6031.595150457476,336.2247652702567,5.4831600696030815e-11
6032.128744935176,336.28405348799197,-1.0147148056635998e-10
6034.691042075577,336.56882595572864,4.013023662127808e-11
6036.664341414465,336.78821992539946,-1.7812070123475331e-12
6037.49162561016,336.8802197902294,-1.3459216563446064e-10
6037.985424112385,336.93513969116555,6.029657246557445e-11
6038.123592959731,336.9505075314936,-1.3671259298144736e-12
6039.705532314679,337.1264839162901,1.2763462707891685e-10
6042.011891044963,337.38312797341996,-1.343622874223445e-11
6043.422062728752,337.54009553767025,9.027105862593723e-13
6044.662858763347,337.6782400314312,1.4408075974305793e-12
6045.800284732052,337.8049006944249,-6.569357318497185e-11
6045.958766025773,337.822550631945,-2.344162256401184e-11
6045.9767653956105,337.82455523691925,3.5737388263582927e-11
6046.770442872536,337.91295369919106,2.1444840303020132e-11
6047.386163421776,337.9815396109032,-2.6082259725434005e-11
6048.676244572455,338.1252660708077,-1.2772652518150158e-11
6048.959671491905,338.15684644608945,1.1547094588025723e-11
6049.441936186794,338.2105853923859,-2.929586616572625e-11
6049.927232354796,338.26466646168245,7.270546452271893e-11
6051.137571559768,338.3995647278534,-6.769827338859447e-11
6051.997909860649,338.4954700773277,-1.4738589762756877e-11
6052.087906709782,338.505503173584,-4.407608220721854e-11
6052.261079594192,338.52480938275954,-5.436648072743295e-11
6052.90443864943,338.5965392174762,5.572316899862226e-11
6053.561494592982,338.6698040249127,1.7427118681932597e-11
6053.963535780603,338.71463741741667,1.3076456792804257e-10
6057.503940777519,339.1095722071573,-4.444127847142983e-13
6058.483801208879,339.21891715598736,-6.048475028159687e-11
6059.048334075884,339.28192274728445,-2.2496658200235953e-11
6059.1458622405435,339.2928081284091,7.743637264933725e-12
6059.916969454116,339.37887965048134,1.020320313366788e-10
6060.018429059839,339.39020545744575,7.336339733241449e-11
6060.198991159366,339.4103618443703,-3.167774619654642e-11
6061.414043356225,339.54601535286093,1.4741189226206065e-11
6062.06252591542,339.6184257880801,5.256574374033019e-11
6062.937768956756,339.716168887074,-1.7924977593209256e-11
6063.242147773848,339.75016381404345,4.433683664522955e-12
6064.0953810592755,339.84546733250284,-4.384343641466069e-12
6065.4386077154195,339.99552876831865,9.106324490565767e-11
6065.453796657385,339.99722582345896,-2.0738539456499524e-12
6068.649884758382,340.3544181527049,4.568061930828077e-11
6069.037439610475,340.39774377448254,-1.2137002721114561e-12
6069.080827565306,340.40259438298943,5.319784862591512e-11
6069.193678877419,340.4152108933244,-6.919118397198164e-11
6069.289864983481,340.4259644581448,-3.865553486162743e-12
6069.588125593516,340.45931094819235,2.5473925233249564e-12
6070.5485103899555,340.56669617308205,4.573975579271138e-11
6071.167530822198,340.6359208178813,8.537798038538533e-11
6071.649029753794,340.68977140492865,1.6652434804999698e-11
6072.069772917538,340.7368305952391,-2.112300018098364e-12
6073.125499112495,340.85492558677896,3.561369312975876e-11
6077.765649809636,341.37422268480765,5.088198185145366e-13
6077.804458977046,341.37856764036167,5.543743165818833e-11
6078.125297744035,341.41448882911516,1.838228795033336e-11
6078.346145274776,341.43921607583445,-1.6665696396944646e-13
6079.056362513693,341.51874180965126,-2.9580903307105603e-12
6080.391442085277,341.66826091285986,6.101401963090558e-12
6080.8081748627,341.714938646097,3.052979223934833e-11
6081.544475398661,341.7974185959752,-4.265169563574595e-11
6081.856519736405,341.8323766308239,-2.469276578263018e-12
6083.2903905856965,341.99303489620746,1.0367087588206032e-11
6083.662053888399,342.0346841449801,8.704549211699341e-12
6084.58475842428,342.1380950515911,6.473802894757739e-12
6084.777130636145,342.1596568918734,2.6391702569651533e-12
6084.8761271699095,342.1707530815773,-1.7345265394477565e-11
6087.233602522439,342.43504793101016,9.811664235478123e-12
6088.441068140258,342.5704556707001,2.7811119527871285e-12
6088.74895999147,342.60498760915704,2.993437893121986e-11
6089.067611992339,342.6407282024971,-6.231662246999856e-12
6089.103610731877,342.6447660047917,-5.819618940252606e-11
6090.301303007488,342.77911889016843,-1.0473471559876597e-11
6090.695536572348,342.8233483980965,1.2781120065182364e-12
6090.733722077695,342.82763262505756,8.006817388972269e-12
6091.64685852675,342.9300900700212,1.448958377091965e-11
6092.8301986727065,343.0628882653478,2.265831323758563e-11
6094.483930243431,343.24851849531535,-1.3460295278424575e-10
6094.865090581864,343.2913106245424,-6.490163026763749e-12
6096.907719061975,343.52067814728764,1.925205166970924e-12
6097.460647070144,343.58277986022694,-2.9002960977887235e-12
6097.62496236934,343.60123590076284,8.02342090845774e-12
6098.441778506463,343.69298879690587,2.469247117024037e-13
6100.321836362033,343.90422225547394,1.985784798085105e-11
6100.492980369787,343.92345433354643,-3.599983783789527e-12
6100.578682631856,343.93308521291294,-5.4848200818820904e-11
6106.243557964168,344.56998141194936,1.4135690614185934e-11
6106.468415880371,344.59527415758674,-8.915666046815276e-14
6107.359613622637,344.69552812274526,-1.3232908035345698e-11
6107.771775506486,344.7418986088978,8.553721410093045e-12
6108.155469966396,344.7850691653019,-4.064357646479992e-11
6109.7449327325385,344.9639330337575,3.965755160773222e-11
6110.268619659049,345.0228742508886,-1.0479512415187055e-10
6110.382236733126,345.03566257449364,2.8123383228038517e-13
6110.55717797621,345.0553537879164,9.333118169405873e-11
6110.703778106178,345.071855387814,1.3383953319533643e-11
6111.021727499492,345.107645759294,-3.1438455685365473e-12
6111.193913575372,345.12702887777687,-1.4424592674396347e-12
6114.240520055896,345.4700780236881,6.558439372148058e-12
6114.834025590082,345.53692688982164,5.721228336113085e-12
6115.138680711737,345.5712439164285,2.6666685457141943e-11
6116.150955792739,345.68528109832675,-5.012373630253456e-11
6117.355042578372,345.8209512809185,-1.8169527639715486e-11
6120.678610412047,346.19557206650404,4.0750318599098604e-11
6120.786606630371,346.20774843074787,-1.9114311775050058e-11
6121.023061508465,346.2344090099939,-3.1819155887655404e-12
6121.148433434491,346.2485452671468,1.0583299420676217e-11
6121.632458591161,346.3031240305091,-6.134862416008683e-11
6122.54122940096,346.4056088476221,1.0661694271484984e-10
6124.875652921935,346.6689385396411,4.896771947814608e-12
6125.305814174889,346.7174729201444,-1.1219485583258733e-11
6125.589809493849,346.74951750882946,-5.6650869404166e-12
6126.194627788939,346.8177670831063,-1.305615471140629e-10
6126.394523420893,346.8403254084225,4.840891184344647e-11
6127.172025142796,346.92807387853156,-9.72814884868157e-11
6130.843841305321,347.34262375336914,1.9610267459436413e-14
6131.328150662285,347.39732106019545,-3.5948226705339305e-12
6131.975228003689,347.47040792708196,-9.758391498902652e-11
6133.930946362613,347.6913516313531,1.382526917371884e-11
6134.620630106567,347.7692841949635,-1.8531205204951174e-11
6135.3380234067545,347.8503571673212,-9.603202893514662e-11
6138.735767585205,348.23446670135405,-1.8875526478447008e-13
6138.934463258787,348.25693551049784,-7.40330775838442e-11
6140.946224391099,348.48446947840443,4.0234999997895405e-13
6141.2051784809055,348.5137630887995,-1.2709808162505153e-11
6142.377979517561,348.6464490856227,-6.342645605459845e-11
6142.5359713535345,348.6643255836281,1.0176294130535567e-10
6142.6119713234975,348.6729250101789,-5.5039829766750244e-11
6143.0086048029325,348.7178059712703,8.774290426084782e-11
6143.692099289341,348.7951534167234,4.544293699073157e-11
6143.899660442105,348.81864371481953,1.2341100545757946e-10
6144.019332567304,348.8321877172551,1.8149779658535622e-11
6144.844437884341,348.92557694746495,-2.5763537517359542e-11
6144.869613318691,348.92842661654595,1.0614274153352742e-11
6145.800393882382,349.03379214370904,-3.969088898928506e-11
6146.245262514773,349.08415746740815,-2.31136887544004e-11
6146.630006936483,349.1277188331062,9.321434141480015e-13
6146.761489174321,349.1426060830425,1.1958622822530965e-11
6147.304359637499,349.2040766796059,-3.8469738079825315e-11
6147.432115690035,349.21854360989863,-6.208362547133913e-11
6148.151901011008,349.3000567882308,3.5540083742219934e-12
6150.483506204377,349.5641684763291,-4.1231948677078264e-12
6151.933821205979,349.7285028729139,-1.4260604574771157e-12
6153.63663262878,349.9214969523324,1.5606115358796523e-13
6153.79792434886,349.93978028193646,3.7618225091689324e-12
6154.271899856321,349.99351086230433,4.149990416122055e-12
6154.768153530567,350.0497713639452,-5.3437103480841534e-12
6155.239950166954,350.103263366807,-1.9611446036327386e-11
6158.019155473779,350.4184511159191,-1.1623767763993227e-10
6158.450658784046,350.467400367794,-9.223344330760764e-12
6159.219658170239,350.55464329910234,7.149990955289106e-12
6159.702349161628,350.60941012598454,2.8975956588585975e-12
6159.819345064429,350.62268529868646,-8.717392559136485e-12
6160.92168804011,350.7477772157976,4.5009519229575594e-12
6160.9756861490905,350.7539054001057,6.7505570061375446e-12
6161.070332834918,350.76464687499805,3.717520214783429e-11
6162.276101135846,350.90150424814544,2.669799028872183e-12
6163.634035160966,351.0556648323767,-6.382722781257796e-11
6168.168778987225,351.5707214956162,1.824729800984639e-10
6168.600984904082,351.61983125969596,3.422627867882254e-11
6168.9469201579695,351.6591409257842,-1.0843633530714829e-10
6171.078069209504,351.90135844083756,-1.7345330951875145e-12
6171.506619991145,351.95007583916,-5.7717140384759894e-11
6171.709183949812,351.97310436712985,-5.0687155470152424e-12
6172.198206298054,352.0287020947548,-2.408197370183265e-12
6173.231433272029,352.14618579708514,-6.776942725285083e-11
6173.670807358584,352.19615105448366,3.157578224044175e-11
6173.732265732845,352.2031403334254,-2.530827972275292e-12
6174.457529807529,352.28562536438267,-3.883417924473657e-11
6175.251341481363,352.375917490845,-2.9955346616194705e-11
6176.181916786961,352.48178057921314,9.18162428098365e-11
6176.753696763154,352.5468346982531,5.1160365117001245e-12
6177.193497150616,352.5968769713094,9.061111776313422e-12
6177.3374921077,352.61326207619777,-8.869632954106353e-11
6177.734046641052,352.6583877670157,-1.37824007951317e-11
6186.058739313056,353.60635997934827,-9.68900188393506e-11
6189.765283188535,354.0288524276389,5.111728538041955e-12
6190.259081684377,354.08515742495837,4.4321515348988144e-11
6191.712712355004,354.2509326278464,-2.1823743694267637e-11
6192.514686899993,354.3424082099448,-3.234869175387218e-14
6192.795998100367,354.3744982019753,3.923827141426252e-11
6192.995617425295,354.3972702468805,-5.06310946857359e-11
6193.629053135841,354.46953577846244,2.5475403945039437e-11
6194.047475323898,354.51727553969783,9.258462662568973e-11
6194.938957260345,354.61899967459493,2.5599754575100563e-12
6195.297973634426,354.65997001267004,4.0808695922052e-11
6195.322083316091,354.6627214536176,3.5602465657288985e-11
6196.032655798897,354.74381809259603,-2.7886652309202265e-11
6196.524204373286,354.79992328307367,1.2979836762072166e-11
6199.505492067213,355.1403018264583,-2.547850225530939e-12
6199.9784728704835,355.19431787437287,-3.0472012167472264e-12
6200.097860794441,355.2079530406674,2.3498988053600344e-11
6200.523459046909,355.2565622952922,-2.5086329392044366e-11
6200.859620957967,355.29495903123666,-1.7983333468140173e-12
6201.195988124764,355.3333812952211,-8.594294195960068e-12
6201.273409097801,355.3422251676515,1.0106618262869376e-12
6201.433224553173,355.3604813904783,1.7928643589963812e-12
6201.5523993266015,355.3740954064343,2.0615359604062688e-12
6201.848346856722,355.40790431692136,5.986716233725609e-11
6201.974342443917,355.4222984848265,2.8716063934037367e-12
6202.334266680494,355.4634190745871,3.5078180625064038e-12
6202.898381134398,355.5278727697849,1.6891300338230425e-12
6203.02620034175,355.54247774878013,-4.7738162518327095e-11
6203.609443073204,355.60912450909905,4.346839041596845e-11
6204.161668469504,355.67223271428963,1.220110322454932e-11
6204.277890714752,355.6855152842111,2.7127529020831037e-11
6205.588497445074,355.83531644529825,1.887962407396259e-11
6205.998906755566,355.88223236286973,7.829992805156379e-11
6207.295524502073,356.03047553447664,2.118490756620971e-11
6208.882879434278,356.21200104631146,2.8367048122170476e-11
6209.63901874165,356.2984873632042,-6.485466293691195e-11
6211.005099844233,356.4547648009276,-4.2289760851705635e-12
6211.091094200971,356.46460356440315,-3.054613460564162e-11
6212.0938722379315,356.57934319433207,-1.0314875930063479e-10
6212.359797135101,356.60977389701964,5.894494540538813e-13
6212.508078783652,356.62674284291654,-1.0342494129450498e-10
6212.909346308779,356.67266483093704,-6.3211891186291215e-12
6213.462842712989,356.7360131129032,4.532722242916272e-12
6214.241197031371,356.8251061823294,-8.586698625632044e-11
6215.221341650526,356.93731272727916,-1.3864776144619884e-12
6217.229858146615,357.1673021410262,3.556785512741791e-12
6217.667898067864,357.21747069587406,1.0088905728536885e-11
6220.394802561129,357.5298615779061,6.421822831636583e-11
6222.470816692266,357.76777908258373,-7.607310827769947e-11
6222.775266555465,357.8026766336732,-1.4607178835828367e-11
6223.158534710692,357.84661115540297,-2.5577158706703002e-11
6223.487244250595,357.8842937083971,-7.86751478280836e-12
6225.386856665258,358.1021001671579,-4.0184597378773035e-11
6225.469614293062,358.11159053269176,-5.454371005397188e-11
6226.469092444625,358.2262172774521,3.701424187186719e-11
6226.832324459493,358.2678796789232,-5.853738729863734e-11
6227.229163191937,358.3133995202334,-9.176562869961504e-12
6229.381256236298,358.5603083413862,-2.8455536378145778e-11
6229.9099324564595,358.62097621764065,-1.84687585484209e-11
6230.626623144087,358.7032277854994,-5.920383158694217e-12
6231.3172936902065,358.78250208410924,3.5081707265900035e-14
6231.929706450917,358.8528014023905,-1.3045559736888089e-11
6232.110971154798,358.87361023820785,-9.870932128579338e-12
6232.757274833728,358.94780957106104,1.0129997183331173e-11
6233.540760550065,359.0377684985016,2.13968867681469e-12
6234.846235878129,359.1876867892729,-5.189550707245e-12
6235.154546131866,359.2230971319358,3.503095301367028e-12
6235.8767945193895,359.30605634649515,-4.221060601191039e-11
6236.336062643594,359.35881400326747,4.2841413407477744e-11
6238.41292937414,359.5974391042808,8.335300146778333e-12
6238.924521981837,359.6562315952734,5.976902403644424e-11
6239.141217023335,359.68113575671964,-5.010038625603197e-11
6239.674811491732,359.74246397968733,-4.9669115911365014e-11
6240.115038177981,359.79306500511626,-1.157289913261642e-11
6240.318170536895,359.8164148743281,3.028033051746322e-12
6241.479643013146,359.9499396158909,8.039707920825327e-11
6242.915195363286,360.11500735768453,-2.3660002966470593e-12
6244.022953931372,360.2424095080726,1.6754730349338342e-11
6244.9273748847745,360.34644277429214,-6.27571746892986e-11
6247.010849277128,360.58615692665114,2.973157007220126e-12
6247.116603467908,360.59832660776226,1.0536849081913008e-11
6247.251598739412,360.61386151044246,2.1629631906035466e-11
6248.014195712573,360.7016254795533,3.698303744318888e-11
6249.076892700977,360.82394451989904,-4.704336087956459e-11
6249.6540093287085,360.8903807812809,-4.0782942426999995e-11
6249.734303884647,360.8996245812915,-1.4463490351957073e-11
6250.846917545369,361.0277249188596,1.2961081225864303e-11
6250.960534618134,361.0408074591742,6.370744340302957e-12
6251.241364255521,361.073144861302,4.192521641308506e-12
6251.675535889973,361.1231423822667,-3.777881673389696e-11
6252.441930098299,361.2114058404084,-2.0065799613726255e-11
6253.679070976156,361.3539066932496,5.2032425271175885e-11
6257.3540448846215,361.7773771464522,1.3761795255468259e-11
6257.610891151129,361.806983067349,3.385591477824867e-11
6258.947304866741,361.96104719427143,-6.539843602490662e-11
6259.849546948056,362.06507785363084,-2.772771083436387e-11
6260.454933637889,362.13488878608376,1.5756180675178715e-12
6260.822168142951,362.1772401876404,5.854868834974309e-11
6261.520993664876,362.2578392591037,-6.801491940013688e-11
6261.59299114293,362.26614360246396,6.012966722932618e-13
6263.505755722868,362.486800932838,-1.832452861880737e-11
6264.195439459548,362.5663796715263,-2.2959032937160506e-11
6264.870013199413,362.6442234286229,2.9109751728689285e-11
6265.4899493791745,362.7157695689487,1.159856766703044e-11
6267.003199005129,362.8904417451731,2.7298766062650072e-11
6267.113303043007,362.9031525383848,-6.414695658954241e-11
6267.203584091221,362.9135750633246,1.3546499975132442e-11
6267.8051735452755,362.98302958682694,3.315534163583295e-13
6270.534320054071,363.29819790584486,-3.7584851370672085e-12
6271.4761370637025,363.40699301400946,-2.580369889179474e-11
6271.718994346365,363.4350496107424,-2.541584678531411e-13
6273.352618702472,363.6238057233815,-9.001016821977586e-12
6273.8598456719565,363.68242295034605,-1.8870039111924857e-12
6276.279055667549,363.9620619763189,-4.976162280571306e-12
6277.204010110012,364.0690069218699,4.18926160748417e-11
6277.579470642215,364.1124228609048,1.0740859803815809e-11
6278.722951640325,364.2446639445446,-4.6934264137158183e-11
6278.759652986251,364.24890877409905,6.691379850449796e-11
6279.87788750001,364.3782542070137,-3.2545434718584245e-11
6280.47976115415,364.4478820624925,-6.094708340125701e-12
6282.091367858945,364.6343539123973,-6.786139898957848e-13
6282.860793538507,364.72339761208303,8.933496373609033e-11
6283.472148438914,364.79415595274213,5.244241512641397e-11
6284.25239742329,364.8844721296354,6.658410560069748e-11
6285.010076145598,364.97218646291077,-1.54998281277863e-15
6287.249789795513,365.2315336405089,-2.4285957305063942e-11
6287.319679452577,365.2396279855633,3.6669696142219457e-13
6288.842765573201,365.4160481729606,1.0704809783203114e-11
6289.185890395963,365.4557984717381,3.7490285765940924e-11
6290.835051047611,365.6468805729208,4.541283653828153e-11
6290.895372618549,365.6538707583908,-7.371201055617069e-11
6293.438683526872,365.9486557525608,5.015856732531388e-11
6293.72499981332,365.9818489899875,-3.2165406110997106e-11
6294.230324216904,366.0404359744555,-9.546902409871934e-12
6295.507118964709,366.1884876887969,2.3641940049430477e-12
6295.651113920432,366.20518661865026,8.077576964913549e-11
6295.679305038007,366.2084559549284,5.659382500003047e-11
6296.539359120852,366.3082038405264,4.506794811525819e-12
6296.810486465553,366.3396516405497,1.1246869896527725e-12
6297.682350660838,366.44078750867624,-5.694609267794017e-12
6300.576025610258,366.77655290463485,-3.2816521319008256e-12
6302.235662209237,366.9691971900099,-1.3663402482531738e-10
6303.3538967209515,367.0990261965729,3.755277473686147e-12
6304.772152301606,367.26372131360273,1.7386960306250665e-11
6305.028856466816,367.2935350789283,-4.1067894357456524e-11
6305.176096046016,367.31063611380864,-7.217168925916956e-11
6305.518084065597,367.3503576070156,-8.718106885608084e-12
6306.544213908939,367.4695542724057,9.164736007938318e-12
6307.582019659134,367.59012695554475,3.5616967698052397e-11
6307.795975321847,367.6149868759145,3.7517162992107395e-13
6308.7290768447065,367.7234155963328,1.5886029619795693e-10
6309.1441991447255,367.77165899608974,2.919741010284443e-11
6309.293333394201,367.78899139416876,3.6388550031935304e-11
6309.527325196998,367.8161867716661,-2.5771315399048292e-11
6310.026334032219,367.8741867604745,1.5716761438400393e-11
6310.320797400962,367.90841450303975,-7.891380688382407e-12
6311.162283712016,368.00623573430585,-5.5960230874036986e-11
6311.388128432118,368.03249198653646,-1.7172426191364058e-13
6314.470520451664,368.390938594181,8.533881459736058e-12
6315.81163925945,368.54694986909107,2.2379864591536453e-11
6315.931879784372,368.5609389712758,7.146342020165207e-11
6316.605182513202,368.6392777209538,1.3435717691414874e-11
6317.478096670189,368.74085368486317,-1.5193353218748906e-11
6317.897789862454,368.7896959470816,-1.7278064174399944e-11
6318.329569473126,368.8399481658588,-2.9207554593662173e-11
6321.039106132133,369.1553731523626,4.43785659080857e-12
6321.222683911329,369.17674886345395,-1.584437564605293e-11
6321.742502543309,369.23727967046386,-2.7705446000749127e-11
6323.794549076833,369.4762809154957,1.4166901824455663e-13
6323.906974085574,369.4893772638357,-7.923748353644882e-12
6324.9444956336965,369.61024876007326,3.8189815781749613e-11
6326.3437650349415,369.7732953681895,1.0964018800852664e-12
6326.788696816309,369.82514756526524,-2.15549860946471e-11
6326.969258911899,369.8461912501267,1.6353580818217264e-10
6327.837041669062,369.9473357330569,-2.4957224524756445e-12
6329.077837674721,370.0919808996954,2.3810901484517683e-12
6329.9497018678385,370.1936349919421,5.5298252619646475e-12
6331.873139747366,370.41794573676844,3.1758305056562765e-12
6332.136743670682,370.448692456603,-6.785949730760915e-12
6334.099069661432,370.6776180799038,1.4946463049966457e-11
6334.718090080406,370.7498479316097,-9.878640589472857e-11
6334.764146361735,370.7552222503034,-2.3137917161343644e-12
6334.988933223626,370.78145324474957,5.207981032057676e-13
6335.1231627318575,370.7971172974764,-3.432498679224351e-11
6336.4060677876305,370.9468439883887,1.4607523221798734e-10
6336.67605832876,370.97835820230193,-1.0615394834656038e-10
6339.070803380356,371.2579397612417,1.245546434341811e-11
6339.725340976242,371.33437406186357,1.4747895260533908e-11
6339.908847705006,371.3558046651878,5.961621157919678e-11
6341.043186912569,371.48829081623484,-5.5299589662117847e-11
6341.510199498933,371.5428428522887,-1.4878067918577417e-11
6342.181883862043,371.62130977272074,1.4540038487063202e-11
6342.723570148169,371.68459622568355,-6.963711675100032e-12
6344.613969709917,371.90549829397594,-5.2350799864857424e-11
6345.462979439402,372.0047304900704,-1.3469956789920933e-11
6345.653243826377,372.0269703991538,-2.8034686891165427e-11
6346.1487948861295,372.0848982450053,-1.4092615847656821e-11
6347.019893315769,372.18673697215627,-2.158261796927211e-11
6347.172887955617,372.2046247744072,1.4945499985134906e-11
6348.507683297558,372.3607044484111,1.2898473010511098e-11
6348.883428028386,372.40464677790544,-8.573116227832002e-11
6350.135331537583,372.55107227314807,-2.318434425659704e-11
6350.989898966858,372.65104101223557,-2.2058059446164965e-12
6352.29951887448,372.80426866220233,4.3024210595066014e-11
6353.706880094814,372.96896742229575,8.94077845780336e-12
6356.014580824523,373.239108855926,1.3020876285294254e-10
6358.108807453601,373.484345734354,-6.9588747745195835e-12
6358.272562242755,373.5035250556373,-2.9737517414943297e-12
6358.925055172263,373.5799513688812,1.808408774245888e-11
6361.156534887135,373.8413832334111,2.0851216594210003e-11
6361.439188142271,373.87450438272083,-1.0275826756700429e-10
6362.2920030008445,373.97444566651296,-1.0694128316375416e-11
6362.540275881611,374.003543257192,3.037859518627761e-11
6362.6101655382745,374.01173453230507,-3.758398291988263e-12
6364.607227149687,374.24583409685545,4.923818849574088e-13
6365.56521990173,374.35815800097777,-1.9698043164004795e-11
6365.702607193511,374.37426794002215,-4.060138292055486e-12
6367.34494702182,374.56687449622245,1.0638555483366608e-10
6368.695989161123,374.72535615979103,3.3931089895077815e-11
6371.022455019935,374.9983370172163,1.375531393716768e-11
6371.396091929294,375.0421877966486,-2.8112445468024774e-13
6373.385488018425,375.2757106221827,-4.0184405316353856e-11
6373.844835082684,375.3296408752284,9.346721727392596e-11
6374.483615333896,375.4046441809521,1.469665728328001e-11
6376.313827526145,375.61958280820403,8.163454786682097e-11
6376.8963597480115,375.6880078624092,3.683644189182595e-11
6378.346682618469,375.85839198169634,9.245453118734385e-12
6378.876124594874,375.92060054789226,-3.22850568187746e-11
6379.598372974376,376.0054718775062,-2.8102259494598408e-11
6380.601150998204,376.12332414775574,6.000677036051897e-11
6382.053021182482,376.2939891489195,2.7495586002153322e-11
6382.170506539665,376.307801061553,-4.8508992468903016e-11
6382.856756180297,376.3884836005833,4.0806714449917003e-13
6383.518951400215,376.46634627967774,4.827511330947911e-11
6383.566760251346,376.4719680844724,8.766345355213376e-12
6386.196973359974,376.78131762830304,1.0809528882314525e-11
6386.333736989542,376.79740641350753,-4.502021253059936e-11
6387.1042126260145,376.88805110870186,-9.027066489439976e-11
6388.696485784647,377.0754130520816,1.6636040149464346e-11
6388.847941004563,377.09323714040676,-9.806464437253811e-13
6388.892371026537,377.0984659913961,4.216015672566606e-11
6389.276065477865,377.14362348274375,5.4157703899740685e-11
6389.524338358131,377.1728444810737,8.958526982637218e-14
6390.11403874918,377.24225505903377,4.604590743862567e-11
6390.865528208475,377.33071827304417,2.979165576585379e-11
6390.9555250551475,377.3413131448417,-1.7252494468041516e-11
6391.500724373997,377.4054998820056,3.41456490485549e-11
6391.9230858913415,377.4552285937654,3.7483924635540674e-11
6392.487342437281,377.5216691088605,6.455244725975048e-11
6392.597446474101,377.53463440779944,3.9108766844857856e-11
6393.079648000222,377.5914186706841,-2.2356281989431314e-12
6393.368269466302,377.62540891000486,-3.578878560092458e-11
6393.849136828683,377.68204288315064,1.0674850698684656e-13
6394.112314449745,377.7130403322384,7.341039384380067e-11
6394.144515953015,377.71683316048103,5.264677587914467e-12
6396.4461616244125,377.9879801254496,4.37381045671848e-11
6396.676016728961,378.0150637247891,-6.576738426431619e-11
6396.850105366019,378.0355770641804,-3.408665901877027e-12
6397.359511201721,378.09560495137174,-4.94670039327127e-11
6397.56215410175,378.11948552218195,7.338684907337151e-12
6398.786908557288,378.2638335273459,-5.099086208145878e-12
6399.471602988077,378.3445427851588,7.986596189504231e-12
6401.445257519663,378.5772382360378,1.4346125711447917e-10
6401.654926489043,378.60196259181305,-4.666008650305708e-12
6401.8169208129275,378.62106566451325,1.6587911307033287e-10
6401.959581603779,378.6378892435164,-4.3491278509319645e-11
6402.62515565189,378.7163834418364,8.584817297219243e-12
6402.668883066879,378.72154070198894,4.86602393686347e-11
6402.868147137699,378.7450425749715,-3.252999987285818e-11
6403.661824591816,378.8386588148968,-2.03792169217654e-12
6404.1020512725245,378.8905896554975,2.3952577105930462e-11
6404.936298357702,378.9890104584538,-1.5282479980105755e-11
6405.5634105953595,379.0630028435543,1.7489886266284847e-11
6408.9046856272125,379.4573588768959,-5.369706060220388e-12
6409.350951569532,379.51004525601604,-3.342224111282066e-11
6409.623689381544,379.5422466239034,-7.326069535839391e-11
6410.57226403947,379.65425277178497,-2.3366932120010994e-11
6411.696553593357,379.78702851257384,-1.3678686864780497e-10
6412.183673367379,379.84456335032604,1.985061865548567e-11
6412.201041179917,379.84661478334135,-1.4205331440728365e-10
6413.474946543632,379.9970997479435,-2.0845759287162604e-12
6413.764207460817,380.031273969512,-1.6245468986495046e-11
6415.687226922009,380.2585048997935,5.375809849373502e-12
6416.3549087902675,380.3374165343985,3.261528514887376e-11
6416.548899361448,380.36034532989,-5.510179186758013e-13
6417.077638729423,380.4228434169467,-1.838760636667805e-11
6417.310580567296,380.4503792582191,-2.8651307586490814e-11
6418.30542465624,380.5679901166834,1.7952529422162078e-11
6420.975015325835,380.88368027343313,3.453166483303291e-11
6423.890210547125,381.22856413712384,1.758368599441455e-11
6424.75469341381,381.33086737920894,-6.268442322654007e-11
6425.346998975343,381.4009689993383,-4.733072776719181e-12
6425.729556622906,381.44624958954256,3.431335714576974e-11
6426.277779518629,381.5111434804049,-6.166268687393924e-11
6426.548622659998,381.54320559515213,4.537635946314586e-11
6427.454583020262,381.6504620108821,3.804540178007114e-11
6428.5083434649,381.77523546091794,1.5927560518640655e-11
6430.660239115136,382.0301002136751,-3.819740575635701e-11
6430.941834511023,382.0634579290372,-1.0109126434088517e-10
6433.0661627055915,382.3151523531882,-6.1172839775484456e-12
6434.880617547043,382.53019822006297,-1.028241794378021e-12
6435.332306983054,382.5837410529515,-9.746719326627015e-12
6435.445924054224,382.5972097032542,-1.6502380768885025e-13
6436.211410389166,382.6879599034814,1.573502809138974e-11
6436.52605199539,382.7252645339608,-6.374296824156414e-11
6439.206126504891,383.04309423745167,1.2280358822847773e-11
6440.28125725225,383.1706310446044,-2.731437627580573e-11
6440.547813701537,383.2022544541028,1.73786607787381e-11
6440.883130899113,383.242037278938,1.040615749234265e-10
6441.092799867888,383.26691395337645,2.8274312101369426e-12
6441.5664832693155,383.32311823063947,5.232058832526335e-15
6442.4552968613725,383.4285903851864,2.584849920710395e-11
6443.535069551134,383.5567425129058,-2.6918328072260247e-12
6444.763763338265,383.7025953695505,4.4125344263822e-11
6445.589152836673,383.8005893563141,-6.017311586225892e-11
6445.994991247127,383.8487769362654,9.393430499107819e-11
6446.006382953258,383.85012958427,1.6373280173782382e-11
6447.1765077398995,383.9890826081537,-2.341039099760188e-12
6447.891232695191,384.0739690352054,-6.9958100460287e-11
6448.96938702014,384.202037031782,-2.6389422920261303e-11
6451.979426280169,384.55969630711496,-3.0508211372788124e-11
6452.653297403538,384.63978997362494,-1.0154209956452407e-11
6454.1714652567025,384.8202640736433,1.3158493816609297e-11
6454.218082044222,384.8258063743431,3.115308365894943e-13
6455.378993995031,384.9638408753575,1.1604558340333294e-12
6455.767819843572,385.0100785120277,1.7685004253564985e-10
6457.644301456321,385.2332614573626,-9.262767740983167e-13
6458.147241726979,385.29309064668155,-4.182402398295145e-12
6458.809436943244,385.3718717252145,-6.038574746563278e-11
6459.412218451982,385.4435914035814,-5.581484159714764e-12
6459.443362097309,385.4472970942865,-3.2001997422377067e-12
6459.583212459808,385.4639376976088,-9.112446128554378e-12
6460.069629625197,385.52181861643345,1.870918855240702e-12
6460.710446643011,385.5980789061798,-7.2436659031437e-13
6461.386425586769,385.6785318316377,8.104633049886148e-11
6461.484230054236,385.6901729142237,-3.291436463821592e-12
6466.576756861716,386.2965494618241,2.6624568529042713e-11
6466.726309515698,386.3143641924175,-8.577299486603908e-11
6468.755785765448,386.55615638444726,-2.666511534815611e-11
6470.033772559991,386.7084549088995,1.4819911455154566e-12
6470.266856497311,386.73623491851424,-5.282148558732584e-11
6470.742939814006,386.79297981509416,-1.2570167185251884e-10
6475.644428575846,387.37743644382675,7.438234091259188e-11
6476.424677549024,387.4705146572666,9.016660527721854e-11
6476.9795081058555,387.5367088619518,-1.1940558749770507e-12
6477.236354368123,387.56735389257994,-9.241631735733006e-11
6478.700318855208,387.74204670565365,1.54442753985741e-14
6478.805709898521,387.75462439324593,1.4908270375422244e-11
6479.125917098645,387.7928401494075,-8.111441379862248e-13
6479.137024604065,387.7941658303162,4.088268819052976e-11
6479.2047353891485,387.80224716250456,-1.318191087574949e-12
6479.674558398511,387.85832321155857,1.867391376566907e-11
6480.520197185217,387.95926525733864,1.668634108978981e-11
6481.3858721117285,388.06261261772704,-4.8959356372240066e-12
6482.559438879913,388.2027392464134,1.431877874682286e-11
6482.695989358009,388.2190453419419,-4.20222697912701e-11
6482.920847267619,388.2458973662727,1.2846939179450155e-13
6483.635422225966,388.33123647871616,-1.1189568344554705e-10
6484.105458385692,388.3873763319985,-3.1202140870407876e-11
6484.393448293097,388.4217750817404,8.424435434699415e-12
6485.942696632675,388.6068501639585,-7.42985437648744e-11
6486.269014144554,388.64583808598303,-7.953561232971778e-12
6486.709090827518,388.6984208878421,1.0528593573014126e-11
6486.721050934979,388.69984999758304,1.0274823477749116e-10
6487.193684371834,388.7563269381506,2.0597880354369105e-11
6488.024418417311,388.8556047864736,7.183485287169496e-11
6489.377213114667,389.01729931259933,-3.074869429148014e-11
6490.080893717787,389.10142097004035,-7.727468185830455e-13
6490.429070989542,389.14304727416175,-2.0491491983705062e-11
6491.617195141663,389.28511016793965,4.994590256922287e-11
6491.879954354605,389.31653155259363,9.546159138172353e-12
6492.31968368131,389.3691182982472,-1.287516528590699e-11
6493.957942058401,389.5650671669904,-2.4936611891544963e-11
6495.879137888346,389.79492061316165,5.120561800098377e-11
6496.123755631671,389.824191760381,1.4044878276593609e-11
6496.459917535188,389.8644189503746,5.289230972628385e-11
6498.4465031784675,390.10218844187744,4.958749066650895e-11
6499.180695869604,390.19008053619865,-1.6465561563731674e-11
6501.832571355164,390.50762607092156,-3.476586134546087e-11
6502.797732267333,390.62323021851523,8.087232749727502e-12
6503.225367280681,390.67445657384354,5.746847611448122e-11
6503.8874282892475,390.75377144036673,1.5625652757146844e-12
6504.060324861596,390.77448576830346,-1.0665246717346507e-11
6505.160765243191,390.9063398241773,-5.430771857510481e-12
6506.02595071177,391.0100214516875,-1.72066654604661e-10
6506.465751088206,391.0627312970786,-3.4005571874813745e-12
6507.170134297411,391.1471586797909,-9.615386590978784e-11
6507.573509634425,391.1955113697032,-4.993998552229569e-11
6507.589685383482,391.19745042278856,-4.9320917990961195e-11
6508.17608588533,391.26774789971495,1.0863002183374537e-10
6508.908873362096,391.35560309695643,9.446982953767107e-12
6509.202286763507,391.39078372608805,-4.91008128201456e-11
6510.308142744447,391.52339147568955,1.283113477160872e-11
6512.106437616359,391.73908052849214,-9.789319587114705e-11
6517.055387858429,392.3329694794875,4.129808695452539e-11
6518.96097633757,392.56176614748705,-2.7626377058136346e-11
6519.43642020109,392.61886128721943,2.4098799455700967e-11
6520.26180969511,392.7179906141866,-1.6342795644978944e-11
6520.29176917171,392.72158898511765,-6.975600016308519e-11
6520.47176286338,392.74320800417615,1.111229737821723e-11
6522.348244467513,392.9686275094161,-1.6359885558351675e-12
6522.768703415813,393.0191456382979,6.836264399199951e-12
6523.350675124915,393.089074893292,-4.1837704826895526e-11
6526.929399701645,393.51922871732694,7.592755904152256e-11
6527.139068669136,393.54443772339414,8.013921750918979e-13
6527.30106299156,393.5639152463365,-1.0113155945097782e-10
6527.691996658922,393.6109214739251,-3.7606577514623423e-13
6527.952498055283,393.6422459669867,9.489468947502348e-13
6528.154438346479,393.666529527073,-3.352377241927157e-13
6528.673128062635,393.7289060247402,4.042829615062589e-12
6529.170013279492,393.7886650084835,-1.398995442763151e-12
6529.946465014368,393.8820557750536,5.977897348357044e-11
6531.692380140733,394.09209310027984,7.773473324599493e-11
6531.894944093871,394.11646561248824,-9.699718616375528e-12
6533.716085530589,394.3356194505736,1.7621151960867965e-11
6534.228870190388,394.39733832555464,-1.0801679052122207e-10
6534.444160013247,394.4232520999074,-3.5656172472837883e-11
6535.897790646166,394.5982434961503,-3.2050762213643416e-11
6537.139557651083,394.7477610894848,-3.970104238050193e-11
6537.304583446414,394.7676335090784,-2.115396376924785e-11
6537.57176355586,394.799808423004,6.068736757542651e-11
6537.884376283956,394.83745618677074,3.596890361545861e-11
6539.448876714522,395.02589508578967,-1.1527093024669783e-10
6540.499968823367,395.1525209729563,-9.791605794236935e-11
6541.3089694166465,395.2499957660582,1.3889779422953408e-11
6541.647523340586,395.2907910000934,7.955618983537633e-12
6542.641585868837,395.41058622710403,-5.109344553682253e-11
6546.339698361626,395.85640837978684,3.093078980092436e-11
6547.324698049588,395.9751964913762,1.3629547300553716e-11
6548.9552908995065,396.17188055161955,2.5976441669394784e-11
6549.063287114294,396.18490891358675,7.83535684572187e-12
6550.161414415895,396.3173961255956,-2.8656276997993215e-12
6550.1839846774765,396.32011942266524,-6.299128988711168e-11
6551.498601759724,396.47875552284154,2.8230017755205303e-11
6551.991626585046,396.5382575082468,-1.5917510063724988e-11
6552.9531402536,396.654313171342,4.0302151061036743e-13
6554.416402125983,396.8309630243591,8.313634073948484e-12
6554.553923621468,396.8475671054938,6.295099729517304e-12
6554.949293974971,396.89530530284475,-6.211135900078773e-12
6555.810682205201,396.9993218612258,-2.0872330198140045e-11
6556.91520401886,397.1327179082065,6.353375440467822e-12
6557.399647565691,397.1912325379399,-2.4526357641526237e-11
6557.848305524775,397.24542857887263,9.458520493330079e-12
6558.41818291949,397.3142727764049,-4.739706472952491e-11
6558.696265278165,397.34786876508775,4.4703777930295656e-11
6561.874772294472,397.7319752075008,-2.107694162336135e-12
6562.619590926071,397.8220096734163,6.753624929761261e-11
6563.066630520616,397.8760532009402,1.3394742389349779e-11
6563.988206114529,397.9874759692368,5.914851688846558e-12
6565.156996727753,398.12881068392613,2.6122040308771586e-11
6565.580550303221,398.18003464433383,-1.0912903311102804e-10
6565.941674488151,398.22371109391287,-1.436250255849187e-14
6566.102966203209,398.24321942377264,5.573205240783412e-11
6566.186568536194,398.2533313647553,-1.0484436116060157e-11
6566.633323929951,398.3073698880771,3.363973543567509e-12
6566.6558941915055,398.3101000334975,6.119969695396411e-11
6568.822552461091,398.5722271770585,-2.7478162003377725e-12
6568.985249389982,398.59191410443884,9.388895489623462e-11
6569.44804632707,398.6479169038366,1.5051295017871903e-10
6569.617216713458,398.668389102678,9.880928196731555e-13
6571.017401847364,398.8378531139395,-1.3741641897325806e-11
6572.1239604305,398.9718051348822,-8.528260513335463e-12
6572.243632551826,398.9862931324863,-1.8146209634153424e-11
6573.0778796270415,399.08729783304113,-2.1700687851527497e-11
6573.747464052917,399.1683756257984,-2.446363617772179e-12
6574.559275072076,399.2666862490171,-9.58732998014336e-13
6576.127162222556,399.45659234402126,-2.803716946489977e-13
6576.861354909735,399.54553501666607,-3.701328107615588e-12
6577.725837767082,399.6502742256351,-1.4562812679851488e-12
6578.253527166013,399.71421490305744,-3.1648705811865115e-11
6578.3466817953,399.7255030797783,-9.487997081448895e-12
6579.21538818892,399.8307778071435,1.2077773389110176e-11
6579.700044885524,399.88951727310894,-7.380787749761187e-11
6580.061871677039,399.93337281012145,-4.2618727415890404e-11
6581.838788342097,400.14878057237667,5.918057333599217e-11
6583.859888552991,400.39386032799155,3.99579745353117e-11
6584.293578615184,400.4464596359184,-1.4279065143962452e-10
6584.482571990605,400.4693824365394,-5.173369140893844e-13
6585.301488023427,400.56871547220936,1.4284699747080242e-11
6585.584914931134,400.60309752181405,1.0696832039306297e-11
6586.826129319993,400.7536846170259,1.953585639658996e-12
6587.396922471024,400.82294413195376,9.166803660978467e-11
6587.457528241341,400.8302983327191,-2.589185420320846e-12
6587.607996651503,400.8485571984972,6.916894395030465e-11
6587.814223633631,400.87358286818426,1.4656554754233269e-12
6590.535633507607,401.20389967319426,-9.391483125256185e-11
6591.184747597194,401.28270740187514,-1.3618439154502715e-11
6591.9969928111805,401.3813315080516,5.885904692796859e-11
6592.057314380798,401.38865633378964,4.6844701599598795e-11
6592.920952529982,401.49353494221737,-9.974634163147534e-13
6592.988379113851,401.50172367920106,5.586557612801953e-12
6594.488200226974,401.6838936733104,-9.106474001891943e-12
6595.031994324096,401.749953764097,6.989336147891061e-12
6595.750998068987,401.83730668028437,3.220357250144605e-11
6596.1798330377105,401.8894110608933,-9.405170055647054e-11
6596.669060626193,401.9488574127895,-1.4927458573668273e-11
6597.862805625032,402.09392862215265,5.7604943681082206e-11
6598.352033213458,402.15339014083156,1.7898293294840068e-11
6598.833816326304,402.2119511545616,-1.2016797061236632e-11
6600.172614135296,402.3747052454037,-1.294107174277409e-12
6600.513062728157,402.4160979413807,-3.1049965743838024e-14
6601.054749004264,402.4819620810803,2.672348893391385e-12
6601.407355065444,402.52483868536035,-6.690564735236249e-12
6601.563025924663,402.5437688613501,4.762950468385501e-13
6601.795967759514,402.5720963193156,-2.7236447989373992e-11
6602.763528581276,402.68976960294833,-1.0562852585551466e-10
6603.462780386784,402.77482228471433,-8.787176999547597e-12
6604.978137796268,402.95917193360117,-1.0015822869273263e-10
6606.935616550295,403.1973701290821,9.312858655789539e-11
6607.468784703293,403.26226157837436,-8.536593108580428e-12
6607.803399290028,403.3029899138674,-5.7437131789175104e-11
6609.31608047692,403.4871349013361,-3.906963521145899e-11
6609.362981464614,403.49284502780415,2.810986021440618e-11
6610.558415876973,403.63840109287605,2.004908362607407e-13
6614.502267107164,404.11879100356845,-5.4645363732577425e-11
6615.27162171804,404.2125374172702,1.9768319666762674e-12
6616.560929155439,404.3696649040713,1.3865820535409938e-10
6617.266851778753,404.45570844192764,2.4451142558044507e-12
6617.834834500891,404.5249454172683,4.932787346268217e-12
6620.08157416623,404.79888075949475,3.102947004632394e-12
6620.441561547113,404.8427811215188,-8.603735817936774e-12
6620.464131808586,404.8455336382196,4.003218411835846e-12
6621.585042516847,404.982244145374,3.7735140471672744e-12
6621.944058879619,405.0260360317217,-9.084267879105863e-12
6622.542901045872,405.09908653171635,-1.2876713672215473e-11
6622.746033399115,405.123867382708,-5.296271775099938e-13
6622.876876180742,405.13982976968833,-1.4352429821987648e-11
6623.569030865838,405.22427560059305,-4.176475910270675e-11
6623.930644505772,405.2683975204171,2.6244284054921028e-11
6625.767882735065,405.4926034790484,6.715237553207893e-11
6628.293478413681,405.8009140976972,-1.9914370635863525e-11
6631.056792074437,406.13837860864027,-2.2627013598837098e-13
6631.434865663794,406.18456107729963,-3.56663257478793e-11
6633.84078922063,406.4785112932558,4.061431363947886e-11
6634.872887251338,406.60464334260166,7.69612166097858e-11
6635.617705879266,406.69567934703997,-6.822146190958998e-11
6637.7371789505,406.9547894155817,-1.0216442293075788e-11
6637.76143073172,406.9577547259992,-8.148394084057578e-11
6639.864380697654,407.21492753303534,-4.5528420812822026e-11
6641.225267202768,407.38139573770445,-3.882944690954553e-13
6642.205127590627,407.5012766738075,3.514320685262461e-11
6642.404107457431,407.52562300917464,1.6724334078724588e-11
6643.229923245563,407.6266741327333,-3.237586553366065e-11
6643.340027280449,407.64014798535914,-4.999517327018738e-11
6644.151704090241,407.7394828776782,-4.327110944525295e-11
6645.265020326088,407.87575284214466,1.8974270506304166e-11
6646.057505703415,407.9727670036053,3.1068691324921174e-11
6646.286366101572,408.00078569817964,9.296976562628441e-12
6648.124172729497,408.2258178532791,1.9709275332202686e-12
6648.1338039707625,408.2269973245718,-4.347669883512348e-11
6649.385494302959,408.3802976960148,-4.962067753663627e-11
6650.008177737839,408.45657139949117,3.779289719364849e-12
6650.736252214765,408.5457637143566,-1.845332864233978e-11
6651.218453732178,408.60484088904843,1.2346231935064274e-11
6651.229561237467,408.6062017814184,-5.5005370141237965e-12
6651.417646749372,408.6292463773233,2.87359601605604e-12
6651.615639808446,408.65350556886375,-4.101556036366519e-12
6651.909053207005,408.6894575098223,-9.356214271084883e-11
6652.542488896224,408.7670777862331,9.836918332479324e-11
6653.544011682104,408.8898179947921,3.958808010222775e-11
6654.48350769448,409.00497339563685,-2.9068668253617787e-12
6655.175378177447,409.0897873686916,-2.8735139660233936e-11
6655.228326321446,409.0962784589668,9.452592205703419e-11
6655.573203705139,409.1385593959607,-4.031175177433261e-14
6656.932187643795,409.3051880938971,1.8117718356556502e-11
6657.303850930441,409.35076465939784,-7.663720589552363e-12
6657.8135409575625,409.4132713945961,1.945317375733392e-11
6659.9967144241045,409.6810628696761,-1.8004030364386943e-11
6660.761782340921,409.77492807292595,4.4197165311337055e-12
6663.022155732191,410.05231337658137,1.1478616061620945e-11
6663.039105138178,410.0543937053161,-8.057523358094193e-12
6664.933017691835,410.286881243335,7.027674926968147e-11
6665.07758104512,410.30462985504226,2.0606191168931047e-11
6667.039204382738,410.5455041236864,-8.280006528574628e-12
6667.294992783894,410.57691845812434,-9.738618035014481e-12
6668.552453965047,410.73136951546746,2.7730968814554716e-11
6668.914833366236,410.7758851481579,-2.334142542160618e-11
6669.329955655628,410.82688282778776,5.587230213449978e-11
6673.262912515715,411.3102031953158,-1.6205578837766457e-12
6673.6272655320045,411.3549928935239,-8.076099419233883e-11
6673.860491566422,411.38366451399094,5.317742578381656e-13
6674.122816580321,411.4159146120488,2.7035647650614593e-11
6674.13477668763,411.4173850115113,5.583215935375539e-12
6674.533225876818,411.4663726561993,1.0009767143963869e-10
6676.3452334059875,411.68918821842556,-2.5024036528166166e-12
6676.71894135754,411.73514916398335,-1.2431505697943126e-12
6678.32161938241,411.9322857238047,-5.568703941852624e-11
6678.3921405942865,411.94096123482575,-3.732115287827993e-11
6679.965648589341,412.1345578256916,-1.8753515797769743e-12
6680.009170747748,412.1399132236036,-2.245432474506126e-11
6680.304202510127,412.17621777698565,2.3245927669875468e-12
6680.838562723882,412.2419765043152,1.058908888869304e-12
6680.861132985266,412.24475413163697,8.539788829667478e-11
6681.294823044663,412.2981283691807,-4.935532965971972e-11
6682.110012887072,412.39846316353044,6.308231022525942e-11
6683.9887364971155,412.62974591144456,-1.061111418808085e-11
6686.164883890655,412.8977246785219,-2.7955711916842647e-11
6686.27963776258,412.911858312265,5.757043380413457e-14
6686.899076572464,412.9881555368658,-5.631549744939658e-12
6686.908644658302,412.9893341080483,-3.7551711924537835e-12
6687.337684880179,413.0421838664657,8.65903519381773e-11
6688.266152330156,413.15656535924654,-1.1699733735559116e-10
6690.009880672238,413.3714249078617,6.191703070876159e-12
6690.735144719552,413.46080733105674,-3.9321627182166557e-11
6693.08502549478,413.7504760514998,-2.3821096933837275e-11
6693.970744443139,413.85968461345254,1.4473922741776612e-11
6694.645247112126,413.9428600402345,-3.69431658997665e-12
6695.1142175125815,414.00069545947,-4.698854397151412e-12
6696.567145522924,414.1799024240409,2.279194917778206e-11
6696.807816032509,414.2095909465654,4.0382856866734035e-12
6698.341172801623,414.39876712292664,9.625553169613986e-12
6700.403837329606,414.6533143686644,-2.9801393493053825e-11
6700.843914006191,414.7076330562669,2.812255153633239e-11
6702.457636378409,414.90684541999445,2.392292839903806e-12
6703.688864265603,415.05887149556474,-1.7515586483236092e-10
6704.170363174427,415.1183322518642,-3.082636765731669e-11
6705.401030554897,415.2703279394727,3.658055389621352e-12
6705.64683246334,415.3006894687695,2.3095545167068402e-11
6708.247314977158,415.6219700617879,-3.697511146940167e-12
6708.318325645314,415.6307449307324,2.876070029456292e-11
6709.50954440835,415.7779590352999,-1.3603991541481767e-12
6710.1219571480415,415.8536528664304,6.952337132195185e-12
6712.576257943915,416.1570722307999,6.517986090488472e-11
6713.562173378415,416.27898984805495,4.792689450664971e-11
6716.1777658872015,416.6025189615373,-5.845517180611029e-11
6716.99605035616,416.703760473559,-9.072880844436477e-12
6717.137234879896,416.72122964978587,-7.680625782841507e-14
6717.48113334937,416.76378275499275,-1.0109005915375737e-11
6717.55102300431,416.77243098609534,6.0036235570387576e-12
6717.7220170091405,416.79359037207723,4.299643332546344e-12
6718.546988085961,416.8956826967231,1.2188250994005856e-13
6719.754935208863,417.04519192441376,4.283269028699037e-11
6721.663973541391,417.2815309525122,-4.97768059577513e-11
6721.870966284025,417.30716069715635,5.559074570274384e-12
6722.423191659705,417.3755408465847,2.9025367245411805e-11
6723.625312671162,417.5244147383946,9.150168108911799e-12
6724.02454341094,417.5738624327499,-2.9033501861891157e-12
6724.1253004047085,417.5863423992838,5.2402373749403974e-11
6724.786224600759,417.6682104534066,-4.8273466898130307e-11
6725.861781628241,417.8014558856202,1.2282198214127438e-11
6726.117017416606,417.83307891153385,5.2306897618289594e-11
6727.131258172541,417.95875246502686,-6.290438459644239e-12
6727.704024933513,418.02973179122745,7.089578825919093e-11
6727.913693898197,418.0557162377618,-5.320618837694517e-12
6728.229385461178,418.09484167929907,2.300603989893421e-12
6728.297096245126,418.1032336989563,-1.1538210927208971e-11
6728.881744168382,418.1756980013112,-4.569779365937171e-11
6730.059597608735,418.3217063990552,1.2779009003601741e-11
6731.19021060037,418.46188284200787,1.0768883095532428e-10
6731.923211216714,418.5527748136751,5.2454907062470715e-11
6732.621894614959,418.63942066824956,-5.053875918319536e-12
6734.083119699342,418.82066070689496,-2.679709864110549e-12
6734.84712185996,418.9154377969529,-1.713755892204489e-11
6735.79028089713,419.03245474220336,4.3037363688179706e-11
6735.916276479489,419.0480881484178,-7.593553602790963e-12
6736.760233731866,419.15281306225853,-1.3536360585819656e-11
6737.249532366016,419.2135351285043,-3.5145526749800844e-12
6737.492523846257,419.24369206260826,-5.461850893586399e-11
6739.19497994571,419.45500921994994,6.263236544116172e-11
6739.393194048936,419.47961599142855,-1.1262336167710622e-11
6739.942743201869,419.5478421186773,1.6921128222994996e-12
6740.861089951094,419.6618666148933,-1.5438505497683006e-11
6742.33369095108,419.8447412950444,-1.1932854548967631e-11
6744.697008089825,420.1383128887901,1.7106531542613914e-12
6744.701294781541,420.13884547572707,-2.7006863016324605e-12
6745.148413315667,420.194398213129,-1.0086543414435289e-10
6746.223544040743,420.3279940944417,-3.70246484659571e-12
6747.202496559287,420.4496573801307,2.001318404740995e-11
6747.293969667783,420.4610264726776,7.715473390798415e-12
6747.594906484963,420.4984306679949,-2.3637046305842136e-14
6747.846897649492,420.52975256811357,1.639435327057608e-12
6748.219697736671,420.5760928741776,4.267441101542584e-12
6748.56914601069,420.6195327958232,-3.920795376641951e-11
6749.15097561073,420.69186503514055,-5.450263778867955e-12
6750.191931217845,420.82129073384766,6.846708703477368e-12
6751.387444564192,420.9699577698161,7.03818164752711e-11
6752.009425388052,421.04731407306247,1.555001718903521e-12
6752.149409953367,421.0647250592323,-3.914044852804213e-11
6752.638432281132,421.1255514621618,-2.3745817885548528e-12
6754.025891528653,421.2981527463146,-5.625173303058717e-13
6756.414652510026,421.5954000249014,7.617206583639967e-12
6756.482363293853,421.6038271994279,5.0322211639758485e-12
6756.729017803529,421.63452613451676,4.368245422944423e-12
6757.148710982972,421.68676425907904,2.3362651922129966e-12
6757.200601268853,421.69322313413755,2.120393294003408e-11
6757.450981963645,421.7243891562197,5.38784281714332e-11
6759.537685114386,421.98417549028966,-7.791085903736509e-12
6761.589731585544,422.2397254266363,3.740176433263357e-11
6761.8498145716285,422.2721201881252,2.8059750132279627e-14
6763.369458657231,422.46142509833237,-1.1468116161734066e-11
6764.089528146785,422.55114035738785,3.085906427574089e-11
6766.0256286826725,422.7924113317826,3.6820905466225806e-11
6767.983241621816,423.0364333213495,3.4654071005903396e-11
6768.580749618741,423.1109284445683,-2.253811547063008e-12
6768.9397659781025,423.1556924609932,-6.328878109845819e-11
6769.53207152585,423.2295493697178,3.221260753294909e-12
6770.070300022028,423.29666880251693,-2.77076953822408e-13
6770.429316381355,423.34144266981957,7.446214108593532e-11
6771.056349658509,423.41964732116577,-4.485026367508737e-12
6771.6396555217425,423.4924047179366,-3.060606430387393e-11
6772.325905144127,423.57801060646534,2.0887832698758007e-14
6773.246280767315,423.69283605289877,3.971836168341865e-11
6773.401951624798,423.71225898765147,-1.732623704023803e-12
6775.433180402851,423.9657347740226,1.1276220984234627e-10
6775.91643977418,424.02605160484586,-1.700720295765562e-11
6776.213429360419,424.0631217644744,-1.451050737203474e-11
6777.473764115922,424.2204544845246,5.310610189155559e-12
6779.028151719021,424.4145353158261,9.361066619657252e-11
6779.475325512816,424.4703776780088,5.3713471766118775e-12
6779.501700904121,424.47367151055494,3.180211317080153e-11
6779.517379301702,424.4756294787153,-5.2558339638621145e-12
6781.147624770725,424.6792444321722,2.947456363608034e-11
6783.390914533196,424.9595076333486,-2.7396574180244935e-12
6784.082785010461,425.04596449517777,-8.111332270109981e-13
6785.267396104817,425.19401521594506,-4.04397470716565e-11
6785.39971514909,425.2105538345749,-2.5707329725005648e-11
6785.439866372932,425.21557241842027,4.77178634792208e-11
6785.477136118912,425.220230867012,7.87605048000161e-13
6786.529909730548,425.3518305208891,2.6650400578210633e-11
6786.660476204889,425.36815311938483,-1.167124290214286e-11
6788.626386219019,425.61395677105065,-1.6095878254011303e-13
6792.807331722062,426.1369496857113,1.996802353945042e-11
6793.498917998248,426.2234909920174,-1.936319217857681e-12
6793.8427454159,426.2665189446307,-5.054089737280188e-11
6793.991027058348,426.28507618072786,1.56812070311287e-10
6795.032558958669,426.41543382650804,8.952557775744027e-13
6795.248551384771,426.44246983926655,-1.12053327311971e-10
6796.141927953386,426.55430390849926,-7.805534470730142e-13
6796.164498214606,426.55712947427924,2.4542597611428622e-11
6796.371356750702,426.5830264836676,-2.7776047950178574e-12
6797.041075372437,426.6668752251835,-3.2540830519250615e-11
6798.509531775888,426.8507548200613,6.907277411656125e-12
6799.391879784075,426.96126123196353,-1.6538795308535923e-11
6800.4236304477745,427.0904972159656,-5.744764271301445e-11
6801.488356270882,427.22388419221664,-5.2905786232540004e-11
6802.723665586355,427.3786677369361,-2.1257606495417414e-11
6803.380160987114,427.46093767087825,-4.4770840273964466e-11
6804.598528791383,427.613640721989,5.004479587297038e-11
6804.676778678835,427.6234490369042,4.5180340375649976e-11
6804.680575914122,427.6239250082474,-6.6528247041285705e-12
6805.493310573325,427.72580482018384,1.3689534046453458e-11
6805.752762001949,427.7583307433631,1.2544887503994318e-10
6806.689731778216,427.8758035433115,-2.839767363942688e-12
6809.124762182108,428.18117166239284,1.816547367695627e-13
6809.1551400643875,428.1849819295822,-5.0497862252030986e-11
6809.518585214885,428.23056980718974,2.4246282684851593e-11
6811.295501853591,428.4534881466351,-9.090127944786702e-11
6812.403465633355,428.5925142280739,-2.6832728974387885e-11
6813.08809688966,428.67843231172384,6.680828362503848e-12
6813.750292090306,428.7615429876102,2.0094120941060056e-11
6815.049151807537,428.92458349887164,-2.0356389778215515e-11
6815.542176624413,428.98647901054534,8.877186193201863e-12
6817.744486240642,429.2630168858309,1.6674383950771088e-12
6820.129386821892,429.5625829607609,-1.9552047425521808e-12
6820.472077436278,429.6056367529794,-1.3426658923898726e-11
6820.7583937123145,429.6416096374788,2.4551996526609147e-11
6821.42142572514,429.7249190261256,7.434484526402531e-11
6821.968732848937,429.7936937855359,-6.811953126945286e-11
6822.718682866949,429.8879416657147,6.03119721131512e-11
6823.497802914308,429.98586638065075,1.053243644576213e-10
6824.001587880019,430.0491912010123,1.2588106613052123e-11
6824.24437410321,430.0797106409626,-1.629404439548855e-12
6824.705268467644,430.1376503499189,2.45048582230583e-11
6825.317325952076,430.21459904569764,3.326015318050169e-11
6826.881060591074,430.4112252189978,-9.864357954781796e-12
6827.609419260514,430.50282542975066,6.269978111871697e-11
6828.097873184642,430.5642600930188,-3.239248275235177e-11
6828.380242230156,430.5997767007697,-1.4426529848371397e-11
6832.551477536907,431.1246091643359,2.3336937752634333e-12
6832.882792234734,431.16630952585933,-9.052434016725747e-12
6832.919493579256,431.1709290026315,5.458892574579847e-11
6833.280617757956,431.2163838310653,-3.666029064294054e-11
6834.096723350004,431.3191161801186,2.7534630478795677e-12
6835.167638427633,431.45394286491535,-1.9814873814487263e-12
6835.674510126577,431.5177646565758,3.510442286485433e-12
6837.42210673799,431.7378462676563,1.3578433026686296e-11
6842.006782807585,432.31547967437865,1.5805385828210624e-13
6842.119065712015,432.32963130152456,-2.4231761856575172e-11
6842.64205000405,432.3955489256436,5.136357560903378e-12
6843.706286367998,432.5297022266516,8.276976877083867e-12
6845.247166543422,432.723976276881,-3.3235171558806886e-12
6845.362962482431,432.73857758655953,7.818359765555618e-12
6845.430673265887,432.74711570437444,4.70896823010818e-11
6845.953026001064,432.81298558779855,-8.09389615691847e-12
6846.820808727576,432.9224260997732,2.1119790784948818e-11
6847.2512541589995,432.9767169185855,1.882735874280343e-12
6847.410438050378,432.99679518004274,-4.623067790354659e-11
6847.616388723168,433.0227729449593,-2.1408303197295092e-13
6848.235827526798,433.1009110992765,5.089183030848061e-12
6850.10583563358,433.3368432699762,3.0625483924387975e-11
6850.117227339407,433.338280717767,-1.6507746123080266e-11
6850.376678767325,433.37101991069017,6.383404456290269e-13
6851.206923336636,433.4757936607664,2.127348687461897e-11
6852.182070718794,433.59886981725543,-2.1855636505099396e-13
6852.923857863532,433.6925046371181,-9.088970821315515e-11
6853.36421873661,433.748095608089,-1.3631105555563461e-11
6853.56524326612,433.77347404747456,4.187822009344891e-12
6853.889800305464,433.8144494796872,-1.5194805091984678e-11
6854.253032304465,433.8603099391786,-4.9676078933019976e-11
6856.438108309065,434.13624162577565,-2.760000318429982e-11
6856.538928457408,434.1489753300863,-1.665093277452935e-11
6858.906532271196,434.4480603273288,-8.501126425204354e-13
6859.305976158137,434.49852982537305,-3.202102235281609e-11
6860.3586866096275,434.63155324596215,-6.13398204240585e-11
6861.962138273183,434.83420908499636,2.415210748352137e-11
6862.721435329837,434.9301910721058,-4.86934733914479e-12
6864.476839559448,435.1521306353888,-7.042756973105723e-11
6866.533314809422,435.41220746082627,1.1134145795929309e-12
6868.456121062334,435.6554500040447,8.073226441785204e-12
6869.621540718504,435.8029133167247,2.291755387928933e-11
6870.733870130973,435.9436823303607,2.189319213872915e-11
6871.523402969057,436.043614186174,2.857595945320458e-13
6871.748395078531,436.07209373488354,-4.7409018180023934e-11
6872.196137271148,436.12877181039727,1.0189336408010897e-10
6872.292189166067,436.1409311557581,1.3183798573576831e-10
6872.85819826386,436.21258650017535,2.18003159331457e-12
6873.1821869014775,436.2536053119042,3.772327656226285e-12
6874.131535187317,436.37380936017837,-4.8089179296843615e-11
6875.462327990906,436.5423388840644,-2.1275763340173297e-12
6875.846022429791,436.5909354079561,2.5633924379806318e-12
6876.544279520833,436.6793795807214,1.0864982704890688e-11
6876.871583832004,436.7208404096564,-4.2908913054411194e-11
6877.493564651082,436.79963442300385,3.676965268335787e-12
6878.135431614371,436.88095513215274,-4.66449989819063e-13
6878.887773651272,436.97628203397835,9.194595073313657e-12
6879.431283537903,437.04515495539556,-4.7933387057827755e-12
6882.154872232382,437.39036680619046,2.544666063537729e-12
6882.785986941209,437.47037939676505,-2.5704800843528022e-11
6883.000724147429,437.4976054077133,7.670044192431362e-11
6883.481859905299,437.5586105303413,2.781019702397915e-11
6885.40671871639,437.8027137147368,-1.1871087935414963e-13
6888.112308041163,438.1459415253231,-1.0845426634985588e-10
6888.1899263714695,438.15579008312704,-5.5814592551199886e-12
6888.540290399922,438.2002472051839,-8.377193305031127e-11
6889.509327468146,438.3232185194777,3.981551366258098e-12
6891.26852893022,438.54650631670916,8.885753855180344e-12
6892.5269611118965,438.7062686213491,-9.731717912706838e-11
6893.772327962709,438.86440095639284,7.617716888266688e-12
6894.2300566467,438.92252892669273,1.2247689408271911e-11
6896.34024579855,439.1905563878985,-1.4037248072969152e-10
6898.863236262348,439.51112382111904,-1.3520357045888341e-13
6900.464019594893,439.7145777814337,9.412359922397849e-12
6901.584717132936,439.857042608262,1.9730143999926024e-11
6902.779946267575,440.00900750322046,1.2497512550291813e-11
6903.591488858648,440.1122043792082,-3.1763269225910815e-12
6903.925463987629,440.15467664120916,6.71253248469609e-11
6903.929750679304,440.1552218014214,-9.860354487449434e-12
6904.528111273322,440.2313216589425,-7.542939190919219e-12
6907.589401277758,440.6207615348163,4.342919082961718e-11
6907.702252583101,440.63512113422905,-3.643501444969364e-11
6908.389970569058,440.7226338751313,-2.5694470584372102e-11
6908.687528554266,440.7605011003751,-1.5883369986238016e-11
6909.357255066238,440.84573645399655,-1.3279728799905317e-11
6909.422360677503,440.85402281388644,1.1650235052979107e-11
6909.725334262293,440.89258500512153,-7.754584047732458e-11
6909.760914593486,440.89711374696043,-3.570537604058985e-12
6910.517740681622,440.99344973894256,-8.822626621166648e-11
6910.751535113969,441.0232114415595,6.945431881911724e-12
6911.485727785596,441.1166796823665,1.51525598637823e-12
6912.460598858354,441.2408034366094,9.071206965257706e-12
6912.588773310275,441.25712432669576,-1.095135729915343e-10
6913.08003765959,441.3196814944727,3.4891947875336006e-11
6913.367127591125,441.3562413305787,3.436342645316265e-11
6913.633115630828,441.3901152741164,3.533114958863851e-11
6913.866760068025,441.4198712904686,-1.4507903778181384e-11
6915.675593997096,441.6502711364343,-2.5923071024077416e-11
6916.374419487842,441.7393000285015,5.242586382909481e-11
6916.557728848561,441.7626547433749,-1.7115972677407275e-12
6917.674068643706,441.9048965091291,-2.513224261938456e-13
6917.966629435396,441.9421778116998,-8.351369234298881e-13
6918.094527581368,441.95847649052985,7.0843383014537464e-12
6918.25575613743,441.9790230539366,6.711484139928895e-11
6918.435749824511,442.00196156432474,-7.795814376799696e-12
6918.902762392864,442.0614807271697,-5.7839895361899895e-12
6919.326884360189,442.1155371098927,-2.674846241074448e-11
6920.400886165949,442.2524386201457,-1.168233663993133e-11
6920.401659823035,442.25253724479245,9.579883803574908e-12
6921.127421211244,442.3450610762422,-2.3195366289881683e-11
6922.4385962780925,442.5122410829405,-4.647730426315344e-11
6923.07181880617,442.5929907997607,-3.3158853478170825e-11
6923.524692396354,442.6507466141691,-3.196565369510071e-13
6923.777117753972,442.68294053103534,-4.0514807977295334e-11
6924.095485535281,442.72354631038803,6.722768962929603e-11
6925.1594376934,442.8592601661049,1.864551512285704e-11
6925.576738847139,442.912495272029,1.8218443154255313e-14
6927.294668068821,443.13168527867936,6.053071489549988e-11
6927.706829928814,443.1842809567326,-1.0794728473577848e-10
6929.769983884195,443.44760558360554,-8.604994853587911e-12
6930.650074069584,443.5599571806593,-4.7269598753567286e-11
6933.210200068388,443.8868619018619,5.525569785159032e-12
6933.3676234942795,443.9069673766246,3.889634746228979e-12
6934.118765570641,444.00290644980413,-6.204190665493951e-12
6934.46061937021,444.0465729181102,-6.778205024473377e-12
6935.073734708403,444.1248941918119,1.0127400621455e-10
6936.872795293806,444.35475179567163,-5.258908265804436e-11
6937.44703831147,444.4281327076683,-5.822301051752916e-11
6937.550179430586,444.4413134668111,1.3112941686174848e-11
6937.6056538006505,444.44840280882653,6.25479861898419e-12
6938.587985136865,444.57394914116,1.3785355250453527e-12
6938.808832654122,444.6021768876399,-1.4572565240305426e-13
6940.967746407262,444.87816695240633,-1.3034645621046908e-13
6940.986732583536,444.8805944779287,-9.365835375251106e-11
6943.827601365273,445.2438957605853,7.917566446080232e-11
6943.9404526703765,445.2583306918605,-6.559679227666534e-11
6944.418438537556,445.3194729770604,-3.179220311603561e-13
6946.813886099344,445.6259536715096,-2.928790671869291e-12
6947.317450016092,445.69039458418024,5.9675494863224915e-12
6947.582672292951,445.72433687173617,-1.234528334663453e-10
6948.700906756326,445.867459143452,-2.0458904339383995e-12
6948.981941636156,445.9034322795794,-6.421171179911065e-11
6951.136505540961,446.1792699402151,-3.206413432121129e-12
6951.207303057562,446.1883352307735,2.571895787869402e-12
6951.2331100472475,446.19163971794785,-4.971253777200081e-11
6951.370497333721,446.20923184553993,-2.6059203811506274e-11
6951.5144922831105,446.2276704424263,3.096452215939919e-11
6952.927758503681,446.4086598804019,9.375656052617352e-12
6953.445256142533,446.47494223488684,-1.5288981017080775e-11
6955.5417326100805,446.74351450669235,-4.26343046063667e-12
6957.359929364717,446.97650289317625,-2.1201760510440806e-11
6958.465785314113,447.11823988776024,4.870144693164524e-12
6958.687335438031,447.14663856310125,4.39589139178503e-11
6959.933468046351,447.30638682580127,-3.7083637753590886e-11
6960.745997442315,447.41056462910115,1.3999118712023227e-10
6962.3181633517615,447.61217314812006,-6.150539044528152e-12
6963.627151649797,447.78006751672024,3.948063388541665e-11
6964.168837913662,447.8495548907287,-7.083204010387401e-11
6964.266642377967,447.8621017982076,-2.111761649542064e-12
6966.931101554062,448.2039814140861,-2.855891724773295e-13
6967.605454216733,448.2905290652401,1.526938705093452e-10
6968.403702533994,448.3929885375315,2.933429728081592e-11
6969.084528653948,448.48038551289955,1.111254378356806e-12
6969.914773217466,448.5869747409324,-7.464120080121197e-11
6971.203938526207,448.75250672309767,-9.326305329397297e-11
6971.452985054123,448.7844884354283,-4.307063673435106e-14
6971.842292451408,448.8344842628703,-4.785290285571781e-12
6972.9857733962945,448.9813490823645,4.559046080512074e-11
6974.209896249188,449.1385979691399,6.266381080682092e-13
6974.277607032132,449.14729679492825,-2.106168129326978e-11
6974.42484660477,449.1662130010852,1.02316735011121e-11
6974.703205262094,449.201975468417,1.2324315091166342e-11
6976.507689337738,449.4338433732076,5.093670374938791e-11
6976.691061853223,449.45740925544357,5.030313774878519e-11
6978.967674104763,449.7500367234911,-4.7687590741574706e-11
6980.092950424804,449.8947109114012,-9.524754509032257e-11
6980.910737529536,449.9998665535829,1.5609275226172515e-11
6981.466136469852,450.0712898817,3.012729921243375e-12
6983.305482479389,450.30786711693304,6.155847373316264e-11
6983.877262423936,450.38142232251954,1.2436630801671677e-11
6985.421513520923,450.58010875173085,1.816418646730122e-12
6986.068385568285,450.6633496553325,-2.358881290722912e-12
6986.544460974534,450.7246169991692,-2.255858153940055e-12
6986.657312279359,450.73914073012514,-1.3172408673173936e-10
6988.336771791374,450.9553114412242,3.4808860938983296e-11
6989.582904397582,451.1157402949284,-1.2541366584258768e-12
6989.617079514782,451.1201404502858,1.2589048427106435e-12
6992.084879795732,451.43793447679184,6.704043502151868e-11
6992.985921874594,451.5539952401056,8.085996113209745e-12
6993.297966192407,451.5941923008232,1.7366787868929988e-12
6993.610144715782,451.6344084445007,-7.126706255623611e-12
6994.159638599714,451.7052009069063,-1.8460107427939395e-12
6994.433994765746,451.74054887541496,1.513701492475013e-10
6996.166118219244,451.9637471668415,-8.590383058462147e-13
6997.099219699571,452.08400783922406,-1.4495654131490028e-11
6998.396476827981,452.25122853683354,3.6005061420740383e-11
6999.131158952308,452.34594522117834,2.8940551449392942e-11
6999.701952088757,452.4195398735723,-8.435693519550844e-12
6999.919562876576,452.4475988869283,5.4285040843192445e-11
7000.930219531107,452.57792568214484,9.26970089149383e-11
7001.1172550760075,452.60204646367237,4.25286837947417e-12
7001.408908003643,452.63966036778515,-2.476277242528004e-13
7003.807655441689,452.9490815439753,-6.355052848016197e-12
7004.283454541555,453.0104688046355,1.3047011073212755e-12
7004.7458962152805,453.07013669589526,-1.2191748985654908e-11
7005.1897780138,453.1274135502265,-1.4988418859349412e-10
7005.654816964651,453.18742433776816,2.0716433753584566e-11
7006.238122819764,453.26270246847025,2.5184583641425386e-11
7006.358497544778,453.2782381248989,-4.590053716215724e-12
7006.707945813417,453.3233397046886,-1.4253297363243992e-11
7008.236163260196,453.5206056889051,6.993622700362957e-11
7008.319552440379,453.5313710026618,6.387727640610036e-12
7008.484862431515,453.5527124464068,-1.3173053847519618e-11
7008.958411610181,453.6138502137608,-4.884707678469745e-11
7011.9627509623915,454.00182295537473,3.30425052091786e-12
7012.310794017092,454.0467790964997,8.089239869703654e-11
7013.0096195039605,454.137051957656,-1.6111695169090848e-11
7013.314637752289,454.17645641738284,3.867554662733633e-11
7013.738191315971,454.2311769672518,-4.142024005724253e-11
7013.742478007617,454.23173079868843,-2.818218858552493e-12
7013.963751824935,454.26031936460424,-2.4465128194829898e-11
7014.189596534573,454.289499419629,3.036867652342066e-11
7014.524913719856,454.33282549682997,-1.3340608001334474e-10
7016.088079940194,454.5348283423297,-1.6226595021548967e-11
7018.335735308118,454.82536436651145,-4.993973323999396e-12
7018.613107157166,454.86122440726876,-1.7815569164899367e-11
7018.718292941141,454.87482373003024,-8.052187132007826e-11
7019.2564661687475,454.944406582219,4.031609195091144e-12
7020.904008376378,455.157457937441,-1.8255871097267567e-12
7021.824383986035,455.2764977617438,8.557870640396369e-11
7023.088231757818,455.43998711980794,9.013975841145585e-12
7024.096717434893,455.57046434588193,-5.580912478251553e-11
7025.263329143892,455.7214231871037,-2.7750817518410395e-11
7025.82110431469,455.7936078115587,-5.3977479373539316e-11
7027.400027876328,455.9979757037343,-1.4979389249734175e-11
7027.73597661811,456.04146513731496,-1.0609488143225796e-11
7029.792870254902,456.30778067056724,-7.295615980689098e-12
7032.171865750638,456.61589741772514,-9.524698434724874e-12
7032.660888070286,456.6792462966571,-1.8059087042369684e-13
7032.984110942605,456.721119618719,-6.478995942743015e-11
7033.871866643456,456.8361377191786,1.0979732489051064e-10
7034.114858119415,456.8676223546088,-1.2582380737622293e-11
7034.606896122394,456.9313795151979,1.3367517852311333e-11
7038.001056006838,457.3713084884725,-4.485033794189105e-14
7039.364673961771,457.5481115515316,5.869119886725867e-12
7039.459320641943,457.56038445857826,6.632679296398937e-11
7043.0935826287205,458.03176679315317,4.793376681924319e-11
7043.213538947245,458.0473298879133,9.954926776225151e-12
7043.6159353579205,458.0995386066924,-4.349356116288412e-12
7044.221385171679,458.1780980067069,8.197635079957939e-11
7046.743467751471,458.5054203971022,4.414356860787802e-13
7049.59895705577,458.8761546035087,-8.026385706113879e-11
7049.809328623361,458.9034735287702,9.376324771636696e-12
7049.831898884245,458.9064045591575,-1.857873585529276e-11
7051.798172013678,459.161785711302,-6.371385498143871e-11
7053.139361807024,459.3360213881934,2.0158639679205e-11
7053.640328443603,459.4011111028351,-2.6043865641597117e-11
7055.027653460923,459.5813879322028,6.22183321736282e-11
7055.093256422822,459.58991362859564,4.0212243990353354e-11
7055.419637078459,459.63233091586454,4.563693438178062e-13
7055.726478946128,459.67221068049076,-4.922826110504225e-12
7055.87075809534,459.6909630186228,4.490443983238361e-11
7056.203399057767,459.73419869510576,3.744696248918851e-13
7056.253884128911,459.7407607716657,-6.318486952832735e-11
7056.777571021383,459.80883264357834,-9.913727770260324e-11
7057.047561549882,459.84392955837194,4.8731985218579696e-11
7057.747239637025,459.93488915411575,4.8386961845414766e-11
7058.091690711346,459.97967181737397,-5.305277991559711e-12
7059.5844778179635,460.1737768390858,6.540814268859482e-11
7061.726521095721,460.45237544495143,-7.416496388058787e-11
7061.736089181345,460.45362007968833,3.2372706447227375e-12
7062.732054242651,460.5831863290106,-8.294797374809465e-14
7063.632109510372,460.7002912797676,-6.459069018929932e-12
7063.920667808673,460.7378383613765,-6.076005403085245e-11
7064.624348386516,460.82940740620995,1.2309398732088776e-11
7068.648067758517,461.3531840083107,3.853393016984988e-11
7069.74268199042,461.4957240070974,1.4322331521001038e-12
7070.694003880746,461.61962249090107,-2.0337742625969642e-11
7071.936899752575,461.7815201736891,-2.007204648859691e-11
7072.11465141179,461.80467615412175,-8.558453289775322e-13
7073.46125680319,461.9801194035867,-4.197592402336206e-12
7075.176509788432,462.2036404859629,5.764985843451883e-11
7076.6206433373945,462.39187299545625,-7.581822984071179e-12
7076.8562534928315,462.4225867441276,-1.824446254147021e-11
7077.012342753793,462.4429348441472,2.3426094978524363e-11
7077.218080273362,462.4697558734717,-5.1584643324848515e-12
7077.262510293383,462.47554810784015,-3.846933300942637e-12
7077.289090939962,462.4790133799011,5.226162277843559e-11
7077.901440510908,462.55884791807546,-1.4152550241072958e-11
7078.531986811342,462.64106205707,-7.556302096133052e-12
7078.5996975938915,462.6498910015299,-1.714010599122082e-11
7080.663633083549,462.91905220263504,4.121581366083366e-11
7081.486701577674,463.0264117960467,2.6464128287064905e-11
7081.677589617592,463.0513126758253,4.393653395687527e-11
7084.387891904777,463.4049374283822,6.807498596823946e-11
7087.46213668739,463.8062111062742,6.554050420314499e-13
7088.650260795395,463.9613406932165,2.30278597527488e-13
7089.333478932179,464.0505580886718,-2.3676379477595845e-11
7090.372610898487,464.186268639782,-3.470419168531017e-11
7090.4377165090855,464.194772089433,-3.971242577024736e-11
7091.089301545305,464.2798799706587,3.6436032170341915e-12
7091.535843774238,464.3382103553024,1.4524035253882188e-11
7091.693835600069,464.35884920241296,-5.258065035766546e-14
7093.138955955311,464.5476500410783,2.493662697231253e-12
7093.366055882677,464.5773234943872,8.06756515000744e-11
7093.933549132096,464.6514777568872,4.006595973014467e-11
7094.82130482997,464.76749256704215,-3.668156040547019e-11
7095.398910881987,464.84298380552275,4.550516413379182e-11
7095.827745837727,464.89903511917123,-4.205753136879481e-11
7095.928352834187,464.9121855506417,-3.190580534507183e-11
7095.976027477582,464.91841721149507,8.235121658696745e-11
7096.2141007043365,464.9495369299288,6.279514857362039e-11
7096.650601180669,465.0065967587872,-1.8877544541734937e-11
7098.447624979189,465.2415426804849,1.4028270272157962e-11
7099.222734628461,465.3429001856016,-4.793911166798437e-11
7100.066691862855,465.45327315633085,-1.3852318602603992e-10
7100.78084838756,465.5466810014663,1.867205045148216e-12
7100.859800880583,465.55700814105484,-6.613855988806595e-11
7101.277102030198,465.6115938500935,8.513779024986545e-12
7101.592659380689,465.6528729373307,2.5662185010965927e-13
7103.24920126511,465.8696006783844,1.0682526287467611e-11
7104.091824335667,465.97986165399686,8.705691712181308e-12
7104.970927704865,466.09491017944646,1.199563610296927e-10
7105.334159698661,466.14245061723176,1.358360948046943e-10
7105.447776765053,466.1573215163293,1.6777765429129338e-12
7106.583529025437,466.30598881331605,4.1644644754749825e-11
7106.831233493057,466.3384159012346,1.793111531177113e-12
7106.95027405375,466.35399994930094,-5.17423989470314e-13
7107.763703410933,466.4604960355745,-8.68120842832646e-12
7108.007752743654,466.4924499256888,-1.7049768311938818e-11
7108.88799291535,466.6077107293471,7.362351678919683e-12
7110.1166866513,466.7686227621656,-3.5658605784630964e-11
7111.526155624147,466.95324370638065,-4.611076576098712e-11
7111.874332882506,466.9988557488357,-5.563850202996199e-11
7112.6320115640465,467.09812116123874,-3.8491256124543635e-13
7113.498389063533,467.21164044179557,4.3224087061373164e-11
7114.255365138098,467.310836444835,2.2288678710408915e-13
7114.837897332643,467.3871800805013,-3.085858701629293e-11
7117.139977094898,467.68893982746386,1.490947748435789e-11
7118.06379468407,467.810062541915,-4.318244824966035e-11
7119.260081661887,467.96693236975705,3.0359750706459443e-12
7119.721110224098,468.0273943585669,4.808828648624372e-11
7119.729486246377,468.02849287545257,1.387552157122409e-12
7119.918132259609,468.0532341776334,8.011088816461475e-11
7119.981477405446,468.06154216730454,-2.722928515372462e-11
7120.1015047736355,468.0772844781501,-2.4975001791658983e-11
7121.589294681918,468.27243910001357,-6.4190689619183465e-12
7122.856521275766,468.4386944065375,-1.0462659093190249e-11
7123.288940315582,468.49543290816047,-1.7176449172642728e-11
7124.8409990216105,468.6991097683413,2.383137802834545e-11
7124.963899972806,468.71523997168856,-3.5677643656729025e-11
7125.385416763332,468.7705642897093,-4.7907697877821406e-12
7125.640581495567,468.8040563959594,1.2004576278762217e-12
7126.4792573347895,468.9141467522922,-2.113573075833201e-11
7126.675916224621,468.9399634254467,-7.239943768663435e-11
7127.4658753522735,469.04367360261284,2.047066409195324e-12
7129.253267906823,469.27837475319876,1.287842518232247e-10
7129.442261276027,469.3031947683803,-1.1377876284047479e-12
7132.068053363457,469.64810139279666,9.283141545643908e-11
7134.362807064292,469.94962900946075,-2.8314415694327964e-11
7134.36512803552,469.94993403113045,-8.57096132828715e-12
7134.520798889759,469.9703924965621,-8.466211038048785e-11
7135.01038171325,470.03473701537496,2.024535655855847e-11
7135.265617495523,470.06828370049004,-3.050665369419189e-11
7135.99987331332,470.1647966441317,2.9434219635260494e-11
7136.112724617216,470.17963106255655,-8.88249054269778e-11
7139.583452849123,470.6359763657353,1.825172788986056e-13
7141.346514677084,470.86787581224166,1.493447809592729e-11
7142.781782742215,471.056702095216,3.390980342753237e-11
7143.323469000713,471.12797711458455,9.012534069803459e-11
7143.545516473541,471.1571956590058,6.555447140223117e-13
7147.032404662962,471.6161436719287,3.996766057873022e-11
7147.4051336913535,471.66521592163093,8.771625000560535e-12
7147.565225442669,471.68629384856894,3.601447475113328e-11
7148.4397658123,471.8014455164835,-4.283694363283999e-12
7149.305440703218,471.915443732328,2.0114719721101196e-11
7149.6986953270025,471.96723485311196,2.4315368408767557e-11
7149.910258956763,471.99509868560887,3.841640921382236e-12
7150.118388496919,472.0225110383845,4.112003207874287e-11
7151.808181841749,472.24510010035823,7.343025320471898e-12
7151.932843257419,472.2615232849012,-1.0161460275648785e-12
7153.191922766991,472.42741339150217,1.770257185848547e-11
7153.558667794391,472.47573939936973,1.5794925053826642e-12
7154.356631902802,472.58089572394766,6.7939684257750374e-12
7154.6680367663475,472.62193607845444,-4.326229293621177e-12
7155.48056615358,472.7290285399987,-9.177258373232954e-11
7157.273161154489,472.96533797380386,3.602383174037822e-12
7158.56928146885,473.13623633867144,7.731339254113198e-11
7159.000224243862,473.19306462815086,-3.845965639558471e-11
7160.839854436155,473.4356945601923,-4.4038887541714935e-12
7161.815988608854,473.56446279828685,4.360614478775926e-11
7161.929550414274,473.57944461796495,-1.1347703933207087e-12
7162.754229374355,473.6882488124945,3.7713033026965375e-11
7164.01456410192,473.8545555467184,-6.786899977467608e-12
7167.695245488707,474.34040521541164,-7.029565309055693e-12
7167.904417096874,474.3680233460617,3.2736427654384522e-12
7169.705522324432,474.60586697787045,-4.9976859017796566e-11
7171.290982486419,474.8152832112237,6.757653120303902e-13
7172.431218795394,474.9659204727249,1.1467977207938997e-12
7173.508402054085,475.108249759729,2.377920846882873e-13
7173.64754190876,475.1266360047883,-7.31001613351071e-11
7174.068285041123,475.1822360932151,4.92017958793273e-11
7175.167185958441,475.3274683140142,1.1637119204286695e-11
7176.743433285247,475.5358261144542,-4.068310642294984e-11
7177.282309115148,475.6070684429356,-1.5065575029055315e-10
7178.079846921555,475.7125171144816,-9.536413098098502e-12
7178.281787204805,475.73921906770124,6.463185618863554e-13
7178.330653911302,475.74568067746765,-3.3883164709289064e-12
7180.027275961721,475.9700510776152,-3.809452357701348e-11
7180.5932139996,476.0449055528294,-6.212130318879453e-12
7181.110561636874,476.1133383220692,7.514904237332692e-12
7181.3551793699835,476.1456971381061,-1.3882560860940026e-11
7181.501779489444,476.16509039898034,-2.7311176786726965e-12
7181.539254490317,476.17004791050977,1.2063239290193918e-11
7181.607170528227,476.1790324869918,-1.0922683985758895e-11
7182.937963308941,476.35509949920515,-1.1209680974294061e-11
7183.612537008903,476.4443596443879,7.123367786149672e-11
7183.778533815838,476.46632576314954,-8.47631920360321e-11
7183.947917346507,476.48874056541274,1.6334435360840315e-11
7186.994523608614,476.8919932435599,-4.333975161686256e-12
7187.550830405324,476.96564517894717,-1.667414932808417e-11
7187.7951639376815,476.99799538565725,-8.443712974715705e-11
7189.510551118006,477.2251467489732,-8.380903116753849e-12
7189.587972086046,477.2354001026177,1.7641578526935614e-12
7190.2027057799405,477.31681713377213,-7.963968563618528e-11
7190.574369054971,477.3660446227487,-1.1611428632306806e-10
7190.771312144808,477.3921311310741,-1.4007900682241134e-11
7193.51979202398,477.7562613360236,-4.736760977316645e-12
7194.200618135558,477.8464815543271,1.9456564312515195e-11
7194.396084961378,477.8723855751494,1.569981474656298e-11
7195.030862688869,477.95651363220134,7.093745987111834e-11
7195.585835321702,478.0300710801521,-2.1165424404636375e-11
7195.695939353017,478.04466521574636,-4.058409870702861e-11
7195.857933668911,478.06613774207545,1.4732702464562497e-11
7196.215055349304,478.11347632457506,1.0191767174231078e-11
7196.28676862236,478.12298262462053,-9.589181359627848e-13
7196.868740307805,478.20013220233284,1.2771704052101578e-10
7197.210807252938,478.2454815127571,-7.29794346553165e-11
7197.953581190919,478.34396172271806,-1.1320647995235294e-10
7201.156197765796,478.7686949814918,-7.236410833643292e-12
7202.557235448979,478.95456098843954,3.4194926067093327e-13
7206.1360230346945,479.4294982000189,-3.1354489053394806e-11
7206.147769991134,479.4310575149718,-7.078609901297741e-12
7207.120738483059,479.56022016113707,3.029624384049685e-11
7207.200543577646,479.57081514975664,-2.0602705665290332e-11
7208.669418353267,479.7658450996001,4.935752302420857e-11
7208.709364320409,479.77114948326715,1.120950594346509e-10
7208.970355162505,479.80580691068434,2.4236171493626727e-11
7209.2594818599055,479.84420201215437,8.745527017872126e-11
7209.308909072895,479.85076594221164,-1.0974657805132627e-11
7209.549658520279,479.882738093613,1.4629451433516027e-10
7209.748709430639,479.9091733773801,2.0867339995534214e-11
7214.366210568263,480.5226130578517,-2.708240760767486e-12
7214.648090151256,480.5600737643866,1.7907374909566437e-11
7215.065036047522,480.6154869452854,-9.228721217390739e-11
7216.381200391702,480.7904295776495,-8.196405652201994e-11
7218.106226705196,481.01976586140256,4.669073056921114e-11
7220.031085480631,481.2757338873789,3.764276297470821e-12
7221.311882644394,481.4460923136103,-2.2258340251433238e-11
7221.855321470546,481.51838407100894,3.734877682698787e-12
7221.894620091389,481.52361203936823,-1.651537596546079e-10
7222.212987867491,481.5659661434018,-5.3667737665970255e-12
7222.370979692232,481.586985302279,1.8235759115445749e-10
7222.75467412374,481.6380337452756,-1.0788434922355516e-11
7223.002946991184,481.67106653584926,2.2779368965369855e-12
7223.063268558554,481.6790925126256,6.702054652922595e-11
7223.273221717959,481.7070279722212,1.2929273280934377e-11
7223.908907307141,481.7916144992566,-1.1319593467124383e-13
7224.871336694594,481.9196928543739,6.989885835569906e-11
7225.408870464738,481.9912342984683,-3.850438164703688e-11
7225.509690611009,482.00465324606074,3.622395262522355e-12
7225.674716399546,482.0266182325059,4.8433475740456e-11
7226.254509213222,482.10379282309293,4.4513060158001177e-11
7227.87729437623,482.31983011218966,-7.527289233897536e-12
7227.945005158243,482.3288453318006,2.2924719523877593e-11
7235.984091493705,483.3997940046773,1.6264209666841807e-11
7236.488642210104,483.4670487987411,2.381470905486682e-11
7236.661538774833,483.49009636716636,-2.5852743829375606e-12
7237.391452636515,483.5874018808523,-8.2114783188046e-11
7240.739264110086,484.0338275588114,1.5209607318181337e-11
7242.148662023101,484.2218304266173,5.951592988409073e-11
7242.971730510209,484.33163837144605,-4.9184583487367444e-11
7243.55602316547,484.4095981164523,-1.1282086501118308e-13
7244.191290347755,484.494366316805,-5.386760461645319e-12
7244.207181895429,484.49648693389446,1.3026062865929726e-11
7244.744218313868,484.56815346332223,-1.850874061077547e-12
7248.79888393039,485.10941266257066,-2.4371417045140644e-12
7251.496381379555,485.46967060845935,-3.5235678777317156e-11
7251.887315030036,485.52189195566984,2.9308545915039595e-11
7252.756163489527,485.63796377022805,2.160817805697945e-11
7253.5423174820235,485.74300019083546,-7.160490719257868e-12
7253.9459770016765,485.7969367338987,-3.6047107877541657e-12
7255.317757812679,485.98025501587136,4.764998983487648e-11
7255.330475787123,485.98195474783756,3.08830178095124e-12
7257.355381047932,486.25261730667256,-8.566520444205526e-12
7258.99012631527,486.47118353862845,5.216733230468567e-11
7259.024301431976,486.4757532935581,3.697385807786426e-11
7260.201104873872,486.6331236967642,3.058688922930035e-14
7260.685414194998,486.69789634283944,3.4158884611140603e-12
7261.637083431815,486.82518736903495,-8.207325228893102e-11
7261.859130903279,486.8548898473817,1.7103429550728782e-13
7262.6817020383905,486.9649300946128,9.455989869212081e-12
7265.362968476702,487.3237056279203,-8.047657408418848e-12
7265.428571437872,487.3324855041829,1.3332485668265487e-11
7266.095969070833,487.4218101950162,-7.660015555090489e-12
7266.710276461306,487.5040365244121,5.151687143564689e-11
7267.1115439593095,487.5577507718761,2.9540293448475876e-11
7267.236205374236,487.5744387329806,-6.224813934688268e-11
7267.394197198614,487.59558892364277,-2.4571505741272424e-11
7267.665040326118,487.63184746310293,3.0056286337488813e-12
7267.889898225128,487.6619508558985,7.01468237618238e-12
7267.96217989926,487.6716279369293,-9.50989149395773e-12
7268.743131442159,487.77618798007614,2.5397552847021963e-12
7269.188410553463,487.83581054040746,1.2992248415274133e-12
7269.367354274139,487.85977200775477,-1.0089433982062327e-11
7270.303487213721,487.9851345474376,3.7896529334701795e-13
7271.533728253466,488.14990721373863,1.5139124048686995e-11
7271.657616011293,488.16650169920746,-5.871392225545415e-13
7272.646341842045,488.2989494240823,-1.2215942191328991e-11
7273.211079919155,488.37460868195984,5.027859540595431e-11
7275.634236992616,488.6993112873061,6.400640928787133e-13
7275.676203940631,488.7049358035204,-3.217587960898806e-11
7275.767053384432,488.71711178623735,9.282694400266733e-11
7276.774331195137,488.85212111872374,1.176769137101161e-11
7278.604543285848,489.09747934003207,6.536517000762054e-11
7278.676059197642,489.1070680153563,4.185871459729696e-11
7279.671811097079,489.2405857379944,4.53646322861147e-11
7279.963179819712,489.2796580488443,-4.037726016621964e-11
7280.645482192256,489.37116036581796,1.6704473385014959e-12
7281.166840212561,489.44108451139954,-2.5850773292349103e-11
7281.254879228725,489.4528927321766,-1.2343852720244224e-10
7282.05079866657,489.5596517959115,-1.7716673963555012e-12
7282.88519570217,489.67158450446584,9.237020420116429e-12
7283.515741995834,489.75617954774657,-1.3469090877621676e-12
7283.708114192479,489.7819899503099,6.047738466809449e-11
7284.3528784088185,489.8685023498073,1.537335036394937e-11
7284.461221974993,489.8830402943619,-3.884129481368293e-11
7285.952043343468,490.0831062343963,-4.7194777574549894e-11
7286.470456730454,490.1526861090635,-1.727247840026165e-11
7287.2039467802115,490.25114137947384,-2.7526637092814038e-11
7288.125514440185,490.37485607376186,5.2766181410837166e-11
7288.487688572782,490.42347996803625,8.655208851020473e-12
7288.690820918195,490.45075267430843,-2.3163961856768607e-11
7289.819539203954,490.6023091127001,-1.0214187320077033e-10
7289.933156269255,490.6175661217858,-4.3457220723005157e-14
7290.292172618137,490.66577801009265,-1.7716683920171843e-11
7291.122906623778,490.77734541756803,-2.3552421114551594e-11
7292.445891776167,490.95504829700195,-4.277663528994853e-13
7293.246240005486,491.06256642912183,-1.3814077990223687e-11
7296.060962282859,491.44078765646753,3.9307363445663066e-11
7297.579832665947,491.64494266841007,-1.4199748878226017e-11
7298.340890169138,491.74725421456105,2.743311620757501e-11
7298.736876272582,491.8004921918991,3.502104222931245e-11
7300.811500837164,492.07946033869405,2.74498710955072e-11
7300.9121078325525,492.09299065603375,3.9486165205288586e-11
7301.081491362208,492.11577093364633,-3.449559599809862e-11
7301.754730894466,492.2063196929565,4.678012389737901e-12
7302.917963757418,492.36279080589014,2.6075693944234337e-11
7303.028067788132,492.3776026314829,4.924896836663908e-11
7303.089526157932,492.3858704609289,-8.655276726254037e-12
7303.6417515155,492.4601629766189,-4.525993225016673e-12
7304.959597373475,492.6374793882304,3.896209764979315e-11
7305.564984023521,492.7189450010836,-4.6175546073222535e-11
7305.843555826431,492.75643409283686,3.3074484540996243e-11
7306.07735025378,492.78789832573005,1.0668967310042051e-12
7307.010167518095,492.91344760981747,-4.1785175418809e-11
7307.724892436466,493.00965436130053,3.435124584488025e-12
7310.891305001098,493.43598784637965,4.4660758681687675e-11
7310.9434084358745,493.4430047240333,-4.064691817108002e-11
7311.567283910466,493.5270272127183,-2.7180365570109516e-11
7311.914403307487,493.57377976755964,-5.86594501299778e-11
7312.433092999705,493.64364478880964,6.880702273843126e-12
7313.149499437588,493.74014945984396,-1.1534977365410588e-10
7318.343635578365,494.4401166061274,-1.4060682644440535e-11
7318.848186292674,494.50813686332094,-2.691470526039414e-11
7319.272102995134,494.5652901907688,-4.52786450149421e-12
7319.481771952852,494.59355941725124,5.044093025661086e-12
7319.60129407387,494.6096746969126,-2.2940883528850392e-11
7319.786427050647,494.63463686926275,2.613389289842811e-11
7320.514998850872,494.73287906399634,-4.3246660441277e-11
7320.692750507787,494.7568489650209,7.479816548988127e-11
7323.243016272091,495.10081767378284,-7.021883949502515e-12
7323.437717334329,495.12708302520616,-5.991257164246112e-11
7323.987834870636,495.20129815796776,-8.442461116353525e-11
7324.090975987618,495.21521331713404,-3.4079850432932604e-11
7324.460815640087,495.2651113980865,-1.1049737156669932e-11
7324.713240992268,495.2991696058187,-9.056178207251051e-13
7325.095798619125,495.3507880022169,-1.2556063215286458e-11
7328.020269671792,495.7454751608959,2.7474356263136015e-11
7328.206318405896,495.77058966284864,8.068523300078653e-11
7328.843906556692,495.85666178154645,-4.320698018598214e-11
7330.368397792523,496.0624930008079,-2.6521845967908328e-11
7330.399549330999,496.066699413699,1.0494188549850329e-10
7330.496438036001,496.0797824740238,2.784532922760274e-12
7331.331600831891,496.1925632143559,-2.728579723679046e-12
7337.1713301003565,496.9815217616987,-8.232999129231241e-13
7337.3744624452775,497.0089766341109,-4.7460637465312814e-11
7337.516349571003,497.02815420292114,3.955906484030092e-12
7337.911293605481,497.0815370833637,-2.0942768040392372e-11
7338.1141417497265,497.10895630832306,-1.2909756189281267e-12
7338.9962765812,497.2282043380805,6.106047332308006e-11
7339.775396606534,497.33353862561535,4.497766877000265e-12
7340.249372077952,497.39762391290395,1.9910842517445585e-11
7341.068288075012,497.50835767896183,9.824522809559515e-12
7342.082528796065,497.64552036550174,5.448459435751061e-12
7345.600931634224,498.12148484883295,-3.6191960897428594e-12
7346.587115444872,498.254935294084,5.547429244855404e-12
7347.054475358588,498.31818471909133,3.533046115343579e-11
7347.640875831515,498.3975500038233,-1.9138166258381845e-11
7348.768678356581,498.5502081516496,-1.7116942138034916e-10
7349.517357344764,498.6515614810218,1.6792515967790575e-11
7349.918766941452,498.7059070458132,-2.3607601949933923e-14
7350.543558172251,498.79050144276863,-2.4749435161480187e-12
7350.741551223463,498.8173104621491,9.908363294587926e-11
7350.924718479588,498.8421126549772,-6.560024427491391e-12
7352.685743518019,499.0805999234816,-3.2568046555911834e-12
7353.143472190717,499.14259730054556,-4.93138829645548e-11
7353.537705723222,499.19599762786976,-2.1469818278060394e-11
7355.625324562478,499.4788207088093,-8.033996455543066e-11
7356.916597665655,499.65379792316645,-4.4990082988486596e-11
7357.284961053561,499.7037195626287,2.1296333849555597e-12
7357.669705445444,499.7558638704259,9.29154807059409e-13
7358.175677162117,499.82444223704846,-1.1553957472833182e-11
7358.374657020825,499.8514128501065,7.12823481199476e-12
7359.636886406099,500.02251800973454,1.3670616099047098e-11
7359.8876933935435,500.0565203723739,1.1359964798531768e-11
7359.983879491502,500.06956080524185,-5.5760527534868694e-12
7360.746405361554,500.17294630182073,-4.156349328165227e-11
7361.633040034125,500.29317230167067,-8.523873701251167e-12
7362.520795719789,500.41356481715457,3.3985361406441878e-12
7362.79816756385,500.45118342890703,1.4330723042265938e-11
7363.893981737194,500.5998173043637,5.236807729715422e-13
7364.52298860897,500.68514443487777,6.563107043407097e-12
7364.715360804846,500.71124189678824,-2.5339753248722606e-12
7368.890322174979,501.2777905142116,9.863796084744799e-11
7369.017020359812,501.2949886706362,-6.867650394209857e-11
7372.2805426649975,501.7380848222934,6.349204759108967e-11
7372.464049382229,501.7630057898787,-1.260363505875658e-11
7372.569100958701,501.7772725055946,-8.558493839823121e-11
7372.618528171284,501.78398512621396,-5.258802183514996e-13
7373.594662333535,501.9165613670725,-1.0626693184900912e-10
7374.115886145888,501.98735994486583,1.1819152075611655e-11
7375.702956761065,502.20296484007133,2.4473268690753254e-12
7377.04893057469,502.38585288996995,-1.7791039564291217e-11
7378.492156238603,502.58199238949186,-1.5519975721869572e-13
7380.4653054085375,502.8502124648374,3.8207612562764e-13
7380.801893595658,502.89597374777446,1.1267044496476288e-10
7381.096420100507,502.9360181922374,1.1936661762308628e-11
7381.614336133904,503.0064390234074,4.9958399563703206e-11
7382.340871161395,503.10523402126597,-3.3137563036076096e-11
7382.648628781293,503.14708615815164,3.4296436198638666e-11
7383.160355558117,503.21668004113764,4.236588938297433e-11
7383.545099949518,503.26900773435244,4.7314256367674505e-12
7383.813337903601,503.3054914216166,-4.220420917336152e-11
7384.937272141356,503.45837482355853,5.220759576283359e-11
7386.475199743823,503.6676094688471,-4.717418498802221e-12
7386.790188688386,503.7104690073984,4.3513270748498444e-11
7387.392062301509,503.7923691081169,4.681511570137206e-11
7389.0036688965265,504.01170172967477,2.1964210811647067e-11
7390.06046075387,504.15555246029356,8.821188303058799e-12
7390.87824784105,504.26688393067576,-1.060789491927245e-10
7392.058990610787,504.4276490058688,1.598077413449951e-11
7392.357606446079,504.46831137755817,-1.8224525426963763e-11
7393.907904666286,504.6794411253267,3.9990183413703525e-11
7396.0358957692415,504.9693169596464,2.1846352825345352e-13
7396.314885977154,505.0073273069298,-4.703763843616745e-12
7397.017863936087,505.1031091995921,-9.22945271735581e-12
7397.1624272834315,505.12280731976836,1.1338420678414806e-12
7397.643357772359,505.18834140759395,-1.5995853742955462e-10
7397.913348296126,505.2251335868266,8.438708912204064e-11
7398.120419975947,505.2533525920846,-1.967537152506643e-11
7398.849481229791,505.3527127993062,-3.341613673651268e-11
7401.198809300517,505.672957889639,-6.651847633614114e-12
7401.232621271379,505.6775676592867,-3.919946189362387e-11
7401.435264159271,505.7051955062322,-1.2091019171166234e-11
7401.68431068158,505.7391509498591,-7.050729279288946e-13
7402.709872054977,505.87898984225137,8.552413411543274e-12
7403.577654755505,505.99733019157844,-2.908011528058486e-12
7404.401504787888,506.10969223731894,-1.4018852764531336e-11
7404.897055815961,506.1772847436255,4.8795912861042375e-12
7406.7390148515005,506.4285651814696,2.1199726911843484e-11
7406.856358101146,506.44457528974806,-4.389582299125314e-11
7406.922387362864,506.45358431854845,4.699377126904291e-11
7407.451474055833,506.52577577758234,-4.348233647310641e-12
7408.335432504377,506.6463993687501,5.1966447786111425e-11
7412.61783746339,507.2309734439486,-5.994365879510891e-12
7413.069242672676,507.29261265566413,-1.0940852095030237e-10
7414.286757834704,507.4588826083863,-5.7176069278281125e-11
7414.863874420943,507.53770607169366,-2.760630648373476e-11
7415.15728780695,507.57778327188925,1.3881207833462609e-11
7416.26314372985,507.72884587860113,1.8554171582225333e-12
7416.273343372032,507.73023927935697,-1.5650015459573745e-12
7419.509850827937,508.17248411481313,2.3639615366756774e-12
7421.143404018972,508.3957703640445,1.7302671585014058e-11
7421.2315772401,508.4078239365931,-2.3745820118766718e-11
7421.727128267777,508.47557007426485,1.9294982299658283e-11
7422.0864998651905,508.524702128551,-2.0782054710405297e-11
7422.453244887645,508.574844704972,-3.3160687548234074e-12
7426.2956363402645,509.1003379650595,1.4527291218765687e-11
7426.735712999184,509.1605411007971,1.5995311589632174e-11
7427.565104940908,509.27401283863145,-5.714358854600359e-12
7427.84431619367,509.31221546516804,2.3579422351680707e-11
7428.047022236705,509.33995129027704,-4.655353422019984e-11
7428.134982307302,509.3519869100915,-7.709903793764854e-12
7428.303244822781,509.37501075010164,4.625052596896832e-13
7431.098546710124,509.75757618073396,1.4388613246508755e-14
7431.876900969705,509.86412747928205,-1.4517355620774089e-11
7432.947744962849,510.0107368316412,2.8186935149193898e-11
7434.533347204375,510.2278605790327,6.794636967324889e-11
7435.206649887672,510.32007299486725,-9.040963518537121e-12
7435.423344913199,510.3497523178206,6.877074254663981e-12
7435.788613671459,510.39978278656736,-2.1320788421090188e-11
7435.901464973659,510.41524040494596,1.429340688573255e-11
7436.73486730068,510.5294015582162,-2.854836509991032e-11
7436.937999644629,510.55722898093046,3.264340183585621e-11
7437.2018798563095,510.5933794856549,-5.638326862246152e-12
7440.399159738755,511.03149561639174,-5.0511428214314385e-11
7441.838438168054,511.22877819258764,-4.7701457742430545e-11
7443.839375830954,511.50311106686473,-1.0168597600235883e-11
7447.726765700215,512.0362914388772,-9.741705487422194e-12
7448.276883233232,512.1117660591696,4.6940175105984014e-12
7448.389308234367,512.1271911477512,-1.2287422289360296e-11
7449.519218574684,512.2822315785645,3.1883473460957504e-11
7450.396356208227,512.4026040652697,4.179571895681541e-12
7451.764339770926,512.5903652432746,-6.103206301561538e-12
7452.474691153049,512.6878773898596,-5.043411979817207e-11
7453.073051729812,512.7700234222505,7.432603073909579e-12
7453.347407889353,512.807690659024,-6.471407399746327e-11
7453.7826373495955,512.8674475514894,1.5906389945206084e-12
7454.395752671166,512.9516340467685,3.7284496402185725e-11
7454.8079145198,513.0082316339006,6.685233648936948e-11
7454.950859502457,513.0278614040053,-1.710951007536012e-11
7455.247714872229,513.0686279593783,2.726304062815429e-12
7457.131719795963,513.327392437862,9.185652258199292e-12
7457.902195383622,513.4332346255904,1.6942844227181758e-11
7458.671684163688,513.5389521671722,3.4671054157568155e-14
7461.51740796175,513.9300115882818,2.3362757917277773e-12
7461.765680826288,513.9641363252532,5.9006771309305726e-12
7461.7720753385265,513.9650152564742,3.966693545389919e-12
7463.09147639536,514.1463841806839,7.1641294462255145e-12
7463.304863641847,514.1757200598875,8.62079937364825e-11
7463.803304041066,514.2442475136252,-1.0287924042008435e-11
7463.914544873593,514.2595419447583,-9.44253624776636e-13
7463.9738796326865,514.2676999361705,9.29867114961447e-12
7464.40299088637,514.3267007734485,-3.1528865380666577e-11
7464.899110314374,514.3949191563898,1.6199978963692926e-12
7465.440796564184,514.4694083352263,-1.010326650927747e-10
7465.621358647452,514.4942392626314,-2.6334825596232384e-11
7466.233202960453,514.5783846586867,-1.751311523362437e-10
7468.001119852605,514.821560533406,3.488672111296529e-14
7468.031497733813,514.8257394953175,-7.29211941773426e-11
7468.7666061414275,514.9268705603118,1.5716438836799997e-11
7468.795499863905,514.9308457595554,6.926127180271592e-11
7468.946599823334,514.9516343472005,4.899937264041885e-11
7471.761322076868,515.3389654768712,-2.6340210949752932e-11
7472.089881596469,515.3841877375912,1.0406639492959145e-10
7472.614902641535,515.4564546887127,5.4153130153438235e-11
7473.925509269338,515.6368763679452,2.3167514254950344e-11
7474.252813570212,515.6819389073894,1.0435172343921164e-10
7474.820227863836,515.7600639407351,1.2798189656665021e-11
7476.116348157804,515.9385438719108,-2.3189651698626372e-11
7477.233256321689,516.0923705397282,-5.549918044805061e-12
7480.29778296305,516.5145518408397,7.144894470501011e-11
7480.874899547503,516.5940770592132,3.7011647341555784e-11
7481.123172411816,516.628290324838,-2.3615966804332274e-11
7481.656766839755,516.7018261981657,6.709950772117964e-11
7482.082159802874,516.7604543365059,7.926140071433743e-14
7482.272487332384,516.7866865708021,-4.775260143365704e-12
7482.5168208612,516.8203632573088,6.618092297008487e-11
7483.402681871585,516.942471413175,2.0506288474453632e-12
7483.40738696936,516.943120008151,6.557148160521562e-11
7483.659812319624,516.9779172928288,-2.731968077559708e-11
7484.393302362416,517.0790368637843,1.6181033289551915e-11
7484.774462667328,517.1315878658104,9.231476947209025e-11
7485.127495012075,517.1802632214408,-1.9254130754961952e-11
7485.258977238923,517.1983923005073,8.06612788611892e-12
7486.150593309929,517.3213388258256,3.199203732349087e-11
7486.192362896555,517.3270988674761,-3.187373807034083e-12
7486.365535765083,517.3509798137793,-9.383079404004076e-11
7487.817895311197,517.5512853590496,-2.2126282012940916e-11
7488.691867264758,517.6718399600418,-3.0242977956008994e-11
7490.797288097842,517.9623168585595,1.9021882371003517e-11
7491.967412813651,518.1237898131395,-1.2852346867482233e-11
7492.588256809992,518.2094742674716,-1.0438989088556407e-10
7492.891230385579,518.2512910944522,-4.750227676274029e-11
7494.382549090277,518.4571495858781,-3.556936491879668e-11
7494.670538980988,518.4969078231162,4.357464607213545e-12
7497.737252385505,518.9203754917661,-5.917715835181913e-11
7499.5430626816,519.1698121697334,1.5716428606628243e-10
7500.357984076359,519.2823969783517,-8.809025119513351e-13
7500.773587908428,519.3398191011416,2.4480731925035823e-12
7501.310979571028,519.4140728207177,5.637035595650924e-12
7501.615926761617,519.4562110527362,9.887534162234144e-11
7502.126950928681,519.5268292671175,3.8433092323748854e-11
7502.345974819487,519.5570975590405,-1.401006583221841e-11
7502.883011231215,519.6313177452746,8.732479181482388e-13
7503.491555659182,519.7154269937886,1.3697327803639138e-10
7504.086671611177,519.797686838903,-2.180649996764738e-11
7504.7888127541,519.8947486200282,3.3971331670409266e-12
7505.434832182289,519.9840603336248,1.1711097983037387e-10
7506.851966647874,520.1800050662094,-7.082899251147039e-12
7507.229953379212,520.2322748875906,6.146469838104681e-11
7508.132763793787,520.3571304996655,-5.890148188479846e-12
7508.723593054115,520.4388483063932,5.65276877652464e-11
7509.823828117023,520.5910393486952,-6.362372343112584e-11
7513.216709017031,521.060503174946,2.425126533850257e-11
7514.0066681295675,521.1698381311802,2.9681990319802937e-12
7514.912628432741,521.29524248099,3.2848913592514595e-12
7514.968529102154,521.3029808286129,-1.2483670807268122e-11
7515.64892890206,521.3971734056502,-7.361102306997097e-11
7515.927161240886,521.4356935411441,2.6528711443972253e-11
7517.484556571247,521.6513349198336,2.6095926624875486e-12
7518.2761972033195,521.760964856596,3.654836076338787e-11
7519.479376020806,521.9276085485808,-5.5972641101703835e-11
7520.9284909413645,522.1283504908296,3.2724471001487e-11
7521.22661731846,522.1696539233436,-5.776535524616619e-12
7521.650739272578,522.2284160288355,-4.5364827954109016e-11
7522.54066592764,522.3517261558871,-3.7614423545965326e-11
7522.754834725372,522.3814040171834,3.2051010470890613e-12
7524.212333562595,522.5833954130252,-5.593838820653283e-11
7524.799989249312,522.6648483261013,2.205835319248001e-12
7524.8921728556525,522.6776261527201,-2.622300045192055e-12
7528.144153436441,523.1284924091872,-7.952235882295652e-12
7529.8856396726815,523.3700184033898,-7.419155090845349e-12
7530.802502224221,523.4972001340644,-1.3505612856578085e-10
7532.625332972934,523.7500983916586,-1.8649404568608414e-12
7534.683134420063,524.035669868714,-9.465945212614254e-11
7534.931407283762,524.0701292184227,9.602806763136085e-11
7535.352924065767,524.12863677972,-1.7096250645285833e-12
7537.945598842197,524.4885783631973,1.7782011348832333e-11
7538.4736355689865,524.5619009900875,7.346178096609116e-11
7538.47595654017,524.5622232890527,-2.794073368900366e-12
7539.411876317213,524.6921967886649,-2.2673122566998205e-12
7539.429875685346,524.6946965636795,1.5889169894070018e-12
7540.144876901737,524.7940016641588,-4.926113404368272e-11
7541.064834081094,524.9217865449264,-1.7243649046584217e-11
7541.395864565933,524.967771511217,-1.712952022649363e-11
7541.540917368704,524.9879220988521,1.869450239379057e-11
7541.935364048223,525.0427201898499,-9.587438751474043e-12
7542.155082650757,525.073245608998,-3.645120182292827e-11
7543.959566674341,525.3239755076913,1.3277863715783371e-11
7544.133655299807,525.3481679901599,3.1253539108237394e-11
7544.373070579671,525.3814395992733,-8.541951423447327e-12
7544.808228987924,525.4419163899283,-2.7946772488025962e-11
7545.298364413344,525.5100378708402,-2.489444205730237e-12
7546.742292672815,525.7107479871868,1.8437283887643248e-13
7547.662668258129,525.838702841598,-1.7056623491312264e-11
7547.800339741084,525.8578439070712,8.734374777575526e-11
7548.161463906253,525.9080542305354,4.100237958052685e-11
7549.502582616184,526.0945429894098,-1.5419859866998835e-11
7550.472535408656,526.2294400571119,-3.809953515690688e-12
7550.5846841033635,526.2450383566662,2.3621058651315604e-12
7551.197799422208,526.3303181340369,-3.437545331711389e-11
7552.2198477540205,526.4724928422517,-9.75134166316275e-12
7552.871282780245,526.5631224573792,1.5876679744924435e-11
7552.907281516486,526.5681309385911,-1.2558059087419e-10
7552.922186256365,526.5702046325317,8.701127120926939e-11
7553.7347156278,526.6832578989068,1.4768831598396202e-10
7554.741156612725,526.8233083943304,1.7980171861609715e-11
7554.903435126469,526.8458918787607,5.856056086273656e-12
7556.645679228126,527.0883817874144,1.8400181699046707e-10
7557.372640550699,527.1895786223268,-8.12345755334283e-13
7559.6942590503195,527.5128253006665,3.449842605186577e-12
7560.49897290597,527.6248914631519,3.5005477350257977e-12
7560.709628668866,527.6542298026114,7.190257018601438e-13
7561.775688612968,527.8027140825072,-4.990094690938455e-11
7562.287415385531,527.8739964802602,-1.4414371357548204e-11
7562.291283670831,527.874535342142,-3.755662993641591e-11
7563.021055420794,527.976199315454,-1.0797747605886902e-12
7563.2588444414005,528.0093276505602,-1.1081333010566602e-12
7564.4626469183995,528.1770552120327,-4.568119667068767e-11
7566.04037837417,528.3969232652488,-2.5416125747451104e-12
7566.087768815793,528.4035281682856,-2.3793016896092595e-11
7568.725078863309,528.7711606909511,-3.1981321815995246e-11
7569.814774819823,528.9230982020499,2.366160086529159e-14
7570.12695333413,528.9666296279586,-1.2828997487863534e-11
7572.038241500795,529.2331864677117,6.290933071545522e-11
7573.343716723909,529.4152925889261,1.0718882770748569e-10
7575.309626656567,529.6895847046686,-1.3674783045575275e-12
7575.363624760877,529.6971197544443,2.5534238982605354e-11
7576.910409933494,529.9129853828132,7.642731167604237e-12
7578.653790836095,530.1563402703077,2.040373705169274e-11
7581.536563317736,530.5588632715476,-1.0714366097936213e-10
7582.126626813815,530.6412730141362,-3.068903919528613e-11
7582.333619546939,530.6701836561411,1.0444073945143691e-11
7582.600175978875,530.7074147130529,2.805315474664701e-11
7583.151832927849,530.784471114465,6.837064648690493e-11
7583.7544091424015,530.8686464133061,9.200461653529225e-11
7584.035791369241,530.9079556540237,2.007588962583506e-11
7584.866035906975,531.0239497401592,-1.4018576744787506e-11
7586.4042476958875,531.2388880161487,-3.196016550297439e-13
7587.249815379621,531.3570599207391,1.3952253214545741e-11
7587.504482754941,531.3926534178637,-1.430164119372871e-11
7587.6323808965435,531.4105295077917,-2.2383853792812863e-11
7589.100063582081,531.6156864080975,1.1901531193664229e-11
7589.47172684998,531.6676448632816,6.967025666715615e-12
7591.18374306301,531.9070172649296,-4.751722828526387e-11
7591.773940764402,531.989550634325,-3.022458404737586e-11
7595.080132590192,532.4520078368826,1.1649988509257847e-11
7595.8514607750085,532.5599271789864,3.3209571289386e-11
7596.148450348441,532.6014829966281,3.3458775855165875e-11
7598.792241744332,532.9714831245301,8.328039474134595e-12
7599.436721750441,533.0616979912013,-6.209917352601867e-11
7602.127122035668,533.438385178402,2.9648605242064194e-11
7603.055092088963,533.5683426550685,-9.420949875466564e-11
7603.7397233170705,533.6642319379755,3.892551544728945e-12
7604.3861611486145,533.7547797881396,-2.4603031773158308e-14
7604.748335275828,533.805513612689,1.9152847921990206e-12
7605.412156708233,533.8985088585016,-1.5379330986168773e-12
7605.633067373432,533.9294582005617,4.58734358979655e-12
7606.092982806375,533.9938947325804,1.264636771278118e-10
7606.72690791935,534.0827173077662,2.9341264466035255e-11
7606.7989053916635,534.092805719654,6.723786870315934e-12
7607.513630300009,534.1929594041768,-1.4073926549153226e-10
7607.978669236888,534.2581298970834,2.0689284253501866e-11
7608.591784554165,534.3440578819915,-1.42039879796622e-11
7609.110900540189,534.4168172935293,-1.3698071173069589e-11
7609.355786679399,534.4511423122163,-5.16959503130622e-11
7610.246850133623,534.5760495561495,-3.762919462441499e-11
7610.258597089832,534.577696315373,-1.5854264227121286e-11
7611.8041112518395,534.7943779861841,-9.202096686678815e-12
7612.255232256348,534.8576336178344,-7.371611918361199e-11
7612.472077275225,534.8880406933872,1.165853772774224e-13
7613.7777656465005,535.0711490513004,9.86894337447546e-11
7615.881481263741,535.366237967582,-4.7476789874543425e-11
7616.076948085617,535.3936603054584,9.848200423200799e-12
7617.220428993559,535.554095083624,-1.711270911507631e-10
7618.636924000542,535.752868190508,1.949532226163019e-11
7619.51716415036,535.8764086506928,-1.354828359010235e-11
7621.237193237599,536.1178534942127,-9.069451283932938e-12
7621.580318033523,536.1660253118692,6.837352239298274e-12
7622.830737291858,536.3415919465823,1.5517401124939512e-11
7623.315180810277,536.4096185679524,-3.888793189771585e-11
7624.363525584023,536.5568442403905,7.648792338480162e-11
7624.533548562612,536.5807235481763,-9.772035380785534e-11
7627.0702516094525,536.9370604710822,1.3563534725651578e-11
7627.076922427542,536.9379976935903,-3.8647717959805386e-11
7627.803741647514,537.0401177151613,-4.668011562673792e-11
7629.512521129093,537.2802440815802,-3.9525874802292946e-11
7629.979533680636,537.3458804146834,8.483581598078442e-12
7630.891967436242,537.4741301150854,7.510777002213492e-11
7630.9189664883315,537.4779252766225,-7.139494968389e-11
7633.4175629776755,537.8292022949033,-1.0043658711778508e-11
7634.004594999574,537.9117496545592,-2.397412362173465e-11
7634.207727341705,537.940315227998,2.991581381710087e-11
7635.537667491653,538.1273574155115,1.2963987269682663e-13
7635.9527897595835,538.1857466975996,-1.2500063172271004e-10
7636.438709541673,538.254098080899,3.7740061743673137e-13
7637.679505453211,538.4286530358728,-3.2559216888646577e-12
7637.71388582504,538.4334900644468,3.542952230778573e-12
7640.103349302675,538.7697207818286,1.3512494739927175e-10
7641.610275344263,538.9818202966107,2.5766191143521898e-11
7641.871266180998,539.0185589502383,8.258864450274762e-12
7644.545435452557,539.3950635342858,4.990994183967006e-13
7644.744131107984,539.4230437692462,-5.925320288273587e-11
7644.850090545764,539.4379652280732,-1.5332459599201255e-11
7645.939786498627,539.5914307915505,2.5222634569429992e-12
7646.822189728696,539.7157186480791,-8.502509234047034e-12
7647.123126531687,539.7581093410341,-2.1926758470721682e-11
7647.213123371919,539.7707868397664,-3.9613916409132234e-11
7648.459255937343,539.9463399380088,-2.408444927394326e-13
7650.137594381031,540.1828266934089,1.3125198483097154e-12
7650.390019729413,540.218399247741,-1.057954831152511e-11
7652.554206904544,540.5234313125454,3.15642952752778e-11
7652.636759269617,540.5350683907474,-1.1106597102774502e-11
7653.215636314228,540.6166739092994,7.158429400072017e-11
7653.323695677876,540.6319079495075,-4.8580159729493545e-11
7653.617109060709,540.6732739946174,-2.585782606669036e-11
7653.934987373929,540.7180909475626,6.38566589670465e-11
7654.1746868532955,540.7518868724192,-1.2063319474295638e-12
7654.421822913028,540.7867324104502,1.776722919064522e-11
7654.499243879359,540.797648795639,-3.910446585287447e-11
7655.10265690448,540.8827340415384,9.061572405432215e-12
7655.128463893257,540.8863731479895,-4.103357815789078e-11
7655.156655008602,540.8903484599654,4.354411902789476e-12
7655.975570993789,541.0058325976063,-1.3930341948949758e-11
7656.252034971502,541.044822541324,9.869035350310554e-11
7656.57525783392,541.0904087145362,-1.3128075060484704e-10
7656.866989697032,541.1315551644562,4.839637639871748e-11
7658.814331853119,541.4062523860829,-3.903028054667427e-11
7661.694728092835,541.8126967552898,3.275569113483155e-12
7662.10871355764,541.8711256062628,-5.864373295210374e-11
7662.292022911482,541.896998428636,-2.9259914181935606e-12
7663.682718821692,542.0933055085687,-2.1455387463620867e-11
7665.0293241743575,542.2834228280069,3.388254989132817e-11
7666.113951882932,542.4365777355109,-7.953858591498584e-11
7666.135180084754,542.439575480981,1.306788140180031e-11
7667.575311101423,542.6429633019103,7.000307493007859e-11
7668.8982962307055,542.8298404312646,6.162706786903984e-13
7670.052245189217,542.9928668268509,-6.267688607289901e-11
7670.893731434079,543.1117649069365,-2.0856873641495998e-11
7671.141941140891,543.14683827153,-4.153917392805742e-11
7671.469024393616,543.1930586248525,-1.1087453657368448e-11
7671.998821581908,543.2679288013081,-7.967693480080592e-11
7673.779251176261,543.5195744340998,-8.571401599645952e-11
7673.930351134304,543.5409335659663,-2.4502769943419107e-11
7675.739540245157,543.796708914536,4.343498638559056e-11
7676.384367605169,543.8878863984099,5.287568380970599e-11
7677.316284885682,544.0196714387832,-6.625623900244432e-11
7678.841549754164,544.2353979472795,-1.965240896210001e-12
7679.97005486903,544.395036148328,4.4520367884578834e-11
7680.094155775005,544.4125928796594,-2.770557744674855e-12
7680.160950798191,544.4220425838462,9.175932929270541e-12
7680.5920356628385,544.4830315063214,-1.2054054158995277e-12
7681.769115387518,544.6495795476859,-3.8915826035346475e-11
7682.529754470975,544.7572179055035,-4.228139311867289e-12
7682.607088597509,544.7681620872636,5.882593442442793e-11
7683.3480388984735,544.8730255801307,2.4429808036938822e-14
7683.773637113503,544.9332632283439,2.8427014125883093e-11
7685.09767220482,545.1206837531298,9.824380370146661e-11
7685.670359992175,545.2017591662525,5.449072460754939e-11
7689.561894410516,545.7528437229412,-8.856538505817903e-11
7690.7721703379775,545.9242891255473,-4.462104070372491e-12
7691.222383478329,545.9880723543148,1.1431458280287591e-11
7691.45841992776,546.021513933804,-5.579778704909458e-13
7691.571902785388,546.0375925193053,-5.62586926729503e-11
7691.715329328159,546.0579139536876,5.842453985422113e-11
7695.462805646025,546.589010599511,2.490339864626702e-12
7695.543802802068,546.6004924655339,9.960524243278906e-12
7696.498282447226,546.735805175964,9.209314655129521e-12
7696.606278655277,546.7511164174556,-6.380244157097755e-12
7697.248785043548,546.8422126724686,-3.4636630843971845e-11
7698.29987708611,546.9912556777467,-2.470034640141656e-12
7698.455192685336,547.013280882666,1.9648265084689932e-11
7698.658325026904,547.0420876195927,6.234515239081326e-11
7699.041593148868,547.0964419600332,-3.740800745872428e-12
7700.748620055365,547.33856206373,2.048832858617827e-12
7701.637717785734,547.4646905530927,-4.1793880132281963e-11
7703.094221909174,547.6713434720277,4.371013092808369e-11
7704.458195070848,547.864903269442,3.7146807040755416e-11
7705.2229787447395,547.9734477992271,7.815111435435349e-11
7705.388975547594,547.9970088843528,3.439368355055909e-11
7705.546967368768,548.0194342379972,-4.585613023421172e-12
7705.6677604958895,548.0365799204526,4.148130871128268e-11
7705.865556182941,548.0646561217208,1.0477374599035206e-11
7708.90737832753,548.4965197499255,3.910277166046957e-11
7710.350169774024,548.7014201005281,8.546179152816566e-12
7710.383492288027,548.7061529040501,-8.587177225570239e-12
7711.19841367521,548.8219027230604,1.9354710682906414e-12
7711.308446653695,548.837532526673,3.0290673627002026e-12
7711.669570816286,548.8888305307077,1.594910821135561e-12
7711.81785245176,548.9098947627909,-9.421415295875249e-11
7712.644718156013,549.0273630672492,-4.1059206933612376e-13
7713.11651474855,549.0943942812315,3.844212808254702e-12
7714.165072668746,549.2433844155265,-2.391481034907797e-11
7714.7156796516265,549.3216285547846,-5.010528909291373e-11
7714.818820766766,549.3362860690821,-1.243032165128236e-12
7715.8110596117385,549.4773043965782,1.1802533396847454e-11
7716.54391809028,549.5814708795574,2.2429933345264386e-12
7716.731585185363,549.6081469539907,-3.038474163839433e-11
7719.564022575331,550.0108445950053,-1.2419946831446238e-10
7721.414547073101,550.274020023691,7.304958961846874e-11
7722.241981178344,550.3917153539667,1.3585951966240652e-10
7723.712119032069,550.6008608324919,5.951828513368908e-11
7723.8392514106345,550.6189488721108,5.4629717458822876e-11
7724.701965855343,550.7417013381279,5.33424460107188e-11
7725.53706548085,550.8605376518892,8.853325282256948e-11
7726.026293039794,550.9301616599183,-1.4056847784651291e-11
7727.345409880519,551.117912632668,9.943732260552667e-12
7727.829434990538,551.1868123586961,6.715659547814869e-11
7729.78374005423,551.4650465335187,9.766071322502706e-11
7730.319805442581,551.5413783936403,1.2297983439232832e-10
7730.66025401491,551.5898585729415,-6.926899996547159e-12
7731.786785512194,551.7502928804536,-4.641209738262039e-13
7731.866022203504,551.7615782062876,4.615614578364747e-12
7732.391603749107,551.8364373515298,-4.9232236888360454e-11
7732.754835732042,551.8881758473352,1.1524687874406935e-10
7734.10966710769,552.0811784682252,-1.7910498877374817e-11
7735.0633020440755,552.2170488915908,8.532462084354682e-11
7735.317195760717,552.2532255649414,1.4028491426283045e-12
7735.770495633667,552.3178180695865,-7.956073497881686e-11
7737.969071067379,552.6311555407873,7.322341173847019e-12
7739.261899357136,552.8154489442676,5.22285376490833e-11
7739.350419933073,552.828068728624,-5.657345223505146e-12
7740.802495262371,553.0351019660109,7.929892308398495e-12
7741.122623495412,553.0807502672336,5.78965739966761e-12
7743.46576227374,553.4149248057093,4.097534054016635e-12
7745.869364718077,553.7578276545712,-3.8015165061739606e-13
7745.9246969856,553.7657227223573,-5.483914365094416e-11
7746.261064121939,553.8137183785511,1.2011487043260145e-11
7746.664510481935,553.8712882044572,-1.0368842897978536e-10
7749.205579151975,554.233955211666,-6.839575172357779e-11
7749.701130172426,554.304695222011,-3.7010551413369434e-11
7749.916072625095,554.3353797080068,3.86191811498922e-11
7750.036313140201,554.3525452243709,-4.3513796984150484e-11
7750.585088607481,554.4308917022317,8.856577828326636e-11
7750.807136073957,554.4625941070631,-7.329558591824374e-12
7751.1021678198495,554.5047181086995,-4.36244138805665e-13
7751.972413578383,554.6289792767399,4.3052076850743084e-11
7752.08040978618,554.6444008764163,6.662158691247296e-11
7753.198644205361,554.8040947011337,4.5232468742797676e-12
7754.852375610969,555.0403044811783,1.18909489963707e-10
7754.9783711867185,555.058303052527,-6.135324237117698e-12
7757.254296534495,555.3834712045546,-1.1044766449487029e-10
7757.485193689792,555.4164654917283,-3.023455506463511e-11
7757.891032070925,555.4744605658773,8.722780596336982e-11
7758.496773959333,555.5610278739372,4.864193570014797e-12
7758.672196746791,555.5860990194178,5.223857047097204e-11
7758.743910017973,555.5963483291895,1.8022049405308858e-11
7758.793274074302,555.6034035289359,-2.0284695801462365e-11
7759.0018930648985,555.6332202261214,-9.008781815639255e-11
7759.724907150914,555.7365626220405,-1.1734735513826065e-11
7760.893129288021,555.9035601808608,-2.318894101669316e-12
7763.844465129418,556.3255661367264,-1.3914291133594442e-10
7764.216128394531,556.3787209424313,1.0220304784372624e-10
7765.076466605996,556.5017751775019,5.961116239581171e-12
7766.264590675734,556.6717350633802,1.8086254134104067e-12
7766.74889998563,556.7410224557625,5.7186469825909734e-12
7766.884100501023,556.760365599874,-1.835680270129642e-11
7768.63592056682,557.0110290260934,9.35573126572375e-12
7770.582496951424,557.289625940097,3.6887816618482683e-13
7770.7506805194225,557.313699898889,5.4606149808380574e-11
7770.780489998903,557.3179669110094,-1.8317927288635057e-10
7771.555394367759,557.4288946292363,6.037731646095894e-11
7771.562357281238,557.4298914218608,5.480099180189785e-11
7772.488298452092,557.5624547130259,-3.1472899375432047e-13
7776.4222261043005,558.1258354753713,-3.849801039825193e-11
7776.92819781148,558.1983167579505,5.2276419502551403e-11
7778.898394418463,558.4805956083426,-1.4645299097913508e-11
7779.789528916424,558.6082959050698,-1.6490135900230118e-11
7780.063948227426,558.6476233609636,4.796789178828566e-15
7780.086518487523,558.6508580015848,-1.1496829844567425e-11
7780.774875895398,558.7495139565652,9.825308157405269e-12
7783.1914173554205,559.0959237904201,-8.401373569243155e-11
7783.679026548918,559.165835331632,-1.3863754495371403e-11
7785.098963530161,559.3694454122758,-6.564964090565012e-12
7786.091202372229,559.511748299774,-3.166892567465698e-11
7786.817737386642,559.6159565187817,-3.211352153615102e-11
7787.8113103922515,559.7584822163353,6.464380046226297e-13
7790.513457612025,560.1461908215759,-2.0655814788571628e-11
7792.376992173899,560.413652243603,-5.131440169239588e-12
7792.995104679517,560.5023801809745,-1.2738255682670906e-12
7794.14490904086,560.6674493892231,-7.905776796743398e-12
7794.212619821114,560.6771709021148,-1.829309624485045e-11
7795.5444704217725,560.8684072931809,-4.6094059113978564e-11
7796.626074546361,561.0237355939119,-9.821901787338884e-11
7797.244676508263,561.1125822124365,7.022060452034754e-13
7798.729790147301,561.3259102224358,4.341127397601073e-11
7798.89917367315,561.3502437702826,3.7601952260812284e-11
7799.2714763892145,561.4037304392656,-1.4698028104760046e-13
7799.374617503993,561.4185486035684,2.91315028008182e-11
7800.827545431672,561.6273098966029,-8.290014123024106e-11
7803.875406825568,562.0653626343025,1.5794892757213887e-11
7804.215721191295,562.1142848090368,-3.657353813671467e-12
7808.1560591400685,562.6808867214239,-2.563048913616254e-11
7808.471048078751,562.726192982528,-3.8469192513618876e-11
7808.7234734254525,562.7625017629143,-2.5404579871182023e-12
7810.358637058033,562.9977315998622,4.600559636108743e-12
7810.967181477911,563.0852875882902,4.424914113973122e-11
7811.03321073845,563.0947881385115,1.0525038495876888e-10
7811.5991487598285,563.1762208254523,-2.4038183485540683e-13
7811.741320083207,563.1966787505019,4.792689651149647e-11
7814.382356288013,563.5767817459555,-4.310212863125947e-11
7814.705579148293,563.6233094244458,1.035449694727888e-10
7814.95385200901,563.6590494158177,2.3365972552530755e-11
7816.706516778573,563.9113856674604,-1.9632329686746932e-12
7817.716754987277,564.0568583125743,1.1869452879257476e-12
7819.367107559636,564.2945468179739,5.830329046006758e-12
7819.951329149399,564.3787001089838,3.009636839717408e-11
7820.438164685112,564.4488303797128,9.399030968958631e-11
7821.4183092135845,564.5900366872014,-1.302608148565688e-12
7822.185405960155,564.7005622224275,2.297335521491454e-11
7822.32940090347,564.7213106419142,-5.701527362785116e-11
7822.442252203763,564.7375718001597,-3.714482890426717e-11
7822.890910132776,564.8022228889287,7.723398081310283e-12
7823.635728714674,564.9095585726028,-3.774680749749004e-11
7824.002473730674,564.9624138913974,3.4773924428918926e-12
7824.21846614563,564.9935438934712,4.953449395901978e-12
7824.6314805896145,565.0530721751238,-6.191616119775795e-11
7824.76647584896,565.0725298898659,-2.8996126751314162e-11
7824.922849305081,565.0950693980474,-8.878831840078542e-11
7825.841819665682,565.2275379368,-5.3970796084884935e-11
7826.082363850543,565.2622146780539,-7.616642853689747e-11
7826.59176964619,565.3356539065334,5.26084264265906e-12
7827.552154341911,565.474122165981,-1.31277816521835e-10
7827.874674595128,565.5206269449777,-2.0736116430907796e-11
7828.893423030943,565.6675347107819,9.537494284216973e-11
7830.122179880937,565.8447519998612,-7.614490406172258e-11
7830.4155932616,565.887073618233,6.579378349179825e-11
7831.307564570137,566.015740302072,2.20220033260486e-13
7831.94705527155,566.1079957287526,3.546864497831557e-11
7832.06067233408,566.1243873581158,-6.8886231702578705e-12
7832.666058969821,566.2117310072832,-3.254361825762472e-11
7832.978805881971,566.2568559836527,-5.7370761667286036e-11
7833.029290951261,566.264140437287,4.5627432625916434e-11
7834.043531650117,566.4104944302641,1.1182738225500766e-11
7834.887488855489,566.5322911169482,-6.2952333601327355e-12
7834.9823407878175,566.5459806064038,2.7930678779755018e-11
7836.838146670579,566.8138528255188,7.541844109508209e-11
7837.7662509202555,566.9478417897778,-3.516496941475464e-12
7838.224476934264,567.0140010162584,2.428125653847529e-12
7842.38488872816,567.6148632869874,-3.226952732943138e-11
7842.896260243799,567.6887394823212,-3.74803364536274e-11
7845.048155728442,567.9996696751629,-6.572862355294413e-11
7845.732700109873,568.0985982715204,-2.8494588854031802e-11
7845.884155317667,568.1204873554531,3.4122610704913225e-12
7846.305466838354,568.1813796812651,8.649071951637308e-11
7846.3532756856375,568.1882897200204,8.618891819724846e-12
7846.531027338387,568.2139813761431,-7.553647806917942e-12
7846.594088281422,568.2230961432904,7.397854565830867e-11
7846.830827336222,568.2573148288681,1.0421329386325467e-11
7848.661039380029,568.5218917870836,5.788660228274563e-11
7849.9841034443,568.7131934417138,2.512846528560998e-12
7850.299660783772,568.758824597347,-5.967871076915672e-12
7851.223336241133,568.8924031901211,-2.289311752897973e-11
7854.51771791931,569.3689526995163,-3.4397331931639607e-11
7854.65588675163,569.3889439106794,5.977578213322412e-12
7854.856271819746,569.4179376169792,8.33697775127738e-12
7855.944980955523,569.5754758180569,-2.661141674621357e-11
7858.544184414271,569.9516735943868,7.664930012679039e-12
7859.299684198707,570.0610447989436,1.356705099915105e-11
7860.112213559585,570.1786837212408,2.678028062022586e-11
7860.845703590507,570.2848896841463,-4.8092196402290554e-11
7860.978022627674,570.304049923704,3.5190386262898575e-11
7861.559007487929,570.3881822934202,6.564758239981226e-11
7863.302735725661,570.6407287714311,-1.223353737993643e-11
7863.314908982738,570.6424920373029,5.992897460933929e-12
7863.550945430494,570.6766818666034,8.492108320376664e-12
7863.798081488079,570.7124805718297,4.830098516413352e-11
7864.420764884048,570.8026838889973,7.041168113598447e-13
7864.475536644751,570.8106185911889,1.3301668088110594e-12
7864.617423767166,570.8311738211662,3.558322054010027e-11
7864.7754155873035,570.8540625799039,-1.7992606663542798e-10
7865.046258707542,570.8933015217794,-7.308783249534718e-12
7865.520234167949,570.9619729215472,-5.524705875608371e-11
7866.4499567808225,571.0966867532078,8.699593219572374e-13
7867.202298781422,571.20571035731,1.6045110078903334e-11
7868.793371853064,571.43631074493,3.1014061841149467e-11
7869.909364240719,571.5980836725348,-2.7614512115521943e-11
7871.408830003299,571.8154805649541,3.343143875129447e-11
7872.329205575956,571.9489397960891,6.396256058973634e-12
7872.535156238382,571.9788058467092,-7.196799970630997e-12
7872.62733194859,571.9921730120329,3.784434491715547e-13
7873.154595010836,572.0686388161561,8.513463862355878e-11
7874.054231838179,572.1991195805114,2.6673990646999826e-12
7874.674239011916,572.2890523338484,5.121797071719165e-12
7875.016092796006,572.3386416467457,3.4504144896499593e-11
7876.81038504694,572.5989569983329,1.2690494173685916e-12
7878.508199106545,572.8453299320946,-1.8634509519693374e-11
7879.719106581328,573.0210793926923,2.4853539152346877e-12
7881.734159499476,573.3136012986479,-3.292295644465634e-11
7881.970898553945,573.3479732263224,-5.19476860106756e-11
7883.446538837134,573.562243368093,3.2058897366734926e-11
7884.559357651006,573.7238565992074,-5.628788936446277e-11
7884.5851646395395,573.7276047852775,2.3342067821920663e-11
7886.083848849429,573.9452935067767,-5.2641339118812083e-11
7888.275887657241,574.2637687363884,1.4154880600760544e-12
7889.057754935866,574.3773854774074,3.36829482438986e-11
7889.657789126282,574.4645868506856,-2.0315970068645393e-11
7890.627457704174,574.605520225542,2.786519193953895e-11
7890.812590676281,574.6324297537265,-2.7389294054003615e-11
7892.311985387453,574.8503936883491,3.4362686585809456e-11
7892.431941701205,574.8678332808275,2.0360454773755552e-11
7894.295760456105,575.1388346441498,3.4377856645967666e-11
7895.412660705242,575.3012638713609,2.31614490539582e-11
7897.002052255447,575.5324464587344,-1.548447243141212e-11
7898.076764512354,575.6887935044422,2.43306706060482e-11
7898.497373425282,575.749988662594,-4.721066084753463e-11
7898.659367736017,575.7735583796823,-1.079178061097992e-11
7899.29295337998,575.8657479534554,-3.256126062823816e-12
7900.402322314136,576.0271839544948,4.8389742320916185e-12
7900.598641735684,576.0557548297733,-8.047276510059744e-11
7901.848074171997,576.2376046144027,-7.101628100126438e-11
7902.412330671659,576.319739267523,1.2360645689577787e-10
7903.76301744684,576.5163725925916,4.3063261405896176e-13
7907.227824711444,577.0209337897811,-7.290942561532509e-13
7908.017499610139,577.1359608303696,-2.124660276489086e-12
7909.911696244531,577.4119235192304,1.1348956940212432e-10
7910.741088168991,577.5327771999088,-1.663536010621532e-11
7911.340775002836,577.6201676188317,-1.5946018725346489e-10
7912.260811112753,577.7542543775155,-4.776395679182581e-12
7912.313475052702,577.7619301317759,1.2974022229928141e-12
7913.440006541692,577.9261340107279,-7.637581607614726e-13
7913.602000852334,577.9497483172994,3.786839964588366e-11
7913.778978847562,577.9755473847268,-3.898401859797261e-11
7913.891127540558,577.9918962225737,-2.552003561926252e-11
7915.35881020614,578.2058737581942,-2.495956931166537e-12
7915.406484847735,578.2128250421091,2.6908803853286586e-11
7916.037031123714,578.3047668757574,-5.878055647703197e-12
7916.223293003509,578.3319276774001,1.4765099096018575e-11
7917.11096972277,578.4613779264727,3.1287718206162564e-11
7917.240209920988,578.4802262864714,-8.665563423375231e-11
7917.4495236223665,578.5107531999499,7.826809019872034e-12
7917.585087282535,578.5305246254705,1.3384425014410413e-13
7918.387764355638,578.6475988492332,-5.868669277799918e-12
7918.991745775538,578.7357002031544,-5.0317231307408936e-11
7919.315734396747,578.7829624329693,-1.305389284265176e-11
7919.548676215788,578.8169442958856,-2.053792474056429e-11
7919.802569930538,578.8539837877023,-5.5032862916917315e-11
7921.00897756139,579.0299977756861,-6.4458636313664e-11
7921.028603188264,579.0328613618603,7.916127538006783e-12
7921.212109901117,579.0596372721114,-1.962914905855276e-11
7922.128838231992,579.1934086195088,5.8540031584644e-12
7922.85613900473,579.2995492250026,1.839363249224056e-12
7923.199966403259,579.3497299984151,4.75709935129247e-11
7923.82369976071,579.44076792488,-1.9055387911977423e-11
7924.967180654096,579.6076849851714,-1.2461433758784587e-12
7925.76156064993,579.7236570028338,-1.0160012724915833e-10
7926.398296182046,579.816622802421,-5.07392380535585e-11
7926.469669991453,579.8270441144472,1.8456783149758708e-11
7927.726199545499,580.0105257518688,8.228327438416728e-13
7930.674440738929,580.4411495979256,2.5114849406403902e-11
7931.156642224983,580.5115957936612,1.2512753260006472e-11
7932.087422693164,580.6475882904839,-4.934350330040864e-11
7933.332789481742,580.8295686585742,7.99651473241251e-11
7933.433396474326,580.8442711951666,-8.098091132390523e-11
7933.529448364323,580.8583082307106,-1.443338619913731e-10
7934.679679020217,581.0264162896706,-1.200270803749615e-10
7935.4365050712195,581.1370409267408,4.235500048707759e-11
7937.32978594621,581.4138264361518,9.915771976085762e-11
7939.073514178741,581.6688067209037,-6.081777015147279e-11
7939.9349023471195,581.7947856641833,-2.176228941900733e-11
7940.036511936761,581.8096470768529,4.8762359097453366e-11
7941.407937455154,582.0102502997297,-2.14090816272563e-11
7942.459795249588,582.1641327069589,2.5778414014909135e-11
7943.013291599852,582.2451150978678,6.829742069213726e-13
7943.306704979206,582.2880468783065,2.9893831690991866e-11
7944.08857225615,582.4024562019406,-7.917981665985042e-11
7946.357455728312,582.7345218565645,1.9946412133627712e-11
7947.924774366566,582.9639643737406,2.0986721394071445e-12
7950.229238167814,583.3014010390007,8.994606340916665e-13
7951.1529136215495,583.4366799060928,1.0570704996692367e-11
7951.566496464783,583.4972571612302,-4.030843791550095e-11
7951.94167276152,583.5522117558538,7.558915692118696e-12
7952.122582197117,583.5787117037734,-1.4872306307309274e-11
7953.036286948867,583.7125620734341,8.003019764311997e-11
7953.065393821246,583.7168262480066,-2.9717146776291596e-12
7953.73307563459,583.8146463262175,1.842181618487256e-11
7955.764304294744,584.1122860927198,2.241478142889023e-12
7957.234528974351,584.3277683020144,-2.63816922440764e-12
7958.131907982991,584.4593114493531,-3.850640768213617e-15
7958.579026490274,584.5248582737354,9.121052978123714e-11
7960.799319562284,584.8504040674333,1.0322315574288249e-10
7962.3077218480485,585.0716221768826,-5.568248759779689e-12
7963.702214976353,585.2761719682675,-1.3676556954487811e-11
7963.964397872925,585.3146339975326,3.541384940690739e-11
7964.050881677582,585.3273213828844,1.0314266570646967e-10
7966.7909301790005,585.7293645222918,-7.259562709957916e-11
7967.138199561193,585.7803287040197,-4.581606376316315e-11
7967.5002315826705,585.8334617702052,3.127846940080967e-11
7967.636995200614,585.8535342980439,-2.4164449675022138e-11
7968.488957383148,585.9785828741915,-4.0319104633889415e-12
7968.93950997973,586.0447191027464,2.895668684705462e-11
7969.337201275516,586.1030989733828,-1.0687098483115473e-11
7970.060215355467,586.2092427006313,-3.890444607238603e-12
7970.579323439017,586.2854574828708,-3.596339507145071e-11
7971.762174000031,586.459140625254,1.7317274225408848e-11
7972.770659632744,586.6072413537049,5.800234397529075e-11
7972.803982146394,586.6121352370104,5.1848658808512757e-11
7974.5881379039465,586.8741936573176,1.1101998295414251e-10
7974.603042643564,586.8763831259989,5.457709789509583e-11
7976.9736067527265,587.2246651020802,-7.319181530616577e-13
7977.507966931811,587.3031873029017,-3.850624874180183e-12
7978.680767845674,587.4755443878724,1.516980668436763e-11
7979.053496860087,587.5303266686757,-4.413471549379421e-12
7979.474445232983,587.5921991229754,-2.5739032337795223e-11
7980.380768664131,587.7254247690826,4.938392997947762e-11
7980.774860085634,587.7833592331172,-1.6718979031729104e-11
7981.380246717841,587.872361287949,-5.55783759729939e-13
7981.864556023597,587.9435677925691,2.215546937036714e-12
7982.051931021255,587.9711181201833,-1.205805016974145e-11
7982.395821574395,588.0216830985285,2.891607393545166e-12
7983.788277931151,588.2264493616876,-4.964277938270658e-11
7983.968271609151,588.2529207570244,3.5170840119478317e-11
7986.710996330448,588.6563629251324,6.282785358996499e-11
7990.696964227112,589.2429274600865,-3.3657713932447884e-11
7991.50406219497,589.36173350076,-4.231709175278334e-11
7991.752335053962,589.3982820541229,-5.945269407527818e-11
7991.783620797107,589.4028877474602,1.7086820134661597e-11
7993.003322694737,589.5824587600391,9.758959933907972e-11
7993.339689827765,589.6319853424923,-1.7472882674927227e-11
7997.660201236415,590.268321288206,-5.851574516309745e-12
7998.490445760052,590.3906412073148,-4.45439136161609e-11
7999.28313633922,590.5074401530496,9.498400899254002e-12
8000.091086908793,590.6264994923241,-2.079619180842525e-11
8000.958869587253,590.7543890655794,-6.1999674526533345e-12
8001.519605155585,590.8370349129125,1.0522374883753088e-11
8002.872968147571,591.0365286068964,5.1257070242134656e-11
8003.575030330959,591.140030007889,1.3894912190501539e-11
8004.724408381783,591.3094964761274,-5.834831134844993e-11
8005.177708249873,591.3763385551315,5.2132139607486566e-11
8006.384897428585,591.5543650870563,1.0127272586651173e-10
8006.791359467664,591.6143128740509,-2.5281134175029864e-11
8007.8518774820695,591.770739615396,5.106787567198661e-12
8008.244989990387,591.8287290974215,8.657188155411565e-12
8008.930671170108,591.9298832806846,7.580214232226942e-11
8010.581023730116,592.1733848054554,3.594170630863296e-11
8011.0134427526355,592.2371944323983,-4.521083796589626e-13
8011.760361254933,592.3474210800857,1.6429806677503844e-11
8013.654557881768,592.6270036043715,1.3270489821273227e-12
8013.802839515457,592.6488926926817,-4.947165035425337e-11
8014.501664970042,592.7520575971262,-7.71991897872974e-11
8016.1838716741395,593.0004321706446,6.408556594823187e-11
8016.432428733559,593.0371355608877,-2.6669133828893675e-11
8016.546045795273,593.0539133002392,1.7841687994804465e-13
8016.635561072545,593.0671321161062,-5.2313499423908325e-12
8017.481128741401,593.1920052723312,1.303292573341879e-11
8018.397991274455,593.3274221137821,-1.1635698940021074e-11
8018.586984636111,593.3553375843,-5.564672333970128e-14
8019.689327496369,593.5181734490897,1.8455703327706655e-11
8021.712409069517,593.8170772170444,5.000366556821337e-12
8022.531182942277,593.9380698430964,-4.4661996107608946e-11
8023.129543504723,594.0264991552536,-7.169743655168538e-12
8023.388994918111,594.0648444908564,2.1133304758777373e-12
8025.406092490345,594.3630014968237,7.754248883100931e-11
8026.082773985737,594.463041869815,1.3820201048893796e-11
8026.974255831094,594.5948511328925,-3.951752064773971e-12
8027.785079982745,594.7147475364699,1.9815668871860416e-12
8028.157880046629,594.7698774707484,4.324774450396456e-12
8028.619476991323,594.838142297298,2.463483707708973e-11
8028.892072679661,594.8784578766689,-2.576949457323953e-12
8030.592626106675,595.1299923803625,-3.838773650423204e-12
8032.949690684992,595.4787217165609,-9.786803056218446e-14
8033.282678988675,595.5279958168435,1.0465977844209189e-10
8033.720095203922,595.5927257900455,-1.937720823480393e-11
8035.395828449783,595.8407377073681,-6.918574441571495e-11
8036.881510476314,596.0606649186302,5.527143656060614e-11
8037.502014997317,596.1525309502332,8.921516794552954e-11
8038.28887156979,596.2690356929263,5.403862370091766e-14
8038.901284269488,596.3597195568683,-1.0863329139346537e-10
8039.003091219703,596.3747954326024,4.3391283828377274e-11
8040.53187699529,596.6012055332303,4.782516751505711e-11
8040.712723274884,596.6279913514103,-2.4361281225258257e-11
8041.040027568031,596.676471145062,-5.6695747978684993e-11
8041.198019387096,596.6998733493223,-7.360697001953373e-11
8041.315299478204,596.7172455122751,6.2801991173266495e-12
8041.630004213361,596.7638625360066,-1.7491102666906283e-11
8042.147991282406,596.8405956226123,-1.2405051394831215e-11
8042.4083584529835,596.8791675188835,-1.3832586274161366e-11
8043.460216243381,597.0350069032704,-9.715654454910827e-11
8044.517915934041,597.1917323529623,-6.983586692567791e-13
8044.832281207873,597.2383176372914,-4.777562900256115e-12
8044.951669119605,597.2560100168733,1.2547366771078944e-12
8045.822767470047,597.3851081072532,-6.136595919876763e-11
8046.022513085198,597.4147126789749,3.842367044593863e-11
8047.842675468104,597.6845153058322,1.920147123068384e-12
8048.00699074905,597.7088747593383,-1.247036905043812e-12
8048.6066775797535,597.797781504766,-9.428035775828702e-11
8048.652244400463,597.8045372978215,9.744901719037067e-12
8049.316894738604,597.9030835246566,5.7732259068858737e-11
8049.855904753269,597.9830073158014,2.8828579901200943e-11
8050.050605809442,598.0118786824202,5.64880158210968e-12
8050.890899978257,598.1364902335544,1.7872210879878804e-11
8051.233945823299,598.1873660079874,-2.631281426028894e-11
8051.577836375544,598.2383692333768,-3.699273225932555e-11
8052.071082208502,598.3115274986138,-6.218518818469936e-12
8052.149332091274,598.3231339399762,2.4749461212682715e-11
8052.720196250272,598.4078109799311,4.173627415189118e-12
8053.3433612033305,598.5002527194323,-1.2864764660735504e-11
8055.132372048232,598.7656784983217,-3.535783144089089e-11
8056.207084298644,598.9251560381549,2.833036037571544e-11
8057.044433834189,599.049425852643,3.5825156854298843e-12
8057.331373755262,599.0920131560976,1.2880467623088407e-10
8058.101912479049,599.2063831600012,2.0532675205597178e-11
8058.81692157502,599.3125207605977,4.2318540051897175e-11
8060.291140844921,599.531386997305,-1.0594250963703777e-11
8063.592548565375,600.0216673606442,-5.205374000294965e-11
8065.217038873034,600.2629883623207,-2.0719289249235963e-13
8065.378046375199,600.2869089685576,-6.493899688611626e-11
8065.599596487778,600.3198250663826,-5.875465774816584e-11
8068.024300792395,600.6801268334356,5.514611733640543e-11
8069.815269461862,600.9463274532231,-5.791143666574316e-11
8071.060636243947,601.1314673665706,8.177521978772686e-12
8072.69116581241,601.3739099096471,-4.21868985963779e-11
8073.650216335414,601.5165334776858,1.9868213806899797e-12
8074.143162177772,601.5898476729232,-1.9310535240881173e-11
8075.855541502849,601.844558934821,-6.553885357928837e-12
8076.102677558422,601.881324138252,2.96635931128922e-11
8076.1710988395835,601.891503031252,-1.0012632624642965e-11
8076.396090936303,601.9249752498583,-4.6444114601464213e-11
8076.7700751680095,601.9806151871818,8.718846489116824e-11
8076.82703369384,601.9890894839231,-6.510236012041611e-11
8078.058119397986,602.1722651768486,1.943305698980366e-12
8078.2561124430895,602.2017275622638,-7.465488274902057e-11
8079.8503590749915,602.4389859930618,1.4158207500185626e-11
8080.753169468336,602.5733644983042,4.55530482541029e-12
8080.91059288585,602.5967976704784,2.2737746724876257e-11
8081.774515171245,602.7254044517157,-1.3720535178342949e-11
8083.897848480917,603.0415504036749,-8.74319090393293e-12
8084.456965683261,603.1248119295462,3.409809504882275e-11
8084.840660100374,603.1819535188242,-1.984831339761802e-12
8086.303921859457,603.3998942797907,4.633556947417343e-12
8087.329199002769,603.5526243470987,5.664820610599993e-11
8087.650811390158,603.6005372186996,-2.788193889089337e-12
8087.822997446858,603.6261897762746,7.593187099273678e-12
8088.80904702092,603.7731035576086,1.3353968836601062e-11
8088.8929335481525,603.785602829824,3.2748970547210416e-11
8089.568912435074,603.8863298626228,-1.5233739622242097e-11
8092.523334972077,604.3266646126485,-3.7929087216647397e-13
8092.811324855707,604.369595967657,2.8382336318366096e-12
8092.875941007002,604.3792286649237,-4.083629518047261e-11
8095.226461072719,604.7296863484312,4.004133218581017e-12
8095.814337791,604.8173534621249,-3.203484932226443e-11
8096.495163875735,604.9188896053658,4.0578462966426014e-11
8097.295733122779,605.0382947696073,-2.3867499210220868e-11
8098.420022577694,605.2060028404917,6.713491032423966e-12
8098.679473990361,605.2447080096393,-2.6433590819208053e-12
8101.143611116934,605.6123717693353,-5.98550381064482e-13
8101.359603529591,605.6446044400806,8.985623673603284e-11
8102.027001138561,605.7442059955023,1.2237018276754363e-12
8102.656860592758,605.838212930961,-5.788514980203047e-11
8103.78205791006,606.0061675548761,9.633217123574176e-12
8104.653922020884,606.1363239737333,-4.70823602468726e-12
8108.029513972405,606.6403819896607,-3.2656558244992244e-11
8108.6376320843265,606.7312111336396,1.726936060032023e-10
8109.621786987498,606.8782199508667,1.0030104839271874e-11
8109.773242193764,606.9008452608534,1.1061375028372559e-11
8111.743722976024,607.1952463068801,1.4477714413539824e-10
8111.910146077215,607.2201141410528,-5.2512836084414735e-11
8112.211572331033,607.2651561706879,-3.227871680150896e-11
8112.90323750873,607.3685178055761,6.210560726062985e-11
8113.278413803205,607.424587398528,-6.830344721045008e-12
8113.78662752998,607.5005433919191,4.335570160793036e-11
8115.019331596716,607.6847991532763,2.675442707836931e-11
8115.39922877835,607.7415891013392,-4.021624542964278e-12
8115.747406021218,607.7936396441794,-4.4076774707791376e-11
8115.780389073404,607.7985705410765,3.571884922015153e-12
8116.181096050252,607.8584769915248,-7.958204083676797e-11
8117.1082924274115,607.9971059425022,1.434573497085661e-11
8118.014821109647,608.1326600918209,1.0852483798583261e-10
8118.284811625301,608.1730349719339,-3.872712666870301e-11
8118.487454507134,608.2033394446895,-5.949251290075937e-11
8118.671876975999,608.2309197814061,-6.560823350264601e-11
8118.995952434478,608.2793867075653,-3.5506977647038886e-14
8121.148045257412,608.6012908421762,6.416334760101288e-12
8121.689731492606,608.6823282212893,-9.133001495578307e-12
8121.803214348316,608.6993061755853,-5.2550767700813153e-11
8122.525375822188,608.8073529389272,-1.3810289199079507e-12
8123.576752047877,608.9646726033402,2.069457311226374e-11
8123.613453390168,608.9701646711776,4.486412215239853e-11
8123.79120504104,608.9967641618067,-1.4246179647009765e-10
8125.8912023253915,609.3110604777766,-8.202209589611712e-12
8127.348614287234,609.529231945428,-5.5875521754091655e-11
8129.378658765741,609.8331904879783,-4.793011469904206e-11
8129.54761598845,609.858491873486,-1.5771987046563322e-11
8131.869029178851,610.2061773142888,-1.739224034339891e-11
8132.103589360281,610.241313660958,1.8992219803157257e-11
8132.209477745857,610.2571757262151,-1.2580797810222539e-11
8132.343904602296,610.2773131479295,-1.276433031606962e-11
8133.827976154061,610.4996522652818,2.0677775975107204e-11
8133.832262845493,610.5002945432076,-1.799331594790622e-12
8133.872690372652,610.5063518440596,1.0207544911452878e-10
8135.688850258932,610.7785001330084,-3.551386423434182e-11
8137.526088351423,611.0538687745025,1.1978009147627116e-10
8138.590040450172,611.2133643116211,2.6582359436801573e-14
8139.505434609992,611.3506064286803,-2.2268560225256437e-12
8139.7214270223485,611.3829917306139,9.920964106301598e-11
8139.751236501404,611.3874613485309,3.9844869358813735e-11
8141.664285088987,611.6743371000342,-8.795265872417856e-13
8141.702604795502,611.6800841114866,-1.5218151796180784e-12
8143.095400605335,611.8889875111016,-6.457784148447833e-11
8143.178016124209,611.9013800142062,-6.098119417593304e-12
8143.864755158221,612.0043971925102,1.8667485686704226e-11
8144.797856590134,612.1443849201034,-4.3778714317590184e-11
8144.8155086017705,612.147033302311,1.5503782003920323e-11
8145.952089727724,612.317569928965,-1.7741663279885794e-11
8148.448444139959,612.6922152478664,7.727729384494354e-11
8150.029893848909,612.9296138324487,5.643926792843068e-11
8150.371881835011,612.9809572577807,-1.2107474018220246e-11
8151.826420212662,613.1993544427185,4.624490555130353e-13
8152.284646221206,613.2681645984826,-4.9654931454845465e-12
8152.341107395726,613.2766434381502,-3.763267396110199e-11
8152.90852167365,613.3618559548197,-1.3696495007645637e-12
8153.208321668005,613.4068813828763,6.054382521093073e-11
8154.069709829518,613.5362580784426,-5.8120921420635976e-11
8154.177990236295,613.5525222841222,2.3459748992920083e-11
8155.47924978776,613.7479942336776,-3.859779297604856e-11
8156.241925627589,613.8625759855985,4.900861424433961e-11
8156.757236472514,613.9400005510191,1.4227766716088345e-11
8157.451348931022,614.0442974822646,-4.9902203670213245e-11
8158.763573886476,614.2414958837403,-5.943784608968942e-11
8160.785676536557,614.5454353088306,-5.5884928445009185e-11
8161.382829243177,614.6352069039791,-1.9097067359515192e-13
8161.473110282246,614.6487796704423,-6.129357939320554e-12
8163.270133996416,614.9189737618723,-1.9656592879783493e-11
8166.627300272141,615.4239047083776,2.9875595775576686e-11
8166.799431067724,615.4497994489742,3.323539848940164e-12
8171.596925692253,616.1717369541572,-9.422708241973281e-11
8172.307142847928,616.2786480160644,6.462799165656823e-12
8173.078471015085,616.3947688221291,9.627504218264276e-11
8173.931633149187,616.5232222159234,-1.8620114205744117e-12
8174.804823526636,616.6547049766054,1.69602128016502e-12
8175.139580187943,616.7051154978459,4.4703107020699996e-11
8175.1433774229845,616.7056873298169,1.8781751888332482e-13
8175.644983486083,616.7812273600962,-1.1729155312539518e-10
8176.100675372625,616.849856901921,1.5090614165430987e-12
8177.972301728327,617.1317735762742,-8.011150790241445e-12
8178.477420825761,617.2078689950774,5.3090629147558697e-11
8179.587563405391,617.3751267910297,-8.446737348808845e-12
8181.306897742549,617.6342122623478,1.4466563138827008e-12
8181.417001769195,617.6508056280321,4.28004691180375e-11
8181.5228901545825,617.666763880854,2.3845641262190293e-11
8182.203724131988,617.7693761086416,5.580671395672009e-12
8183.105966120686,617.9053711090467,6.880676356463904e-12
8183.900346108905,618.0251204756471,-3.6930083948764845e-11
8185.3182462980085,618.2388917217006,7.698044658645932e-11
8185.896981230226,618.3261559585703,6.487789831275373e-11
8186.582796611055,618.4295742511974,-2.8678087906853934e-11
8189.467763683479,618.8647109486361,4.0937811731865766e-11
8190.058024526287,618.9537582941532,9.908107242967946e-13
8190.4161882595945,619.0077943645327,4.2235615107256015e-11
8191.794229322608,619.2157211017957,-5.125178000156629e-12
8191.861655901181,619.225895708261,-1.2494218721839382e-11
8193.15891296014,619.421666867968,7.779718292530994e-12
8194.169151154454,619.5741450172696,-1.7098566968311634e-12
8194.286431244911,619.5918476557625,3.639017802997816e-13
8197.133410176628,620.0216576477749,-3.422311076597469e-11
8197.349970989859,620.0543580646715,7.058634667420314e-11
8198.193928183675,620.1818028082434,-6.44109964314172e-11
8199.081683838585,620.3158756528801,1.3339569883293935e-10
8199.099888461968,620.3186251487372,2.2329199887729285e-12
8199.458904797135,620.3728496505469,5.336738590915831e-11
8200.05121030497,620.4623144774947,-1.9147306975119353e-11
8200.116315912397,620.4721487527452,9.574396347928467e-12
8201.590535174779,620.6948521319811,4.2431166079525555e-11
8202.311165122055,620.8037288809152,3.9687487279919255e-11
8202.998598866732,620.9075990795345,-1.5950781112100578e-10
8203.009990571847,620.9093204222617,4.5122394130300625e-11
8203.778847771946,621.025504055759,2.834971464425342e-11
8203.846140144928,621.0356732664346,-1.4489952411695158e-12
8204.174699654799,621.0853263153194,-4.77999930367782e-13
8204.180115254083,621.0861447560623,4.923109246528989e-11
8205.030751160402,621.214705118111,-1.128698326161256e-11
8206.056596700668,621.3697634158167,-3.9159537694711366e-13
8207.394068135538,621.5719536100432,-2.3755435144942353e-11
8209.596717070432,621.9050075057198,1.3222039864230423e-11
8209.708155260558,621.921860011974,-1.0399748140638413e-11
8211.175072147795,622.143719343956,-3.775560305501714e-11
8211.355634225618,622.1710306397795,-4.5011929752617864e-11
8213.132550748342,622.4398339117462,7.627239360236788e-12
8215.493120450701,622.7970193481431,-1.1192832548223433e-11
8215.876246464693,622.8550010661921,1.6067743426312268e-11
8217.330358537987,623.0750888188389,7.495938014987751e-11
8218.239279238273,623.2126786809004,-2.1453738588571305e-12
8218.63830469402,623.2730868402692,-8.660627415223769e-13
8219.544264971664,623.4102503647013,5.132096794719424e-12
8220.153661984126,623.5025223434615,-6.520221989118975e-11
8220.194081616393,623.5086427326244,1.1622488434646097e-12
8221.98738703674,623.7802174762944,-6.708047536467338e-11
8224.16360532036,624.1098593757531,-6.2500596502000565e-12
8224.356609066133,624.1390987618939,-3.221595398436115e-13
8224.976047830474,624.2329461831235,4.8209899075485235e-12
8225.184951018027,624.2645974355491,3.958049144254446e-11
8226.074948698286,624.3994513999273,1.001043670867852e-12
8226.857384368426,624.5180194377194,-9.174381954774178e-11
8227.38647104369,624.5982020929288,-1.0050105008114903e-11
8227.475986320278,624.611768570289,1.1493514852451773e-11
8227.710546500917,624.6473180113841,-3.1909509845889706e-13
8233.031727980586,625.4540572225176,-8.63083274655188e-11
8233.802266699517,625.5709210897764,-7.282655644076389e-11
8235.741398574832,625.8650682035344,-1.002891210661537e-11
8236.188438132645,625.9328895048624,-1.703074551833302e-12
8236.531562920336,625.984948177386,5.072746454025608e-11
8237.484558386963,626.1295474144009,-7.72349747138889e-11
8237.721226388147,626.1654599501077,-1.2327710892675855e-11
8237.732831243738,626.1672209235771,4.1967216634976454e-11
8237.980677799525,626.204830877353,3.2328997359603074e-11
8238.387368775228,626.2665474358274,-1.0665750410502846e-11
8238.62550514555,626.3026867486951,5.312665182436486e-11
8238.702926110127,626.3144362938905,-3.0463161777649225e-11
8238.819353598428,626.3321057473365,4.508614367127707e-12
8240.649565615477,626.6098981053544,2.5043665623750673e-11
8241.277380401341,626.7052029997744,1.1454855270799337e-11
8241.397052512884,626.7233705476983,6.699127282551053e-12
8241.550268183013,626.7466307632862,6.3584748332526675e-12
8243.211862439146,626.9989110681146,-9.904318397352013e-12
8243.986837844315,627.1165931849757,-2.1697313549094168e-11
8245.135529067808,627.2910454143748,-1.1889814739622683e-11
8246.361759671832,627.4773004051641,-1.6902541488062586e-11
8246.506244069244,627.4992482971535,-1.4881413301348097e-11
8246.670709344113,627.5242318508862,-7.313360270426996e-11
8250.417198774634,628.0934876720632,-1.3676277059953186e-11
8250.532710505522,628.1110430715884,3.3160977854760376e-12
8251.006259658163,628.18301534038,-4.7548712982666566e-11
8251.110963874804,628.1989293464638,-2.944597990008498e-13
8252.617668835443,628.4279559708962,-2.7414816053350083e-11
8254.41047690262,628.700526168842,-1.336504187059369e-11
8255.291261747674,628.8344582881177,-5.292621659850711e-12
8255.836461014675,628.9173684341769,-3.295073326181915e-11
8256.171501875691,628.9683218549134,-7.38634527267213e-12
8256.430953286903,629.0077809610112,6.069045077465994e-12
8256.498521965654,629.0180574611595,6.994643689807896e-13
8258.72043337783,629.3560341567019,3.57175838085341e-12
8258.739419552983,629.3589225506273,-8.646331805676455e-11
8259.47657260253,629.4710718299673,1.8895493752175855e-11
8259.591531721604,629.4885624276731,3.950898567393892e-11
8259.624854234908,629.4936323682845,-8.454228994493648e-11
8260.781897795343,629.6696864610229,1.3417668397498433e-11
8261.9314258306,629.8446214231324,9.24489775905568e-11
8262.202268946854,629.8858418212704,-2.3413825021060714e-12
8263.12911796318,630.0269118811368,-1.4117925387063181e-11
8263.172498017984,630.0335148834745,1.606385776122354e-11
8265.088838586382,630.3252411571826,1.147041253454184e-11
8265.828802063268,630.4379045761593,2.3150128836765124e-11
8267.00461864811,630.6169497221655,1.492757398977974e-11
8268.274939807652,630.810413985492,4.206766630376216e-11
8268.511678858746,630.8464715762317,1.739852594942538e-11
8268.56835318353,630.8551037636875,-5.951766472619709e-11
8268.942337412682,630.9120675838183,3.24100980539602e-11
8269.267178631715,630.9615482230035,-9.218634619518681e-11
8270.232355248927,631.1085778434634,-1.8709895358263484e-11
8270.583342917394,631.1620496012532,4.080897276055539e-11
8271.526501886663,631.3057478513657,2.3423919217507832e-11
8272.616197813173,631.4717926496184,-4.18290394569024e-12
8272.92408962748,631.5187123009613,-1.1002969876112823e-11
8273.294418721878,631.5751490863339,-3.214257831316338e-12
8273.959424305516,631.67649982099,-2.247417073537194e-11
8275.514024951195,631.9134618196514,2.986801590705024e-11
8276.762336357237,632.103769513981,2.998464491501247e-11
8277.005327819967,632.1408174101531,-4.43434977187382e-12
8277.35126303467,632.1935625878165,-1.0824898344303874e-10
8278.864725651574,632.4243480573112,-1.2115799117545784e-10
8279.343469357764,632.4973596960906,-3.710230023456375e-11
8281.646314767037,632.8486181245214,-8.789304016781053e-12
8283.02647154108,633.0591835017801,-1.3985937657664354e-11
8283.378311811362,633.1128680736958,-6.233884316784636e-13
8284.99576024806,633.3596912948801,3.2557635714782904e-11
8286.758261483197,633.628704493516,8.95428515774586e-12
8286.866960295694,633.6452972291409,1.1641839980104931e-13
8287.610499961791,633.758803450841,-4.763580575696027e-12
8287.99419437615,633.8173809110746,-1.63414720165405e-12
8290.065290032106,634.1336156173676,1.0526170563329777e-11
8291.088475136952,634.2898744717684,5.403795554266306e-13
8291.42518962243,634.341301075506,8.593211780653863e-12
8293.534612879224,634.6635220695842,3.263925847038971e-11
8293.768604658015,634.6992700953772,5.2703085804860675e-11
8294.192237142843,634.7639929906703,-8.194711259607342e-11
8294.463080258798,634.8053743416465,1.280249809851175e-10
8294.995972062627,634.8867973127162,5.938368020666747e-11
8295.73698550168,635.00002883278,5.7616884164730015e-12
8296.348766639056,635.0935204659077,-4.735497886168097e-11
8297.0524471793,635.2010645772622,-6.617798664718662e-12
8297.480997912195,635.2665648289695,-3.136878452626698e-11
8298.651122590612,635.4454254368721,1.6424152072990497e-11
8298.656459244947,635.4462412344209,-9.731177927164296e-11
8298.91444228664,635.4856789155732,1.370568399535844e-11
8299.216350100092,635.5318329017163,-3.1542735184464577e-13
8300.475429548258,635.7243320619548,-3.706151832204443e-11
8301.058166968916,635.8134359789524,-8.964612128796928e-11
8301.419575324097,635.8687005464086,1.7951043612401777e-12
8302.764072823304,636.074314795003,2.140632649032189e-11
8303.001025024614,636.1105553898836,3.2703115021832856e-12
8303.523290885483,636.1904368627486,-3.137507330162398e-11
8305.428531841597,636.481889382358,5.8963566010971846e-12
8306.300530151813,636.6153048437595,1.757708129845045e-10
8307.010747304172,636.7239781897805,5.4175253198464966e-11
8308.382812255828,636.9339499956498,-1.5608336344965086e-12
8309.099494970329,637.0436401973388,1.3535953747563324e-11
8311.597957189004,637.4261104921513,2.995752643154729e-13
8313.305118261438,637.6875127299973,2.5464794071059707e-11
8313.992836204148,637.7928319695319,-3.0376643358360656e-11
8314.290394170643,637.8384036113604,1.2421269243140535e-11
8315.328199813433,637.9973585392579,2.782228898895744e-11
8316.35172437869,638.1541455459848,4.116198887363949e-12
8316.840746671018,638.2290624721705,-7.953141769715616e-12
8319.714724642094,638.6694373415871,3.5598014948927585e-13
8319.75761524043,638.6760105489791,-3.277241929393799e-11
8321.24597347391,638.9041301842649,4.8951563585930756e-12
8321.438345662333,638.9336179142465,-2.430509777307347e-14
8321.596337479827,638.9578361662185,1.1138843479962449e-10
8321.980031893741,639.0166538353034,2.3559473619466283e-12
8322.2283047498,639.0547137721691,4.4228710027899793e-13
8323.554100273614,639.2579758878308,-4.407093937414548e-12
8323.65949130733,639.2741351265225,2.0701443199205296e-11
8327.143079438463,639.8083766665495,2.142308500833619e-11
8327.31078144136,639.8341010115364,1.065338859254214e-10
8328.136170862515,639.9607176764207,-5.120701206642271e-12
8328.350126503,639.9935410194978,-1.4035881778741276e-11
8329.770063455504,640.2113976251197,-2.2452282088582894e-11
8330.185469913062,640.2751391958701,1.127564401196768e-11
8331.06203911461,640.4096537893946,-2.6311396632897124e-11
8332.313942497598,640.6017901174637,-4.597379516429594e-11
8332.643638808644,640.6523951816978,1.1545536842179734e-10
8332.69067399804,640.6596147729051,-4.672583137327632e-11
8332.878198988441,640.6883990266607,-5.6167942392116813e-11
8333.994325562737,640.8597329036514,7.048340919365469e-12
8334.089943255594,640.8744120103735,-1.1144860068812902e-12
8334.663546786245,640.962474431167,-3.1308847550149598e-12
8335.282851342694,641.0575599014211,2.4038006588869333e-11
8337.157224960223,641.345386554727,-1.068305498715623e-13
8338.632502073371,641.5719739230044,4.591247068921306e-12
8338.866493851809,641.6079163336271,2.902172318999737e-11
8341.58573252138,642.025680156194,8.856022712211955e-11
8341.80664318033,642.0596252267101,-6.28507651878704e-11
8342.305083562243,642.1362187397982,-5.824526970371275e-12
8342.331664207382,642.1403034189931,4.940417667037113e-12
8342.689827938815,642.1953441326626,-4.0428523568700614e-11
8343.14143838706,642.2647486132767,4.573161118460331e-12
8343.570273319945,642.330656380427,8.78880680119539e-12
8343.829724730393,642.3705331888748,-5.604868191662566e-12
8344.494311906226,642.4726836568457,1.4728262698910127e-11
8345.637792782263,642.6484615925597,1.1197486424638633e-11
8346.478710604271,642.7777443611845,-3.4089330285430616e-11
8348.00749636328,643.0128133646433,-1.0161389435515777e-10
8351.345336981265,643.5261956939507,7.859303071681426e-11
8351.729031394794,643.585223626296,-5.207999929969988e-11
8355.314292266183,644.1369148054462,9.738521538260279e-11
8355.318294756926,644.1375308312537,1.011526383863811e-11
8355.952922458579,644.2352105033307,1.532091752510676e-11
8356.833162583594,644.3707062604803,-1.4676420200399795e-10
8357.17620842495,644.4235153257207,-3.5659688784465415e-12
8357.2683920283,644.4377065972701,3.24055676883444e-12
8359.863877149466,644.8373346826473,-4.578706125275608e-12
8360.045694445022,644.8653338294652,5.830989534151536e-11
8360.820606691728,644.9846740892401,-2.8203188971589557e-12
8361.289727050878,645.0569262843048,2.411814118996766e-12
8361.615752437381,645.1071419048075,5.309611303605978e-11
8363.760756018102,645.4375720069108,-1.870882042637218e-11
8364.265306711006,645.5153085427643,-3.9133703930474006e-11
8365.115587361863,645.6463225847821,-2.5616774329370418e-11
8365.145546835782,645.6509390820481,5.454112342520416e-11
8367.574040455242,646.0252040515304,3.102859857693661e-12
8369.496491328253,646.3215577672348,-1.6658729926567964e-12
8369.603998077191,646.3381323851381,-2.8465169443888095e-12
8369.655335747462,646.3460473332855,-1.5476612164411596e-10
8369.929612952159,646.3883346453177,1.0029474427407221e-11
8369.997323730975,646.3987743219652,1.0503346259359416e-12
8371.505860200296,646.6313830163563,9.278063522251118e-11
8372.154840029238,646.7314653200456,4.4583070149927027e-11
8373.623438428001,646.9579735921103,9.809087290775719e-12
8373.931890747805,647.0055525737238,1.398601617871479e-11
8376.100656650506,647.3401356823898,-1.7321505417146815e-11
8376.626238183502,647.4212320283038,2.8066101259279086e-11
8377.46772440596,647.5510825313773,-8.417533611002134e-11
8378.044840970144,647.6401454529276,-1.131526679734732e-10
8378.156081798674,647.6573132849064,-8.330649492958333e-12
8380.411118353957,648.0053829309669,1.5324587679940312e-10
8381.99333381257,648.2496571416963,-4.636931680578851e-11
8382.588449744215,648.3415475075421,5.7185710459753315e-11
8383.772144995128,648.5243383302496,7.392152336182924e-12
8383.832900755358,648.5337211673266,-5.699908404403159e-12
8384.960703233464,648.707906083502,9.99955688808931e-12
8385.383064708816,648.7731442795292,-7.429936667264413e-11
8386.149458832715,648.891530347144,-4.318563873038214e-12
8388.812725780344,649.3030133771674,1.7600614245376225e-11
8390.34826130004,649.5403177755419,-4.572824755429763e-12
8391.265123821076,649.682032054645,-1.1803209633087788e-10
8391.464316822045,649.7128222431556,4.42485362730397e-11
8391.93258457875,649.7852074466928,5.7438246108440076e-11
8392.246184086498,649.8336861671844,-3.4180710095010044e-11
8393.55707486783,650.0363537640919,5.105942453071503e-12
8393.917062218616,650.0920144145753,4.1825912596354165e-13
8394.188189534325,650.1339372489875,1.827563252454809e-11
8394.19352618864,650.1347624382862,2.6934796298927445e-13
8394.78576853716,650.2263421837454,1.2550937961488451e-11
8397.247095211018,650.6070117995757,-6.661950028829629e-12
8398.779883458199,650.8441297352164,-1.0937174638621039e-11
8399.803068559335,651.0024376162777,4.856260131217227e-12
8400.233513960886,651.0690421787963,-6.683408280046403e-11
8400.343617986711,651.0860795693735,-3.9751620710553494e-11
8401.229478965412,651.2231649674852,8.407737023675633e-13
8401.459744558517,651.2588005222623,2.7245437995163562e-11
8402.117155669277,651.3605458459082,-6.099677281433107e-12
8402.535167297605,651.4252442510108,-5.4763613309284923e-11
8402.601259712113,651.4354741027718,-9.975355889384505e-11
8406.533079452638,652.0441899761693,-6.910425260383676e-12
8406.62055006347,652.0577352260331,5.048960300946689e-11
8407.824352501593,652.2441642101703,-4.4079555183381975e-12
8408.12528929596,652.2907734874263,-3.203550694880745e-11
8409.093205286012,652.4406962275705,-1.1225807244397684e-10
8409.401097098913,652.4883899185271,-3.644577515473048e-12
8409.40208390644,652.488542781824,1.4097923951688828e-13
8410.434323951618,652.6484537124667,-7.315227010891541e-11
8410.795448104827,652.7044024072854,4.098129638774245e-12
8411.660420343276,652.838421676837,-3.4663779193586504e-11
8412.44770320646,652.9604156930261,1.0948710124150988e-12
8414.51970671643,653.2815391425593,-1.9321711948548542e-11
8414.741264721093,653.3158813470878,3.3075576054830513e-14
8414.948541648308,653.3480107572867,-2.7546653690329895e-11
8414.993255866466,653.3549418855464,-1.95065288783297e-12
8415.01512351917,653.3583315927018,2.692497545512755e-11
8419.345337154444,654.0297320386709,-9.195113220045389e-12
8419.442723206363,654.0448357358775,1.6734867766014046e-10
8419.566610958416,654.0640498599353,-5.585654877342754e-11
8421.690938945614,654.3935622644779,5.8214963075206745e-12
8423.219156299527,654.6306611455857,2.619133809138699e-11
8423.483675952484,654.6717050378971,6.642116010905148e-13
8426.189265093744,655.0915887255121,4.8453180971394745e-12
8426.55038924677,655.1476422245769,-1.7833461565966194e-12
8426.733895956322,655.1761269589975,-1.5499505624071373e-11
8427.019509604908,655.2204624244765,6.514112164545544e-11
8427.090307116967,655.2314524701043,8.695476438577836e-13
8427.503384707325,655.2955772079379,4.352098565077877e-11
8429.90509242104,655.6684722794603,5.377986861947909e-11
8430.168696316576,655.709406542408,-2.583067282557727e-11
8430.438686829344,655.7513338909943,-5.3774415350655815e-11
8430.991614768736,655.8372033302834,1.8771924658881136e-11
8431.034505366917,655.8438644546309,3.115985826386872e-11
8432.00804221121,655.9950687080675,-6.106969401764418e-12
8434.017411079145,656.3072077555,7.405746946453308e-11
8436.850764151412,656.7474723977458,-4.6018423584440495e-11
8437.103039497262,656.7866797347862,2.061273268618948e-11
8437.30074833926,656.8174074457867,3.2117686010821766e-12
8438.398875542209,656.9880903864915,-1.1746401955046004e-12
8438.786011938833,657.0482686555212,3.641547645578144e-11
8439.161977675689,657.1067131480665,7.080210016340501e-11
8439.294162504553,657.1272621159155,9.122622231871126e-11
8440.22908754704,657.2726113169695,-6.52468572396923e-12
8440.293640542171,657.2826477171254,-2.1453344641265374e-12
8441.24474922695,657.4305305795057,-7.399700976299809e-12
8442.324877062249,657.5984941551203,-1.880449856680557e-11
8442.791384353623,657.6710442811743,2.580395059572676e-12
8443.12241482705,657.7225278000501,1.2796874570304779e-11
8444.550585695682,657.9446672342206,5.5154382380463604e-12
8446.085765961772,658.1834929406413,3.877088081754188e-12
8446.261125589423,658.2107761393414,-7.956030435412299e-12
8447.335987820406,658.3780201660495,8.750070776291842e-13
8447.371986555421,658.3836217856036,-1.1144839909469316e-10
8448.195607613994,658.5117886939752,1.2256237786673488e-11
8450.112232371263,658.8100905744885,-8.639501253048455e-13
8452.115483031917,659.1219471625715,8.428807083495947e-11
8452.717490825346,659.2156793339062,-3.0729993679527234e-11
8453.620301207124,659.3562587601942,8.79397324345546e-13
8453.75254919132,659.3768527679073,2.2188651802809312e-11
8453.786724306377,659.3821746600711,-2.3707692855344853e-11
8454.870783581804,659.5510000794144,1.3788976164485864e-12
8455.637398749233,659.6704015694329,1.0051033943927674e-11
8458.174804323902,660.0656836018908,2.8484466078544597e-11
8458.226907756289,660.0738016197753,4.077543630315068e-11
8460.361419593066,660.4064139697001,-3.4957311691673734e-12
8460.449948061434,660.4202108156313,-1.872274198774121e-11
8460.683939838935,660.4566782943654,2.4673480276416328e-11
8460.85839160391,660.4838671539877,-1.654900725439511e-12
8461.545327991482,660.5909338137274,-1.3199063008330457e-11
8462.639879003831,660.7615496960228,2.5879901594637837e-12
8463.31085279431,660.8661503280198,-2.920058957157433e-11
8464.581947602624,661.0643288225748,-3.005833334586656e-11
8464.78507993845,661.0960022792883,-5.8198695487942237e-11
8465.874775857994,661.265926344445,-4.923698082050856e-12
8466.131685251043,661.3059912468032,-8.354070103848616e-12
8466.22513986225,661.3205657522583,-4.8393229764721e-12
8466.584140404662,661.3765543772073,-3.889107783862056e-12
8467.329377375516,661.4927868318255,9.261712470317745e-12
8469.493146078621,661.8303215510851,-6.897971092109306e-12
8470.042639927899,661.9160529716941,3.750234445216966e-11
8472.049119420972,662.229148910983,3.1730659539516543e-11
8472.200574625369,662.2527853595928,-1.1984924204533404e-13
8473.538946016159,662.4616730513802,5.8552328547640675e-12
8474.592224794198,662.6260878218504,1.825982794941934e-11
8476.288633603968,662.8909369030134,2.7884552871589393e-11
8477.29401669601,663.0479257302394,-1.931550134171403e-11
8478.874550630038,663.2947610084062,-1.5947492496126546e-11
8480.281911702068,663.5145902497537,-2.2422426784161605e-11
8480.566183291821,663.5589977884395,7.690723359879285e-12
8481.225836427073,663.662051359245,2.2898904380918064e-12
8481.659242250065,663.7297640608718,1.869790848197073e-12
8481.69981187708,663.736102590864,-1.703366359307636e-11
8484.202552878241,664.1271852432054,1.1978188667932676e-11
8484.799847678689,664.2205366195177,1.2278649949790697e-12
8486.93718573067,664.5546356318815,-1.5611191633735344e-11
8487.058894611686,664.5736631457496,-4.1220709595461244e-11
8487.280444721066,664.6083001664251,5.193758075441863e-11
8488.266360076139,664.7624485883189,-4.079459314204286e-11
8488.567778431336,664.8095790920273,-8.845335630668622e-11
8489.197637877252,664.9080708423361,-8.39189164417776e-11
8489.644811636872,664.9780002854075,-2.742396936040068e-12
8490.103598146745,665.0497495692326,-6.479057918826725e-11
8490.457340979518,665.1050737971839,-3.632483886278182e-11
8491.06545908354,665.2001868771689,-5.707505585149154e-11
8491.151942886609,665.2137139819943,8.405564290772131e-11
8491.321965859706,665.2403080173768,-7.61517472115134e-12
8492.633488193556,665.4454668469111,7.80030132892386e-11
8493.251174382587,665.5421012440929,4.929598099891484e-13
8494.670345565195,665.7641512095253,1.843803547617464e-11
8495.13946592231,665.8375600689806,-8.190226308296058e-11
8495.331064452606,665.8675429429828,1.0793411821906934e-11
8495.426682144964,665.8825062189609,1.0070396184106915e-12
8495.77058058674,665.9363245059166,-7.436792965395221e-11
8496.319356039154,666.0222094732001,-9.90442124866416e-11
8497.13869829983,666.1504492636567,-1.1357009631517849e-11
8497.53364231622,666.2122685538492,5.2194588176517776e-12
8497.736490451178,666.2440208232719,-6.945626103996899e-13
8498.795871644974,666.4098604320574,8.21786363928785e-14
8499.337273672594,666.494621571184,-4.035893567860099e-12
8500.029144096945,666.6029476894955,1.2666417099225064e-11
8500.228692348031,666.6341925876983,-2.6843847513283424e-12
8500.426969590942,666.6652392002876,1.1501573204020821e-11
8501.704103658922,666.8652325386947,-3.3792101650854274e-11
8502.072893331238,666.9229889008698,2.5981462090000806e-11
8504.2000948957,667.2561800604503,-1.3964241739054876e-11
8504.206078896234,667.257117473343,4.131042421829202e-11
8504.467922326592,667.2981367331485,-2.5372702370838395e-13
8504.983580521546,667.3789212093469,-8.375202147910454e-11
8505.459174335423,667.4534334279695,2.418660678282915e-11
8506.67682365139,667.6442239318719,-1.9690648470050327e-14
8506.926856970511,667.6834044232273,2.0142926183241037e-11
8508.321421122557,667.9019552570559,6.891694830701046e-11
8508.679016450753,667.9580020189649,-3.52653407594766e-12
8509.249746395279,668.0474587534478,1.6258252197318868e-12
8509.280890037537,668.0523404091168,4.166410899374465e-12
8510.72502350019,668.2787228394583,-6.176440473462771e-13
8513.448612001384,668.705777250583,-8.864654158279508e-12
8513.732599390183,668.7503138950244,1.2035508251002011e-11
8514.556788848324,668.8795767541097,5.5002934012089766e-11
8515.763835905514,669.0689081801324,-7.625830456320374e-13
8518.116676908641,669.4380403168085,1.2669394595601108e-12
8519.294246053538,669.6228248834819,-9.274374307260082e-14
8520.004052689525,669.7342203306634,5.578379774070704e-12
8520.373039722583,669.7921319869015,4.6754656634300915e-12
8522.17906309892,670.075619332679,-1.316862212749829e-11
8522.626465798097,670.1458563936444,-8.967627392726814e-12
8524.145336107313,670.3843290119877,1.3197568786599399e-11
8524.332426900804,670.413706435514,-5.522016494988516e-12
8528.842499990034,671.1220835255166,-1.6630460927424307e-11
8529.974028647732,671.2998664868286,3.1564826861481213e-11
8530.318479700909,671.3539904600023,1.0831002931790461e-10
8530.443851611195,671.3736908287941,-8.549262547965913e-12
8530.641560452606,671.4047584805427,6.854919029444133e-12
8531.604558190793,671.5560927028764,-3.11334747768386e-12
8531.825468848388,671.5908110214845,3.541536216076151e-11
8533.758695649074,671.8946752983829,1.3191271564199808e-11
8534.682094778209,672.0398393197402,3.8370043810070186e-11
8535.047221420708,672.0972438064495,1.0278230678283812e-10
8537.930356945048,672.5506109129965,-3.237019893117768e-12
8540.687907408392,672.9843732900983,-2.53452543296739e-11
8541.277884043675,673.077194738416,5.721302082267901e-11
8542.403294494843,673.2542741547464,4.364218823546726e-11
8542.720959647195,673.3042618826619,-1.1914463547885294e-12
8542.893998303212,673.3314919946964,-5.331369249170733e-11
8543.28493193355,673.3930130338634,-1.7958408923233292e-12
8544.926853180921,673.6514321405175,-1.0201672001788975e-10
8545.005742513853,673.6638496446631,-5.492037765501949e-14
8545.196843692709,673.6939302282043,2.619196237339909e-11
8546.297441858094,673.867184718309,-1.540646194746073e-11
8546.412400976089,673.8852826949545,-7.433123728588983e-11
8548.246126009004,674.1739983436792,1.4066722559886472e-11
8549.227257319671,674.3285005735596,-5.811348128868613e-13
8549.503784443721,674.3720494844199,-3.170386151828258e-11
8550.387742853332,674.5112692401281,-6.923492342607173e-11
8550.50059415071,674.529043883975,2.6971221260954286e-11
8552.503639549295,674.8445725895864,1.5401951706880336e-10
8553.1455064661,674.9456979847718,1.6410515581749034e-11
8553.890325028711,675.0630528061612,-6.834450874310915e-11
8554.024751883257,675.0842344081152,3.114163881850901e-11
8555.532443636497,675.3218237799371,-3.991556686643419e-12
8556.0064190854,675.3965237786874,1.8706720250643347e-11
8557.430019056916,675.6209124240978,4.36869509839493e-11
8558.246835089209,675.7496762913868,-4.348117716496266e-14
8559.90133220927,676.0105308776066,5.4934681276972916e-11
8560.35273739864,676.081709967854,1.0974907934580452e-10
8560.99742263753,676.183372615463,-8.661400582026064e-13
8561.234090636204,676.220695532828,1.3786285844963292e-11
8561.680356532223,676.2910751768404,3.5919049650661534e-11
8562.334894056768,676.394307532023,7.902872348476087e-12
8564.17213212312,676.6841152266933,1.7649989894098168e-10
8565.180475634956,676.8431987267949,6.672686176513294e-12
8566.79334527008,677.097695539597,7.337159209762042e-13
8567.576830894397,677.2213400552346,-7.862560685004115e-11
8568.06366641723,677.2981749112893,6.375946541877654e-11
8568.731064015756,677.4035140866744,-2.3473046865516148e-11
8569.076012419664,677.4579624800466,4.340091880568305e-13
8569.114758426615,677.4640784818508,2.1769494067494965e-12
8569.170659093812,677.4729023709805,1.037691897836421e-11
8570.217101266206,677.6380933085475,-1.5320288899914253e-10
8571.661029470397,677.8660643497388,6.196181661339481e-12
8571.98501808427,677.9172217680446,-3.3574377536538487e-13
8574.28281101806,678.2800960360844,3.84078670643243e-11
8576.23275828069,678.5881137731783,3.821334876667372e-11
8577.86807186393,678.846485318429,-7.181945487933413e-11
8580.953487117573,679.3340999852386,-1.8635784893205078e-12
8583.139826072435,679.6797320611612,5.436604124970632e-12
8583.3516659958,679.7132259082506,-1.9258720379347542e-12
8583.646697732904,679.7598745262657,-2.9347984661428658e-12
8583.843506606168,679.7909936359453,-1.7786588898314824e-12
8584.770987169519,679.9376550088722,-1.495581334517061e-10
8585.735311174894,680.0901591929953,9.335424700071712e-12
8585.9996808314,680.1319712433034,7.736808520282453e-11
8586.04910804167,680.1397886713538,8.09263402608466e-12
8586.60252543473,680.2273204682788,1.5797606526104512e-13
8587.458576929597,680.3627297934464,-1.2554644988931528e-11
8587.66304342821,680.395074086338,-3.296047880465872e-12
8589.121931631562,680.625876088351,-1.4805208948040086e-11
8589.38138303997,680.6669264545432,6.3182925827043146e-12
8592.039731722369,681.0876014581214,1.4781387308466184e-10
8592.20911524346,681.1144102590463,1.1413645929960809e-10
8592.448664719543,681.1523253230349,6.7435407491357346e-12
8593.06282997755,681.2495381087457,-3.571058353582133e-12
8593.104599562435,681.256149835205,-2.7793769162236336e-12
8593.217450859662,681.2740132787325,1.1620593461096485e-10
8593.61189752373,681.336452824109,2.1424981536243712e-11
8593.632004711757,681.3396357993407,3.491384314604243e-11
8595.143075291935,681.57886013596,-1.121325797666532e-10
8596.916328762927,681.8596454581972,1.0237202681644299e-11
8598.359404363975,682.088191607391,2.8494505388371706e-12
8599.724514284286,682.3044253008496,3.218883750593322e-11
8599.743145208413,682.3073766805271,4.596693553177719e-11
8599.803466772479,682.3169324413863,6.34749699969051e-11
8600.021503846747,682.3514730553776,2.6500632287720044e-11
8600.356544704024,682.4045506757205,-1.7334375124994779e-12
8600.615996112345,682.4456547351657,6.1259450359242384e-12
8601.336120804292,682.5597482913611,-2.529432223157686e-11
8602.581487564175,682.7570815573546,-1.1331381902636797e-11
8602.964897773983,682.8178401663109,-1.1301520065025623e-10
8603.49715012105,682.9021901195459,-3.272734529242921e-11
8605.033948743727,683.1457672129056,-1.5171688256855642e-11
8606.05031302526,683.306881222123,4.069908707751735e-12
8607.68582396796,683.5661822723546,1.1905876478794958e-12
8608.94328503943,683.7655791497142,-2.4123686229702503e-11
8609.049173423333,683.7823713077679,-1.2351635632410703e-11
8610.568817385527,684.0233846257022,8.643662069037993e-12
8610.847807580478,684.0676366858294,-7.016745709087816e-11
8611.386683379405,684.1531145885647,-1.227224861198527e-11
8611.629674839518,684.1916602857061,-7.443410302846503e-12
8612.182602775765,684.279375210706,5.02796841670756e-13
8614.099227523218,684.5834667378914,5.033858569536101e-12
8614.839759393073,684.700977587651,4.226244828512381e-11
8616.110854195393,684.9027040444824,-3.765506894564453e-12
8616.309549843802,684.9342403138897,9.185045155182786e-11
8619.428508652,685.4293657117327,-1.3316390385568636e-11
8619.912383751502,685.5061954955522,2.5525552847309348e-11
8620.386501299796,685.5814801568117,-2.3658605818963108e-11
8624.329081161657,686.2076789340192,6.386417246446569e-12
8624.516748250646,686.237493180528,1.1199001883620874e-12
8625.53908074256,686.3999202275768,-3.666648983908363e-12
8625.833678283532,686.4467291298771,-5.229605097037011e-11
8627.563354337626,686.7215913622343,4.2415581709970035e-13
8628.666115581467,686.896859544237,-8.368725661350264e-12
8630.293621541634,687.1555693460779,-2.1031868990779105e-11
8630.57113547252,687.1996880777573,-4.89061654079926e-12
8630.902165944008,687.2523166409431,1.6795059947273712e-10
8631.045110920331,687.2750432354326,6.927662026069938e-13
8631.64698450485,687.3707382884702,8.278744602854752e-11
8632.410986601551,687.4922206193502,-1.2279187781769873e-11
8633.475854440314,687.6615609022306,2.920929321615459e-11
8633.537312806935,687.671334937775,4.456211216092825e-13
8633.9328804836,687.7342457354098,9.323048472797873e-12
8635.975358701282,688.0591258604837,-9.386370472360588e-12
8636.60085250804,688.1586333596304,-2.0287302621953033e-11
8637.353960250817,688.2784520509559,6.828485148981903e-11
8637.390811587584,688.2843153300317,3.917951547102405e-12
8638.080779444113,688.3940981672623,-5.318804593519314e-11
8639.270442896486,688.5834096520682,-3.552363012378588e-11
8640.368570092527,688.7581780852729,1.2992056760838415e-11
8641.225111042375,688.8945131600511,3.2575638266276163e-12
8641.58693779984,688.9521089537267,-5.834237752948129e-12
8642.139163128724,689.0400171517642,-1.6492777223980273e-11
8642.198782085849,689.0495081699171,7.21659913463627e-11
8642.736315825932,689.1350836142059,1.731568854520571e-11
8642.813736789498,689.1474094806088,-6.821775058584726e-11
8644.325715230014,689.3881473507755,1.1854549326342007e-11
8644.761078876329,689.4574739499545,-2.854033667889043e-11
8647.77512821083,689.9375220225746,-3.1930915113670418e-12
8648.0554604638,689.9821790869211,-4.288233618459903e-11
8649.573288699032,690.2239950013483,-4.8039824558799354e-11
8649.95127541432,690.2842213292295,4.76173422289962e-11
8650.677810406689,690.3999908169353,1.2743671355575573e-11
8652.081926848045,690.623756859934,9.555673318245857e-12
8652.210598641705,690.6442643676281,8.052700365089766e-11
8653.954326831741,690.9222070898999,-7.74137932637285e-12
8654.2928807228,690.9761776069911,2.3441980217918326e-12
8654.394908716178,690.9924427980699,-5.837568964806156e-12
8655.483112575901,691.1659349961889,-4.1409766960289544e-11
8655.663958851777,691.1947694079483,-4.574103397187306e-12
8656.47620398962,691.3242824665654,1.2618706455445404e-10
8656.840478028798,691.3823701656924,-1.5251215882238277e-11
8657.49016045879,691.4859755935448,-2.047989533608791e-11
8657.941849847472,691.5580114791053,-5.222456536166276e-12
8659.153594102163,691.7512802567346,6.537663001588102e-13
8660.50019940667,691.9660906090869,7.526662417831624e-12
8661.001031804813,692.0459918683712,-3.0475957699787076e-11
8661.140747947335,692.0682825759948,7.175077822018543e-11
8661.779386028345,692.170177275862,1.4522744629449817e-11
8662.33111400575,692.2582115184766,3.866431082028471e-11
8662.958226176237,692.3582809437643,-1.0125479142755593e-11
8663.210651515412,692.3985629573546,-2.6609976280207948e-11
8663.414486456857,692.4310917760952,-7.6535578409509e-12
8665.711205737067,692.7976645855125,2.1764648265108217e-12
8668.553834778542,693.2515030501494,4.301520510379545e-11
8669.889766774131,693.4648419943563,-6.452929585143221e-13
8670.234644126818,693.5199218210755,1.1649036405043135e-11
8671.781571337946,693.7670061189183,2.6457795413932724e-12
8672.67916347537,693.9103950149982,-7.14156170560826e-11
8672.801156556343,693.9298843585049,-2.8983522171413915e-11
8673.49084021149,694.0400718424919,4.871485937921446e-11
8674.507267646326,694.2024776012667,-3.467539423239103e-11
8675.50864034677,694.3624965101544,-6.47613561771592e-11
8677.405228952766,694.6656211419123,3.239655597423812e-12
8677.660393669134,694.7064082168731,-8.152850410952314e-15
8678.179367534727,694.7893678456671,3.799719451890107e-12
8681.170767661906,695.2676494206445,-4.736339708238095e-11
8682.37717526149,695.4605831747397,-9.200697165882817e-12
8683.195530709983,695.5914732655172,-2.5327142024494727e-11
8684.091378172092,695.7347717926625,3.0608274896776545e-12
8684.379368050111,695.7808413973204,-3.198920742918298e-13
8684.465086090406,695.7945539667481,3.0387415468648988e-12
8684.552406705385,695.8085230439735,3.089633781219357e-11
8685.094092930583,695.8951821993392,-6.242935051534554e-11
8685.191897387911,695.9108295673412,2.3810138430675226e-11
8685.757124890468,696.0012616455004,2.2799442662653677e-11
8685.864631638344,696.0184625691887,9.578944246604895e-11
8686.657827445166,696.1453793276804,-4.378444200597348e-12
8686.729824914668,696.1568999893489,-2.776359996386425e-12
8686.860533478624,696.1778155398904,-4.508875935027971e-11
8688.728354673607,696.4767324688678,-5.8090235314059136e-11
8689.040967370938,696.5267677473963,5.1087441020624783e-11
8690.243088278889,696.7191901851575,8.187318037210832e-12
8691.614505867685,696.9387443008447,3.033203082523967e-11
8692.378239551901,697.0610276028814,-1.016335886773221e-12
8692.59641872589,697.0959627868989,-2.7656859400603736e-11
8694.30547444789,697.3696497473059,5.275155052187916e-14
8694.959585668836,697.4744128872836,4.7992200584042236e-11
8695.68183396888,697.5900980891493,7.431851077277855e-12
8695.914073174914,697.6272987499307,-7.646192261365942e-11
8696.012296038421,697.6430326344821,-9.136360792778646e-11
8696.218523000916,697.6760677945614,2.027645844808243e-13
8696.383959291406,697.7025693298702,-9.287191820063233e-11
8698.669089503486,698.0686800028709,-7.940248872592527e-11
8700.76556581933,698.404650218326,-9.08928600062848e-13
8700.831168776855,698.4151647080005,-3.227505476002959e-11
8701.018204308713,698.4451421936784,-3.444232325401645e-11
8703.779615148816,698.8878077063308,3.63805715574349e-12
8704.584131609987,699.0168014263056,-1.3011388967650185e-11
8705.510767462787,699.1653901724802,-4.050750101063963e-11
8706.105883388438,699.2608270780089,9.6179348957255e-12
8706.815887381355,699.3746967632181,1.6186141927970492e-11
8707.782461304123,699.5297297865762,-3.207809640526405e-11
8709.330588471541,699.7780765375845,5.5051609930558994e-11
8710.563995121169,699.9759681959913,-8.899025248962495e-13
8710.648710564345,699.9895612377317,3.900484540592544e-11
8711.167826529761,700.0728590320884,-1.0540574662231279e-10
8711.531058500204,700.1311464984059,-1.0581613950766963e-10
8711.746135151192,700.1656607762907,-1.4177342819220807e-11
8712.780427746684,700.3316500720787,3.4095568940719892e-12
8713.371256980858,700.4264786299675,4.980241706251749e-11
8714.067548297613,700.5382421896629,-4.341322429712494e-12
8715.339914104343,700.7424960589686,1.2883560621549018e-11
8715.690901767854,700.7988456285221,-7.461759927201722e-11
8716.313585145675,700.8988203681367,-1.3437298066166184e-11
8716.978235469162,701.0055409785137,2.2100929370244342e-11
8717.693244549606,701.1203566065469,6.040033291470491e-11
8718.38996216725,701.2322440641042,-8.076281214952159e-12
8718.96271308904,701.3242301264145,3.5010631041721294e-13
8719.321729418216,701.3818926492282,-1.2693695652300841e-11
8720.337304249719,701.5450195552573,-6.102998920405712e-11
8720.627204587074,701.5915883393942,6.835603845866093e-11
8720.838278747304,701.6254956795377,-1.207483906461917e-10
8721.26394010209,701.6938771964132,1.025781133388051e-12
8721.398027494679,701.7154187186796,1.2686570558747297e-11
8722.090182115018,701.8266206009251,-4.436867467454806e-11
8723.911947031998,702.1193483784567,1.4386300582961552e-12
8724.234467275266,702.1711784675837,2.0771338368019353e-11
8725.40726815986,702.3596676712549,2.3318405120903704e-11
8725.67114835889,702.402081233828,-7.347324195448685e-12
8727.66490986259,702.7225807197206,-9.86889447807624e-12
8728.132475007562,702.7977529613673,-4.319107042542728e-11
8728.149424412004,702.8004780577645,-7.908030617790083e-12
8728.485870481727,702.8545723792932,4.292617818863242e-13
8730.339355336493,703.1526159371689,6.617177484714662e-13
8731.213461455662,703.2931956663925,-1.3172846357711774e-11
8732.611254431902,703.5180275493049,-7.581794358286536e-11
8733.236045630007,703.6185354591701,6.330170437213791e-11
8735.659834124152,704.008509641234,7.642454991776112e-13
8735.827244029484,704.0354489657673,1.1055097289191196e-11
8736.084090265025,704.0767812399814,4.573284846027268e-11
8737.132434997062,704.2454958358079,8.493484822054983e-11
8737.742116200121,704.3436237465563,-3.4740472848144893e-12
8738.467230187345,704.460339425606,-1.4746973761783783e-11
8741.0902827301,704.8826316691506,-9.551648239861608e-12
8742.593261482556,705.1246573542705,1.7414260050934882e-11
8743.134947706834,705.2118956544292,-9.2854284613384e-11
8743.909149442694,705.3365898465889,2.402620513932433e-12
8744.022000739418,705.3547667821894,-9.437629960375254e-12
8744.690653553065,705.4624713689216,1.3177824576323669e-11
8744.776363698442,705.4762778971927,-6.823680959736113e-12
8745.180244240148,705.5413383890348,6.613325145810961e-12
8745.671650652392,705.6205023400859,1.654015053760663e-11
8748.823924066659,706.1284289713847,-5.2264949962679734e-11
8752.443146858117,706.7118209996221,2.317652905286849e-12
8755.12019750183,707.1434970689609,-6.0233483371189945e-12
8756.134722369361,707.3071243248269,-8.300578048870279e-11
8757.502137464828,707.5276973453606,4.4148002753624366e-11
8759.749090067406,707.8902203326501,-1.0075395011549613e-10
8760.235925587449,707.9687785586617,8.63257180432128e-11
8760.285289642063,707.9767444343722,-3.4885697974835868e-12
8760.472664634879,708.0069815387576,3.739522886163063e-11
8761.94830487421,708.2451313707311,5.476454798393856e-12
8762.948272358362,708.4065363847999,-3.1221356941401255e-12
8763.109500902117,708.4325620507045,-5.245995236518698e-11
8764.833887660812,708.7109441600411,2.957160049654398e-11
8765.9204099974,708.8863786351758,6.05029447007111e-12
8766.372865146903,708.9594403636156,-1.9115155537211084e-13
8766.800650111252,709.0285218584971,1.358911114127113e-11
8767.38705055283,709.1232230885503,-6.270473792914423e-12
8767.388526816718,709.1234615070155,-1.748403321846842e-12
8769.1232553172,709.4036500708137,5.634884659327687e-12
8771.045706166395,709.7142237863006,-4.8002868156708354e-12
8773.771765612453,710.1547379295031,-4.5034286747942834e-11
8774.619859487048,710.2918125096916,5.118625733329939e-12
8774.62372777218,710.2924377580505,4.324699620585778e-11
8775.057417791984,710.3625387782637,-1.1358392488294536e-10
8775.699284704531,710.4662955653001,-5.166381947110141e-12
8776.020897084732,710.5182865597938,-1.465948820539255e-11
8777.702819546035,710.7902126691848,-8.737096735439512e-11
8780.691480287247,711.2735352616585,9.566855558883525e-12
8781.401697429115,711.3884149126017,-2.6513021064071717e-13
8781.760713757641,711.446490364618,-6.827627396456534e-11
8781.960333057203,711.4787823493348,-2.1670207401517768e-11
8782.264782882445,711.5280339561581,7.356218265557877e-14
8782.527107872218,711.5704722927718,-3.5011739745196177e-12
8782.651769279928,711.5906401743981,-5.803514212222264e-11
8782.821152800065,711.6180437151787,-1.1879428899134086e-12
8783.31874846799,711.6985497817418,3.4541999845557677e-12
8783.657302357766,711.7533270660174,9.351732244486165e-13
8783.662575856626,711.7541803233826,4.156873375187348e-11
8785.321359656939,712.022598617002,2.1300763377741605e-11
8785.429790056625,712.0401461903591,-3.989074099607353e-12
8785.75377866844,712.09257939971,-9.556899330986648e-13
8786.77428753557,712.2577477033076,-9.688796453547794e-11
8786.790108032143,712.2603083853045,6.795412874790773e-12
8787.64207019155,712.3982125200594,-2.308311544793483e-12
8788.701451376117,712.5697094963841,3.857124221017699e-12
8789.134857195095,712.6398769689965,9.849440058445063e-12
8791.051908233541,712.9502849221169,1.1194385467009736e-11
8792.39302688352,713.1674784340398,-5.432895447882026e-12
8793.013531389206,713.2679800471934,-3.1576963454457714e-11
8793.039898883486,713.2722508835272,-2.0193882648488493e-11
8794.105674579818,713.4448890643109,-2.6386837353593018e-12
8797.442946750605,713.9856077526789,-8.898240678471504e-12
8797.781500640249,714.0404731209858,-1.0994405558124538e-11
8799.409424998557,714.3043207814036,-9.768859519293986e-11
8799.764928292587,714.3619458695913,7.932728078718929e-12
8800.269478978733,714.4437347000409,1.4453404158148501e-11
8800.329097935582,714.4533993803058,-3.151579837198018e-11
8800.866631673181,714.540540589057,3.9537352213894524e-11
8802.375033917002,714.7851006314551,-1.9116468486915603e-11
8802.411948408984,714.7910861716356,9.568956645468836e-12
8803.065633326905,714.8970827766815,4.812504640533113e-11
8803.350189114552,714.9432266512251,-1.483352389715955e-11
8803.407700250807,714.9525529005255,5.684737953170879e-11
8804.787209656177,715.1762782435999,-4.4085523459404597e-11
8804.97143476002,715.2061580578745,3.1528265536208454e-12
8806.82491961071,715.5068130198549,3.799530543061078e-12
8807.324765199204,715.5879041262993,1.102934820427755e-10
8809.325623817012,715.9125541342231,-3.6736235805381844e-13
8809.575507138778,715.953104219236,-1.865872225342913e-12
8811.762122384782,716.3079886317373,-1.3099079889838542e-13
8812.029105106023,716.3513255649619,-2.4840495537254586e-11
8812.70521818274,716.4610788668912,-2.3196811767993507e-14
8813.239444141556,716.5478056164093,-1.390973961632506e-11
8814.711555554813,716.786816784548,-4.283925447412072e-11
8814.858795116479,716.8107247117166,-1.412440786671027e-11
8814.906256606148,716.8184313250562,9.176889341576002e-12
8816.068921001422,717.0072332366361,-5.567594835856107e-11
8816.722613813858,717.1133955718234,-1.789210478443953e-11
8817.691232398758,717.2707175889988,2.3573607076272218e-11
8818.4254250129,717.389975899952,8.694345597504875e-11
8818.777265277331,717.4471304650402,1.8430443773731606e-11
8819.278587129545,717.5285714521849,-7.997186032712407e-12
8821.83932869799,717.9446425361451,-1.6435251850452856e-11
8823.023023933049,718.1370109899054,1.3479503604340395e-11
8824.982610316507,718.4555302709658,-1.8293429530749187e-10
8825.270679138286,718.502360133016,-1.8866223764202364e-12
8828.447014858097,719.0188219941307,-2.334200001684416e-11
8828.568723737866,719.0386151593232,6.614848698288723e-11
8830.068260502416,719.2825029034517,-6.885508812438513e-12
8830.072689294077,719.2832232725856,-3.484445509480003e-12
8830.464814984329,719.3470062654411,-8.662430075194079e-12
8830.522823471681,719.3564421410576,2.3928142431119105e-12
8832.23483960943,719.6349529434406,-4.2720771706358704e-11
8832.540828853518,719.6847369639983,5.409157445046959e-11
8832.799577653213,719.7268363764186,-4.353635203768585e-11
8833.167941020913,719.786772622998,3.992603429070614e-12
8834.015900688517,719.9247532786328,6.452904236235454e-11
8834.288638470045,719.9691361974512,5.210607831012339e-11
8835.14531362062,720.1085527972215,1.0155672506663321e-11
8835.554878171579,720.1752107234972,2.4453728151985266e-12
8838.494261693073,720.6536953551429,7.175613983987115e-11
8841.026180589255,721.0659788516964,8.127733156984633e-12
8841.592971192858,721.1582880363624,-7.777215159082268e-13
8841.982286455534,721.2216964933732,9.820303971929518e-12
8842.229422505017,721.2619494222231,-4.537451099890078e-11
8843.630310104922,721.4901439089176,3.353434859126078e-11
8844.388272935812,721.6136256587137,2.2914018940024095e-11
8844.728437294447,721.6690461836461,-1.2264515703420097e-11
8846.558649276916,721.9672660041625,-6.812476362573918e-11
8848.501507299954,722.2839081999618,1.942015154862741e-11
8848.652962502647,722.3085949158103,1.7263132729425747e-13
8848.753498442029,722.3249821871877,1.2992235753855175e-11
8848.921200442244,722.3523178828489,1.1685017181017912e-10
8848.968235630891,722.3599847872464,-1.9947284751422737e-12
8849.120946052213,722.3848774144212,2.694209874364757e-11
8849.19309351647,722.3966379919352,7.890141806249427e-13
8849.26164900149,722.4078131387495,-8.446649467208433e-12
8849.74482149089,722.4865769579791,3.5316425872160663e-11
8851.15957176155,722.7172256106769,-2.5223449159485377e-12
8852.415327620181,722.921984075958,4.048094540527458e-11
8852.672458055522,722.9639143064329,1.0673496936976122e-11
8856.44179398062,723.57871926789,-9.020556979177727e-12
8857.129101400422,723.6908521106029,1.709875605421618e-11
8857.555260104687,723.7603834286235,-7.539039542001332e-13
8857.863357169144,723.8106540970207,-2.236329634187508e-11
8858.591928927568,723.9295384901565,-2.7755568589519018e-11
8860.07971873516,724.1723383430667,-1.9608706144474116e-12
8860.110870271861,724.1774225538084,-6.029126838844363e-11
8860.55369417982,724.2496973282856,-3.905275991265611e-11
8861.200345133286,724.3552458869168,1.439714412613713e-11
8861.948676723463,724.4774007181949,2.535011217407304e-12
8863.46684441059,724.7252523875707,-2.7914574474655785e-11
8864.184237614509,724.842386700233,3.3753982985239846e-11
8865.584422606693,725.0710329946473,4.554608125053066e-11
8866.690981077882,725.2517564473184,-3.6499083011937474e-11
8867.680898912524,725.4134492317465,-2.4072232858794043e-11
8867.833972479346,725.4384538185778,7.211025000682548e-11
8869.79088263846,725.7581533747446,2.5029804043028814e-11
8870.005825082919,725.7932727274184,2.4648469998782363e-11
8870.623937566013,725.8942706002553,1.4652063514519538e-11
8871.043630708044,725.9628513123469,3.6237185586835304e-11
8871.122733190705,725.9757775590818,-5.479160400500099e-11
8872.556177539896,726.2100386637313,-1.7562752961697923e-11
8872.913701814077,726.2684730809573,-4.06063026751882e-11
8873.57976524309,726.3773419778386,-2.7778604500988493e-11
8875.055405477704,726.6185663199267,-9.922033998562128e-12
8877.567288233604,727.0292784857448,1.4320201401716235e-11
8877.837847144056,727.0735238839087,5.063824385371143e-11
8879.02998155436,727.2684936478814,-9.305757998892976e-11
8879.868507341496,727.4056475372774,6.11346072405338e-11
8880.432763822926,727.4979477208808,-3.493209522783754e-11
8882.539234513806,727.8425726834955,-8.989638952074609e-12
8882.85479184241,727.8942058542046,1.2792732256599792e-11
8883.053976945657,727.9267985259502,-2.46899665783291e-11
8883.527526089034,728.0042883380669,9.749165683512315e-11
8883.592150133472,728.0148634955173,-6.264877792700889e-12
8883.679470747953,728.0291528695733,2.95088432054483e-11
8884.324298081072,728.1346784515231,-2.972379082321367e-14
8884.61771145138,728.1826978980421,4.35965226344378e-11
8885.239692219346,728.2844952730042,-3.8053811368117445e-12
8885.33664407416,728.3003636794308,-5.939772575067052e-12
8886.349061117377,728.4660794160508,3.5380789437325026e-12
8887.432433561515,728.6434302772922,1.2948289721776684e-11
8887.451767092345,728.6465954224736,1.3501956113467016e-10
8887.555397659715,728.6635611833041,2.3908762194139976e-11
8890.549766086278,729.153866255136,5.792490754851822e-12
8890.746851263664,729.1861432482272,5.988584803670067e-11
8891.368682036435,729.2879862796661,1.4546813129503936e-11
8891.524352880113,729.3134830619383,-6.729135874635421e-11
8892.871179220894,729.5340936693084,1.0768273130206969e-12
8893.412297041566,729.6227383595228,-3.1327669183770647e-13
8894.433642718033,729.7900675824463,5.610354244781657e-12
8894.685633859786,729.8313547796279,-2.1690689941284706e-11
8895.371883421183,729.943798475573,-1.3327705670955008e-13
8895.974372768276,730.042525003645,-2.863334481220244e-11
8896.016426553442,730.0494163696645,7.95585372687414e-11
8896.106076033733,730.0641073648495,1.9542731051683402e-11
8897.030667216293,730.2156301497655,-2.810295467601096e-13
8897.993096542828,730.3733706088343,-8.883180965425818e-12
8898.350068204994,730.4318819688881,-4.282982078993277e-11
8899.255894257978,730.5803667950446,2.74526513279123e-11
8899.376268973952,730.6000999980271,-6.606978851410216e-12
8903.929998373407,731.3467955471099,-1.573493692790227e-11
8904.53777700873,731.4464846446486,2.5754936263831096e-11
8905.125432666668,731.5428796004882,8.580251627495934e-13
8905.749308104376,731.6452227592239,-4.023767197295138e-11
8906.981522683893,731.8473815021534,2.1511273702953232e-11
8911.127945347976,732.5278544623957,2.807334630765578e-11
8911.325654187187,732.5603085391556,3.693511760961064e-12
8911.67158939517,732.6170958345532,9.093160154619919e-11
8912.746301616202,732.7935302175672,-3.579394006094377e-11
8913.604113567513,732.9343715781795,-1.4415520302050452e-11
8914.167580601863,733.0268927780947,-5.696554808692768e-12
8915.008577354349,733.1649951936043,-3.6820395563397385e-11
8915.761124584576,733.2885841122867,1.1570753463571259e-10
8917.189374378095,733.5231706329935,2.6955787002122414e-11
8917.764169961849,733.6175900001364,-2.225022191382612e-12
8918.078535226912,733.6692320969466,-5.712160480190199e-12
8918.467850488763,733.733189066386,5.63872011652429e-11
8918.474521306553,733.7342849770865,5.1281912352192846e-11
8919.0336384941,733.8261420723134,-3.4860012716307776e-11
8919.279527219202,733.8665408364241,2.607823668258418e-11
8919.699780867202,733.9355898015224,-1.257316823976811e-11
8921.585885617731,734.2455226701477,6.170106460180186e-11
8923.16480906161,734.5050285712916,6.675782997532572e-13
8924.111481046346,734.660642028719,2.2950682992819157e-11
8924.21167752424,734.6771132406855,-1.0941147209216655e-10
8925.623806830734,734.909271620346,-9.683318181476942e-13
8925.881639872414,734.9516641271788,-1.5911521886813668e-11
8926.00188038274,734.9714343031698,-9.638733761002382e-12
8927.151258399475,735.1604306879012,-4.785787442253846e-11
8928.256348499674,735.342167596875,5.860308100379793e-11
8928.560798323671,735.3922396568622,1.9197417158663162e-11
8928.725263595097,735.4192895368077,-2.6773230948641534e-12
8928.956026535714,735.4572443459873,-1.5095318069600552e-10
8931.530417616897,735.8807346634874,-4.283841805201406e-11
8934.112821574017,736.3056657618076,-1.2219470977842974e-12
8935.094789686105,736.467279531208,-5.9231421563594665e-12
8935.291448562277,736.4996480757859,-2.1190045099087916e-12
8935.72028348751,736.5702334900546,7.143991188646385e-12
8936.971121095195,736.7761383356466,7.157165759316555e-11
8936.987367892676,736.7788129686048,9.387820155391121e-14
8937.449809531154,736.8549445738603,-5.300972678916901e-13
8938.046749072837,736.9532243463894,3.841904677711498e-12
8938.52072451648,737.0312640577114,3.649193320813226e-12
8938.787280935803,737.0751541959255,-3.1313101104261457e-11
8939.479569757461,737.189149881407,-3.287017164779041e-12
8942.286200042325,737.6513938881594,4.24175154970116e-11
8943.175360890535,737.7978664116182,1.2474864703311996e-11
8943.998074074463,737.9334059040258,-8.943133386602385e-12
8944.198459135376,737.9664206210099,7.790567318374972e-12
8946.013269022538,738.2654558100861,1.3471350733634063e-11
8946.746056420354,738.3862180034106,7.547107555600194e-11
8947.265172382313,738.4717734708587,-8.631448407837639e-12
8949.05052014707,738.7660544120212,-1.2439769945252587e-11
8950.140216051092,738.945699106055,1.3360074033016588e-13
8950.301507749395,738.9722911330445,-8.431030450742083e-12
8952.644922738134,739.3587020570235,5.0629661078964925e-11
8953.583731841096,739.5135327643993,3.4056959647728443e-11
8953.767238547787,739.543799038912,4.147025651087925e-12
8954.357302015702,739.6411240615457,-1.1194871251973022e-12
8955.2718356555,739.7919798426362,-6.27592833318038e-11
8955.328794179748,739.801375876183,1.5096760343374378e-10
8955.43215633581,739.8184269320514,1.4132890844013291e-12
8955.439537655222,739.8196445930663,7.165580640955291e-11
8955.814713939786,739.881536955065,5.986057677098267e-12
8956.728063411087,740.0322219133786,6.523675058444323e-11
8958.510111291575,740.3262695105549,1.567796834665736e-11
8959.142078549414,740.430561598004,-1.9808845574756438e-13
8960.29589325153,740.6209919336135,2.5619423983687385e-12
8961.328133279843,740.7913778672453,5.653551821994654e-11
8961.862003985652,740.879508539567,-4.167534588253412e-11
8962.248508819604,740.9433155244232,-1.3712589215121504e-11
8965.116526418618,741.4168743704826,-4.746782263740105e-12
8965.49992872968,741.4801921428617,-1.5762285742977726e-12
8966.211906332435,741.5977803484468,6.597060086491778e-12
8967.890244700397,741.8750069123497,-4.7015190535858424e-11
8968.342557747037,741.9497284889958,2.114164961561416e-12
8970.306857114949,742.2742721263212,-4.594939262168034e-11
8970.662360407297,742.3330163553228,1.3658885451677637e-12
8970.710303458369,742.3409387598824,-5.390576407801506e-12
8970.968286494824,742.383570190072,-3.1072134358568527e-11
8974.576180714424,742.9798994445176,1.2568310849624131e-11
8975.405572610205,743.1170190259627,4.531425423996497e-12
8976.176900758219,743.2445505644932,-9.565275573355011e-11
8978.591042206075,743.6437759867256,6.833743218521544e-14
8978.765983424772,743.6727101045055,-3.224545153960766e-11
8980.709607203029,743.9942105173129,3.702498254759223e-11
8982.734938635327,744.3293004656041,1.4384606753219887e-10
8982.784365845035,744.3374791142138,-1.9280012923240545e-12
8984.013059492916,744.5408037318563,-5.675425342733985e-12
8984.25380892431,744.5806462830462,-1.2447773561693282e-10
8984.437181425294,744.6109940212157,-5.2055614770237286e-11
8987.2845234335,745.0823022261533,1.6952785173522125e-11
8987.635511094344,745.1404100345613,4.030674711988597e-11
8988.478134104138,745.279919861329,-7.115905912194939e-13
8988.845510662753,745.3407490688733,-3.751158468062069e-11
8988.894590516406,745.348875765296,1.8030464306211834e-11
8989.21225566467,745.401476184733,2.352072345138455e-12
8989.357237409959,745.4254835299009,-3.2996821123644634e-11
8989.668365945996,745.47700422057,-2.057614323316498e-11
8989.681226019948,745.4791337964684,-2.010769497843141e-11
8989.789656419023,745.4970895503099,9.437540865911655e-12
8990.671143851272,745.6430693025926,-4.2660293836987096e-11
8991.404997000649,745.7646108257588,1.0608284818357722e-11
8992.242117571504,745.9032677193267,1.4933603696937454e-11
8993.275628607093,746.0744716544076,2.3188410721891293e-11
8993.685193156276,746.1423225878838,6.87430826740809e-13
8993.777937264418,746.1576875652921,1.0973403418387568e-12
8996.559471059214,746.6185797346951,1.5100261620666504e-11
8997.109588561974,746.7097495072899,1.2530109617391561e-11
8997.742811037786,746.8146989870843,4.189103948396487e-11
9000.539533772071,747.2783125719609,-2.345908327898822e-11
9001.892328319795,747.5026174405106,-2.4592899025651726e-11
9002.1268884949,747.5415129464503,-2.8152647195071158e-12
9004.514109835192,747.9374271424566,1.5980667608079878e-11
9004.68896421407,747.9664303939262,2.975054168678268e-11
9005.409594143646,748.0859678653569,-4.115965591282677e-11
9007.395690111773,748.4154692653555,-6.24449984232053e-12
9008.129180115242,748.5371766132514,9.702586446359859e-12
9009.211068397159,748.7167114689628,2.4219276941437884e-13
9009.467977786144,748.7593476802613,4.402920529502895e-11
9009.966418158145,748.8420713984556,-1.0158069878531349e-11
9011.235894582014,749.0527808817125,-3.2048265556344104e-12
9011.900900150858,749.1631712903958,1.104180699900453e-11
9012.32973507521,749.234361875614,6.696598835278333e-11
9012.75814369858,749.3054850734079,2.1933968128604186e-12
9013.73181473185,749.467143780441,1.4487723960250907e-12
9015.001433255917,749.6779649135746,1.0307648356801463e-10
9016.720207042516,749.9634159314809,3.211958506694886e-11
9017.21983947765,750.0464042424629,2.6716539102489812e-11
9017.675878708475,750.1221557918292,-3.917658071550583e-11
9018.038052818147,750.1823183672947,-3.5269353520336096e-11
9018.505065347585,750.2598997502035,-8.555638696837614e-12
9020.428787191724,750.5795159787591,5.2557367500495235e-11
9021.354167817744,750.7332873675392,1.1362558350063217e-12
9021.484307979175,750.7549141485347,-5.610493398852127e-11
9022.271030321737,750.8856588488233,1.9157638610388793e-11
9022.602542351171,750.940755958349,-3.5116766153675382e-12
9023.204415929034,751.0407921766478,8.598703878156452e-13
9026.227954371412,751.5434294875851,1.739846026787919e-10
9027.130196336822,751.6934520922357,7.799304560634902e-12
9027.26203380737,751.7153749625746,2.0480076806375284e-12
9027.428456903845,751.7430494334468,2.0861043555398002e-11
9028.17538327693,751.8672619873905,-4.0710512901119514e-11
9029.570500019796,752.0992949942095,-8.693952440842645e-11
9029.944484240388,752.1615013902572,-1.7043854927156988e-11
9030.730014519544,752.2921703927144,-6.70939621117573e-11
9030.842865815372,752.310943570723,-6.427959794528305e-12
9031.760644076481,752.4636276644079,7.612515561203267e-11
9031.917720133286,752.4897608204767,1.0380199761747418e-11
9032.80688097937,752.6377014135984,2.2779421645965234e-11
9034.36427622752,752.8968594520284,-1.3130006370593592e-11
9034.638419221277,752.9424827854997,-2.6611779512711484e-11
9035.428094091325,753.0739095295202,5.1161933572789544e-11
9036.900694952028,753.3190273289728,-5.106166744462836e-11
9037.52457038753,753.4228848763628,-2.704603339506789e-11
9037.73607874165,753.4580966397122,1.885290435606914e-12
9038.434904173688,753.574442469771,4.926882462783519e-12
9038.90402452345,753.6525502783143,2.192830497617834e-11
9039.535139177986,753.757636282054,-9.951028800196461e-12
9039.866872252525,753.812875626462,7.501054234859979e-12
9040.711658342352,753.953556402987,2.0446350767205356e-11
9042.9555873495,754.327297881906,1.3533310944486383e-10
9045.942842855267,754.8249893210613,-3.34873608791614e-12
9045.954447710576,754.8269230674848,-3.9391967632622204e-11
9046.101687271308,754.8514581837167,-1.2097880881749463e-10
9047.205435309676,755.0353928462674,-8.110324562316661e-11
9048.233957045593,755.2068115818171,-1.0483041207804176e-11
9050.38035000708,755.5646032644661,3.38393739923603e-11
9051.12250023204,755.6883352939732,-4.8780908438572866e-11
9051.478477190458,755.7476877297412,-1.2376071455072813e-11
9052.25197631289,755.8766621487312,-2.780649648041652e-12
9053.308689162686,756.0528778678363,-6.874440292790222e-11
9054.10468749407,756.1856308401542,-3.3338148561238855e-11
9055.870985923659,756.4802477227051,2.718714874513368e-11
9056.857469663892,756.6448172749999,1.1979008772371416e-10
9057.014545720594,756.6710230474085,-2.2669431914260234e-11
9057.419531482366,756.7385909138173,-6.705332228250492e-11
9058.637899175443,756.9418817224198,5.945491674509521e-11
9059.165367473224,757.0299009558829,4.084912543138808e-11
9059.921506679777,757.1560877028335,5.380247035940057e-11
9060.024647790297,757.1733010126662,-1.3888421136716355e-11
9060.03161070348,757.1744630663775,3.9139352520303456e-11
9062.04941081705,757.5112551617603,2.1687352564671034e-11
9062.689959350544,757.618185143211,-7.522575671140704e-11
9063.191833811201,757.701970846488,-9.10259707829969e-12
9063.801230808142,757.8037131950322,3.1836572718290416e-11
9067.464402023372,758.415444940467,2.0282260612514766e-12
9067.6569084131,758.4475994059392,-1.0214775988474623e-11
9067.714285343385,758.457183243377,8.801755739171789e-13
9067.856669811426,758.4809664018621,-1.7801189516985967e-12
9067.950384937358,758.4966202912188,1.4528077202503821e-11
9068.378935660428,758.5682061608815,4.6619564015410714e-11
9068.917945657986,758.6582481462632,2.3905395767457015e-11
9069.43663531729,758.7449006583257,-1.1676544397868466e-11
9070.003425917395,758.8395946003054,3.991226617274368e-12
9070.363413261071,758.8997409088021,4.2285770635459635e-12
9070.765107033663,758.9668583017974,2.032606980642352e-11
9072.040764816898,759.1800225254709,2.2723773052441148e-11
9072.670908452918,759.2853314811657,-2.9205263001659364e-13
9073.44102085142,759.4140418043559,-3.683100201939792e-11
9076.73329457891,759.9644088436623,-1.7432701183474482e-14
9077.48879433365,760.0907333622293,1.939910834237417e-12
9079.663741553079,760.4544575177617,-4.097555030712087e-11
9080.269128164335,760.5557139755683,-3.6778111014354514e-11
9080.716870317678,760.630607296268,-2.512830744532648e-11
9080.81292220417,760.6466742671446,-9.202813763348242e-11
9081.963152818129,760.8390909976949,1.2037059887462114e-10
9082.63349503995,760.9512406710876,6.432191192629645e-12
9083.430132822186,761.084530622892,4.322300271300262e-12
9083.446024368794,761.0871896459389,-3.8307568341974017e-11
9084.366755156398,761.2412571302527,7.845303488251603e-12
9084.501545154502,761.2638130854933,-2.482101220555544e-12
9085.539556029382,761.437526554542,-8.774980212430796e-11
9085.647552232442,761.4556011034443,3.45826777825088e-11
9086.61854704198,761.6181191808798,6.169048903488899e-11
9087.306336019135,761.7332468256194,6.569411901073843e-11
9088.40974459504,761.9179624214397,3.217497539171316e-11
9089.261004140608,762.0604824523022,4.680767782762879e-13
9089.965387271171,762.1784221538675,-1.2073340217462302e-13
9090.296765094463,762.2339101782378,-6.257448386858408e-12
9090.708926919544,762.3029280156737,-3.3398802392836125e-12
9090.971338746816,762.3468713595585,-1.0096197788797822e-10
9093.543756201934,762.7777141723717,-3.168364807192749e-13
9093.645784194068,762.7948049023596,-7.1478749953204975e-12
9094.305437317733,762.9053081607365,2.4126142612588604e-11
9094.519890304531,762.941234455731,-8.313675013995868e-11
9094.677882118425,762.9677026193305,-5.5398388892785817e-11
9095.574992683738,763.1180031063933,4.921295489929282e-13
9096.65103906307,763.2983017725671,-3.1978988551406937e-12
9097.46328419097,763.4344129260015,-1.3884945090720475e-10
9097.77216280523,763.4861761359451,7.411580370711677e-13
9099.15378002019,763.7177350176676,2.7564642581725226e-11
9099.41738391063,763.7619189929118,-3.661170330342803e-12
9100.121064434154,763.8798726973853,-1.0560320929233225e-11
9102.724412379908,764.3163354419383,-2.8893660514153745e-11
9103.145021276678,764.3868640899072,-4.622590588433935e-11
9103.465859997,764.4406652407848,5.091920302251173e-11
9104.512096897937,764.6161209209628,-1.9219481483609643e-11
9105.779947059706,764.828768538428,-6.519630361417864e-11
9105.862499420762,764.8426154938494,-1.840083565123405e-11
9106.103169906459,764.882985176687,-1.3738059915823953e-10
9107.545471829912,765.1249369542361,6.007114439462889e-11
9108.323826043821,765.2555248315299,-3.376219039514028e-11
9108.410665096178,765.2700948896463,-1.5080953587242864e-11
9110.061017599615,765.5470212758033,-1.3321502024836649e-11
9110.109173800998,765.5551025590942,3.798354561376105e-11
9110.985687721852,765.7022013039762,3.1888768983555947e-12
9111.420632956319,765.7752001480322,-4.7866754671193434e-12
9111.573564421822,765.8008681620142,-9.424952996376024e-13
9111.875472228028,765.8515416266741,8.658250838434712e-13
9113.295345992477,766.0898816745051,-4.085029622423345e-11
9113.747098530857,766.1657206550549,1.4840536342205322e-12
9114.378718430075,766.2717615786324,4.262993252448623e-11
9116.222982536461,766.581432051143,8.985082249385045e-12
9116.889124906085,766.6932994499792,-1.821737413080588e-12
9117.542667718135,766.8030589088393,-5.845658798106808e-12
9118.064799360911,766.8907541302206,-5.894487275775003e-11
9119.272264803652,767.093574614387,6.621148958554521e-12
9119.560254678223,767.1419528398396,-2.8068060276245775e-11
9120.529923218133,767.3048546711789,-1.7166189402665704e-12
9121.44805672792,767.4591147133034,3.268697346690664e-11
9121.758616861587,767.5112969347142,-3.715508151744165e-11
9123.782337816985,767.8513784702726,6.839674562205253e-13
9125.315126031948,768.1090101252154,-1.1699047524040482e-10
9125.676250177705,768.1697143150642,-4.581358452298823e-12
9127.017368815572,768.3951744912694,-9.118892056975257e-12
9128.369460751983,768.6225129664915,6.76745270447582e-12
9130.24150546023,768.9373310216456,1.5020127882698276e-11
9131.492493056605,769.147743114568,-1.1669703784677474e-12
9132.37384628004,769.2960012034113,-9.771327577053125e-13
9134.225365394164,769.6075037345257,-2.862626253343385e-11
9135.8042888292,769.8731942204231,1.9778255935707697e-11
9135.976624875473,769.902196536706,1.8404333530520774e-11
9137.980436003369,770.2394567141673,7.043640005979344e-11
9138.303090448557,770.2937693924724,8.159032362260547e-12
9139.8141610058,770.5481546169813,-1.1350382007306303e-10
9140.016440735764,770.5822111325672,-4.249142835174031e-11
9143.478737427582,771.1652522487497,3.313955740793e-11
9143.489071274706,771.166992770332,8.601070059915616e-12
9143.594462305897,771.1847438095128,7.855992816466772e-11
9143.7211604828,771.2060838876986,7.222208473772046e-11
9143.949965596637,771.2446228316473,1.1645786870791969e-11
9145.592786784111,771.5213608478535,-3.509516648227969e-12
9146.488989485675,771.6723497624101,2.9314298392376936e-11
9146.646065542018,771.6988148788906,-4.1394785388265346e-11
9147.063998216454,771.7692328969947,-6.196810968958511e-11
9147.444092747126,771.8332783109382,-8.496890262418215e-11
9147.624939020554,771.8637515975616,-2.1237491800732102e-11
9149.06020697915,772.1056210850438,-6.031520858547297e-12
9149.81486992008,772.232811122741,-1.0896396241471386e-12
9151.105921896171,772.4504278868226,-7.124291412369933e-11
9151.509802433431,772.5185113700815,1.1131871496763006e-10
9152.267331062363,772.646218589712,7.726435741103309e-12
9152.461179509994,772.6789000383966,1.617600211774564e-11
9153.039432863845,772.7763934910113,-1.534681275184749e-12
9155.45857149351,773.1843267862201,5.986575758072815e-11
9155.518893056646,773.1945000380504,1.2594986681401433e-10
9155.800559469246,773.2420040600915,-1.255280668492991e-11
9157.394671843136,773.5108842079192,-1.2949932561330564e-11
9158.249239165765,773.6550440020815,2.44648947844528e-12
9158.412717628695,773.6826232587146,8.585966363486435e-11
9161.405041368678,774.1875233012129,9.848023109555341e-11
9163.119299517457,774.4768474025568,-3.161496319647958e-12
9163.497515167435,774.540688078221,5.560832232307368e-12
9163.85989453146,774.6018581496738,-1.208852699875541e-10
9164.424151008656,774.6971101357755,-7.481852250978156e-11
9164.6753684916,774.739519979214,5.161444128911243e-13
9166.49594921825,775.0469001425691,-5.291966216053031e-12
9167.469620247653,775.2113162415336,1.743303231857552e-11
9168.61204323872,775.4042504106868,-4.205399166455491e-11
9168.995879743494,775.4690787115228,-4.581191395343414e-11
9169.314531697783,775.5228996896327,-7.40262033228175e-12
9170.672465532845,775.7522785089906,-5.907682058979896e-12
9171.585814999033,775.9065783447683,-6.401974033534323e-11
9172.160823729446,776.0037273061783,-9.751252741019509e-11
9172.689563033848,776.0930643236816,4.943937995706069e-11
9172.702423107738,776.095237255702,-1.9957181479399362e-12
9172.873985496833,776.124225981547,3.2652618232691306e-11
9175.253265000694,776.5263063663591,-4.6234201381219905e-11
9176.814323272516,776.7901701556308,7.728850414695415e-12
9177.303345552591,776.8728382331237,-5.959470495445357e-13
9177.451627180963,776.897905767427,5.076526290132602e-11
9178.170559798195,777.019449614284,-1.7803018372123684e-14
9178.235112791968,777.0303635078789,-4.8990943707901225e-11
9181.303586484726,777.5492350464996,-3.68568813848373e-12
9182.155611790535,777.6933412471636,4.572590822833372e-12
9184.839767416777,778.1474098668543,1.0642648025489364e-11
9185.02841341561,778.1793274000103,1.5587811953096937e-10
9185.306779944212,778.2264261926509,-3.2489695591471153e-12
9185.778008112771,778.306159857248,5.291221587622188e-13
9187.773380061113,778.6438299917678,9.307847592658041e-11
9188.03437088449,778.6880020215311,8.153683324706866e-12
9188.07479841037,778.6948443891866,-3.8915672291393366e-11
9188.33931805756,778.7396151406583,-4.849070600803346e-12
9188.481489374677,778.7636785992331,7.381386577628789e-11
9189.431461236645,778.9244773283192,-3.849076289731e-12
9189.951279802182,779.0124724078795,-8.08185624080507e-11
9190.907235664537,779.1743099645156,7.855409721749367e-11
9191.69402115907,779.3075206280016,2.2122315283499423e-11
9193.35365754324,779.5885510838212,7.637364047877113e-12
9193.82925134793,779.6690939471689,2.4478880423004522e-11
9194.735211599458,779.8225318486874,-1.0119546195372425e-10
9194.772481341864,779.8288443600663,6.732015015366871e-12
9195.03100909382,779.8726328469423,4.0270159557926875e-11
9195.654884526792,779.9783076607164,-7.60294256762081e-12
9196.431265123958,780.1098244947815,-2.0290336830179664e-11
9199.072814352645,780.5573791530817,-7.00958308967053e-12
9199.486799796508,780.6275318829522,-2.4808411097672136e-11
9200.368934570224,780.777026322794,1.30657003093159e-13
9200.842910010635,780.8573563555395,7.143072792793327e-11
9203.007381275815,781.2242466273166,1.8696413315947613e-12
9204.133912719311,781.415234303344,1.7449941163036478e-12
9204.32790326701,781.4481250513393,-7.227035294780192e-13
9204.332608364512,781.4489228007574,5.129506880942481e-11
9205.288714221613,781.6110390376151,-1.0607712446823033e-10
9205.66670093117,781.6751346846669,9.448335461690438e-11
9206.486753677164,781.8142010336929,6.660363711854728e-12
9207.410429094876,781.9708547779218,6.045267496141802e-11
9207.651881131738,782.0118072144737,2.2448339700907568e-11
9208.200103961435,782.1047947232471,-1.1706512825426149e-10
9208.374129421758,782.1343134294897,6.8995507501054995e-12
9208.406749327276,782.1398465751062,-1.0059578216682912e-10
9208.687223676281,782.1874227950019,-2.6144961538384642e-11
9209.681357143156,782.3560670433121,-2.5572153144689467e-11
9211.439003238234,782.654277696383,3.002073236059835e-11
9211.480417571594,782.6613049367295,-2.8765632642198518e-12
9212.49607922933,782.8336536751137,1.2038323972113228e-12
9215.30776984263,783.3108716483111,-1.2857431065331639e-11
9215.661086367236,783.3708490703856,1.583219041038828e-11
9217.005583830787,783.5991059294267,-1.2556870447888976e-11
9218.091679853274,783.7835179967827,-1.3675991292400954e-12
9218.351281252282,783.8275998498558,3.492553985734158e-11
9218.769213925967,783.8985698979193,-4.1449581755086685e-11
9221.75232482739,784.4052318346689,7.719333723015995e-12
9224.57223357182,784.8843256670091,3.8838832141610545e-11
9225.950132492364,785.1184797344544,1.656358281904577e-11
9227.133827714792,785.3196596087835,4.392971414859909e-12
9227.178826132567,785.3273080123912,5.303461480530436e-11
9228.949987541753,785.6283828312513,1.2038897705146553e-10
9229.437588817951,785.7112789647625,4.46607496113341e-11
9229.996224439386,785.8062568906569,3.3004997042180986e-12
9230.730417045534,785.9310913480958,-7.997843355171476e-12
9230.92904164044,785.9648651102235,1.8409477729800487e-11
9232.180731840515,786.1777169379982,-6.229551007576047e-14
9232.805523030258,786.2839744311184,6.835611577719491e-12
9233.154971269627,786.3434078124011,4.707514462280558e-11
9233.773991609423,786.44869494008,2.947670857918282e-11
9239.085691687063,787.3524346310288,-5.567671049662216e-13
9241.88443538495,787.8288256590457,2.5530619370995507e-11
9243.650733806138,788.1295522208117,-5.1525259745958034e-11
9244.462978931037,788.267862799071,4.944904125108111e-13
9245.423300428316,788.4314037696909,6.161371463163791e-12
9245.522360102785,788.4482744151543,8.723956029926107e-13
9245.817391834527,788.4985217216855,-1.5797311826555055e-12
9245.962941980157,788.5233111807524,5.5315421475289e-12
9246.465455889955,788.6089001337151,-1.3618904732245143e-11
9247.438353260406,788.7746187521644,3.778128726879697e-11
9247.807142925067,788.8374411518824,9.706059586928918e-12
9248.42707902198,788.9430513654951,5.483536953696917e-12
9248.43136571327,788.9437816563485,-3.3941805692890424e-12
9249.275322880985,789.0875667864542,-1.0823611844936455e-11
9249.894761626741,789.1931090228138,8.060063747067113e-11
9251.727720861803,789.505456715046,-1.1898616510955162e-10
9252.433643408756,789.6257668296229,-8.145302804109899e-12
9252.49031773192,789.635426211304,1.8799539904292176e-12
9254.221667381347,789.9305401548852,3.075366174576553e-11
9255.9469067195,790.2246675022088,7.169756204367143e-12
9256.546593528305,790.3269179208789,-6.404010148963919e-11
9257.70969210581,790.5252525168426,-1.2508559380801344e-11
9257.789149838485,790.5388027655209,-2.1162622473457916e-11
9259.514176026001,790.8330071313633,3.262851977124916e-11
9259.520562643083,790.8340964750095,-8.529914666317645e-11
9260.337094458953,790.9733757302845,-1.7735950658432056e-12
9260.618689820658,791.0214114798557,3.119644687066741e-11
9260.85472625809,791.0616767172307,-3.36407778652679e-11
9261.217334561265,791.123535731343,-1.169006816929711e-10
9261.273227332635,791.1330709510919,-2.953853413486637e-11
9261.457799790307,791.164559133705,-1.6170615092045767e-11
9261.792343290399,791.2216340742734,-2.3862566928531677e-11
9262.448901783217,791.3336525172351,1.732844528650578e-10
9263.099436804523,791.444651099859,-6.101250285124482e-11
9263.18513905395,791.4592747649328,3.2221463622266595e-11
9263.884817083948,791.5786682580458,-1.2689837093218465e-11
9264.481756620615,791.6805375197434,4.17671516496172e-11
9265.011198530661,791.7708936311026,-6.853080309209529e-11
9265.298288436381,791.8198913966762,6.918997143847693e-11
9265.56827894281,791.8659721852432,-1.2015929766879414e-11
9266.409275687662,792.0095184051336,-2.0472147477762962e-11
9268.305580062854,792.3332384829928,-1.0296859711237058e-10
9269.074871434696,792.4645838942943,-1.5110146013586689e-12
9269.32356269022,792.5070466726544,-4.2664297918177385e-12
9270.942487344768,792.7834977450119,-4.588017478991481e-11
9271.532463968186,792.8842554310285,2.925602309075129e-14
9272.310818178908,793.0171945228481,6.986430925990557e-11
9272.332046379619,793.020820352024,2.294495443045396e-11
9272.441384640486,793.0394957288439,-4.7126980832710804e-11
9273.772177321127,793.2668176616828,-5.451173696526447e-11
9276.604614569313,793.7507545329315,-1.0074714715412393e-11
9277.090597480743,793.8338021348944,-3.662096959081736e-11
9277.440479915474,793.8935947850816,9.696150542864964e-11
9278.790803487538,794.124377514817,2.2930014125400662e-11
9279.38705620667,794.2262932836977,-5.308878671283928e-11
9279.75836420304,794.2897632045701,-6.734877674640764e-11
9280.296387390235,794.3817352671042,6.546279193298666e-12
9281.791708495948,794.6373800726678,-3.8265158363044185e-11
9282.581233365972,794.7723763458857,9.283997732126959e-11
9284.603185953989,795.1181506364019,-7.113910425570835e-11
9286.422156205817,795.4292772479612,-4.3306033131382125e-11
9286.889168732083,795.509167455223,5.2113595608259595e-11
9286.965594992032,795.5222418120163,2.86443193520506e-11
9287.482105777777,795.6106049202433,4.880979504584194e-12
9288.196262245408,795.7327887508001,-9.600867526057752e-11
9288.803954035015,795.8367651168592,1.032870919793229e-10
9289.000976054984,795.8704771422834,-9.634562938943873e-11
9290.04932077164,796.0498692371021,-1.922333476400175e-12
9290.631292413513,796.1494646006552,-2.2567380847090497e-11
9291.66620076021,796.3265884240316,-6.201295382811074e-11
9292.230457235622,796.4231688270957,6.710493937318836e-11
9294.70205453895,796.8462864506206,-1.014573306412181e-12
9295.684235792449,797.0144592427743,-1.4090139852330604e-11
9295.731910432016,797.0226227272371,-7.749052333883406e-11
9295.75875948754,797.0272201972588,-1.5550315483662945e-10
9295.87485540577,797.047099913588,-1.0408526997656149e-11
9296.121991452334,797.0894191489449,7.740698967787688e-11
9297.419248469423,797.3115781019236,-1.2500521826503e-11
9297.45896549357,797.3183802443207,-3.3701875749558917e-12
9297.914799465449,797.3964508018346,-4.2891163677258465e-12
9298.188942457387,797.4434050389309,-3.8236288818891686e-11
9298.938892403277,797.5718608733439,-1.977847315755604e-11
9299.617192236872,797.6880529782219,-9.615142661347924e-13
9300.563864212467,797.8502311396387,1.4045534087691703e-11
9301.34221842264,797.9835864781933,-3.1988614475565093e-12
9303.445649723188,798.3440229541109,-6.081470303892405e-11
9303.525391656429,798.35768885045,-9.886073897437001e-12
9304.420173351255,798.5110414695938,-2.354434796962776e-11
9304.734814919082,798.5649699807349,-1.5482948816495572e-11
9307.329463158228,799.0097535257098,-7.538292919792935e-12
9308.15857084635,799.1519081686101,4.598627337073116e-12
9308.82758679561,799.2666235167034,-4.671404144851633e-11
9309.560445236804,799.3922953214282,9.366957524502697e-13
9311.864624741549,799.787484372022,7.283211907339686e-11
9314.359423859401,800.2154767989276,4.7104401628996996e-11
9314.376168007864,800.218349709613,5.705960271191811e-12
9315.470987405432,800.4062067410915,-4.931761405053965e-13
9315.716789288334,800.4483862411962,-1.6413375462359652e-11
9315.802499432419,800.4630943277069,-2.34073397127536e-12
9315.933429039438,800.4855624544261,2.229738042944979e-12
9316.859212275242,800.6444401540732,3.832815844812763e-11
9316.878348444909,800.64772436217,7.032901525220419e-11
9317.073665260852,800.681245618621,2.6171913202614457e-11
9317.468609268319,800.7490300470203,-2.3855606766194824e-11
9317.655210601373,800.7810575223056,3.856116729858988e-11
9317.66372872331,800.7825195525701,1.2092288625410597e-11
9319.27224058396,801.0586246729613,-1.5314895177176114e-11
9320.01705913101,801.1864908002348,1.0239135245994895e-10
9320.36193647771,801.2457008037445,-2.2445594735459592e-11
9321.015684542184,801.3579450531807,-2.1824796190472024e-12
9323.052336611618,801.7076753058107,1.7859979844929787e-11
9323.162093278552,801.7265246942513,3.6202356013356465e-12
9323.64359213721,801.8092189584364,1.2433361390269241e-12
9325.603178495176,802.1458090932953,-2.181011651529799e-12
9327.227866102674,802.4249286741853,-6.166380705904653e-12
9328.261092928875,802.6024612236562,4.392333734140057e-11
9328.590362929646,802.6590416477624,-1.3252833623257778e-11
9330.538841783282,802.9939012437059,-1.2963534233592297e-11
9330.898829124617,803.0557752173579,9.365648981272903e-11
9332.367151177914,803.3081724838885,7.031037256352603e-11
9332.663169716538,803.3590614104505,-3.83578240746417e-13
9332.922550069565,803.4036531463827,9.863091133454464e-11
9334.298680627206,803.6402532841438,-4.886092333659683e-12
9334.804652309567,803.7272545058048,-4.081024818311263e-11
9335.413757206967,803.8319956152835,3.7173950101786276e-13
9336.516668424949,804.0216685895984,1.0064470788502622e-11
9336.99154383159,804.103342109988,1.5156374455840388e-11
9337.962972830814,804.270430508599,-8.824425138178525e-13
9338.788362228346,804.4124133628573,-4.5868431909054023e-11
9338.951698590225,804.4405118465982,4.341055556828201e-11
9339.33714556282,804.5068215989735,-2.9942329749218325e-11
9341.51405848834,804.8813747019057,2.4630477330651612e-12
9343.835408440744,805.2808753808517,-5.997614777285419e-12
9344.253341113157,805.3528114813445,-9.799922804070224e-11
9344.376305209917,805.3739771241043,4.0110243780078766e-11
9344.633435641994,805.4182375358756,2.1900112944789928e-11
9344.676326239083,805.4256205046977,4.531378442988336e-12
9345.537714370605,805.5739026424732,-7.096607425795711e-11
9347.562477382975,805.9225057164881,3.881454036038327e-11
9348.025274267438,806.0021959739074,1.057887714781237e-10
9348.728954786638,806.1233722012967,-4.1122907410836396e-11
9352.040696227801,806.6937880496722,-4.214051940728328e-12
9352.861372632802,806.8351729617576,-1.8204922959755134e-10
9354.63414450603,807.1406258123302,5.099459639646409e-11
9354.677532454249,807.1481023857621,4.970847352813212e-11
9355.12113001359,807.224544720337,-5.481787848635688e-13
9355.402441174005,807.2730231543685,6.007342875578821e-11
9355.602060470583,807.3074244899832,-5.046326443614588e-11
9355.793658996365,807.3404442586843,-6.637224471774851e-12
9357.855960161614,807.6959005955599,-7.188902428849792e-11
9357.91846848994,807.7066756969864,5.3056699716200975e-12
9358.639098413136,807.8309021102056,-2.8696055996054177e-11
9360.50263288364,808.152193467366,-8.747229994510369e-11
9364.940771557425,808.9176290694289,3.164165619313809e-11
9365.632641965407,809.0369870627661,-4.7597560247264987e-11
9368.492496664141,809.5304483249915,-5.62825932297051e-11
9370.041326411483,809.7977581787072,1.0834426788552166e-10
9371.421609453633,810.0360160848364,-6.130278607919569e-12
9371.829484584583,810.1064282711568,-1.6456061013011614e-11
9372.360418546672,810.1980889062888,-5.97638521791683e-11
9373.832814139316,810.452310992406,1.843368496047734e-12
9374.54232076862,810.5748278283431,-2.0225510524660833e-11
9375.798439755967,810.7917558348448,7.379265864998455e-11
9376.281699078536,810.875221021922,-2.125047536325933e-11
9376.520688043049,810.9164991224824,9.515953237723013e-11
9376.786249757157,810.9623680942802,1.9683657164941954e-13
9376.991916209423,810.9978925891354,2.299042244188507e-11
9377.752255261594,811.1292317150165,1.0600469599661136e-10
9377.827781553578,811.1422785251715,-2.349445294031017e-11
9378.192908187733,811.2053539082578,4.816528147180977e-11
9379.452461264302,811.4229597118658,-2.013813788959387e-12
9379.866959847028,811.4945766596926,3.9736539415733785e-11
9380.140250236489,811.5417974270784,1.9689722125355642e-13
9380.46179156148,811.5973570447065,1.4407943598198012e-12
9380.966492235142,811.6845688872535,-6.331488683006149e-11
9383.329659135237,812.0929845168899,-4.376179579320063e-12
9383.900452221576,812.1916475728914,7.843536717443955e-11
9385.264141109938,812.4273890088643,1.003019622492279e-11
9385.84239446051,812.527362236252,9.84101142545625e-13
9388.547983529877,812.9952087091626,-1.1655618644552792e-10
9388.833731376439,813.0446276782047,-1.7772857159381204e-11
9389.010977774848,813.0752825032902,1.002729679418228e-12
9389.571081763235,813.1721564830076,4.155359427087772e-11
9389.823507097557,813.2158171340634,-6.944940842863278e-12
9390.394718590014,813.3146208437889,2.6766608797402636e-11
9390.443798443172,813.3231105744671,1.830756835411522e-11
9391.295823744664,813.4704992061994,-1.1526028978867047e-11
9391.895794752174,813.5742939433577,-1.454951240117868e-11
9393.172589327905,813.7952009492438,1.9656502490864896e-11
9394.20800291798,813.9743670220141,-6.314954816173619e-11
9394.221289292773,813.9766662003252,1.1524336503611975e-11
9394.475956653181,814.0207364626244,-2.2007204831377144e-11
9395.363712277558,814.1743721779496,-2.0158350880108028e-11
9395.685522013546,814.230068419509,-5.323615055102223e-11
9398.392950491736,814.698723909257,-2.4253800878465437e-13
9400.014748724105,814.9795216227745,7.176845856033468e-12
9401.019366028553,815.1534850968709,-1.668858683520197e-12
9401.741330114557,815.2785147116233,5.040122183276126e-11
9401.781047138607,815.2853931775638,4.0635220112076926e-11
9402.209597858153,815.3596143713116,-1.0145220930317079e-10
9402.281247970259,815.3720238670189,-1.7144422671143277e-11
9402.593292260428,815.4260697181373,-4.3332819885316503e-13
9402.924606925782,815.4834551478785,5.1309606963078827e-11
9403.454964591423,815.5753200734931,1.4899106920522078e-12
9403.488571304291,815.5811413728895,-1.5241012778125707e-11
9403.714415994184,815.6202623574139,-6.085476339058956e-12
9404.216645701435,815.7072623272937,-3.1474191125877617e-11
9404.763952771204,815.8020762241829,9.373263803850965e-12
9404.963785218035,815.8366959955569,6.252895161734704e-11
9405.571477005953,815.9419794682375,5.114534138347645e-11
9409.485731466251,816.6202926835128,2.144859807990382e-11
9411.178208792327,816.9136746932586,8.472738517893952e-12
9412.383629561273,817.1226601934754,-1.315976603525151e-11
9413.45010784745,817.3075793553504,3.181402782539924e-11
9413.578779638523,817.3298914742326,-4.437159211402909e-11
9413.827052486988,817.372943678393,-1.6986045302376239e-12
9414.188460830854,817.4356163780334,-2.7153383997358074e-12
9414.668475529847,817.5188606141112,-6.746270244421474e-12
9418.109741358885,818.1157698436238,2.083367194598718e-12
9420.579215044752,818.5442500439727,-7.567240529327943e-11
9421.696683643457,818.738179762376,2.5883774379213588e-11
9422.032845506463,818.7965230615749,6.989192664010665e-11
9424.841717783465,819.2841043288935,-1.3799940595675827e-12
9425.094143117583,819.3279289829569,-5.469310143244143e-12
9426.112188896554,819.5046882265992,-1.826208597053593e-11
9426.148187630606,819.5109388932401,2.824538163753977e-11
9426.626931321316,819.5940681754821,-1.151090369601198e-11
9426.713344072028,819.6090733764339,-1.1444171645188093e-12
9428.208665172551,819.8687512116724,2.7113650330995825e-11
9428.889491230837,819.9869972805816,2.3428971549082178e-11
9428.932097627197,819.9943974558508,-3.6662071425514133e-11
9429.004245090391,820.0069286053346,-5.09145646876038e-13
9430.411606126105,820.2513895241932,5.617923411385826e-12
9430.770827704355,820.3137927460056,-2.1907776702645942e-11
9430.828338839683,820.3237836809807,-2.3320798884901678e-11
9432.35818241025,820.5895731470911,1.1173036721096268e-11
9432.392073323745,820.5954617194368,-1.1672065255985855e-11
9432.743060980705,820.6564473396089,-7.368947481978002e-11
9433.645871338354,820.8133249611242,-4.580412580510612e-11
9434.01485836233,820.8774466322219,-5.754917296160999e-12
9434.082569139153,820.88921351932,1.515537883385882e-11
9435.50940580559,821.1371911182299,1.273283505526177e-11
9436.31903786032,821.2779180938287,-1.3368265969225948e-10
9439.226148787537,821.7833198979575,-4.007328100502454e-11
9439.442362237041,821.8209148682912,3.9632811437200794e-12
9439.847347995012,821.8913356889265,2.2157694300934185e-11
9443.035004319585,822.4457257801175,6.1716821960353975e-12
9444.30609909406,822.6668439529763,-5.692380363234975e-12
9445.575567609538,822.8877089285743,-1.4367644320504951e-12
9446.462273269968,823.041997574538,7.798800284647184e-11
9446.565414379515,823.0599452843946,3.6082913547391676e-11
9447.232811962409,823.1760846855925,1.3669468524366353e-11
9447.492050214421,823.221199101268,-9.648436600062178e-12
9447.908790822601,823.2937257500413,1.1041986276424811e-10
9448.119162372,823.3303385723879,9.187100399964576e-12
9448.225903355495,823.3489159620699,-8.028729046944099e-11
9448.634473197795,823.4200261196771,2.5761957523195323e-11
9451.572175153897,823.9314134511326,2.657901722115671e-11
9452.711992965478,824.1298727059275,3.758882419475082e-12
9452.790945451887,824.1436203958106,1.2987788971164464e-10
9458.406676915645,825.1217604545088,-1.693736621778299e-11
9458.581531292568,825.15222566486,-2.9029968919090198e-11
9460.288779150127,825.4497122980166,-9.648706511957516e-11
9462.074126892076,825.760865207338,7.537672706831057e-11
9463.0440796246,825.9299345451507,6.967771399085322e-12
9464.124207429879,826.1182285400682,1.664115180375632e-11
9465.147795117811,826.2966859745575,3.130271270678888e-12
9466.512905006844,826.5347161436197,2.507533792449546e-12
9467.042560064852,826.6270797709374,3.744477296416403e-11
9467.387011109393,826.6871494638792,1.804174786065956e-10
9468.72180627454,826.9199484290916,-7.540448819848498e-15
9469.99493781865,827.1420233455052,8.479698486586592e-11
9471.050948050814,827.3262480050099,4.63143769679659e-11
9471.202403251122,827.3526715760673,7.332951849970658e-12
9471.606346940669,827.4231475169398,6.44395052218627e-12
9471.88865280259,827.4724031248882,3.570191207873566e-13
9472.149075222904,827.5178418984505,-1.6938549994476616e-11
9472.848753249453,827.6399286321846,-2.1409486257251632e-12
9472.927429429945,827.6536573933698,1.369393888941099e-11
9473.159313380482,827.6941211213168,-2.065760603171433e-11
9473.979287176327,827.837214416821,-9.408721786923626e-11
9476.541583910992,828.2844396040751,3.720974983558989e-11
9479.718480084874,828.8391053673104,-1.2217892144725834e-11
9479.835965426766,828.8596211217487,5.590821136397066e-11
9481.99889725832,829.237366250164,-1.0597084240053491e-10
9482.266077335968,829.2840338823776,-7.239969373204578e-11
9482.75657587634,829.369711378336,1.0472796895198314e-12
9483.86243172349,829.5628922489594,-1.2458273120440966e-11
9486.175413541403,829.9670176012218,3.7824959486025545e-12
9486.513399023814,830.0260788478936,-8.152356074414448e-12
9486.939912972137,830.1006129976248,-3.339648884951156e-12
9487.66377172678,830.2271164054773,4.864873071325388e-11
9487.931014959784,830.2738229560806,-5.7798693655252336e-11
9488.530985965957,830.378685693,4.5396910141213165e-11
9488.620982800963,830.3944158824061,1.9883842029714565e-11
9488.963049718903,830.4542057618582,6.715169877074325e-11
9489.597827395848,830.5651642684693,-3.9686077001404576e-11
9490.018570494245,830.638713833959,-6.465689307076486e-12
9490.240617948786,830.677530981447,5.458360599689765e-11
9490.745105470682,830.7657261655885,4.3739991705150505e-11
9490.831099815063,830.7807602797125,-4.1777532473724114e-11
9491.11318463161,830.8300772155177,5.1342257198493386e-11
9491.405895390602,830.8812534362532,2.8259435210461086e-11
9491.675885895596,830.9284587501593,4.270831838242658e-11
9492.520545665322,831.0761482802313,7.20407708277835e-11
9492.556125993115,831.0823698214142,9.369104044196774e-11
9492.988110801089,831.1579081210995,6.41680012593118e-11
9493.341506268302,831.219706583712,7.2175370159339796e-12
9493.413503736298,831.2322971032155,3.5465122114941105e-12
9493.781306591318,831.2966179246956,-1.6843207414411653e-12
9494.111618658946,831.3543845363694,-5.040867481551467e-11
9494.595304281163,831.4389775017958,1.530150358624414e-11
9496.757454560215,831.8171739595277,5.6003397852029815e-12
9497.340191961515,831.9191192668138,1.229268297324354e-11
9497.366567350091,831.9237335807646,3.149532639143434e-12
9498.177391466892,832.0655916590538,-2.591051373127636e-12
9498.416238330406,832.1073815227983,-6.257459683951083e-11
9498.543370701971,832.1296256785795,-4.646511550120844e-11
9499.01249104647,832.2117095209661,1.4556344745552763e-10
9500.334339297167,832.4430203427112,-5.608104094574293e-11
9502.312138164558,832.7891763658397,2.120140592257162e-11
9502.51527049471,832.8247328376486,-2.977589457075463e-11
9503.264580985566,832.9558994153789,3.307034969852351e-11
9503.342001947396,832.9694525211548,7.800019340510111e-14
9504.116622074382,833.1050615203621,2.960259745059819e-11
9504.314330910673,833.139675220697,4.033451639601052e-12
9504.788306347666,833.2226589849838,2.2256271200205043e-11
9505.015066794365,833.2623617367726,5.17007693292833e-11
9506.599176874432,833.5397448582873,8.495072025212533e-12
9506.795496286546,833.5741242816515,8.798617225455973e-11
9507.28914471532,833.660575050876,8.443236485328643e-11
9510.03587969909,834.1416822637823,-3.5993031408044743e-12
9511.548765968022,834.4067327806358,-1.2140647949475416e-11
9511.707610382267,834.4345640162795,-5.005252747618976e-12
9512.429006065147,834.5609660830567,-5.4685938292508405e-11
9513.64075029295,834.7733079954294,1.7202563901336367e-13
9514.59804820627,834.9410807307966,1.016712361530529e-12
9514.97603491306,835.0073300278888,3.30200741803118e-11
9515.50661362259,835.100328390485,4.099242464576639e-12
9517.569909482505,835.4620264513903,7.776729668764857e-11
9517.772189210644,835.4974905338062,2.5887669926349602e-11
9518.169880488276,835.5672167535774,1.6560091496845246e-11
9519.692129586003,835.8341358094259,-3.3416959139733387e-11
9520.076652904883,835.9015668764833,1.5493351077315818e-11
9520.751226550254,836.019868546974,-1.471518247048704e-10
9521.927327294667,836.2261443285557,1.3089067590506274e-11
9522.463392653359,836.3201730447174,4.956061457015521e-12
9523.395009890013,836.4835962583575,-3.954504528316171e-11
9523.437063674523,836.4909736615249,-3.263692420712022e-11
9523.7256219476,836.5415956850651,-7.087931401602096e-11
9523.781941019593,836.551475966712,-1.175449433306548e-13
9524.40524804642,836.660829130687,3.8910323291726895e-11
9525.999423561712,836.9405443004568,-9.661180796328037e-11
9527.21364665004,837.1536241546174,8.341974091861888e-12
9528.201732953674,837.327040080734,-6.964688043874866e-12
9529.49181390017,837.5534852082078,2.2103243962883763e-12
9532.546069645765,838.0897143444697,1.1850017091256719e-12
9532.666523304773,838.1108656573441,1.7320416288930474e-11
9535.609348758944,838.6277002932119,1.6512813544756778e-13
9537.023033252897,838.876035796248,9.07445220163293e-13
9537.94670866341,839.038313524758,-4.161933844428083e-11
9538.920245478681,839.2093682636389,8.137548080820798e-11
9539.475494372595,839.3069357766849,-7.60451410841186e-12
9541.804857190404,839.7163098472217,3.740439540698278e-12
9542.429214179872,839.8260545059969,-5.085179381062022e-11
9544.212951449086,840.1396256554696,-5.705163383521561e-12
9544.305695555979,840.1559311595696,-4.2919306260693427e-11
9544.610011169794,840.2094345342834,3.9810078062771644e-11
9544.927676313751,840.2652867819194,3.0629812923607817e-12
9545.499172004833,840.3657724858768,2.114633723844392e-11
9546.13175502072,840.4770061485024,-3.8203822525234496e-11
9547.179128713156,840.6611929835135,-3.658840449462961e-12
9547.516972094782,840.7206090430823,-4.260428302375448e-11
9548.094088640624,840.8221106145307,4.815688415254542e-11
9550.285424733016,841.2075722777823,-6.479018873729983e-12
9550.521453274085,841.2490955829911,4.928520287652313e-11
9551.126342527361,841.3555153691317,4.0473332645316484e-11
9551.145478696924,841.3588821566719,-3.630442171846801e-12
9551.340795511811,841.3932462753147,5.145613358995194e-11
9551.879734452943,841.488071053189,4.231501201765781e-11
9551.922340849185,841.4955677559551,-3.663875644184208e-11
9553.044443491855,841.6930165802908,-1.3373368812165744e-12
9554.010385837008,841.8630055082637,4.660574568508331e-11
9554.013630460142,841.8635765340478,1.1192322199914624e-11
9555.107810400199,842.0561538586416,-1.36747390750189e-12
9556.681112964634,842.3330961434461,6.488970586085948e-13
9559.149678780168,842.7677200071547,1.4624268360811827e-12
9559.780793426775,842.8788541573801,-1.6384256991867866e-11
9559.965926389692,842.911455956463,9.901995782024552e-12
9561.397610249847,843.163595909424,3.512575911995711e-12
9562.529138876736,843.3629009568227,3.1499078572873716e-11
9563.482986910158,843.5309280427153,-3.461768851750391e-12
9563.65194412599,843.5606928000351,-1.6949253843847167e-12
9564.261341115598,843.6680530660228,-7.904803068709557e-11
9564.391757581205,843.6910300222853,9.884538637746342e-11
9564.775878283031,843.7587067679392,-7.101222018889676e-11
9566.100686954273,843.9921405527848,-8.468986506461236e-12
9566.996171250523,844.149944885919,1.8120629887837155e-10
9569.071782464847,844.5157707381725,2.1066552065525866e-12
9571.026584769357,844.8603766215616,5.471880453164222e-13
9573.178677503567,845.2398436124072,-8.063806275290723e-12
9573.472722425562,845.291697604129,-4.4382800996351785e-11
9573.710029869424,845.3335472631545,1.3787229626903431e-11
9574.302966911184,845.4381174721257,-1.3629406971681768e-10
9576.471156447376,845.8205539044953,-1.7180124303954327e-11
9577.056301658366,845.9237796679595,6.283999200608143e-11
9577.199728192792,845.949082578094,-1.1131501633909407e-10
9577.553960471743,846.0115768747945,-1.1026583589278536e-12
9577.724749202187,846.0417085561162,6.569699508987976e-12
9578.155834041543,846.1177657942167,3.721208741443021e-11
9578.579521772055,846.1925212798619,-1.660498639698132e-11
9579.894422896843,846.4245435595708,6.135630857271375e-12
9580.58629330143,846.546641077247,1.067867791752818e-12
9584.50011355047,847.2374967650744,-1.8585945383071478e-13
9584.843656731537,847.2981514370744,-2.6129415199503572e-12
9586.694962675338,847.625048368782,2.441675278598551e-11
9587.746338857445,847.8107246942217,1.5116868485906788e-11
9588.094516085781,847.8722183709606,-3.1221178014265555e-11
9588.592672250166,847.9602046137834,5.076088575091642e-12
9588.612013675433,847.9636208623125,-1.484644981025187e-11
9589.282640089794,848.082076917018,-5.755614628308818e-11
9589.388260059895,848.1007338489521,2.829733821345066e-14
9590.980667213616,848.3820448760408,-1.1089758581629968e-11
9594.325746938075,848.9731311750171,-7.823971624351748e-11
9594.890003409551,849.0728574171951,3.399052990253684e-11
9594.995891790757,849.0915726994529,-1.4430935239025308e-11
9595.378457283538,849.1591911042486,-1.746644655773001e-11
9597.735584911143,849.5758726072729,-1.429916483311525e-11
9598.88328138941,849.778793830411,1.5072920425515134e-11
9599.398939569506,849.8699739092153,2.614801593582318e-11
9600.77909629367,850.1140410657237,6.068681889438722e-12
9602.826208507857,850.4761173675323,6.258147432749764e-12
9603.597536644136,850.612563540802,-8.111450757409142e-11
9603.59759979953,850.6125747132945,2.5000528259076763e-11
9603.699209384224,850.6305500321915,4.789773057538473e-11
9605.402367905934,850.931876863722,-1.1797963285286572e-10
9605.510364107658,850.9509856085316,-8.224077536918934e-12
9606.448604794416,851.1170060608101,-1.3076009166461183e-11
9606.651168722801,851.1528516091998,1.8333761255089136e-11
9606.764785779307,851.1729575221888,7.2417778255747276e-12
9607.370172382967,851.2800920163098,-2.5910364368877825e-11
9609.069817870299,851.5809121913106,-4.501250270454872e-11
9609.323648417065,851.6258422148297,-6.101890402873521e-11
9609.92333522097,851.731996258018,-7.233040558823506e-12
9610.921258018672,851.9086590507536,-1.0242633919007831e-10
9611.737789827914,852.0532237479791,-2.141974382488098e-11
9612.012998570304,852.1019514615372,-1.9640303156022093e-11
9612.094911478918,852.1164550084164,1.2127959383700483e-12
9612.581746988537,852.2026569349734,-1.107202803266254e-10
9612.673922693999,852.2189785929992,1.9346907786575788e-12
9613.83905803232,852.4253039380357,-1.5456411212071388e-10
9614.47298310556,852.5375716239206,3.972384636432764e-11
9615.25970543692,852.6769098910418,2.0200664557791766e-11
9615.598259319653,852.7368754849282,3.6725644562845514e-11
9616.416046347418,852.8817328798281,-6.422210474913277e-11
9616.77787309584,852.9458284123076,1.353579946998352e-11
9617.101861700925,853.003223181298,-2.77697274348687e-11
9617.80997100739,853.1286718862236,-3.0030495023828075e-11
9617.981533394697,853.1590672833538,-5.969401141140845e-11
9620.31841962809,853.5731431713743,-4.208498354272419e-11
9621.573693901275,853.7956083708551,9.09533845713758e-13
9621.875680648775,853.8491321150375,-1.8307350298549172e-11
9622.410893404345,853.9439966650187,4.102976024270191e-13
9624.688215942506,854.3477029465619,1.0154810716580026e-11
9626.18711322603,854.6134680984457,-7.37406485961021e-12
9626.20644675651,854.6168963412921,2.9986666075599363e-12
9628.131305375206,854.9582488522155,1.0496245502894225e-12
9628.683033339023,855.0561043250103,1.2656720913506163e-11
9629.939302314242,855.2789393897314,-5.836453348089912e-11
9632.109599668334,855.6639719011572,4.108681701914125e-11
9633.204213802248,855.8582003399077,3.848830818397878e-12
9633.981928555044,855.9962115330696,3.4784468863450295e-12
9634.646515707755,856.1141562314069,-3.718453362780413e-11
9634.84613500307,856.1495843816992,-1.7246640070269545e-10
9635.682134547915,856.2979643730055,-3.6993676356645037e-11
9637.191736718429,856.565933444135,-2.6486222199463564e-12
9638.665040164828,856.827499615524,7.249318683946673e-11
9638.974408231503,856.8824290359494,2.1161305781707895e-11
9639.312962114063,856.9425425240116,-3.5344154802776026e-12
9639.916943503596,857.0497904541857,-1.8182863256727546e-11
9640.695084557252,857.1879735201353,5.779090003605119e-11
9643.054035802426,857.6069465984924,-4.7404664403796956e-11
9643.335631161655,857.6569675686204,9.57469011780834e-11
9643.824858692133,857.743874589451,6.4408534245732555e-12
9643.981168984403,857.7716426843549,-5.432934181141025e-12
9644.125163919913,857.7972233881702,4.1898829636362416e-11
9644.422153474401,857.8499847960462,-3.523118498594296e-12
9645.279397009139,858.0022867260061,-4.0571806731315414e-12
9645.527251450114,858.0463242378513,2.176198766809269e-12
9646.88018018247,858.2867256559509,-1.4294907312249697e-12
9647.849422409394,858.4589706875336,7.258375516763641e-11
9648.665962112746,858.60409222699,1.3466546263443659e-11
9651.851913218601,859.1704407193679,9.107507132632684e-12
9651.983616481632,859.1938568872836,-3.063477282135013e-11
9652.941609104113,859.3641927005558,-2.3608405249809382e-11
9653.324735102939,859.432319125228,-2.576229899277813e-11
9653.841040628642,859.5241314488107,1.925500209409785e-12
9656.091711470897,859.9244156285278,-4.8446414051121655e-12
9656.564344848,860.0084858272807,-3.8162535249051155e-11
9657.405831041686,860.1581763246319,-1.0165317027765947e-10
9657.774683858264,860.2237950145532,-6.493608726373495e-11
9658.267929668727,860.311547058301,-5.088036790522941e-13
9659.181279124554,860.4740504513488,1.124232578515709e-10
9659.338355179014,860.5019990159163,-3.842620613916613e-11
9663.24128106782,861.1965931168618,-2.788993634915944e-12
9664.321329923378,861.388856318432,-7.051783118392457e-11
9664.678735774618,861.4524840918435,-2.8999865007469784e-13
9665.331568076657,861.5687117267864,-2.9292467208497916e-11
9665.940965064918,861.6772133979044,-3.657106624452903e-11
9667.117484211782,861.8867091606259,-3.4619230314248183e-11
9668.301321522506,862.0975337614855,1.9643299371690126e-15
9668.632351985243,862.1564902011236,8.592150087155244e-11
9669.316983169536,862.2784292420903,-9.110649418239079e-12
9669.377170526393,862.2891495706664,-4.233325701712835e-11
9669.78821133281,862.3623642806406,-1.1756030452716574e-12
9672.8668688425,862.9108346186376,5.911175474410189e-12
9673.16780562678,862.9644566074592,-4.3548116107920204e-14
9675.391272161993,863.3606934965443,-1.2103467512774078e-11
9676.55218396288,863.5676120779631,-5.653837684178965e-11
9676.914358066873,863.6321703415015,3.459678910714366e-11
9677.798316450755,863.7897478493832,-8.48509707153047e-11
9679.741174434239,864.1361390812095,4.9171605745227595e-12
9681.028863355265,864.3657588449323,5.148205534064381e-11
9681.52532220954,864.4542951894393,-4.604086490229465e-11
9682.29952392729,864.5923720666069,5.206984883801304e-11
9683.330153468294,864.7761993161564,-7.618375007422454e-11
9684.971506266054,865.068998027093,3.347256679833267e-11
9685.213810902202,865.1122266279708,6.7724220114931894e-12
9685.479656815116,865.1596563780898,-2.8668276474704607e-11
9686.069633432959,865.2649191581517,-1.2241915526911813e-11
9686.625940182748,865.364180482053,6.834047806042902e-11
9687.30347424814,865.4850799887771,2.456491334427884e-11
9687.899845377746,865.5915037392189,-6.7999184424147e-11
9689.258481803348,865.8339798859348,8.55856112370933e-11
9689.745467307243,865.9209005758942,1.3574336807195848e-11
9689.94078412154,865.9557633589912,-5.6794461111627334e-11
9690.177452113348,865.9980080004049,-1.6538362106549002e-11
9690.462142100327,866.048825814249,2.6892410249131238e-11
9690.530847579024,866.0610901229747,-4.241927070505853e-12
9690.586385099037,866.0710039416485,-1.5195503238453111e-12
9691.708700888803,866.2713569898527,-1.3807643132998076e-13
9693.756523600581,866.6369890447769,4.0406240846853746e-11
9694.555908643382,866.7797375954427,4.98067253323132e-12
9695.089779339813,866.8750790200138,-2.875755572885581e-11
9695.713086364307,866.9863990955884,6.775872818576699e-11
9697.782989878357,867.3561267099204,-9.003897474919972e-12
9698.527808419045,867.4891860280147,-9.849069216705267e-12
9698.968453447254,867.5679105860613,8.919358199595455e-12
9699.317972733055,867.6303573865615,5.818375800311421e-11
9699.4613992671,867.6559833137238,3.138198407737603e-11
9701.741192767611,868.0633634432393,-3.654446683096998e-12
9702.354308045347,868.1729383782009,-2.8464325076474602e-11
9702.541540933466,868.206401706379,1.43705309064633e-11
9702.789750624946,868.2507641516197,-2.4962052780973443e-11
9704.336677795878,868.5272715670513,1.1379053031472002e-11
9706.284019830455,868.8754143059236,-4.460780482425114e-11
9707.556448761065,869.1029348782158,1.577260503721374e-10
9707.619951791165,869.1142905143815,3.2996427772334256e-13
9707.636190693576,869.1171943730577,-2.2134423260596437e-11
9708.032176765686,869.1880065484327,-3.6431543909141716e-11
9709.383787122235,869.4297299099561,1.0207265950565862e-10
9710.840291157421,869.6902502334958,-5.341824749261653e-11
9710.850767104732,869.6921241749866,-1.773029805160517e-12
9711.128281028025,869.7417667085979,3.162696763709913e-12
9711.94614699904,869.8880773092536,-7.37478135153912e-12
9714.254897374763,870.3011633679438,-4.053107480256782e-11
9714.598022148666,870.3625642932881,-1.5863313969660363e-11
9715.203124550273,870.4708504431383,-2.0186708471557647e-11
9715.350364108688,870.4972007306471,1.7137850215693573e-11
9716.653447223984,870.730420512321,-5.6120429934439116e-12
9718.096238583274,870.9886811173718,-8.677063238423713e-12
9718.129561095264,870.9946463220358,-4.6124186973697614e-12
9719.100082223616,871.168392412134,-6.78944779042076e-11
9720.208330086229,871.3668160430695,5.7200945325087525e-12
9720.287787818072,871.3810432349109,2.3761087407739433e-11
9720.46673152428,871.4130841731234,-3.119456426078822e-11
9720.705720486958,871.4558774926904,9.60362285773319e-11
9721.20970276041,871.5461239143565,6.102119916533906e-11
9721.302660017434,871.5627699708385,-8.9466159620904e-12
9721.566263904053,871.6099749529776,-1.0733842882451188e-10
9722.132051898467,871.7112980094059,-2.443615829469183e-11
9722.330265979715,871.7467961922686,-2.075799903714493e-11
9726.823255320314,872.5516403069984,-4.83632617221255e-12
9726.826689409618,872.5522556090477,1.5633363902147644e-11
9727.638934525587,872.6977955166017,3.5072101858612252e-12
9728.792962357042,872.9045977196729,2.0854484549851124e-11
9728.896592922305,872.923169554696,2.3864345651521688e-11
9729.827594387629,873.090025008648,-5.49763134884154e-12
9730.326603152429,873.1794646668853,1.4141926850412411e-11
9730.976775021263,873.2960048718804,-1.5666139428763138e-11
9731.938635927174,873.4684281305579,-1.0660411989746961e-11
9732.054439748845,873.4891882818108,1.4993945084514778e-10
9732.745875955428,873.6131471922092,6.984406029920555e-11
9733.545458358518,873.7565052559462,-9.807746254744698e-11
9734.562035761473,873.9387856116172,2.9294301684643936e-11
9734.728032554203,873.9685519553562,-3.868578701520067e-11
9735.517991611892,874.1102134117469,-7.433314831656204e-13
9736.353856949385,874.2601196473777,-4.143504286696449e-11
9736.579267441875,874.3005475471435,4.168295196512125e-11
9736.664835484833,874.3158946211436,1.9599445820817295e-12
9737.315567860098,874.4326112735698,-2.858006660892163e-11
9737.5298076932,874.471039462707,5.245551117970773e-11
9739.323184089786,874.7927504665602,9.421727646648184e-11
9740.388051898852,874.9838034804892,2.5456876770346514e-11
9740.537470327889,875.010613024787,7.254917176944902e-13
9741.855734487235,875.247161650389,-2.4245645753784615e-11
9742.930446686863,875.4400311275631,2.8903722909749696e-11
9743.671041690994,875.5729518098294,3.1818210407010662e-12
9744.054736090371,875.6418205756014,-6.314400176993872e-12
9744.086163932285,875.6474616347159,-1.055874602432113e-10
9746.182640193605,876.0238043015214,6.309582482205199e-11
9746.46628021736,876.0747273100627,1.3786132137922016e-11
9746.4666275734,876.0747896731666,8.564258769411764e-13
9747.409439149216,876.2440669979225,4.389005421891041e-11
9747.899448230382,876.3320522594723,-1.427912234738924e-12
9748.903078719612,876.5122763818032,-4.6554582047819795e-11
9749.432520623868,876.6073568984542,2.0092504730769214e-12
9754.687325271585,877.5513278111558,3.5623218915022556e-13
9754.889265537411,877.5876144253963,9.982225669038218e-13
9755.423428328577,877.6836016738586,-3.088448277177979e-11
9756.349772061796,877.8500749732566,-3.6751637835454736e-11
9757.662139060063,878.0859476016509,2.0742779967152364e-11
9757.96237323695,878.1399133572019,-4.92474169980398e-12
9758.370248364405,878.2132297541369,-4.399244348132626e-11
9758.455682201762,878.2285870511026,-1.667616833698512e-11
9758.672377211344,878.2675400143853,-3.696975781716115e-11
9759.658860935391,878.4448806612443,4.6096997593075387e-11
9760.266552718558,878.5541346239465,-1.0201694986807208e-10
9761.040975480277,878.6933742000249,-1.5350903979599851e-12
9761.480775800736,878.7724542867414,-4.3061076720830276e-13
9762.294773485846,878.9188278536548,-1.4172995873736251e-12
9762.438768420994,878.9447223824347,-3.815073784315109e-11
9762.833001922916,879.0156191272633,4.550510518149745e-11
9762.894460287795,879.0266717133119,1.5222295699484236e-12
9766.965001324841,879.7588670111924,-9.665199675385629e-13
9766.982519130137,879.7620187149655,-4.572211510625337e-12
9767.218547670107,879.804484176991,6.271801253576423e-11
9770.928335606746,880.4720715826074,-1.3467141023696087e-11
9772.804816973623,880.809846549854,1.5358771100932359e-12
9773.909622850919,881.0087468435007,-1.0851462173106559e-10
9774.484631573414,881.1122756487282,-9.151306426857341e-11
9778.312315362055,881.8015952419071,7.143745462110901e-11
9778.526555194972,881.8401852223617,-9.838584750438534e-11
9781.841825428328,882.4374565186633,1.0299017053189065e-10
9782.893683167647,882.6269990463256,5.2394031801676715e-11
9782.910427315932,882.630016471036,-3.3815491263959684e-12
9783.047948794312,882.6547990978845,5.050933972128702e-12
9783.627394203024,882.7592242809221,2.1362421995919122e-12
9783.884303587345,882.8055253746954,-6.293011693933965e-12
9783.945059345348,882.8164751643424,-1.1259364017085006e-12
9785.352420370133,883.0701377615246,-8.969927534658707e-12
9786.813345299795,883.3334933056178,2.889753092328077e-11
9787.313475077053,883.423658887679,-3.020613205387791e-11
9787.719731840078,883.496904023946,4.185437401544373e-11
9788.340946832359,883.608910442541,-3.3767137461380813e-11
9789.187848622754,883.7616201349663,1.6461177292189309e-12
9790.391714172925,883.978718737916,-1.2416391605411112e-11
9791.136532712168,884.1130486534246,-1.3783404182222393e-11
9791.25014976823,884.133540676402,-1.875380152598607e-13
9792.766778002231,884.4071031944214,2.1333759700129306e-11
9795.340529579194,884.8714417865367,1.04678946946974e-11
9796.006592993488,884.9916282507799,1.4661708114990808e-11
9796.856739406869,885.1450430712206,1.0050248990155676e-10
9796.976261518326,885.1666127331843,-1.7351361602084877e-11
9797.32128096169,885.2288784437832,-3.6316683843116785e-11
9798.259521644628,885.3982139696153,2.0970747153312745e-11
9798.528470079711,885.446757303069,4.080426211562601e-12
9798.978454251706,885.5279793152658,-6.811633124839749e-12
9800.001773521086,885.7127020318828,-6.549843860401909e-11
9800.12305609704,885.7345964259165,-2.7560538821073018e-12
9801.835782696378,886.0438133071,1.3692244696910573e-11
9803.20319775692,886.2907261893167,-4.159683718270712e-11
9803.290534159018,886.3064976134692,-3.5961593562428125e-11
9803.63794562352,886.3692354286745,7.685026123103362e-12
9804.372138220177,886.5018280029631,1.0157093656266078e-10
9805.331188697237,886.6750440682306,1.86615914503576e-12
9805.610178883837,886.7254362368584,1.5990724804113014e-10
9805.65574570232,886.7336668088029,2.00958378100358e-11
9806.26725050932,886.8441244423802,1.9594194379945108e-11
9806.512989234148,886.8885147794193,-8.840580537305766e-12
9806.645237213734,886.9124045653302,5.0899424150018546e-11
9807.062538325183,886.9877895623351,6.215364550593312e-11
9808.573608859317,887.2607896673368,1.0130414204810912e-10
9808.576000880503,887.2612218592197,3.14115442798819e-11
9810.494101834433,887.6078194665788,5.366490994006391e-12
9810.546481570886,887.6172853472431,1.1555142085542589e-10
9810.730556675158,887.6505511497551,3.0156572631082978e-12
9812.78760011053,888.0223397023191,5.8077387595701665e-11
9814.515436703987,888.3346878792446,-9.31954903319919e-11
9815.902122139181,888.5854045265883,6.259142459484426e-11
9815.904995721958,888.5859241152557,-1.8253512776479174e-11
9816.74676611347,888.7381359037876,4.522867523311031e-12
9817.112461145392,888.8042661916548,-1.1011425536077597e-11
9818.779273569622,889.1057146296899,-1.510427710257082e-11
9819.441816054601,889.225551803253,7.433906736672295e-11
9822.451641765347,889.7700549309739,5.561210145366236e-11
9823.223033053437,889.9096330552583,-2.1685299471552397e-12
9824.560007079006,890.1515755774803,-3.030162371167982e-11
9824.943843578067,890.2210417768506,7.467058433271055e-14
9824.948130269298,890.2218175916319,1.1473697981849243e-12
9826.35050199482,890.4756400712625,7.127459735381234e-11
9826.583728001884,890.5178563606106,2.631956228941875e-13
9828.176135147596,890.8061250939933,-3.316329813746848e-11
9830.186703901214,891.1701591005803,-5.793655986335702e-12
9830.653716421833,891.2547271439221,-1.3950253492539128e-11
9831.022419241981,891.3214958065888,-2.0069619561053986e-11
9831.835856419402,891.4688105950769,9.58365687645066e-12
9833.042895541474,891.6874297944772,-1.1946950362675438e-11
9833.77357510346,891.8197836828477,-3.55118419128599e-11
9833.941277099722,891.8501622870446,1.2235774812557287e-11
9834.859055343743,892.0164236399586,6.710050640419697e-11
9835.962803361981,892.2163951482173,5.6722278908977765e-11
9836.324416958243,892.281915359271,3.2561867916056265e-11
9836.741157562914,892.3574269357234,9.455263021255885e-11
9837.139606705305,892.4296271707681,-4.997265676755286e-11
9837.966338152053,892.5794428325416,-2.4724512346751895e-12
9839.92114044541,892.9337312812735,-8.37165704420715e-13
9842.965283369056,893.485592029413,-7.450403515193608e-12
9843.50541437005,893.5835280941533,-2.631867007989328e-13
9844.001667966926,893.6735130846168,9.17779025878696e-13
9844.475643400472,893.759462641504,-1.0654001386187145e-11
9844.569650620138,893.7765101747615,-1.468636775813787e-11
9844.71639282703,893.8031211441064,-1.2545716375201683e-10
9844.822344363065,893.8223351747695,9.324545083496481e-11
9845.054946708127,893.8645177197731,-5.6394139581049806e-11
9845.512312198956,893.947464073773,-1.8886093998890678e-12
9846.030157141826,894.0413834405618,2.9694050209316724e-11
9849.290379307127,894.6327897166373,1.1280278799466336e-11
9849.357174326009,894.6449084203293,1.3507375009850656e-12
9849.814824017443,894.7279425859675,-5.961484696613472e-11
9850.672635949782,894.8835910127402,5.041608414983324e-11
9852.229960118328,895.1661993136229,1.1021464403623544e-11
9853.12137876317,895.3279855514737,2.698540680187226e-11
9854.25789668113,895.5342768178463,-9.42736224721893e-11
9856.614037488383,895.9620196664966,-1.2831452388233412e-11
9858.105340294871,896.2328093501081,4.788407315455533e-12
9858.601949142405,896.3229923175847,9.189706747970612e-12
9860.155910271564,896.6052172548627,4.0254003547312157e-11
9860.233331232797,896.619279339965,-2.3347445726346484e-12
9860.646614063673,896.6943463871485,7.757282477572106e-11
9861.769979812361,896.8984059661311,5.245727937580117e-11
9862.368340344325,897.0071077469692,5.749512294288188e-12
9864.543003324012,897.4022256735395,-9.267683062828531e-11
9867.197483636937,897.884640429839,2.676594889080596e-11
9868.59893960392,898.1393878495098,1.498197838166416e-10
9869.305067396912,898.2677568081359,3.525672548351737e-11
9869.325956136072,898.2715543706839,1.2395796331045488e-11
9870.271009735594,898.4433730600116,-2.1724131599300345e-14
9871.47734624988,898.6627190834132,3.267772688171436e-11
9872.166824629036,898.7880977501823,9.530667639653422e-13
9874.148073359562,899.1484280141337,2.781087537355637e-12
9874.387204421802,899.1919237380303,-2.4634913294167196e-11
9874.471777762252,899.2073070969612,7.383376039619119e-11
9874.537388612669,899.2192413889245,2.2589748175915515e-11
9876.429193120595,899.5633854586487,-1.5306330345641456e-12
9878.241887252905,899.8932001613009,-5.096413265233238e-11
9879.154889348512,900.0593412974418,-3.393885425998948e-11
9879.354721793288,900.0957073250592,-1.4834712709911504e-10
9879.432971672133,900.1099476417801,7.839785727733386e-12
9879.71246710421,900.1608125836294,-5.021142346977472e-12
9879.794380012363,900.1757200598878,-1.1233357490060934e-13
9879.95960314759,900.2057896890493,3.199931120441884e-11
9880.519493979531,900.3076902338846,1.9634937468445604e-11
9883.142546449779,900.7851646177094,-1.540164492212107e-11
9883.911332565254,900.9251308129916,9.54137091924469e-11
9884.19531994425,900.9768366764542,-1.1836130875691196e-11
9884.477341603031,901.0281861095068,5.716453136917213e-12
9885.02956691502,901.1287374411525,-5.807622232783611e-12
9885.385551761401,901.1935595236995,2.5500224238973705e-12
9888.490726746004,901.759086819368,3.451146518328159e-11
9889.212975025042,901.8906511201562,8.833092787427563e-11
9889.75696641579,901.98975060048,4.308258144904464e-12
9890.520068521017,902.1287748955265,-9.009910634216549e-11
9892.500677799359,902.4896584533565,-4.942682148597366e-12
9892.665971984708,902.5197797018612,1.2732503453915917e-11
9893.37597595715,902.6491681142616,6.89570765330416e-11
9893.829907358238,902.7318957054654,-2.8271004086091137e-11
9894.554263457727,902.8639152209823,-2.011627383710575e-12
9895.445879462759,903.0264324216587,-3.32742669453686e-11
9895.944675075381,903.1173556010925,1.5863747946528792e-11
9898.198661579598,903.5282816782355,6.032657362474797e-12
9899.366607338347,903.741247611287,-1.3481802872728411e-11
9899.494781776943,903.7646207652102,-3.15400747276142e-12
9901.192808889724,904.0742917905782,2.2359879484918506e-11
9901.282237322645,904.0906024220517,-5.473867991541422e-11
9901.874203342371,904.1985733605251,-2.6972786418926098e-12
9902.119942066725,904.2433964790418,5.841832137143595e-12
9902.380364484645,904.2908991397519,2.001956507036784e-11
9904.210576421261,904.6247763652221,1.1120105094691813e-10
9904.35513975728,904.6511510253756,-4.324946613495747e-12
9904.853295918367,904.7420393938876,-1.7079027136835177e-10
9906.772873132411,905.0923081424161,-4.397793319425884e-11
9907.039011139526,905.1408761867083,3.978664144990923e-12
9908.03680762025,905.3229776293108,1.0866761201191754e-10
9908.34469942135,905.3791726918572,-6.277758946378245e-11
9909.231752429032,905.5410834830743,-1.1456488622553477e-11
9909.653269180677,905.6180265931866,-7.524055448004558e-12
9910.067254617981,905.6935981328694,-6.607747000723594e-11
9910.15838825476,905.7102346716223,-1.2781343258956035e-10
9910.231719885642,905.7236215470435,2.8593946479052545e-11
9910.643881703054,905.7988645763804,4.210598491422211e-11
9912.178296149737,906.0790102009847,-1.850563704613803e-12
9913.097969062364,906.2469402146154,-3.4977114162274774e-11
9913.381956441192,906.298798760372,2.2680087442842005e-11
9914.084097532497,906.4270221593152,-2.7404091473528273e-12
9914.09372087783,906.4287796156996,1.4724323184493103e-11
9915.094335680564,906.611525470619,1.92616185144321e-11
9916.760161294007,906.9158020622845,4.75797748657474e-11
9917.47712817915,907.046777627678,-1.3964724475774607e-11
9918.852271911783,907.2980154876057,-2.3500517527292205e-11
9919.086832081945,907.3408729547464,-8.5636197590642e-11
9919.966503770185,907.5016104659815,-3.133766197406326e-11
9921.637184475985,907.8069238957887,3.662014547623736e-12
9922.14405611967,907.8995638019674,-2.687423898345467e-12
9923.152541697851,908.0838967488277,-6.570724714515495e-11
9924.012595655016,908.2411138779987,-7.006929724421534e-13
9924.207912468373,908.2768195232876,-1.1165850690369553e-10
9924.342907719629,908.3014982628682,5.957745869072842e-11
9924.70403185889,908.3675177062632,2.2165851634268563e-11
9925.426280137406,908.499563799811,4.630811653015444e-12
9925.963111253765,908.597716955997,-6.305694128274772e-11
9928.571527393933,909.0747102475538,7.938028687396083e-11
9928.882087521957,909.1315098026377,-2.4656556680057472e-11
9929.93521626628,909.3241338602975,-1.8000927670119853e-11
9930.56562830113,909.4394500733492,6.628149175037823e-11
9931.227689223026,909.560563444504,3.81552413657381e-11
9931.75137606501,909.6563692280224,4.632511867000538e-11
9932.050118187455,909.7110248081917,-3.3334375743078362e-12
9932.312530009733,909.7590350299937,-1.559299558839513e-11
9933.730430132951,910.018472494063,2.1402581793964573e-11
9934.057734409174,910.0783656061915,-6.175109348604693e-11
9934.333006305114,910.1287388880669,5.597194035808157e-12
9934.982120313589,910.2475287997506,1.100724352385502e-11
9935.966898830235,910.4277611951854,-3.9404801086521787e-11
9936.24434959686,910.478542961707,-5.105653408233644e-13
9937.428257951182,910.6952494409426,-2.472855750441377e-11
9937.520433656022,910.7121226684933,-9.978944765719415e-11
9937.729613140018,910.7504146083851,-4.850436769208687e-11
9938.310392710444,910.8567350748646,2.9829896000368347e-12
9938.420496731951,910.8768919785007,3.3992652836605505e-11
9945.075841567019,912.0957103625451,5.325031379083915e-11
9945.207323784,912.1197974153253,-3.90259164005475e-11
9946.110134131774,912.2851975111604,3.485351447908259e-11
9946.279588697378,912.316244244654,-8.470005838927412e-13
9946.689153237608,912.391285074654,-1.373467232412957e-11
9947.048374811897,912.4571045589998,-2.2167192033281118e-11
9948.6357295003,912.7479809920006,-7.522876215976956e-12
9950.162407375785,913.0277824274798,-5.4619667822420714e-11
9950.542501899638,913.0974508139963,-5.955690512754762e-11
9951.450364700777,913.2638658134497,3.791001647985463e-11
9953.508679138466,913.6412195795118,-6.157900465047838e-11
9953.626298684732,913.6627852984526,4.673760839916648e-11
9954.608211513016,913.842830421461,-1.105628967542889e-10
9956.19802927252,914.1343796323,-2.8829940278908862e-11
9956.657013126503,914.2185591863306,-3.939653116149425e-12
9957.542171463287,914.3809118770798,-6.900203231477101e-11
9959.596254470136,914.7577203081376,-1.8947110508706508e-11
9959.627540211586,914.7634600788372,3.678086685305599e-11
9960.60107701826,914.9420769074113,5.164053540640781e-11
9960.782341694605,914.9753358436236,-8.123931802485984e-11
9961.115898382084,915.0365393141916,-4.0540524473583e-12
9962.777358357862,915.3414269200639,-1.4005308214054567e-12
9963.029996839568,915.3877920103587,1.1423316496584235e-10
9963.728680156593,915.5160229175439,-4.251754434798766e-11
9963.928441550876,915.5526872247112,3.81441341228358e-12
9964.01872258562,915.5692576925878,-4.498241273725836e-11
9964.19871625382,915.6022947502247,9.250371157888316e-12
9965.120283835546,915.7714538354227,-4.4389088027151556e-11
9966.060711280777,915.9440908861312,-4.295550278761608e-12
9967.286941829634,916.1692181290665,-1.0177183060812296e-11
9967.812586496686,916.2657312480754,9.318416109071436e-11
9968.986239948266,916.4812430146868,-3.6301484719751206e-11
9970.620985074209,916.7814648879324,2.138823527598265e-12
9971.100581361301,916.8695523587156,8.661342944489116e-12
9971.582695980354,916.9581066420585,1.4990945624325296e-11
9971.796935812441,916.9974593530098,5.538909373727929e-11
9972.660502802999,917.15609249993,6.010065429878778e-11
9973.179618752692,917.2514582406299,-1.7934714418937694e-10
9974.685842084053,917.5281915782148,-1.6195943047903768e-11
9975.78797173504,917.7307086228257,-5.125659780502979e-11
9978.55023509251,918.2383746379196,-7.487799445288435e-13
9979.110054873194,918.3412789433808,-5.900510721144437e-15
9980.083023278208,918.5201406610754,-1.3503471549810438e-11
9980.661276621415,918.6264497909888,-4.011024268734812e-13
9982.559751942994,918.975518766453,-2.941841276221627e-11
9983.07211813003,919.0697379205002,2.321095362509108e-12
9983.275732019722,919.1071818754026,1.5805670209310205e-12
9983.463817508704,919.1417708847317,1.6393223777594057e-12
9984.60490631559,919.3516316190062,4.647986447998702e-11
9986.607951643373,919.7200751178045,1.2535925969165873e-11
9986.91240145994,919.776082595321,-2.5750431612741087e-12
9987.949070255487,919.9668040200313,-4.323575853666216e-11
9987.987255754564,919.9738295856781,-5.0535925794395575e-12
9989.02688497255,920.1651162674506,2.5738598688166043e-11
9989.175166598265,920.1924009823385,4.640314122164924e-11
9989.49353434612,920.2509839395209,-4.6533035768561373e-11
9990.805759237894,920.4924665939928,-2.4604228747778032e-11
9991.173206838272,920.5600919544597,-2.7276631114168924e-11
9992.447112025373,920.7945617775133,-7.110397655310694e-11
9992.790236797338,920.8577210419642,2.1465204624008424e-12
9994.083065003297,921.0957124936652,7.927843117148252e-11
9994.623046007584,921.1951245014158,-1.1682280021183574e-10
9995.628997462834,921.3803372910951,-9.00946098681308e-11
9996.251680821604,921.4949932393296,1.8267882522016305e-11
9997.461956668069,921.7178642147152,-4.4440037829225945e-11
9998.026071034528,921.8217544784031,-1.3098594303318676e-12
9998.676242899845,921.9415008144526,-4.005074111689699e-12
9999.250114817169,922.0472009678703,-2.272436320905851e-11
9999.7826671363,922.145295986179,-2.548558680182559e-11
