f0,sigma,gain
7.7089896735992784,1.1518399034104907,2.6106328504940564e-12
9.093970300690613,1.1520542443704789,-1.0222336401517295e-12
11.401570870814314,1.152489852230704,-6.444727940195914e-12
14.631436631370738,1.153264286381533,3.1593308117247166e-12
18.78347791658949,1.1545421299694798,7.0057048442683136e-12
23.85772537559501,1.156534989897205,-4.3217632349051124e-12
28.395767735152763,1.1587190246943524,-3.779297174646431e-12
29.77955791496835,1.1594604796075203,1.4798422003866578e-12
29.854236839241313,1.1595014968235164,-4.463142167358191e-12
32.08585424456329,1.1607746107230446,9.329745971288502e-12
35.31463425945458,1.1627789774312927,-4.573622558486542e-12
36.77306406267534,1.1637473051633682,2.854857153680897e-12
39.465877774658914,1.1656381628787784,-1.0141846635999142e-11
44.539570239043925,1.1695637739681624,6.25642372593247e-12
44.614246109386265,1.1696250930878618,8.077652603624443e-13
50.535703077478345,1.174814441358252,6.461091361103727e-12
53.377810826782536,1.1775345625242448,1.1225903828984461e-12
57.454272428943945,1.181695819464002,-4.132848808933211e-12
62.86464538076555,1.1876914767484996,-5.354764663676582e-14
63.063777746151686,1.1879224391559122,1.595538962965779e-12
64.24835043556891,1.1893114549169668,2.096740795550118e-14
65.29527752748076,1.190560586456513,-1.169365501796759e-12
66.55452344394647,1.1920897914579902,1.3219016416419587e-13
69.78316171512972,1.1961440457619368,-6.480218117289452e-14
73.67216058346959,1.2012824724224058,-5.616711480756562e-12
73.93426219355518,1.2016388009753205,-1.436965415164954e-13
74.05871935188868,1.2018084442630337,-1.625123574202621e-12
79.00782189015602,1.208785664000802,8.864523575207385e-14
83.74459970110458,1.2158861185669585,-2.3097897548620003e-12
85.0038381904987,1.217843265497189,9.154509709828459e-14
85.20296905996588,1.2181554355194142,-1.6359358091291057e-12
91.92230901375888,1.2291172598794355,-5.85569815803727e-14
94.3529206374608,1.233287358807829,8.131059000466145e-12
97.65621015364223,1.2391291253987724,8.003355884918513e-12
99.76323284476773,1.242960325318643,-1.6568355046420717e-14
105.8836841865459,1.254552938181334,2.3682699931502987e-12
108.52660868249801,1.2597721637420596,-2.302583831418888e-14
111.03188894399513,1.2648383627684625,1.2336996615401796e-13
111.11974992861506,1.265018134444499,5.16742265444343e-13
112.50343972403809,1.2678680451703852,-2.023384082355781e-13
114.80958899296203,1.272696269307107,-1.2756534434236367e-12
118.03819719823248,1.2796203662450316,6.253500076782311e-13
118.2124359476651,1.2799995008330798,-3.272664236920622e-14
118.33689219577843,1.280270653639309,-1.1586093685345352e-11
122.1892636734277,1.2888049191306725,1.3866913766742814e-12
125.33000918137436,1.295964992092614,-6.772214662369512e-12
127.26278768756114,1.3004615348666908,-8.554386217857718e-13
128.82071438075704,1.3041360860312454,1.1520625147355209e-13
131.71254628301315,1.3110753258897352,-1.78597058686074e-13
133.25876850573883,1.3148488441118937,-8.834225727338565e-13
140.17720543822708,1.332272501281236,5.650827160081922e-13
140.3514439487515,1.3327226925322453,3.355521870871947e-14
140.5505736732959,1.333237881591502,9.53761612675881e-13
146.010647832228,1.3476487993967425,9.803824284051706e-12
148.01809787429036,1.3530851845458183,1.5988682027453077e-13
152.80462476849007,1.366347117287914,-1.6415942397297328e-13
156.69358454932853,1.3774329232415494,2.5592067787943002e-12
156.78144530069494,1.377686595832889,2.2220234969689104e-13
161.2311980113539,1.3907199423806065,-1.3807167221238715e-12
166.18025704819988,1.4056441810062341,-2.5304805422364597e-15
166.46724730718665,1.406523460825843,3.158163152724503e-13
173.16165495758568,1.4274642226025438,2.172179946330342e-12
173.7590434449671,1.429373032775326,-2.067675806649912e-14
174.54534048232964,1.4318954751879691,-8.505505478705212e-13
176.85148291881842,1.439359269090589,-5.362341632587114e-12
177.0755035823805,1.4400895289642217,-1.1117549318569072e-12
177.3741977986137,1.4410646468177495,-3.70484516796064e-12
180.08008211837668,1.449973163700771,2.6287234341183044e-12
180.47834104532217,1.4512957281513348,1.3890699917431973e-13
184.23113788854243,1.4639017421650282,5.829099993385343e-12
188.60621390360345,1.478925573443714,-3.238120392042402e-13
189.30465000617994,1.4813566113860221,-3.59592386082111e-12
191.7469516309309,1.4899281496815475,2.255877928515324e-12
194.4396480103646,1.499505828440741,2.993278095141743e-14
195.3006182312782,1.5025964020225602,-3.713556687720303e-12
195.69887703755904,1.5040306269434915,-1.9562893927452997e-14
201.05937812370738,1.5236193912161546,1.5841584866428273e-12
202.21904232001683,1.5279267684895965,2.3753822776096773e-12
210.05992203601642,1.5577003889582322,6.721002631511398e-13
210.65731010527355,1.5600152372050775,-2.8056350299499672e-12
211.84186530394368,1.564624769359127,-5.249264750137374e-14
212.42754932715167,1.5669134267382976,-3.265729046008533e-12
214.4349961570934,1.5748058029895262,2.4419439642946798e-14
218.82325715912756,1.5923169653557159,9.340496204242925e-13
228.50904749153258,1.6322232233654415,1.3275648784203303e-12
228.73306796640892,1.6331666532279574,-1.3404687560898674e-12
228.9073061131533,1.6339010711308106,4.241069361708562e-16
230.49011965983632,1.6405982823469252,-5.111459930250471e-12
231.33790231666464,1.6442044049552824,4.061586044737511e-12
239.11729286128548,1.6779129124269514,-4.6733696893416204e-12
243.95359355073379,1.6994308101517244,1.8878415198185424e-13
246.8951997168565,1.7127294717472588,-4.6270942336750586e-14
248.99050640578326,1.7222993159914544,1.3542725846982194e-13
250.37419037862293,1.7286633197385382,-5.302862869829233e-14
250.64799312364073,1.7299268057359338,-1.3611749077964939e-12
251.1707074533003,1.7323427500927044,7.399619174471715e-12
251.2453809287803,1.7326882958642478,5.6894608872295325e-12
252.68033029781026,1.7393483655772557,-3.3432181465181133e-13
255.9089261120452,1.754472012897974,1.6389099372176861e-13
260.05997775333753,1.7741988448472075,3.6342235642317446e-13
260.09657293559883,1.7743741657372492,5.065598554153103e-13
263.1011481606448,1.7888527002442243,6.6591597131398754e-12
265.1334851403885,1.798740468327616,-2.2419222770158026e-13
265.80554634643914,1.8020269344533348,5.754713874242784e-14
271.12944818237577,1.8283555139980079,-2.315261447755235e-13
271.9259651345087,1.8323394729077211,-8.236362389597722e-12
272.92309442444395,1.8373433122703493,4.905526183641091e-12
276.47675787948447,1.855325416659804,1.0264938369023041e-13
277.1620061648737,1.8588196357171016,-4.092677443337216e-15
278.0478667828354,1.863349636273337,1.4809602406413033e-13
285.6383462119183,1.9027574462500478,1.0484248886885194e-13
285.88874084336584,1.9040755133247047,4.190287726051593e-14
290.7748222100483,1.9300267994468037,-5.634782890015847e-12
293.6036756942946,1.9452526079136365,-7.1014960107848964e-12
294.6520702669363,1.9509328470793594,5.823440025528942e-14
295.14989329438,1.9536371595799982,4.465193968145681e-13
295.52326056413,1.9556683898346796,-6.341847484031517e-12
304.3378549606508,2.0043683632206952,8.276853722404911e-14
305.99534110207776,2.013685716825498,7.935711183668421e-13
306.39359950221404,2.015932017894555,-1.1669796157825507e-13
314.06023438700527,2.0597437005708015,-5.553356510108705e-13
314.9460948378943,2.064875811188254,-2.9136643294256664e-13
316.2038394142957,2.0721872133799004,9.180787978803542e-12
319.04587969032656,2.088815610582836,-2.5896974069107013e-12
322.1383145222011,2.107078060772309,2.129368904067476e-12
326.4767898198476,2.132995964177725,-8.48639330958798e-14
328.0713063862139,2.14260868390016,-1.0061842968641431e-13
333.8930295090615,2.1781032456905214,-1.0117401109298334e-12
338.6063549278771,2.2072973393286768,-3.3151373800083492e-12
338.92993983641344,2.2093166191409424,4.1517240600563554e-13
339.2037424510523,2.2110267470198073,-1.720392197472711e-14
339.72645653284326,2.2142953713321107,3.748979780875365e-12
339.9900382311019,2.2159455035395395,1.2980930286058129e-12
342.2961770556008,2.230437483484554,8.183895946397124e-12
343.49095208612147,2.2379840802965623,3.690036407444077e-12
345.5247713806579,2.2508908385540884,-4.011902957839036e-12
349.67582117842016,2.2774701518946565,-8.896248457681623e-12
350.6714670142587,2.2838925025363137,1.3007909428342135e-13
352.3055448266235,2.2944725967858886,6.399782462420987e-15
354.64827872764783,2.3097268056963145,1.1261460928028931e-12
354.7493264149467,2.3103870304089185,5.488020607109133e-12
357.1916248806058,2.3264017150567087,1.876981850733498e-12
360.7452870514273,2.349900104755684,5.66754691478182e-12
364.1715272523625,2.3727761875520095,-5.341886246657928e-12
366.60360473862306,2.3891457415766935,-3.5130623381648536e-13
367.6637030454911,2.3963150293499043,-3.6252534145612748e-12
368.85847798706357,2.4044199285137493,3.332545558774397e-13
374.1940815198088,2.440935555828613,5.311785114272639e-14
375.5045743525329,2.449984482362683,-1.0257432989349881e-12
376.1019618118009,2.4541199281278763,-2.3343989860951e-12
376.3259821087984,2.455672415101486,9.709767027035723e-13
381.82411952932654,2.4940649217336324,4.947596950935453e-14
384.26790092698445,2.511308165721267,-1.4255232609276642e-12
389.5390517454208,2.5488757915774896,-4.824363073991954e-13
393.95368272347724,2.580732805109051,-2.026095087956548e-12
395.14845759036797,2.5894163085284347,1.2402120591566115e-12
395.93475325248346,2.5951453732343195,-4.252930405170306e-12
397.96708916384154,2.6100060292331264,1.3275752439280095e-13
398.6391500211402,2.6149369495587997,-7.56871029435534e-14
398.92613971623217,2.617045132175485,-1.2552741373166276e-12
404.5619196978556,2.6587521499655766,7.132370390487738e-12
415.0325136147418,2.737791979807747,-1.072594256594687e-15
415.8290301596751,2.7438873367025884,-1.7953938806812662e-12
416.09261180801445,2.745906973486534,2.0773866648469747e-12
416.6899992156646,2.7504890611331954,4.733842546038538e-12
422.3608910621207,2.7943133973908036,1.1863755847946899e-13
422.4487516105556,2.794997038943909,-5.125914623195584e-13
424.0066726229846,2.8071428132647687,-6.835449397469186e-15
428.5457590145514,2.8427850726237556,-1.0163012558322601e-11
433.0203928612598,2.8782927129462097,1.1702208419412435e-13
438.36769971807934,2.921209026337808,4.081573672960644e-12
441.92136128123707,2.9500212680852256,-1.5666030793515907e-13
442.0092218268673,2.950736567280286,9.867519221748556e-13
443.04146262192916,2.9591509999774894,-1.717457066074169e-13
443.3929048037818,2.962020301257045,-3.863778684745015e-13
445.69904309222926,2.980904897478556,-2.43593940260278e-12
446.8938178487987,2.9907272411885,7.30386166349428e-13
448.927636682802,3.0075079153351867,1.1941441088249758e-12
450.29664941805856,3.018846300240554,-2.5438216789658995e-14
450.4957785429612,3.020498395907188,-5.878480545040031e-12
451.93072688845336,3.0324251918933784,-1.4554007060023137e-13
453.07868556273195,3.0419939379734493,2.647970525047637e-12
456.2194185753147,3.0682974043350733,8.599622508489514e-12
458.15218971626604,3.0845745722960047,-1.6335103154035832e-12
460.9678547790124,3.108410327117608,-5.276636253183042e-12
464.1481491251132,3.135508448961662,-1.6869459161189787e-12
471.06656376893847,3.1951012223853716,1.0790567254398109e-12
471.17634924146927,3.1960539822085257,8.509982526219413e-12
471.4399308676477,3.198342349593574,-1.21112117478721e-12
471.76351568638734,3.2011534036502614,-2.651523609662676e-13
472.2613384841923,3.2054818684471527,6.596256077727891e-14
477.50908048846554,3.251387587536343,-2.43339517457489e-15
478.9074336258834,3.2637055707382387,3.053124027149109e-13
479.5531201525967,3.269405528640064,1.290507780827195e-12
484.49046441936105,3.313245045498191,-2.154714228513167e-12
487.5828981327409,3.340931995837148,-3.249766570322832e-12
487.6707586730875,3.3417211959475113,4.2430671264078177e-13
492.5187592493584,3.385488358974016,2.9513502051185426e-13
497.35653888719025,3.4295948236965814,6.030665441855971e-13
498.5513135661135,3.4405540740139,2.454804262780185e-13
500.23369011281295,3.456030507958174,-1.8682031562478097e-12
504.648320348657,3.496889258798368,2.6255978694041148e-14
505.643965906956,3.506153875958465,1.2057443784744794e-13
507.9647742447996,3.527820203424992,-2.122946755073517e-12
508.9355286608984,3.5369122872613032,3.0702276250303324e-12
509.5329159934143,3.5425160439080585,7.742648657207034e-12
514.1964575751815,3.586488092377946,2.544686458974023e-13
519.4954647229101,3.6369381083284336,-6.183328741106537e-13
522.6361974968547,3.6670840779659493,-2.8645755481166456e-12
525.7637431401502,3.697284034938931,2.348240688615671e-14
530.2134853179833,3.7405618255450603,-1.1208639829980028e-11
531.9486102992624,3.7575363353587377,3.025012864046293e-12
534.3030475257045,3.7806581819448337,2.772779010753254e-13
534.7013057380528,3.784579390069401,-2.646979008713246e-14
536.7966106645467,3.8052576621315026,-3.2897544639674594e-13
540.4351661533893,3.841358213785942,-2.941737850151532e-12
541.5465295619689,3.8524334165847542,3.562662853488431e-12
545.324210952642,3.8902497052238885,4.662979311415909e-14
553.8986272482401,3.9770589520285755,-1.1635497733963053e-12
559.1991173209781,4.0313996244609775,-9.627042374246465e-14
559.6222666631123,4.035760062388016,-2.559667959785097e-12
560.3192185204523,4.042949150260283,-1.3433701188457634e-13
560.5828001237677,4.045670337505756,3.769616026828475e-14
560.5930210357362,4.04577588284282,1.0318921851663932e-12
561.1157349283959,4.051176207043955,4.258603572819892e-12
561.3793165315545,4.053901261655794,6.490636989050916e-12
562.8889381252436,4.069533232173965,2.3765737960358986e-13
564.6811000390468,4.0881453781877735,-1.5881046684383867e-13
566.1175313207277,4.10310586785597,-1.165041768352395e-13
570.2685797038291,4.146552827698285,-2.583436633308629e-13
572.2598707084425,4.1675073341046325,-6.033267052961999e-12
574.8427774121856,4.194796275071395,3.604886174341675e-13
575.3420832665956,4.200085718603573,1.5936995150536333e-13
581.3380419996951,4.263963171230639,1.6458323366585647e-13
582.1345583958097,4.2724986239362215,-7.224573771958869e-12
582.9559659288599,4.281313049845313,2.554347403081061e-13
584.7642811477106,4.300761662546028,1.914151213885902e-13
587.8054492125091,4.333605567005448,9.870968302435086e-14
588.2564558926209,4.3384908399944395,-1.0527580246686425e-13
590.9857431829363,4.368134235250448,9.672880513425276e-13
592.9404390064284,4.389448948285777,8.73405003195731e-12
595.5833488608735,4.418380112388354,6.033832212172395e-14
596.0973249339148,4.424021403066074,-2.9787123424150824e-14
603.8122551472914,4.509283537939346,-6.229101547985237e-12
604.8606491113952,4.520954562372792,-4.139652003997689e-14
605.0070297243609,4.522585724451197,2.8115774947699306e-12
608.0511639600628,4.556596858657743,-7.815046157228237e-15
610.1317985525268,4.579941328526633,1.7287037617279785e-14
612.9357592172398,4.611527576707765,1.5325276743821748e-12
614.5464284123861,4.629737043597987,-5.883678881726216e-14
615.9403320768697,4.64553443523905,-4.8910465664953776e-12
625.1546628239391,4.750862596181202,2.071202692989087e-13
625.6875976067348,4.757002368857593,-4.0701748067736424e-12
626.0390397299035,4.761054084782,8.526352415734624e-13
626.4124067806335,4.765361061934616,8.052936036821999e-12
627.4080522488822,4.776858888502058,1.2374894112135767e-13
636.4217707421402,4.881781301496133,6.433381130876847e-14
636.6853523330419,4.884871993318124,6.032614751623296e-14
638.6766432583728,4.9082627281688485,2.0941492864714186e-12
643.8380071455917,4.969230804690705,-5.82266979742247e-13
644.9493704804144,4.982422876868079,-1.0604186800628293e-12
644.9976696488378,4.9829967121061,1.0737334124700895e-12
649.138496926808,5.0323530319605885,-2.9512786506043515e-13
649.9350132922777,5.041883277947626,3.288410802039105e-12
659.3572107773425,5.1555058121026125,-3.0315903453516616e-12
660.1552102435116,5.16520402611596,-5.766850237925368e-14
662.5140965926452,5.19394053281658,-4.549316944453362e-15
663.6341977245266,5.207621758504713,6.154097045991059e-15
664.782156201118,5.22166722191699,-1.931922018972576e-12
673.2687113604441,5.326254712356944,-7.620257804970764e-14
674.3800746802186,5.340049291760122,-4.685610972292739e-12
674.9774619475064,5.347473645925229,6.4420559595140595e-12
675.6627097433394,5.3559980296250504,-1.1941809688913035e-12
676.8121513184008,5.370316340350225,2.497273072389939e-13
685.5373968830284,5.479798130685888,2.150374556337667e-12
690.1760468061179,5.538573485434084,3.701395158954594e-12
691.5597295092188,5.556182586849001,-1.4493379081731775e-12
691.7690795081526,5.558849900358707,-3.0493410049720026e-13
692.0326610924801,5.562209322781799,-3.517010255397452e-14
693.8248228808764,5.585084868573269,-4.295323876647369e-14
693.8658673460295,5.585609462134105,-9.137424170189569e-12
693.949278560579,5.586675645120202,1.1031445196744046e-13
697.0944603140492,5.6269716706797634,4.479338681097629e-12
699.7475909437693,5.661105232909998,-4.2316539902633014e-13
701.2455084098463,5.680433795632492,9.932764067398184e-12
705.8797089909813,5.740493508771204,-2.4475861191067673e-12
706.3190116291231,5.746207443894949,-6.127433775382131e-12
707.2150925185593,5.7578736376880855,1.854073244853966e-12
708.175625903942,5.770395372087725,-9.437078297947324e-14
708.409867037343,5.773451571097871,5.565023988570406e-13
708.7832340743544,5.778325067870991,1.565420370198257e-12
712.3149699667989,5.824551246125944,-6.327871248535572e-12
719.233383417101,5.9157708567404335,4.047626581464132e-12
720.8264161017725,5.936899951620587,6.694224365123725e-14
725.241045742569,5.995697404000573,7.624527231225557e-16
726.0375620833477,6.0063442546912835,-1.5748109505488196e-12
727.0742519736667,6.020218953909513,1.1452498866045832e-12
728.4168901932817,6.0382177829733354,1.5629950274032342e-15
729.4638009938509,6.052275258765857,-2.2661757866781972e-12
729.8152431014202,6.056998801193021,-2.3969297271751714e-12
735.8375756296522,6.138295239560437,1.5916050864254396e-12
737.7044107963561,6.163631596474939,-5.019790670365419e-12
742.079479052115,6.223260772452372,4.1449947898628546e-13
743.2289205989158,6.23898535800906,-8.318485601637841e-14
745.2202114385897,6.266284209322645,-4.120799745775249e-12
745.5233543778403,6.2704464393765935,2.2621438381137075e-12
750.8062075142697,6.343253160608983,4.0163160161378857e-13
753.2499881002867,6.377106534154173,-1.506444177558861e-13
753.3378486265075,6.378325703226299,-9.787835843343467e-13
756.1315882107523,6.417166302797531,-7.963309664539554e-12
762.1392504643371,6.501176197358049,1.0345654186342158e-13
763.9314122096749,6.526366160171678,-3.210839206974553e-14
765.9007781103063,6.5541150676512405,5.965460680138806e-12
767.6622771207528,6.578995603018932,-2.3194035625548306e-12
770.4515673797122,6.618510228623514,2.33927959990131e-12
776.6715458100241,6.70714200078792,-1.5082917875516426e-14
777.7829090897932,6.723053449569662,1.3946536902286263e-12
780.1154211001515,6.756522136992633,1.1346989381012149e-11
781.3848689966624,6.774779272104988,7.46438856930352e-12
781.7084537545255,6.779437799398666,-1.525952238077404e-13
781.9720353309972,6.783233909048551,1.8848194675546575e-13
782.5796434870899,6.791989575079695,-2.9896844905734675e-12
793.4910201412965,6.950380725426623,1.7491067227502108e-13
800.368388956035,7.051340414779943,8.452179704670909e-14
802.7272751918648,7.086169503837716,-2.0979437413545831e-13
803.1504244882121,7.092428169761,1.25953379867051e-13
803.260209939393,7.094052510144138,4.3280044212560435e-12
804.121178756131,7.106798748560129,1.7423632518140959e-12
807.7890742366579,7.161253212785022,-9.601427546118695e-12
810.4422047751481,7.200796693106216,-1.6386569229106896e-12
812.1860673314852,7.226858646960018,3.0984608750656277e-13
813.53315483132,7.247029163820551,-3.1295949208930105e-13
820.8615302498783,7.357345627266106,7.317544324894551e-12
823.0095833789036,7.3898684672881085,1.3522065888779938e-12
824.4049700406957,7.4110410162388565,-1.8088649817103308e-13
829.4403948195556,7.487743017094351,4.687352441834515e-13
834.9400133491093,7.572049474711555,-3.364242179261764e-12
836.3236959918416,7.593348373798728,1.3173203901021166e-12
837.7278204557166,7.614997985165925,6.132141911009824e-14
838.6298337287724,7.628924911870927,8.305111890055598e-12
838.7132449397266,7.630213523384148,-6.340152306587925e-14
839.1525475609619,7.637002380912307,3.6283283975694296e-12
840.4219954388831,7.656640045476475,-9.83139539355662e-12
841.5420965073404,7.673992048368518,-1.0593209356246771e-11
841.8584265584841,7.678896648318517,-4.071322616126818e-12
846.0094744790247,7.7434281662880196,-9.028001612899245e-12
846.2803107532548,7.747649573461709,1.4584253491039216e-13
847.0051198720037,7.758953504521418,2.338482291670179e-13
848.6230436351367,7.78422112558032,-8.156350163330191e-13
851.082977487938,7.822731072682087,5.5692921588387076e-12
856.2179667760754,7.903477869390185,-2.931443606723311e-14
856.6528200823681,7.9103381686199,4.4838566129475564e-14
857.0789355823039,7.917063998159531,5.751469904214365e-12
860.0658717535865,7.964303851761947,2.0319476017023436e-12
863.9973487587823,8.026732597135307,-3.678929582077613e-12
870.5277246810234,8.131059050711,9.549155396144177e-14
871.3242409913626,8.143837601290542,3.7353192303663995e-12
871.8382170136629,8.152089547780513,-1.0409289504059971e-12
874.2058410178427,8.190164872210463,3.198250422282783e-12
874.2277659436811,8.190517943951074,1.3024466449991789e-12
876.0097067297514,8.219243333453587,-1.5009002057436093e-13
879.9499215286949,8.282968371665353,1.0862763151304346e-13
880.6015403429186,8.293534552022397,-1.4466248401650666e-12
880.7464378375626,8.29588516820445,-2.941538595527211e-12
884.7877002758495,8.361600825143977,-2.22173565241671e-12
885.9824747380003,8.381086875016619,-5.917510128994978e-13
890.2873187422615,8.451514335544356,-2.0560826171788766e-12
893.1161702802505,8.497980352617997,-3.977642112146056e-12
894.9727844636705,8.52855676058934,-1.3606428518984134e-13
900.1926680219071,8.61486275820348,-7.372934133299479e-12
900.8955522071992,8.626522647785931,7.237918207419495e-12
903.1489414363426,8.663964656379328,7.66080475745105e-12
910.6647417802891,8.789522424872562,-3.4285412347966725e-12
912.4262407330912,8.819100261942808,2.1081236669086935e-12
912.9489545576964,8.827888297613798,-7.246645807233008e-12
913.845035399767,8.842965211229064,4.877369264419613e-13
914.5419871657259,8.854701925530835,-3.952763427367816e-15
915.2140477971071,8.866027945523,-4.167720322340552e-14
920.340299216494,8.952692763694339,-1.2288165469384349e-14
920.8732339510141,8.961730379288191,1.0673386843055711e-11
924.2643606556333,9.019360357392875,1.4483659128962275e-12
924.8793843152035,9.029834974966828,-1.031335781128542e-11
933.7041938450033,9.180899717955032,8.066044634857133e-12
935.8960967777607,9.218643530329908,-3.5700141518440675e-12
938.2549829487614,9.25936160756597,-1.589774017236612e-13
941.24191907597,9.311067879983081,-2.843723486702939e-13
943.8248254543716,9.355912575193782,2.9262552128807197e-12
946.6302689366289,9.404760213320031,-4.573032367604457e-14
948.0241724610038,9.42908440451641,-2.487437081011247e-12
950.0565076721268,9.464613625913666,8.120085171956328e-14
952.5530366289975,9.508362004204361,8.726789878317284e-12
955.3408436749214,9.557350331010424,1.5122584358680523e-13
955.3818881374234,9.558072648154992,6.954604210544246e-12
961.9224848664861,9.67357321501212,4.1166989337943383e-13
963.4687014022591,9.700993058589162,4.0218391977544097e-13
967.7735453511973,9.777565033102277,-1.2290268145990157e-12
969.5657070196675,9.80954356648549,-2.659043832834501e-12
973.842693621746,9.886099286516595,-4.374493781613737e-15
974.7270704403251,9.901971189112905,-1.1117936308081498e-12
977.9820374306394,9.960512146483133,-8.990830630195101e-12
983.2136249346686,10.055011774249275,3.956931974242562e-12
983.9165091107396,10.067746586236145,-3.2978012210294703e-12
986.3060579964866,10.111108345006576,6.088228707537406e-12
986.4934830553495,10.114513887425499,-2.137516712784031e-13
993.4910187973716,10.242123266753975,-1.0839792524297592e-13
994.8747014018311,10.267463372815524,4.24448587447815e-14
996.3900943787003,10.295256023308234,5.832739975472153e-15
997.1808390753625,10.309775255845018,2.675956812353992e-13
1000.4094318171216,10.369176475232823,-1.3118042603922528e-13
1000.9819279031319,10.379729579338528,2.6643972845043205e-14
1001.5046417207562,10.389370294965053,-3.671386721500387e-12
1001.9775732700042,10.398097184090368,2.1675437574672933e-13
1003.5954969908954,10.42798348824174,-1.459324250416563e-12
1003.8941906008682,10.433506232524763,-5.728226323560124e-12
1004.1577721661719,10.43838113194543,9.675767995605489e-14
1004.5604796259435,10.445831614125456,-2.908874790699124e-13
1006.5517703586308,10.482716348817348,-2.280185896700639e-12
1009.6339825003572,10.539952279425574,1.7944578229089022e-13
1015.6299404386062,10.651797101791985,1.8531557997250935e-13
1018.9698017240404,10.71438395189815,-2.906895582796627e-12
1022.5483534386713,10.781671735639643,-1.1853711627813618e-13
1023.8529133225086,10.806260148434124,-1.5507855023232903e-13
1025.5103983966521,10.83754573222313,1.6905846627371695e-12
1025.9497010042903,10.845846199382493,5.231289272353818e-12
1026.1077856149388,10.848834021906775,-2.331174434185097e-13
1030.3892214982957,10.929928859139654,-3.353928070806041e-14
1031.0349078800023,10.94218813060383,-4.758395200296093e-14
1037.8801305693162,11.072626667159868,3.6152819628077336e-12
1038.3617999224966,11.081837579564958,-8.116025731713573e-14
1039.1525446150129,11.096968174219256,-4.661098955486773e-14
1039.2989252105763,11.09977037389418,1.062588678884189e-12
1039.6722922213949,11.106919617565238,-1.987671592883012e-12
1044.6447474334623,11.20237717974298,-5.628569593696048e-14
1046.7883511693733,11.24366901273083,3.374707954980139e-13
1048.8383227861777,11.283236406561857,-6.624798721638703e-14
1051.3172152781544,11.33118598927335,4.724447630968123e-13
1057.7129144350151,11.455421712124693,6.586474026637175e-12
1059.4465560089948,11.489227305606992,2.3320909967324206e-13
1061.0146974507325,11.519853374375598,-2.854870642493613e-13
1062.1347984803792,11.541756871063516,3.7956840952353376e-13
1065.637193670721,11.610395075802334,-6.134279638983055e-12
1069.9244011319925,11.694721227616368,1.157258689462684e-12
1070.9772442805502,11.715481644550342,6.792467569231014e-14
1072.9685349976774,11.754802607686612,7.914438554943201e-13
1076.109267189432,11.816969437956567,5.232304051518135e-12
1077.6071845396375,11.846682817931645,1.7581974229272001e-12
1078.468153317414,11.863780097549782,-7.331216154694208e-12
1081.2559603190687,11.919234580685306,4.781445099788606e-15
1083.4303875978433,11.962587220343757,-3.3230066996220395e-13
1086.6164527408844,12.026266690241417,7.831924138795216e-13
1090.6049665857274,12.106248160291111,-1.6752966100793892e-12
1091.9169419815362,12.132621187480451,1.0846703260364658e-13
1096.8059859578138,12.231178853695207,-5.122313340769422e-15
1100.1458472130216,12.29875985794844,-6.321021295227772e-12
1101.3391385353939,12.322955541193728,1.0539875645322216e-13
1104.8196087863867,12.393676862407581,1.6818626295840902e-13
1106.686443827262,12.43170190913656,-2.365970627546219e-13
1107.560599721635,12.449529417294007,-2.879913294883422e-14
1111.1040393573733,12.521938389068827,2.811802772128994e-13
1113.4686970743242,12.570388031487207,3.796073205377651e-12
1114.6634714995284,12.594907019795052,-1.3399963602983034e-12
1122.7459961185864,12.761466051590121,8.171730912313626e-12
1123.741641472064,12.782066865749307,2.2245550420073518e-13
1125.072575580011,12.809633631330065,-2.3736376067507104e-14
1126.3245477934302,12.835594694684891,-3.9599641667021255e-14
1129.5106129231851,12.901791600641758,-4.614066558757162e-14
1132.954488016383,12.97355532350749,-8.333547638532338e-12
1135.3440368623442,13.023477303622602,1.9398346392063347e-12
1141.4659334936525,13.151854668461025,-3.8243847717090635e-13
1142.4675112629168,13.172923662519823,-1.06256108877956e-13
1143.075119384291,13.185714193571863,5.916133032650608e-13
1146.268600031099,13.253050760500413,3.3369043332916953e-12
1148.6581488742397,13.303558789374343,3.2921476773096823e-12
1151.7505818800344,13.369079860281131,-9.291210177573513e-12
1156.4887959222362,13.469812728769226,-1.0366625008466695e-13
1159.53292976281,13.534748208306194,8.584755387431377e-16
1160.3249967299064,13.551672050615945,-5.2176173295114885e-12
1162.0118222279182,13.587752425793841,1.829455571969978e-12
1165.8290643175264,13.669594885970547,-1.3494874458572788e-12
1167.2127468967785,13.699327608308593,5.284123121690312e-13
1169.5188845285131,13.748960518465578,3.331400630271155e-12
1169.8116457158833,13.75526835991624,2.748445533154941e-14
1170.713658947794,13.774713090461065,-4.754684636287375e-12
1172.7474772122075,13.818611175831878,-1.6331147438578558e-12
1173.3272279895634,13.831138515604787,2.290544386215602e-13
1176.8985249471373,13.908444163554002,-3.6213671754403464e-12
1177.5208032901533,13.921938271532715,-9.366079875456433e-14
1179.5120939875953,13.965167351131841,-1.5573477143213822e-12
1181.0055620104683,13.997637094898428,7.553237559104894e-12
1181.9720277323856,14.018671088534605,2.2339869371559677e-12
1182.5151833609275,14.030499786257792,-1.475050178053172e-14
1187.9679855668546,14.149550581432502,2.3070612244838393e-12
1190.1584053322083,14.197528119883428,-7.72132087029678e-14
1190.9549216104256,14.214996410218394,-2.579984363742701e-12
1191.5523088190564,14.228105297420385,-1.9395197590976983e-13
1191.991611419572,14.237749417585256,1.0976075373981338e-11
1194.8863984492764,14.301388296662648,-1.4757110463719709e-12
1196.081172866146,14.327699171009966,-4.294012993621492e-13
1196.4311318420748,14.335410815444252,1.1648501387394085e-13
1202.7272663782273,14.474536912396141,-4.1754229093884705e-13
1206.9089768343006,14.56734399600831,3.996312307315515e-12
1211.4905893521436,14.669396130560225,-5.802762215949796e-13
1215.4731707363114,14.758419418616935,1.0701761873532899e-13
1216.263915415802,14.776129827041816,2.122170603952959e-13
1216.8715235335744,14.789746328341732,-1.1298648419925602e-12
1218.0662979484757,14.81654106354751,-2.6522291321487693e-13
1221.1763673693379,14.886412676838301,-8.247433764850048e-13
1222.3711417838654,14.913302155441157,-1.5980091573168022e-12
1222.8938555901893,14.925074570956514,-4.170207556689552e-12
1224.4868881426735,14.960983451732556,2.0524669686748439e-13
1224.7504697023367,14.96692940619126,2.8096366938291457e-15
1227.5895420403042,15.031055210047832,-5.785223822393439e-12
1231.0817162692535,15.110136190935266,9.361436911993632e-12
1231.784600428015,15.126080300669907,2.9032959565360315e-12
1235.36892366859,15.207528037935479,9.628276911559692e-13
1237.0191540086757,15.245106317082557,-2.3621242513487956e-13
1243.3152885262914,15.388939775250735,8.456156851204462e-13
1249.5835656988913,15.532862220804823,-1.5286266638289784e-13
1254.4154118228353,15.644297555657575,6.265139340058818e-12
1254.7185547388553,15.651303181738527,-8.552681742793235e-12
1255.1534080243064,15.6613555873255,2.765435173028775e-12
1255.7684316622106,15.675578897532617,-4.136912012170317e-12
1258.6968476181603,15.743398320079793,-2.0366356609788604e-13
1260.264989033151,15.779779978548245,-5.771755554854064e-14
1262.0571506500855,15.821414483361423,-8.196756122754622e-14
1263.7278228076989,15.860279896643043,-1.032710968470175e-12
1267.3810478440414,15.945445245790015,-1.2091786950119877e-14
1269.144029833763,15.98663248822354,-6.376917382829285e-14
1272.1309658601508,16.056544735824122,3.610663881928183e-13
1275.0959769611304,16.126106348756263,-9.069666157022954e-12
1277.7184446093822,16.18776656790729,7.574257985310874e-12
1280.107993429236,16.24406063933662,-1.1148601644103682e-12
1281.2969962418513,16.272110894302962,2.632931119923183e-13
1283.4420830389001,16.322782391787623,3.5004917361630737e-12
1287.465708864875,16.418057569518368,3.985618873196307e-12
1294.3577474618955,16.581946613963208,7.679050723958929e-13
1296.7019633253267,16.637890251566024,1.5193394467614514e-13
1298.6625912755546,16.684757476445153,-4.929864494961445e-13
1302.8443017046975,16.784954453005273,-5.551961007422935e-12
1304.8195998774825,16.832396121777663,1.0751486644298312e-13
1306.7757785137069,16.87944942131104,-1.6627665345944019e-12
1309.5635854652432,16.94662825383513,-1.2850287739833802e-13
1310.3118025743918,16.96468269082063,7.909792897445028e-13
1311.1976624698873,16.98607177309096,6.002666948281133e-14
1314.1026703866219,17.05631460203349,-5.0240709229707686e-12
1314.8055545416523,17.073333634172545,-1.3228089643116339e-12
1321.1353179677496,17.22700707763925,2.9685828776564844e-12
1323.5248667813946,17.285212234465252,8.037237331128723e-12
1325.769518106941,17.339983753796933,-4.3409784763907724e-12
1329.2646585229295,17.42545310828564,-1.5319541856667357e-13
1331.8709728351296,17.489333780702378,1.0687364286466535e-14
1334.0613925796602,17.543117663612392,1.1022876065650255e-13
1334.4845418484595,17.55351791789112,-2.78632790634195e-12
1336.7555674104337,17.609392029334696,-9.975983023282388e-12
1349.8588461539453,17.933627855523362,-1.1660038455657326e-12
1351.9541506756327,17.985768706719092,3.243140826908265e-12
1352.195646488243,17.99178343524914,-4.3350309743231285e-12
1353.3378332377383,18.02024545463576,-1.269900927159809e-12
1354.6321721762117,18.052527983364794,-1.3835239622715933e-14
1355.6439708410212,18.077785074090446,-8.00614954117848e-12
1355.7273820471582,18.07986807320053,-1.0802068372900092e-13
1355.9367320247904,18.085096662052404,-6.950490559413226e-14
1356.99682985204,18.111585370468074,2.959847764039211e-13
1357.8182372551535,18.132124145765733,1.2400395454587415e-12
1357.9924751891424,18.13648245347959,1.138749084461124e-13
1358.8725634851457,18.158505124473514,3.924762892976796e-12
1363.023611169646,18.262570188931488,8.703003251061397e-12
1367.6578112983184,18.37912266405304,3.7902292608369e-12
1368.0971138939308,18.390191874367016,-5.368797740233327e-12
1368.769174496093,18.407132821880346,1.4501455362576802e-12
1372.3432767970487,18.497366676811318,-2.697932613202456e-13
1372.3534977072338,18.49762505724567,3.324860519291957e-12
1372.8762115088043,18.510841614372524,6.275558830185526e-12
1374.0930716572905,18.541628811438922,-5.5444099106920895e-12
1375.5337911861075,18.57811503250162,-1.0746721675468006e-13
1380.922140835493,18.714913900309153,-5.148750399622618e-14
1381.0114844589023,18.71718665456214,3.5464782915846456e-12
1388.601957859615,18.910812666774362,2.641929405786337e-12
1388.8523522978396,18.91721808190779,1.0034510289760677e-12
1391.2419011029365,18.978403947057704,2.2190334121717253e-12
1397.6156751730803,19.142122795403118,1.3945374817769823e-12
1399.4825101762915,19.190216621296965,7.773369017611017e-12
1400.8134442596418,19.224543645788675,-1.469340410767034e-12
1401.5982565130626,19.24480056484745,-2.706338179892678e-13
1402.4694461810825,19.26730027334303,4.253106178712192e-12
1406.2471268560673,19.36502598491986,-1.0988800774578112e-12
1407.3014530835158,19.392347520731516,1.98204689849198e-12
1407.3438198285312,19.393445829492553,8.891465438116856e-14
1408.1345644990809,19.41395103616889,-4.9251926536117454e-15
1409.357196242607,19.445678400962564,-2.9406477425487174e-12
1411.5476159784696,19.50258877704287,-7.491595474813211e-14
1417.5054954769312,19.657830514943228,1.4953536461448811e-12
1417.9096860279603,19.668386007332508,-6.977278222791428e-12
1419.8599322352618,19.71935924936827,5.212467007198677e-12
1423.1500111503995,19.80551025943193,-6.156958647444643e-12
1427.6788751350614,19.924425113822444,-5.841304684391509e-12
1429.4403740051637,19.970779028401815,-2.032204330463454e-12
1431.0348896432306,20.012788058958243,-2.535437629758283e-12
1432.2296640434492,20.044296220653564,-3.6224456665035603e-12
1436.2694431654243,20.15102659175036,2.4404003383597744e-13
1441.8935170138182,20.30011438089124,9.941918668696312e-12
1445.5525136125293,20.397423056412272,1.7013470243219889e-12
1448.182235938763,20.467511157405347,2.0728468796469123e-13
1451.6744101249653,20.560782473943302,2.7183048118255205e-13
1453.635038059719,20.61324669903086,3.2777692669205276e-12
1453.6657007901588,20.614067761996917,1.274884905738132e-12
1455.2691150525718,20.65702688550879,1.5325133303094946e-13
1455.5984713827531,20.665856955480766,-8.580155754695117e-13
1457.617619389602,20.720034152827825,-8.723421590799871e-14
1460.3996547229945,20.79480394612066,-8.809610799514427e-14
1465.03830414363,20.919789011862527,-4.237884176035758e-12
1465.326776833109,20.927574791616028,-5.357367299499414e-14
1465.8992728990381,20.943030805466037,-2.6980774201948843e-12
1468.2888216958122,21.007608053606255,-4.619101851165118e-12
1469.5671681200374,21.04219838671858,-8.412441251814833e-12
1474.3462657126224,21.171780964353474,-1.8455711763718335e-12
1477.157641490382,21.248206403206016,1.3384639102942255e-12
1484.7876762148035,21.45635775274089,1.1847520146984434e-12
1491.2140379136708,21.632504254512003,6.624586422753152e-12
1492.723659237627,21.673993300905,1.0484339074219855e-14
1495.3065655008559,21.74507688408452,-3.21421546583327e-13
1495.6886703057144,21.755603139411566,3.2496490155229773e-13
1500.4913367424447,21.888136742833755,9.817733580859067e-14
1500.9306393354432,21.900280875552138,3.1789892404619948e-12
1501.6026999336113,21.91886627726543,-1.9071425649031153e-12
1503.32018812885,21.966400103301922,1.0372521577221172e-11
1504.21626892632,21.991221930694692,4.373296765763292e-13
1505.7844103218188,22.034695719676975,-1.4856705102739912e-13
1505.8722708404011,22.037132828402274,8.417986960459335e-13
1508.813873878049,22.118810218195446,-2.6148760292867025e-14
1517.6401660933473,22.364840217157376,-3.6066321935544956e-12
1517.9960574805252,22.374790670884913,-2.5683958845072058e-14
1526.2088091675134,22.605061141230617,1.2211917911537482e-13
1526.4649752013763,22.612263547603284,2.1507113501369843e-13
1526.970213387885,22.626472450747013,-1.7223573944831094e-13
1534.6953633175815,22.84431381507648,-1.4588413960030098e-13
1535.9839306486208,22.88075707822791,2.802145795664254e-12
1536.0058555731825,22.881377423612197,-2.0168204190624795e-12
1537.7980171658992,22.932114916017117,-5.073914802088668e-12
1542.524527091019,23.0662098740207,2.8802264615993935e-12
1544.11755961751,23.111498234307607,-2.879718324843037e-13
1548.9553380888897,23.249318097082334,-5.06382388093198e-13
1551.8662783915454,23.332453453306087,3.3152704594395906e-13
1553.2499609416604,23.37202563610348,-1.2981442276125133e-13
1553.2601818517683,23.372318076944815,-6.409698553997777e-13
1554.894258838313,23.419097060825983,-3.4849912878689274e-12
1555.556098525036,23.438057647026056,-8.184209168276718e-13
1557.0685252338135,23.481416398394394,2.523318330326732e-13
1558.0335078320531,23.509102858885214,2.504533043552447e-13
1558.7846911414501,23.53066704546418,4.01204994073236e-13
1558.8255747818712,23.53184098860549,6.597622595082323e-13
1560.9325832991117,23.592383844061544,3.047208044566942e-15
1562.9357387905934,23.65001841456436,8.896555671406668e-13
1567.9139654320215,23.79357151097548,3.538460616501445e-12
1568.0092414720732,23.796323361229252,-5.48819601362658e-13
1572.4428293908845,23.924563262413038,5.3089946912515095e-12
1574.0051991854175,23.96984051611769,-5.667710837100572e-13
1574.7270420482052,23.990774605680176,-6.349077755113576e-12
1577.589522365983,24.073883597362464,8.59448730760995e-15
1579.5061396220794,24.129614851403698,-9.550957092814796e-13
1580.4726053239142,24.157743332908996,-6.131378672274443e-14
1580.923611930077,24.170875533644598,3.625345556740443e-13
1582.6513210305177,24.221216833655124,-1.0450799550274165e-11
1585.3044513719194,24.298629740613055,-7.95447704413306e-12
1588.7644797054315,24.399781091981087,1.0257652940043804e-13
1590.7806614935646,24.458824356635414,-1.1671278146751753e-13
1593.4689038775343,24.53766518929121,-2.248503912326864e-13
1594.6168622126331,24.571373097456704,-1.971712548386661e-12
1595.4822802769263,24.59680072354762,7.066945468016752e-12
1597.5278025107946,24.656956893054403,1.4255474975001735e-13
1607.2135803454187,24.94284966254795,2.026119589994849e-13
1608.607483803067,24.9841354194459,3.0380513685317808e-12
1609.1872345674362,25.001317483923284,-2.940509512349948e-14
1609.8022581952869,25.01955169760407,3.8516829684501994e-12
1612.7891941756423,25.10820743476093,-4.769069387283235e-12
1613.9737476576188,25.14341187264843,-1.3532141846822479e-14
1617.1599735231375,25.238233448941624,6.093136899880561e-12
1617.8218132085015,25.25795314990126,-7.132418299503751e-13
1619.1102197157074,25.296364729770534,1.0606634021419616e-12
1621.4061363839967,25.364889252423723,-4.266495283906389e-14
1623.7005699477927,25.43346651559757,-4.030801826785547e-13
1624.4502701512463,25.45589497782439,-8.693005972753031e-14
1629.3525010991918,25.60280812831003,-2.0773884795706374e-13
1633.46975897971,25.726538741733137,6.903874115438052e-12
1633.733340534307,25.734470451741334,7.0489494937388295e-12
1637.6648172880584,25.852928561117995,-6.669365986962796e-13
1639.7601217855392,25.91617784013165,-7.877086599819484e-12
1641.2008412994264,25.95971460774705,1.510174479927297e-12
1641.8056440165956,25.97800239472608,1.0162957297460645e-12
1643.7427030889687,26.036619775316222,2.2059997924949257e-13
1648.0841419862243,26.168247191309263,-9.427244954738285e-12
1655.181241959785,26.384170769857416,1.566583941890371e-14
1659.0423338044034,26.502031089551515,3.163193928298004e-15
1662.228398845388,26.599492927211234,1.3058297530077753e-13
1663.2827250628734,26.631785979143277,-3.216570781090956e-12
1665.6722738433486,26.70505147699655,5.608638770428072e-12
1666.1452053727987,26.719564408677275,4.940148027741969e-14
1667.6446057778096,26.765604006243922,-4.001355860252904e-12
1667.6752685080198,26.766545947877834,-4.1924265895639633e-13
1667.9373669580248,26.774598169934542,9.781651234659504e-14
1669.4792949277994,26.82199509816814,-8.599455144592028e-13
1671.2289289480175,26.87582969200871,-1.2360258209886775e-13
1683.0846846555166,27.242105796599706,5.503858171796901e-12
1684.6998029196584,27.29220424787856,1.2110882624884646e-13
1687.2884807636144,27.372601229408662,-2.617737240467188e-12
1687.7277833539288,27.38625697175825,4.583199699344116e-12
1688.3558332788475,27.405786108326165,6.069102656950039e-13
1688.7072753510897,27.416717327638814,2.3675256785526596e-12
1694.5568524524376,27.598996082672322,-6.498016111921267e-14
1694.9389572548073,27.61092478709265,6.61253495349613e-14
1698.5468492713267,27.723690026898442,1.5202503105303655e-12
1700.8427659343622,27.79557411096506,3.2496516723291064e-13
1708.5664327177396,28.038111298756796,-3.3042153683144116e-13
1711.8067293335623,28.14018971829623,1.9235523024905612e-13
1713.0952966575455,28.180836947514482,4.1391202050216413e-13
1716.1920180714903,28.27864659423669,-9.439124616810124e-13
1717.9081839709029,28.33292760316025,-2.625482332948211e-15
1722.8234412044424,28.488693625654445,8.598910929393301e-15
1723.4837977835011,28.509654441446994,7.789076699777475e-12
1724.2700931323234,28.534623239912317,5.48897076224847e-13
1727.415274527455,28.634612321538544,9.49834367546788e-12
1730.3715477677013,28.728761918912472,3.117862764896058e-12
1730.993826094841,28.748600371798425,1.710506769385656e-13
1733.3584837378824,28.824051546142005,-5.399806986961028e-12
1735.8960570282647,28.905134663952808,2.864423383734627e-13
1737.1361643693822,28.944802980573527,-2.098005177819382e-12
1739.3852649726148,29.01681905970599,1.5403573411634517e-12
1744.1643625237148,29.17015486467357,-1.1275733109242075e-11
1747.0576663778663,29.263190043086638,-7.705790956669513e-15
1752.3830465715569,29.434832585539077,1.6402823097350937e-12
1754.806385105436,29.513112256587625,-3.5624394666933885e-13
1758.3907082674543,29.629092857209827,-1.4732842149542978e-13
1763.1187012661057,29.78244200187309,-1.4529398150318453e-12
1765.5654478280944,29.86196219998663,-2.0377197363881883e-12
1766.5976882980829,29.895543485382955,1.4734693197620477e-13
1766.9491303696225,29.906981226966888,7.978998452551785e-13
1768.353254731191,29.952701395297627,1.2409719491785722e-13
1768.4645232778098,29.956326001091274,3.6634370243137205e-13
1769.2552679387338,29.982091311527558,5.030394732535709e-12
1771.0780922492884,30.04152937473422,-8.29779145576343e-14
1772.4838605352777,30.087410013059003,-2.4659913569165503e-12
1774.6391682014087,30.157824368065693,-6.49016477957643e-13
1776.6349081590438,30.223101914707748,-5.4682323468133915e-12
1778.2337122717715,30.275449239459785,-3.967669328072164e-12
1778.6319704006776,30.28849615329892,-1.5975829087958873e-13
1780.214782006223,30.34037785271524,-1.162342228517487e-12
1781.7084108097647,30.389378623376448,3.3732961928996387e-12
1784.5547377836242,30.48287049507823,-1.6186014222042069e-12
1786.4875083560055,30.54644031374893,-1.6381303823017208e-12
1787.704368487118,30.58649876972393,3.4836323464160545e-12
1794.622781190727,30.814768008165107,-2.2283005629686794e-12
1794.7325666329536,30.818397425351733,-7.300912129364165e-12
1795.3944063151869,30.84028200914419,7.223972181977245e-13
1796.7883097657905,30.886399619123484,-1.0821765807043338e-12
1797.122115405425,30.897448965760415,-1.8992679106209416e-12
1800.0988304607963,30.996072385520485,3.421998916486699e-14
1800.8953467182043,31.022489948022177,1.6826454318878325e-12
1802.463648920168,31.074539016871125,-6.304810800975847e-13
1805.8971421756323,31.188648525103556,-2.30968682478451e-13
1806.6351383611448,31.21320361529391,-3.037351978964178e-13
1810.436227014805,31.339834825215405,-5.0974579409979525e-12
1811.2269716749672,31.366211497769196,-8.762043599523884e-13
1817.0720994457893,31.56154321433639,6.228514424993324e-13
1820.9127494546096,31.690232176542732,-1.2453413770993987e-12
1823.7898999762858,31.786815104174778,1.6027492337588054e-12
1826.886621382079,31.890939182194597,1.5416364941382224e-12
1831.3803732660829,32.04235113776304,3.9377930672867365e-14
1831.520982258539,32.04709480263127,4.383890891831731e-12
1833.1197863693014,32.10105858038569,-3.487913038313494e-13
1835.3629545502502,32.176850690114804,2.3840253772398572e-14
1836.673446794851,32.22117246187452,1.8862024860417328e-13
1836.761307312598,32.22414509811886,1.6071578155638141e-12
1837.868221180003,32.26160814268566,-7.24501957767466e-12
1839.6722475922545,32.32271304191177,-8.052084784801031e-13
1842.7836392199922,32.42824109159391,-7.395187382149818e-12
1843.0516700861651,32.437340149230515,1.2768509471054633e-12
1845.839476984429,32.53205851766734,-8.434032192926792e-14
1853.3303857386193,32.78727837481562,3.003055798548492e-13
1853.769688327197,32.80227777017074,9.615839202568475e-12
1854.062449506091,32.81227568037265,-2.4735669987773063e-13
1854.3260310592336,32.82127844541889,2.046745880757311e-13
1855.5048129368631,32.86155601329227,-6.24657706225743e-12
1858.548785865915,32.96568331937508,1.0488127098754995e-11
1863.1948507536442,33.124943573895926,-3.288023997683989e-13
1866.8948917663809,33.25205994864726,-8.089221830896291e-13
1868.8804108099814,33.32037721552454,-9.62886623198365e-14
1883.1784637048456,33.81448560039146,5.2855704288242594e-12
1883.6176054729256,33.82972095386466,-2.3005355788789077e-13
1884.6719316848607,33.86631369541436,-3.6533734872666965e-12
1885.966270600838,33.911264612054154,3.060243106567923e-13
1887.6399089290453,33.96943391607058,4.685001780529736e-13
1887.957561240739,33.980480128393324,4.817472513439868e-13
1888.9283154276625,34.01424917618081,6.48014146915125e-12
1889.367618015925,34.029536638968814,5.664096086885741e-12
1889.714610773569,34.04161428875321,-8.37625895173963e-13
1893.0163936564252,34.15664919710518,1.4859898547138316e-13
1896.4441153083612,34.27628429611737,2.0915217502175103e-12
1897.1469994494773,34.30084325455272,-1.4907763875272378e-12
1898.3989716207598,34.34461003611328,-7.443824640439029e-13
1903.3318652661508,34.51733646638779,2.129362588458521e-12
1903.6773749193799,34.529451365353594,1.598103068516787e-13
1908.9485235160962,34.71455081737766,-2.1744684030221198e-14
1913.0074221175748,34.857430197973635,4.231049425114637e-14
1914.541934557013,34.911526414666426,-1.997360810430328e-12
1916.4966300485075,34.98049817573655,-7.492640455544975e-12
1917.1246799701714,35.00267396349139,-3.027753701874692e-12
1927.0155192102256,35.35286743184675,1.1803086732939828e-14
1931.6073525128843,35.516057651783505,1.6137198877966636e-14
1936.874051793905,35.70371030757059,8.879654021918326e-12
1939.297390318381,35.790225572899125,1.5745649829982122e-13
1940.0762701419455,35.81805522303843,-5.613925733415385e-14
1940.691293764923,35.84003812935239,1.5448475169122723e-12
1941.2710445246817,35.8607666507475,-1.4339480572012303e-12
1941.886068147645,35.88276309284371,1.726151698535668e-12
1943.67822972168,35.94689984169271,6.054705559220041e-12
1945.6592994494233,36.01786596409196,-9.670096774097639e-13
1949.2437834174264,36.14645353072443,3.4915994521452003e-12
1949.5952254876422,36.15907368695321,-1.7605791901551905e-12
1951.592287722228,36.23083065902917,-4.2898102272020154e-14
1953.9511737571681,36.315683055861484,-1.567883450392017e-13
1955.9424643945538,36.387392321525695,3.598557404405859e-12
1964.7570524930238,36.70569571002635,4.0399051837045135e-13
1966.5098135306455,36.769160217897245,1.506188116503326e-14
1968.505553480553,36.84149148342038,2.18960166290126e-12
1968.9872228125012,36.858959534193644,-1.6423257873785306e-13
1976.6230290340545,37.13644788888645,-5.209383981556483e-12
1978.973177262291,37.22206939966509,-3.7810949192756064e-12
1982.913391790957,37.365849103721175,2.6006013644929956e-12
1985.3029405546192,37.453183820840735,-7.868749539386387e-12
1987.5475918334223,37.535318541861706,6.721105507895602e-12
1988.3383364908827,37.564275028186074,3.989078430341871e-12
1993.051659244736,37.73711237096442,-7.646439285785768e-13
1993.1174340176776,37.73952722427655,2.4930296878973507e-13
1994.4353417799834,37.787929651429636,2.9940780431002814e-13
1994.6446917535843,37.79562133377433,-7.463013383775037e-13
1996.741479338659,37.8727034917986,1.8876292815360457e-12
1998.5643036409915,37.93978001042762,5.322572174161324e-13
1999.8469385400022,37.98701525760222,4.1395691625170096e-13
1999.9700719206573,37.99155145146168,-9.253500595436399e-13
2003.3127384369907,38.11480090512226,-6.027464166106514e-12
2004.1211195258313,38.14463811356534,-2.0519241146800833e-12
2005.1474275736723,38.182536311652605,-4.699735411413721e-14
2009.093574517899,38.32843533200739,-4.440093464949665e-12
2009.1946221539952,38.33217508501228,1.2658102341396692e-12
2011.0906367504697,38.402381084402094,-7.380801656614776e-14
2011.8813814076245,38.43168049999956,9.67537550165921e-15
2015.1905798049236,38.554420996461324,1.3072125041961211e-12
2016.3632684415948,38.5979652511822,-8.024355466483535e-13
2017.505455168494,38.64040126182613,-9.462968119805214e-14
2018.1775157579018,38.66538176320591,-1.0499206709063436e-12
2021.4880364389528,38.7885552955655,-6.028603553315552e-14
2022.1089924783537,38.81168150232739,-8.361561021519278e-13
2023.7020249864502,38.871043145092834,1.6383309027019231e-13
2029.949860173987,39.104309280781585,-2.365839772243545e-13
2030.7712675608773,39.13503042939767,-3.828244625688569e-12
2034.1315705071377,39.26083727753594,-5.147791151870117e-12
2034.6542842987628,39.28042592597702,-6.143917987128055e-12
2037.0438330604209,39.37003812783178,1.161630128794478e-12
2038.7131828914921,39.43270403375119,-3.28789786508085e-13
2047.0810528693337,39.74759999808607,-1.8020605159871753e-12
2048.398960630505,39.797312486919544,-4.673055366707769e-13
2053.0199735494853,39.97187339589484,1.9439273633056475e-12
2053.3714156191013,39.98516537862636,4.94905944086144e-12
2053.6818132285325,39.99690690017141,9.829290041395553e-13
2054.3728325332195,40.02305270844869,-9.888689100595002e-12
2055.697994995597,40.073216933925245,-4.8030341259757974e-14
2057.2661363699385,40.13262095119306,5.4767096607429625e-15
2058.3043092514595,40.171973729611146,3.809569540516491e-12
2059.007193390634,40.19862838972623,1.6450223678093704e-12
2059.3452875213643,40.211452782944164,7.122296948579493e-13
2061.8886323926154,40.3079929840308,1.7400258530512861e-12
2070.537881171459,40.63719251536694,4.791282718455594e-13
2071.5114407437654,40.674333505495504,1.645828787262012e-14
2076.8940186918676,40.87999226171907,2.0209166290436933e-12
2077.7065274522724,40.911083141114375,9.027925605003454e-13
2079.1414753558442,40.966021534998234,-3.757679616100793e-13
2081.638004169147,41.06169399955187,-8.070214981344692e-12
2082.9910239725373,41.11359266079348,-2.343976121890311e-12
2084.5840564791583,41.1747408710848,-3.7344608427020423e-13
2084.9280830270286,41.18795239393325,6.027721883192118e-12
2089.4569469334256,41.36207592053892,-5.117073759149181e-12
2096.366621793403,41.62846364671384,-3.6131474274846996e-14
2098.3870920519175,41.70652473635492,-1.3069093050452722e-12
2099.3535577427137,41.74389083227313,1.4693129031542407e-13
2100.4370635764653,41.78580246438775,5.561357839466628e-14
2101.3390767784845,41.82071018445751,-2.8795341374014846e-12
2101.967126698256,41.8450244342016,-1.5841520824994223e-13
2110.307300146986,42.168593816705204,-2.4320885196099312e-14
2110.6646746335723,42.18248731759216,1.9833611550141645e-12
2111.103816399991,42.19956287300276,1.4756499704977834e-12
2116.4087547376935,42.406120353663944,-7.658920755937047e-13
2119.7660914710823,42.537112259044896,-1.5881834547337431e-13
2121.386981318408,42.60042820933292,2.9937805671071647e-12
2125.8851824925455,42.77639254164872,-2.7932219394074063e-13
2126.7065898782794,42.80856527637959,-2.6005163369301763e-13
2126.81637531986,42.812866274126186,-3.712414115452376e-12
2130.0668928198234,42.94031043135103,7.1514401686505505e-12
2132.8546997045432,43.04976797833692,-1.8516625934627612e-14
2136.124336740108,43.17832601941946,1.8068064071556299e-12
2137.7173692455444,43.241033413083656,1.0847758474143295e-13
2139.9722414291773,43.32987307110608,-2.552038124959869e-12
2141.325261231463,43.383225628340426,-2.04445094265092e-12
2142.028145369808,43.41095521085993,-7.494888378215373e-13
2146.0985871503076,43.571717743560185,2.165415693440117e-13
2149.1559080035404,43.6926676674959,3.5690769560113885e-13
2152.996557990598,43.84485069077935,-9.677675539567426e-13
2157.7756555057317,44.03459844611388,2.9431540163366922e-12
2159.093563264836,44.08699824095838,6.05530596030748e-15
2160.652806011008,44.14903479423972,3.694404145886418e-12
2164.270918905805,44.29315877416743,1.7580051840440066e-13
2165.0982587083786,44.326148918780625,9.086300246064649e-12
2168.7572552428524,44.47220246509292,9.19783130332338e-12
2177.0814361770963,44.80539157143276,-6.606368008770988e-13
2179.418236459559,44.89915532013114,5.583826317940154e-12
2180.2089811148035,44.93090660470697,-9.257391497745878e-14
2181.1093503913107,44.967073741931884,1.7868057001743995e-13
2181.8077852163483,44.995139613300154,-6.675747098489862e-13
2182.8255162761398,45.03605215592388,2.6583004244992205e-13
2184.2194197175486,45.09211769871773,1.204436393687824e-13
2188.243045438688,45.25415662090177,-2.1055070176359215e-13
2192.682565717236,45.43329044737178,-1.6585178351329567e-13
2195.1204136350693,45.53181158271018,5.2343217721565594e-14
2195.9917641060497,45.56705216552795,8.21621002116299e-13
2197.2157181097928,45.6165769383371,1.866394528428841e-13
2203.1604103747122,45.85750914469717,-3.748535367933895e-12
2204.3025970986128,45.903875340382235,2.5230430806723897e-12
2208.3438592502844,46.06812021896878,4.586934552359503e-12
2214.5066392929916,46.319166971069784,-4.3919415924442804e-13
2215.8245470511547,46.372944010244936,1.4968496308661113e-12
2217.417579554969,46.437990186047244,-9.672893297038652e-15
2219.156992647355,46.50906671331431,1.5454198492950242e-14
2223.8409749399793,46.70074240502602,5.42648517266821e-12
2227.333149063268,46.84391046947828,-2.6552458933160976e-12
2228.0360332008495,46.872753648065846,-5.979024642188349e-13
2229.692035088759,46.94074443684606,-5.47820622617808e-12
2234.3249128309785,47.13122574039176,-3.4032054257011624e-13
2235.708595361548,47.18819268364408,1.332575966344449e-13
2236.5797850118693,47.224078116340905,-1.6660838518423401e-12
2237.4011923964495,47.25792575812726,-1.0069521180894713e-12
2238.0147329124466,47.28321596199155,8.401280103985374e-13
2240.1889992773904,47.372895275508,-2.600057573100775e-13
2241.2433254836,47.41641313482451,-4.118458317516154e-13
2241.2842091234493,47.41810104060251,9.350074959327128e-13
2243.1510440882903,47.49520725196003,7.510620999420523e-13
2243.3750642840687,47.504464311389,-5.050976497604824e-13
2244.4293904902393,47.54804404856735,-9.154670777256262e-12
2245.394373074904,47.58794878528947,-9.132501062197778e-13
2250.4678756862254,47.79803452028909,5.633740212111467e-13
2252.9320978395444,47.900245148721524,1.9870452865486476e-13
2256.463833317405,48.046928970482206,5.818005734081369e-13
2257.6365219502322,48.09568514303008,-4.161812709346643e-14
2258.2574779876513,48.12151251832914,-1.4364930522408371e-12
2258.308582537453,48.12363842215513,7.688369361860402e-14
2263.3822459682538,48.33493779028375,-3.721474197487562e-13
2267.2710342911114,48.497212489183696,6.055365701766116e-12
2267.3809805527317,48.50180447050104,-6.041269149849356e-12
2271.223113638559,48.662413657864825,-1.0529618438277424e-13
2272.1600780612157,48.701621970072374,-2.737521639708375e-12
2272.775101681281,48.72736710480175,6.922996506973835e-13
2274.965521372568,48.819115547636656,-2.871186586849124e-13
2279.9864363280835,49.02975627515268,-1.4633399866652463e-13
2280.857625977964,49.066352274479094,1.8570585032699364e-12
2280.888288707837,49.06764057620578,-1.6420842996963965e-12
2285.4786388829707,49.26070057672829,-3.530853768857531e-13
2286.831497862631,49.31767289467421,-4.568432622644227e-12
2287.9515988409617,49.364868696009864,-8.765912755960328e-12
2288.617887830935,49.39295395141035,2.304039802531362e-13
2289.369071129414,49.424627458558334,-5.230558789919907e-13
2289.6722140365664,49.43741236783072,-2.079828018852519e-13
2295.2478277950618,49.672863144500106,-6.758566387939329e-12
2298.28322371859,49.80128462816491,2.2952645362062215e-12
2300.280446763725,49.88587568533847,7.321462482122124e-13
2304.3802289822747,50.059749466816385,7.58316214782691e-13
2305.416757935978,50.103758205096405,-2.1231132703919098e-12
2306.563233151241,50.1524580709561,-7.419055454051485e-13
2311.8111345092575,50.375687000871636,2.1324424874991523e-13
2318.4366251587917,50.65823872109857,2.695585581580571e-12
2318.9797807684095,50.68143808319017,4.682283006857818e-14
2322.4192064136637,50.828469623967855,-1.2419735926691496e-13
2324.2642772728414,50.907434111382024,-1.0432254351433105e-12
2326.728499424163,51.01299455392549,-3.794735159198265e-13
2327.450342276558,51.043937482013604,4.9129315787963525e-12
2328.825287000059,51.102903201122736,-1.0804960105526422e-12
2330.1079218935047,51.15794152694971,4.707292430914742e-12
2330.735971811531,51.184902427880765,7.90270495517794e-13
2331.696505082344,51.226150214381306,4.284535808243561e-14
2332.304113180455,51.25225125561794,3.8048715696563674e-12
2333.006997317216,51.28245355667645,1.913547077722069e-13
2337.639875054141,51.48175183757766,-1.6080889992984237e-14
2337.969231378057,51.49593522227657,1.7989825454042962e-13
2347.252301642261,51.89652277295219,1.0186976900779619e-12
2350.133901454184,52.02119382232911,-5.941274451297279e-13
2351.937927852803,52.099322023922646,8.827253034057053e-13
2352.9846777159423,52.144681818243534,-5.508032897250357e-12
2354.1928000308,52.19705960693604,-9.757969936577881e-14
2362.855075076988,52.57339748644262,-2.193604081536364e-12
2365.0103827234107,52.66725089694694,9.287755007042365e-13
2365.0206036333593,52.66769617288555,-2.0645743839389047e-12
2367.1584356684625,52.760873538637256,-1.2431643604507635e-13
2368.604926761045,52.823966576249106,-3.1184998192685544e-12
2370.3445006707884,52.89989434532804,-2.8943193190482126e-13
2370.673856994595,52.91427614792925,1.1984672712704362e-12
2380.482768073994,53.34351183755034,-3.6313646533282373e-13
2381.245494565786,53.37696283860119,-1.3235919616702366e-13
2383.3013985007415,53.467182273697915,-3.3357044878961264e-13
2386.0481609173225,53.587840220480366,-8.497597529054321e-13
2387.452285265542,53.6495733392006,-7.803893549198094e-14
2388.2430299189614,53.684354859060534,-1.764948264351827e-13
2389.3499437775536,53.73306267455128,2.6705674798136963e-13
2390.2343205450156,53.77199435301027,1.359681317532964e-12
2396.524683268571,54.04932184998676,-1.6338233127312983e-12
2398.259647044678,54.125940618808144,-7.291188264662145e-12
2400.366816349254,54.2190711448372,2.694993642221368e-15
2404.214721026808,54.389347973502765,2.578973691913206e-13
2405.942430101466,54.465890987580345,1.1038071911218732e-11
2407.695191129147,54.54360007001582,-3.473652035963854e-14
2408.5955604034116,54.58354016033977,-1.1460919228712231e-12
2412.527037104992,54.75811415984817,-3.236621151116844e-12
2414.1611140654772,54.83075777133233,1.4367838493782947e-12
2418.3546892136064,55.017410091543816,-2.9402457320539057e-13
2418.940211566771,55.04349694653533,1.0554911303986484e-11
2431.116746467815,55.587430984681525,5.945057836967791e-14
2432.715550565031,55.65905349271422,5.037587038627138e-12
2435.7069358157846,55.79318669336068,7.530513372228867e-13
2435.8300691957797,55.79871150513881,1.7211513582270394e-12
2437.265017093398,55.86311607706264,3.656718847158822e-13
2439.4392834538685,55.9607756564722,-5.290388657281036e-14
2440.011779508589,55.986504433596004,6.142345369854122e-12
2444.341514334038,56.181284293229204,-9.357579410299814e-13
2444.433663343738,56.18543351280294,-1.9441322748768513e-13
2447.925837459037,56.342791912905746,-7.709398908811098e-14
2450.6551242627042,56.46593077773249,-3.031894562446143e-13
2453.4078190948044,56.59026474266165,1.4954399793569593e-13
2457.097799988225,56.75715308839465,6.66188826983787e-13
2458.9001824604748,56.83876138844351,-1.6636183271294125e-12
2460.9559255737176,56.93191440542788,2.8681203206441455e-12
2462.67341373754,57.0097995775006,-1.6471540996426602e-12
2464.887402273426,57.11028036748178,-3.778367013263061e-13
2465.1376358855878,57.12164277731891,-1.938810723241831e-12
2466.6312646743063,57.189488281382445,-1.2212542143857534e-12
2470.861274147272,57.38185213662079,3.239775379959886e-12
2477.85303789768,57.70053213629706,-7.415067635204419e-13
2485.3907626448126,58.045105389518675,-3.6091009800403634e-14
2485.8182003951765,58.06467627944975,2.806670552713828e-12
2489.385208727849,58.22812843236967,3.962411503365554e-12
2490.768891254875,58.2915964477112,-1.551541238117485e-12
2491.557991983013,58.327807432977735,6.1649531722513005e-15
2493.0750287998835,58.39745484620736,-9.781753281547075e-12
2494.8671903616346,58.479787905363374,-2.266847314650417e-12
2494.8978530914437,58.48119708575789,5.399553160523014e-13
2496.3036213628184,58.545821187248464,4.79518940048194e-12
2497.748629349382,58.612287105543984,3.165339057106141e-12
2499.530730821357,58.69431125528314,-6.393237565740472e-13
2500.454668943606,58.736860053981076,1.0633117916978422e-11
2501.6624696163594,58.79250488205872,-1.4430509232243059e-12
2503.0682378876545,58.85730415470113,3.214733570918958e-12
2504.5617058556563,58.926185848834685,-6.477555855882038e-12
2505.5281715421493,58.97078305330785,-6.55945082307105e-12
2507.4241861276064,59.05832393796002,-1.326418637126985e-13
2508.544287103569,59.11007123309158,3.140521478098334e-13
2510.307269039591,59.19156565682252,2.2394057858462277e-12
2511.524129158332,59.24784881588755,-6.773989691668947e-12
2511.9983829655794,59.26979175807488,3.411042055225013e-13
2518.4425417920174,59.568362996135164,4.332963978126188e-12
2520.2858079030602,59.65390603291556,3.976540580233806e-14
2520.326852363029,59.65581155309298,-1.026674182432354e-11
2522.1308787588464,59.73959550362232,8.264981946619896e-13
2525.7694334599723,59.90876239085834,8.612427030237769e-13
2526.2834094430514,59.9326782722218,1.2259770419584497e-12
2527.362465958873,59.98290381951966,5.021789400604956e-13
2532.938079704868,60.24276695347081,5.040255837192214e-12
2534.049442874971,60.294632805335105,4.758669713888563e-12
2535.0467321112606,60.34119434607468,1.70378401058036e-12
2540.4276661074955,60.592736043005374,2.3322597675669933e-12
2544.599155506642,60.788107030799466,-2.7376962620488816e-14
2544.7325097964545,60.79435794337723,2.4215658007677946e-12
2545.653481709744,60.83753696334023,3.374936737970909e-13
2550.706381666319,61.07471609045683,-1.003159430390862e-11
2551.145684250924,61.095358828435074,4.961203067736816e-12
2553.6186442027747,61.21162903930747,-7.296395249703583e-12
2555.3407424984266,61.292662813568974,-8.524446713839547e-12
2557.5941315680193,61.39877911979761,1.7662927010799736e-12
2560.5810675026837,61.53958368498586,-2.1970313503729853e-12
2563.704163115456,61.686982589546695,-6.065639107916498e-12
2566.8714302169546,61.83664972984559,-2.4828195279822057e-12
2567.8449897840446,61.88269178198567,2.957714802216974e-14
2568.5404583977743,61.915592912587876,-3.837227103376787e-13
2570.0985396736482,61.9893347402186,-4.808807495409741e-13
2570.25662427599,61.996819164136916,-2.9584393319397723e-14
2573.577365846508,62.15414415051931,1.9733246773767498e-13
2574.264096654586,62.186704373821314,-9.642315882281289e-13
2578.709549333491,62.3976884084192,-5.708272752911059e-12
2578.9027459785366,62.4068658991166,2.963795341879208e-12
2579.3245729518035,62.42690648915891,1.2146339519965632e-11
2588.0862516918146,62.84390643228294,-1.0337652008993806e-13
2590.3412846853766,62.95146041176825,-8.230920170751429e-13
2592.7001707027243,63.06406791221696,1.8723054932938949e-13
2595.4660526501616,63.196234963795305,-4.34282760406773e-14
2598.1600665875826,63.3251032937788,-7.687063669468094e-12
2598.56277402501,63.3443783159158,1.978890598707131e-13
2598.652117646207,63.34865502693018,7.777620221589326e-12
2601.660978504094,63.49276939334067,2.213482308752504e-13
2606.998223469457,63.74881584348385,-1.0277596064304537e-11
2607.4373652336417,63.76990638493963,1.4969575423806416e-12
2611.777320963085,63.97853128462788,-6.585522722911655e-13
2614.073237595955,64.08903802803117,1.4686086193356835e-13
2617.9138875653243,64.27411273682259,-1.5850368283127334e-12
2621.7560206388935,64.45953078736444,-1.6161505902953988e-13
2622.2187312517294,64.48187915117981,1.447417488819371e-12
2622.3415429910756,64.48781147218524,-3.2042881823563255e-13
2624.0108928116597,64.56847561011348,-6.130471013058181e-13
2629.188248429103,64.81897550101019,-3.3275759018748174e-14
2630.582151864536,64.88650214328689,-1.6129156684895513e-12
2636.3409021613943,65.16586000726876,9.97547075504606e-13
2637.452265330622,65.21984272851164,-1.4162855738872905e-12
2638.361694049263,65.26403372728132,3.8837573398700325e-12
2638.401094584655,65.2659486240868,5.09925693039228e-12
2639.532899573716,65.32096743989439,-3.781411758669407e-13
2647.081006041453,65.6884961677615,-6.892084545517049e-12
2648.968443639458,65.7805623879761,-1.545955839810325e-14
2653.448847538379,65.99937217806128,1.739577556028611e-14
2655.427111861768,66.09610248752092,-3.1377726495163447e-14
2656.809150462478,66.1637221868406,-4.5398833612820845e-15
2658.040680802704,66.22400753785188,5.751146244637876e-12
2658.602955946503,66.25154108193263,2.230711525473169e-14
2658.81230591859,66.26179403961949,-1.7004611292497118e-13
2663.1931452861236,66.4765317530041,-4.83010086518601e-12
2663.8960294209037,66.5110182742148,7.674159595857703e-14
2665.090803793838,66.56965993020938,9.330531389864296e-12
2671.3063322847374,66.8751533667614,-2.1249282827165593e-13
2673.4149846889504,66.97895537138736,3.4233123284090783e-12
2677.1033216514807,67.16071696643671,7.659997090352558e-13
2691.453962063511,67.87030217481745,9.406345525532297e-14
2691.9868967614925,67.896726847916,3.0760934756005475e-13
2692.3253125305087,67.91350934212542,-4.257489554170368e-12
2694.117474089558,68.00242021808124,-4.582388822541963e-13
2696.4323494366313,68.11735099812677,-5.381264753333664e-12
2698.382595597827,68.2142549890852,4.193018650648956e-12
2698.8218981819605,68.23609276027514,-1.1370541264980888e-12
2699.0899290453613,68.24941834489941,2.2181368260720186e-13
2701.562888994549,68.37242794944194,2.2878341823384196e-12
2704.473829243736,68.51736785107494,-6.620983772154969e-13
2705.0638009085033,68.54676241217824,4.380821769867271e-14
2706.160654674592,68.60142874730869,-1.681560162316513e-13
2706.410888286292,68.61390329978143,-1.0055140516029524e-13
2709.2573760470204,68.75588653072677,-3.2318733208063674e-13
2712.1580953861385,68.90072838673618,-7.756368748981263e-12
2716.937192876258,69.13970149596888,-3.4078827906825946e-13
2723.6666973473284,69.47691571102527,-2.6935212742923687e-12
2726.4545042163722,69.61685656642142,4.358250815809718e-15
2729.14867897156,69.7522333578193,9.25572731300875e-12
2730.554447240496,69.82292343317096,1.2062278275669234e-12
2732.9133332555316,69.94162351597681,8.63326873253748e-12
2736.1404427084353,70.10417897891068,-1.0088561031799787e-12
2741.0616322930464,70.35243771511368,-3.0863570544420808e-12
2741.874141048176,70.39346916732214,-3.106741998038201e-13
2746.7061478317323,70.63773528897983,5.279418867595988e-12
2751.057807571258,70.85808713832681,5.071035735706046e-13
2754.5910261383774,71.03725276436059,7.44354781618324e-12
2754.642130687964,71.03984590694726,1.3816214306934424e-13
2758.2325470420456,71.22215092094775,-2.212942812960284e-12
2759.61622956635,71.29247141768063,8.665105821233018e-13
2760.1651567710087,71.32037836370905,1.2792380149621707e-12
2761.9223671068303,71.40975061849568,5.462948922577849e-12
2762.554705515351,71.44192546008888,4.4973861201196886e-13
2765.1509596634464,71.5741060827832,-2.6780337345685727e-12
2765.988359551205,71.61676631115904,4.8227219125419735e-14
2766.5959676471884,71.64772818766444,1.437537049154754e-12
2767.0426857526613,71.67049593331744,3.832932397765075e-13
2767.1054943164663,71.67369737301846,1.8414002830784077e-13
2767.913875399003,71.71490816556955,8.751041365817133e-13
2769.3020072361437,71.78570239368983,-5.93841719959802e-12
2770.9008113292816,71.8672848158686,2.4633123521637866e-12
2774.211331985275,72.03636095250101,2.6139805075205623e-13
2774.3755098248516,72.04475115811816,3.663340677554605e-12
2774.7091546403058,72.06180339714916,-4.205547088136971e-14
2777.1911740343653,72.18872119015695,-9.622767738113891e-12
2780.371467429483,72.35151100672698,3.783154405311611e-12
2783.165045894526,72.49465973590254,-4.634229434131406e-12
2783.955790545536,72.53520522939948,1.8182294026105758e-13
2787.289880049939,72.7062875939313,-2.4198824876421953e-12
2795.130747686103,73.10943359790214,-6.846855355413925e-13
2796.0266676448123,73.15557030678896,2.461181475657217e-12
2797.0223129547403,73.20685986461459,6.371950972414487e-15
2797.9024012267605,73.25221183503069,1.5824805834695024e-12
2798.564240901041,73.28632660106054,7.949772078407344e-13
2798.8673838069353,73.30195490635994,7.860802512977418e-13
2800.7137769431843,73.39718087539156,-3.9293674423084784e-12
2803.8940703378485,73.56134872056681,-9.515309665618e-13
2806.1957585647865,73.68027887740105,-2.1418347120949156e-12
2813.364404795699,74.05131411236806,-4.659089478299384e-12
2813.5798480050344,74.0624796876087,-1.3523969742806732e-12
2818.7527543031347,74.33082782469572,-2.231831542124125e-13
2822.430870352348,74.52193251417252,-3.6161200052369864e-12
2823.641798051211,74.58490348036119,3.005989488773754e-13
2824.1880806875065,74.61332024846735,4.760730518207576e-12
2825.1588348645237,74.66383092584606,5.598778248313683e-12
2825.7868847801165,74.69651912364851,2.1654082107893938e-13
2827.7724038026213,74.79990749241752,-9.025897201531792e-13
2831.6145368709294,75.00017821762518,-3.663120183314549e-13
2832.5515012893247,75.04905861798744,-2.75468637139497e-12
2834.0449692538928,75.1270046260491,6.744593347383222e-12
2835.7187683851002,75.21441117633843,1.3866025314478983e-12
2836.7508480215247,75.26833256491948,-1.7677235067827842e-13
2842.934230671648,75.59179664412996,1.1479495728908532e-14
2843.5858494358417,75.62592503711275,1.0333565304364347e-12
2845.2769633579373,75.71453325577072,-6.14868277992728e-14
2845.4000967375673,75.7209870545454,-5.947288083411859e-13
2846.993129232988,75.80450796271761,-7.044607238312989e-13
2848.1719110976396,75.86634026817374,-6.78346588757246e-12
2850.021109621739,75.96339045474551,-1.8440691586772973e-13
2850.5263477980757,75.98991747105836,5.056235467060678e-13
2861.5475088249395,76.56974234468136,-1.0456402397465036e-13
2863.827111306752,76.68995182223367,-6.398184157359857e-12
2865.2841449443304,76.76683521045638,-2.7283190013581155e-13
2868.512576678747,76.93732939876526,9.555811477350631e-14
2872.5114720641172,77.14877813258484,1.045079393680968e-12
2875.845561566805,77.3252992503254,5.7397955599989416e-12
2876.816315743537,77.37673366432259,1.8816346840648423e-12
2881.5954132289153,77.63020233279934,-4.022986434607147e-12
2882.217691547314,77.66323702309231,-8.677603547356741e-14
2883.7858329096716,77.74651607911508,-1.4023439026406282e-13
2885.526889917088,77.83903120663899,2.157905261268718e-12
2885.6190389265016,77.84392931520529,-5.3114055933692485e-12
2885.7771235285177,77.85233254300059,2.1899080617859056e-12
2891.0660693230307,78.13373985332602,-8.083472266954166e-13
2896.3444725670215,78.41509997049577,-5.500330148170242e-13
2899.429489921708,78.5797814389755,-7.324938662739302e-13
2899.8762080268375,78.60364225195292,9.927575566728148e-15
2903.0622730167024,78.77392799034654,8.188969173105911e-13
2904.0287387006047,78.82561968268882,1.7999038654976698e-13
2904.9291079716763,78.87379167068345,-1.1625691535372498e-12
2906.457687978283,78.95560868689805,-3.1701537767578605e-12
2907.2090320934076,78.99584004565978,-2.168979446405787e-12
2907.3186567140156,79.00171085837748,-2.5844797313936396e-13
2912.57958434634,79.28371364450115,-1.1020162138779674e-14
2916.7672270624644,79.50854930538802,-9.220970008818012e-13
2918.1729953298554,79.58409780207455,4.069146529972949e-12
2924.274449877718,79.91242274305918,1.752362659676614e-14
2926.576138103104,80.03645686707412,8.322706906527933e-14
2932.1636166689837,80.33796272696344,-8.918247656721225e-12
2932.55000995821,80.35883415023027,-2.8098043788903796e-13
2935.3907261181607,80.51236273297032,-2.0393425133251718e-13
2938.326396675838,80.67117938056799,6.003225891840367e-13
2940.9252953894875,80.81190950997481,-4.491502853108443e-14
2941.7160400397947,80.85475294786778,-1.4929842099819825e-13
2942.2623226757373,80.88435788501295,-1.91182512215134e-12
2946.618270903082,81.12061839534897,5.396208175627777e-13
2949.729662493982,81.28958989410339,8.57986181678266e-12
2949.741366508193,81.29022584501357,2.687238681559072e-13
2957.0258914117,81.68652830781227,-5.9191895746626425e-12
2959.112297247765,81.8002158240772,7.032195950010749e-12
2961.172650487237,81.91256243476596,2.3776849498251253e-12
2961.220949648383,81.91519702170895,1.957771442310811e-12
2964.7569735996844,82.10819417681587,-3.116561280588579e-12
2967.1948215024254,82.24138671639845,3.286310831914933e-12
2967.2299335450543,82.24330587294925,1.9042142859236713e-12
2968.5478412953894,82.31535659299934,-1.1580323822495408e-12
2971.8276992180236,82.49480706812018,5.368166586612704e-13
2978.808920394893,82.87742957073768,-3.875848989595869e-12
2979.7928616896156,82.93142900749318,-1.0179938060551783e-11
2981.005433311986,82.99800037931921,4.331698276867491e-12
2983.147393010234,83.11566224720376,-1.6111864731583207e-14
2989.1799457548946,83.44749588710258,4.334111524929541e-13
2991.2007376385172,83.55880381524398,1.1745659798122173e-11
2995.979835121052,83.8223422279575,3.741778888200543e-12
2997.814524241121,83.92362603198707,1.6174807057219477e-13
3001.7606711497474,84.14168272942986,-4.821409262435345e-12
3002.136843528934,84.16248428695914,3.3290945813404466e-14
3002.195363599973,84.16572056061165,2.6973675359975776e-13
3009.1871273261627,84.5528326957704,3.894527212149279e-13
3011.4419994937352,84.6778699653194,6.822152808098326e-14
3011.911964806793,84.70394229687733,-5.203321861108839e-13
3012.2634068734724,84.7234419564943,-4.885756692886781e-12
3014.260469087993,84.83429156310083,-1.4423014083139622e-13
3014.7627410552873,84.86218240191923,5.391031477356272e-12
3016.6193550992994,84.96531932095581,7.145566290159624e-14
3022.102980639106,85.27031137964318,-4.4624968428206565e-12
3023.4383640002825,85.34466751961119,-4.156977401351669e-12
3030.3829900284736,85.73188427779763,4.826959010170721e-12
3033.369925954507,85.89870234421159,-4.170211495172962e-12
3035.952832160048,86.04308816598544,8.362456637410744e-14
3040.8669278554976,86.31812803012417,3.841313666653654e-14
3042.250610377682,86.39565241755051,-1.5041230971662927e-14
3044.5567479146357,86.52493810285462,-9.48279869340103e-14
3046.038511863353,86.60805980813272,5.373986638008957e-12
3047.4690104423257,86.68834407804485,-9.531895736467142e-13
3047.7853404663297,86.70610264542692,4.648633087980355e-14
3049.9332325811083,86.82673269887627,-1.884846698356658e-14
3051.2216390650583,86.89913304310134,1.8217530515009844e-12
3051.9363880327223,86.9393106284139,1.030812599541609e-13
3053.9276786498813,87.0512950107376,-9.151919162281818e-12
3054.050490388919,87.05820397644823,6.036872093782867e-12
3054.5557285647283,87.08662985972701,-1.0801613565883563e-12
3054.6376566641625,87.09123976958297,-2.4162314944255093e-13
3055.258612697945,87.126183588695,-3.3865800144836917e-13
3057.0098906137605,87.22477365871822,-6.358959530964555e-14
3060.6922951511006,87.43226286455136,4.329443390059412e-12
3062.515119436174,87.53506436577179,1.3917581977752688e-12
3063.00584820938,87.56275036699867,-6.566931893915101e-14
3063.480102015006,87.58951109639386,-3.7453549012968494e-14
3067.720493202051,87.82896787103236,9.666908222563023e-12
3069.5611147387167,87.93301167701996,2.1944115171115604e-12
3069.9242608195054,87.95354640767025,4.2005133298014486e-14
3072.763172232793,88.11416134696697,3.9436358125787416e-13
3077.765128444052,88.39751445890404,1.1884990577835746e-14
3080.718274610895,88.56502201346099,-1.0330515943782536e-11
3084.4197986835634,88.77520572926242,-1.8575779100038487e-13
3086.528451082923,88.89505422262728,1.6516961853526863e-14
3086.673348566274,88.90329270082363,-2.646735792750275e-13
3086.674831670577,88.90337702811428,4.264763398104171e-12
3088.518097775234,89.00821394675695,8.55307739813947e-14
3094.0061726261342,89.32072223205476,-3.126709304608661e-12
3094.493613550201,89.34850548217706,-7.797273249880228e-12
3096.21422873601,89.44661242452331,2.3475288222507648e-14
3099.9976809078403,89.6625310915432,3.921194606190062e-13
3102.974395923026,89.83259523823887,8.370013170525024e-14
3105.598185767341,89.98263158791703,-8.027801284687586e-14
3106.822461403202,90.05268281403178,-8.263799995491796e-14
3108.550009649745,90.15157751577355,-5.970957885757866e-12
3110.043638432467,90.23712564818479,3.3803535519233644e-12
3114.054077007044,90.46702828439182,-1.8584127907127517e-12
3118.3531490843707,90.7138061643483,-2.4068975025892308e-14
3119.3736855253633,90.77243760277487,-2.823711306906296e-13
3120.344439700938,90.82822677511643,3.1764159226330695e-12
3124.451476597553,91.06444996752424,-1.4425198474825339e-12
3124.5568127253655,91.07051264032614,5.849953123309907e-12
3125.745815498291,91.13896045595588,1.0587197835277942e-13
3126.8001416977813,91.19967707374296,9.603338387864405e-13
3127.0503753089174,91.21409055274015,1.1356910483506448e-13
3129.2305740771603,91.33971900613294,8.6436588806406e-12
3130.806291779386,91.43057027242475,1.177488337833259e-13
3136.772748107197,91.77499313000936,-8.253335744876817e-13
3144.181889488106,92.20360995896911,1.815041549650006e-15
3144.2534358573807,92.20775382664132,5.914096047881304e-12
3145.659204123256,92.28919312603712,1.5267592387490126e-12
3145.6636534361674,92.28945094247445,-1.0508168540153837e-12
3147.596263161271,92.40147092729325,-2.7469505000767444e-12
3153.1426972615363,92.72334131601019,-8.157623110766795e-15
3154.9365027407152,92.82756061884335,-1.1558030007318094e-13
3156.938014266868,92.94391751605332,-6.050025393894075e-13
3158.4799422103833,93.03360706844548,-9.963225827122918e-14
3159.526692067978,93.09451848058896,-4.899284058909698e-12
3160.317436717483,93.14054607834836,-3.316348132558654e-12
3163.698181452121,93.3374620733129,1.2246375646248206e-13
3167.8493898366346,93.57954273019526,3.703843792950913e-14
3172.8760763583086,93.87310242820364,-1.0051704263592592e-13
3173.7004499460627,93.92129046907414,1.4031390857801285e-14
3174.474880448181,93.96657053422355,4.143918603298087e-13
3176.165994367559,94.0654864323331,-1.1736861116026555e-13
3182.104914993391,94.41328054735612,-8.991109471825419e-12
3184.6525483344226,94.56267377488923,4.158566985678686e-12
3188.9339839790596,94.81400646918493,1.5550493772268576e-13
3189.843412694984,94.86743605283152,3.764934098810844e-14
3190.45102078967,94.90314195015057,2.3742647559168334e-12
3192.2431823440406,95.00849736810596,-1.1693404577605691e-12
3198.8144413766195,95.39530675102567,-3.4691036405124806e-12
3200.385548945249,95.48790596153285,3.6468850472516795e-13
3201.0109542915516,95.52477926076874,4.980449594285029e-12
3205.3331127552524,95.77980653267346,-6.02000742827343e-12
3206.90883045698,95.87286673545016,-3.041760792083358e-16
3209.8210929826323,96.04498222732904,-5.153555155025071e-13
3211.513690006073,96.14508694975213,-9.940507166757927e-13
3211.82408761264,96.16345042205421,-5.318310000975946e-14
3211.952831768807,96.17106759218511,-1.1817184856551516e-12
3215.3967067068634,96.37493836573655,7.141009451446531e-12
3216.6661544744175,96.4501423407363,-2.77976996416365e-12
3222.7880508337466,96.81322935103199,7.831138249104466e-15
3224.896703231881,96.93845245641884,3.3185495687221376e-14
3225.4822255821628,96.97323844784158,9.388171900780481e-12
3226.887993847573,97.05678118364979,-6.2497590129397374e-12
3230.068287235667,97.2459156647323,-1.0933257904395462e-12
3235.81813888832,97.58833666524961,-4.662041566046622e-13
3239.7496155700583,97.82281851743524,-1.8331380851208413e-12
3239.800720119521,97.82586837889492,-8.529164859695577e-14
3240.680808389657,97.8783985952871,2.5955047230353236e-12
3243.8070310195117,98.06511017898245,-4.1271807018049157e-14
3247.6562579612987,98.29525001657893,-1.7601196689589281e-12
3252.715251135586,98.59813514604905,3.036028122016615e-14
3253.044607457584,98.61787026337714,-2.5119528473604165e-13
3260.048075190425,99.03799288841283,-6.55939159764e-12
3261.6775420094223,99.13587058144049,2.657544320631824e-12
3263.6323982981744,99.25335808086221,1.1583597183554455e-13
3263.639813819691,99.25380389014187,-7.518935457295059e-14
3264.247421914202,99.2903357577088,-4.5340917190406156e-12
3267.6326159603577,99.49399186973228,9.880491052025946e-13
3273.9945250195824,99.87730078756967,-4.967077603959818e-12
3274.643177573867,99.91642438457468,-2.1626485154404187e-13
3282.35810642405,100.38234601595173,-3.84710068671244e-12
3284.1196052481077,100.48888057486782,3.135989311706826e-13
3284.395051632238,100.50554460065432,8.368952293632149e-14
3288.055370421804,100.72712018842516,8.230236122486406e-13
3288.178503801182,100.73457829746643,1.6244016111949113e-12
3290.001328084547,100.84501825410922,-8.926260097802612e-12
3290.950318155604,100.90253920388524,2.492083307321905e-12
3292.3602140931116,100.9880275824996,2.496365074912739e-12
3293.3558594007054,101.04842012791703,1.1449294925657766e-14
3296.531864295317,101.24118809101597,-1.5071059016112006e-13
3298.083852327649,101.33545375725399,1.3178386679500546e-12
3300.1791567864534,101.46279011983242,4.465533629908322e-12
3302.5293049893444,101.60571013445153,1.1097191238844006e-11
3306.0727444569684,101.82139034503314,7.215619880103421e-14
3316.673561593738,102.46801631390099,-5.143887936982174e-13
3316.8257137782402,102.47731232338485,-5.4505779257716695e-14
3318.0776859341336,102.55381998958477,-1.5783360596473329e-13
3320.068976549129,102.67556668175584,8.272967579342958e-13
3322.775016130984,102.84112990698037,5.1108749804365905e-12
3324.363599310046,102.93838679633438,-1.4743842186463035e-13
3328.672892293695,103.20244618154774,-9.3280616218635e-14
3337.288351231957,103.73139893384577,-2.977687432620281e-12
3337.5298470373023,103.74624545539729,1.2682983726855652e-12
3338.672033752471,103.81647862126768,1.1659572908893235e-12
3339.6249906755793,103.87509441906562,-1.2783295646916756e-12
3340.9781712866456,103.95835647323106,7.350817987164882e-12
3341.2709324616617,103.97637469064694,1.745013807897572e-13
3341.7336430727964,104.00485579975809,3.0813608735183703e-12
3344.2067638344593,104.15715004912639,-3.603497571095046e-12
3348.3578113958797,104.41302393210007,-7.990582864379667e-12
3349.823261195447,104.50343123423548,-3.096482129115833e-13
3350.0970636549796,104.52032718608436,3.4593806724575006e-12
3352.195495142231,104.64986419222375,-3.809006309458541e-14
3353.431313970868,104.72618972905487,4.929291819582863e-12
3353.764958785423,104.74680082451987,-3.010469096302844e-13
3355.5221691163506,104.85538731728528,-2.381641708848634e-12
3359.4272715593734,105.09690607064948,5.09050253822826e-12
3360.160657601166,105.14229510688357,-6.489557605406143e-12
3360.3055550843615,105.15126393960601,1.850527645624247e-12
3360.5999601838894,105.16948815326371,-9.957271630199416e-13
3361.2720207663515,105.2110959137764,1.935634820646134e-12
3364.258956688384,105.39611995537386,5.29336933827544e-12
3364.8461229628983,105.43251096401038,1.7169887649868143e-13
3365.080364066938,105.44703037861144,5.259538820699302e-13
3366.3456841613406,105.52547861129892,-3.2561180465998726e-12
3370.637179892724,105.79176551484684,3.718094834762646e-12
3374.1865517767033,106.01226002917427,-9.212896542844884e-13
3376.640553002386,106.16484348284283,5.42725054350833e-14
3381.8604361643647,106.48977126326467,-1.1180271464726906e-11
3382.017037661739,106.4995271628636,-9.189673276854473e-13
3382.9498744053894,106.5576500262028,-1.2803451096807365e-12
3384.0332194089706,106.62517082261611,3.024447111613997e-13
3386.932455634464,106.805975597115,6.79436743235438e-13
3387.803645278317,106.86033576218166,-1.244277789939818e-12
3389.1917771114963,106.94698077814323,-1.7738512869316351e-12
3392.6356520473173,107.16209532806785,-1.819731418844178e-12
3393.404150131595,107.21012779272137,2.656566098619427e-12
3394.773162429047,107.29572039042098,2.6218273547786542e-14
3402.008065873973,107.74863018294297,4.901300804362018e-15
3403.2438847024,107.82608968420907,6.405832634093253e-12
3414.774572370542,108.55017386782205,1.8657470612973256e-12
3418.4948943336826,108.78431879515917,5.31590883598081e-13
3421.9432185820747,109.00157275160846,1.1202197070028736e-12
3422.9096842638633,109.06250205836365,-4.3120211217537576e-13
3423.7838401162167,109.11762665665351,6.454490614233036e-14
3424.3327673192143,109.15224940828185,-4.401354487896961e-13
3425.3826442046147,109.21848426211294,-3.1267180521282997e-12
3425.5232531951015,109.22735657343435,3.268396870906114e-13
3425.925799810632,109.2527589466414,2.1565768573711114e-13
3427.122057283491,109.32826540645164,2.2107155071954235e-12
3427.2277150516425,109.3349356758587,-9.127484723695253e-12
3428.2980337568038,109.40251744581818,1.823966031499385e-14
3428.88355610666,109.43949726707028,-2.8498910212004383e-13
3433.516433813581,109.7323184863494,-5.203761812933273e-13
3437.2588415207965,109.96914620041358,-8.070213796982094e-14
3438.9998985241373,110.07941201252954,-3.7296120983768073e-13
3439.1754587369496,110.09053381103078,-7.695378275030126e-13
3439.439040286513,110.10723285689991,7.579029747473038e-12
3440.592931015477,110.18035195407906,2.65281206969218e-13
3440.6033127455926,110.18100992902691,-1.4069554702667713e-13
3443.0278127049196,110.33472464638218,-2.5299300874839926e-13
3450.911207882356,110.83528496103565,8.042130863896374e-14
3454.9013654522796,111.08907847179088,7.723123619720035e-12
3455.5104566506902,111.12784544851867,1.744729175731087e-15
3459.298358130315,111.3690883436717,-1.3258841216959573e-12
3464.8813873711183,111.72514074220368,5.999750678828252e-12
3467.661778709218,111.90267173808923,-1.575367542037038e-12
3470.121873171584,112.05987017237086,-1.0876593967790066e-12
3473.6430660726646,112.2850660873978,-1.0902798671850872e-14
3481.022866998881,112.75777805803564,-8.157733901112424e-13
3481.331781500852,112.7775874031543,-6.072080258333554e-12
3483.645334555445,112.92600139185069,-8.644809502052702e-14
3484.208931981128,112.96217099465055,-3.166556280561775e-12
3486.2648359033833,113.0941609227433,-2.9184261257439604e-12
3490.4157226426278,113.36088695331594,-1.964602461443018e-12
3491.1186067746844,113.40608402490709,4.346067008359441e-14
3495.735331153601,113.70317625380947,3.490100382665684e-12
3495.8230308498755,113.70882364349906,-6.600447187729178e-12
3498.2872529844717,113.8675642408716,-3.332188926419876e-12
3498.528909609918,113.88313733289259,2.7358105730872735e-13
3500.0912793713096,113.98384717849605,4.564107531770893e-13
3502.950793420028,114.16828698167434,1.378156011468935e-13
3503.3302536475476,114.1927736386407,2.357846159785802e-14
3505.069505905764,114.30504193230972,-1.063390644958814e-12
3507.775545485961,114.47982689568931,-3.5345170460751193e-13
3510.594015074849,114.66201720198403,-2.5914497082714683e-13
3512.702667470884,114.79841950037674,1.8977324396493754e-14
3515.541578879496,114.98218939481364,-5.278478257426413e-12
3518.711651354545,115.18757162716408,-2.0906251930838017e-13
3518.967817382534,115.20417616137658,4.823716393419147e-12
3521.318126403946,115.35657825955185,-2.572395551336574e-12
3521.897716336424,115.39417649913189,1.0520629628039351e-13
3529.4517551902395,115.88477603561519,7.228790631922631e-13
3533.0947591858862,116.12174782543447,2.5319966451916534e-12
3538.062764809962,116.44530294125342,9.060818864889659e-13
3540.2284541724407,116.58649174872157,3.199203808475259e-12
3542.6824553968263,116.74658102241553,1.1385376866348094e-13
3542.841862282493,116.75698393022908,-2.2555990204300033e-12
3544.1597700298903,116.84300864153661,-1.9299332176187206e-13
3547.397100381167,117.0544569859298,-4.650999122123613e-12
3551.592158608235,117.32874712348143,1.7545511498921223e-12
3553.435424709778,117.44936994546588,6.834225218170615e-14
3556.3712560805757,117.64161916219362,3.764602596907066e-12
3560.0612369528953,117.88347809315094,5.828324374396993e-12
3560.5120827292926,117.91304586838618,-1.017702091581354e-13
3568.235749377782,118.42016787127277,3.1023388167556064e-12
3569.096718111259,118.47676559793977,3.9997822190975866e-13
3571.376642226997,118.62670752067083,-6.197036128959809e-12
3573.5846983330907,118.77201423004178,-4.325584728661856e-14
3578.8030983875456,119.11578116628577,5.644058545710587e-13
3579.002066628648,119.12889831110971,-1.7133706716465472e-12
3580.816474745164,119.24854830359699,-6.487200690819138e-12
3580.898242024212,119.25394182297252,-6.629141501528478e-14
3583.9394095224156,119.45463027105319,4.422065382188424e-13
3584.8516436254886,119.5148623573355,1.5367473520636478e-13
3587.434549825789,119.68548706707817,-9.180944544731356e-15
3592.5665724678593,120.02486902899689,-3.373190963543519e-12
3595.7162031224325,120.23339514873501,5.647478820343819e-12
3596.3312267377896,120.27413505399699,-2.031510450863653e-12
3598.123388289696,120.39288972839653,1.3949833318900925e-12
3599.6826310217953,120.49625854555016,2.4802940699830414e-12
3601.6900749620886,120.62940646801114,-6.594658751540371e-13
3602.494167549106,120.68276041457317,-5.5931790492782704e-12
3605.409396279499,120.87629441908632,-8.87106768855433e-14
3610.580980276757,121.22000682539849,-1.7207255584057435e-12
3611.507723782314,121.28165185274224,7.512930785038323e-12
3618.9444008519004,121.77689680526724,1.57092552057781e-12
3621.8553410894838,121.97102807977691,1.1449362249181324e-13
3623.249244518644,122.0640430873105,1.0010186941135567e-12
3625.094315364573,122.18721948434882,7.230615485000854e-12
3629.0768965906955,122.45330922100125,-5.537136420870403e-13
3634.150238341034,122.79269951953191,3.5140682413693975e-14
3638.1565492358786,123.06104390913632,4.133856376783806e-14
3640.586981610988,123.22397937955687,5.998207426041716e-12
3641.5709229033,123.2899734564605,9.961969990231868e-12
3641.9927498744873,123.3182713394092,-7.909829272554081e-12
3647.4968172216354,123.68780715600809,3.5091112444716936e-12
3648.6169181914183,123.76307759494958,2.9525297866190167e-12
3648.880499740819,123.7807935527277,-1.3740438508251808e-12
3650.707773335004,123.90364424925377,6.243375235388772e-12
3651.1866372727795,123.93584925352059,-8.662704298487634e-12
3653.0094615540484,124.05847817522131,1.2262558059706377e-13
3654.2920964382647,124.14480301035802,-1.6302670609569634e-12
3654.4152298175004,124.15309181777718,4.246605057310632e-12
3657.0799032963328,124.33253455061082,8.813392904621176e-15
3658.5662773749573,124.43268582864395,9.416637775315317e-12
3659.7681456237365,124.51369697793051,2.7566937941057615e-14
3660.0317271731283,124.53146707883768,2.200294834827381e-13
3660.6393352668724,124.57243558453622,7.143862244294662e-12
3663.63977994512,124.7748428930236,-5.8090036517952e-12
3663.731768134027,124.78105095383249,-2.7718827581553745e-12
3669.6357375279504,125.17982164157489,-5.998980369210331e-12
3670.51402105211,125.23919824308794,1.6225517849462636e-12
3671.826157202059,125.32793204353499,3.0788918749481776e-14
3673.061976029492,125.41153385215716,-4.2068899569468345e-12
3676.540802184695,125.6470237461402,4.720556008254452e-12
3676.5541501234056,125.64792772871282,3.837218542560572e-12
3680.273149799596,125.89992299447167,-1.6596988711413858e-13
3681.3198996553733,125.97089554221428,-1.034152560155637e-11
3682.404888582517,126.04448210792663,-3.390880815293979e-13
3684.121054451951,126.16092089245211,-3.2364063234263343e-13
3684.395017731434,126.17951383260844,1.0857057705581369e-12
3688.5767280181935,126.46348365564712,6.0580567128889125e-12
3691.049687957019,126.63156795098729,-2.602226601415584e-12
3691.7570214015777,126.67966532562909,2.407941691700152e-13
3693.158340351981,126.77497965518904,1.508837626668471e-12
3695.9693944178907,126.96628982308545,1.0038904932472567e-12
3698.429488878646,127.13383438550952,-3.799192280075316e-13
3702.844117984983,127.43477192213795,2.1444810219574774e-12
3706.418220177874,127.67867518938168,-1.120307981782765e-15
3708.8179898229105,127.84257189550193,-2.2781456718592165e-12
3712.999700109405,128.1284230188454,-2.8192620468428057e-12
3713.452350630374,128.15938438289484,-7.549008325523866e-12
3713.790444757472,128.18251253463785,-2.804825392392771e-12
3715.7875069670426,128.3191693882587,-1.4651804562381016e-13
3715.8285514267814,128.32197878767602,-5.907492150354203e-12
3724.7194567387305,128.9312723483006,-1.4138236737488496e-12
3724.983038288078,128.94935781065521,-2.1987023171007253e-12
3727.647711766419,129.13226437135117,1.2885207707077588e-14
3732.3918580141612,129.4582323051631,1.9340146991282726e-14
3733.728724476327,129.55016261167287,-3.350396785552585e-12
3736.0831611687877,129.71214670239644,9.49693054161695e-12
3736.1342657181717,129.7156638026168,-1.5324028788775997e-13
3737.43618095802,129.80528000237112,1.0756329110522578e-11
3739.560504219122,129.9515729776988,-1.7279737012193597e-13
3741.9327381631597,130.11503673753185,2.3013316237561543e-14
3742.4963355884356,130.15388784093196,-9.045558392575474e-12
3743.1990588997687,130.2023376635702,7.543585681683394e-13
3744.446581741151,130.28837153555438,-1.4252601629073558e-12
3747.3092228167625,130.48589840995163,-4.753568928425218e-13
3749.3839246327307,130.62915054448126,-6.747276747393468e-13
3750.8117786401144,130.7277857787504,1.6580306964500828e-13
3751.9318796095968,130.80518791758072,-1.3523996933482926e-13
3759.7725863958826,131.3476499993007,-1.142757678868436e-13
3763.879623283876,131.63224875378796,-1.092016141274879e-12
3764.0421571982797,131.64351799754112,1.4138154934841444e-12
3765.109831334274,131.71755698425721,-9.101320248484826e-12
3765.548973096247,131.7480158264852,3.3994534211084127e-13
3773.916842980899,132.32908946732204,-4.828836687466917e-13
3774.2112480800724,132.349556753846,6.254149915216589e-13
3776.622882559108,132.51727568828997,1.9737449339755322e-13
3778.3697111577576,132.6388271025972,-6.057726839838384e-14
3780.066757491094,132.75696829415608,6.7008663323484676e-12
3780.3303390404053,132.7753224871118,1.2817504232451409e-12
3784.5120493261516,133.0666822030985,-8.415445901067185e-12
3785.433021234316,133.13089399529795,-8.588222988414194e-14
3786.3348736067987,133.1937878806628,-9.05293748397077e-12
3791.0086349485646,133.519969277289,-8.458235496835632e-12
3796.473301758414,133.90185817929066,3.439207263299464e-12
3798.347230588384,134.03294115406524,-1.5471593533985314e-14
3799.137975236283,134.08827384664446,1.932299770181229e-13
3809.124090383076,134.78804770258927,-1.4709873779116124e-12
3809.3743239936625,134.80560633568192,-2.4052275737223958e-12
3811.419846183993,134.94918175957147,7.678574476977134e-13
3813.1592592609964,135.07133198855473,-9.792691388108795e-14
3813.538719488198,135.0979869765263,-2.7785879641354813e-14
3815.7291391615154,135.25190372294557,-4.394737888545485e-14
3820.2753178108674,135.5716373771841,-8.884956534909077e-14
3820.439495649779,135.58319116014098,-9.797715949406282e-13
3823.20241137403,135.7777019291741,2.1188190944293586e-12
3826.0838503443124,135.98070659488172,5.942558135262985e-12
3826.6812375279283,136.02281317438678,-7.878304385148226e-12
3829.1762832101836,136.19874646432746,4.229371421423885e-12
3829.417939835415,136.21579250208362,1.0970028057509562e-13
3831.5265922296558,136.3645788183075,3.031415187448067e-12
3833.863392490179,136.52955890495113,-6.570534690942294e-12
3835.5545064060893,136.64901572401004,-7.036011465722705e-13
3839.103878285394,136.89990739119878,-8.82510260463016e-12
3839.396639459991,136.92061193085462,6.207656645791733e-13
3846.6018808099193,137.43067573927365,1.492917964750617e-13
3847.3618019078776,137.48452680644633,1.1404694946543463e-11
3850.436919982679,137.70255066787902,-3.77006220696652e-12
3852.7867465413456,137.86926924537164,2.0080336918240262e-13
3854.011022174282,137.95617106070077,1.0756027832976921e-13
3860.5925021034514,138.4238123536228,5.368407758603842e-12
3865.1785637482117,138.75014265564303,1.1344247414185996e-12
3867.1111734689803,138.88777736142566,5.8907425747410204e-12
3870.006121197904,139.09407563205949,3.3528607303799014e-12
3870.26970274716,139.11286651224205,-6.86829920884408e-12
3871.5506937061564,139.20420731759205,-9.08210218995195e-14
3876.452924553722,139.55403909236412,4.824607743548467e-13
3877.174767400506,139.60558845271092,6.252544752567562e-12
3881.7783046562404,139.93456918832769,-6.116396114978192e-13
3881.8294092056058,139.93822344312667,1.615805717949776e-13
3884.13719066077,140.10329257890805,6.446026698873801e-12
3891.0249405229865,140.59653736215355,7.644721309811356e-12
3891.1067078019696,140.60239812028968,4.7103869729312377e-14
3893.215360195913,140.75358060174307,2.986602942418762e-14
3894.2827126911234,140.83013700156755,5.4567912914536e-14
3897.8202197355513,141.08401652491372,1.9888675841181613e-12
3899.985748275798,141.23954575292538,1.6038133503874358e-13
3901.830819120461,141.37212772100224,6.8761425689711645e-12
3901.9125863994436,141.37800475504926,3.704533080023188e-13
3908.6435739440085,141.86221773423335,6.275028712170953e-13
3909.891096784906,141.9520535575332,2.174666644890233e-12
3910.840086854281,142.0204108269693,4.41694012060122e-12
3911.0858711519068,142.03811776691703,7.775317264273165e-13
3912.7026333100443,142.1546212521269,6.5911595775360515e-12
3930.0840594179513,143.41016395929944,-1.5591550537583021e-12
3931.766435527921,143.53198535012064,-1.125560177955262e-12
3932.579105099625,143.59084968838457,-1.2586842601064827e-12
3933.3421532262682,143.64613085570852,-1.0836355875963383e-13
3934.577972052926,143.73568597761422,-3.2042220341518033e-12
3935.302781108218,143.7882232404315,-8.520735796788426e-12
3935.3334438378333,143.79044601967942,1.9321187105762963e-12
3935.7725855996327,143.8222818500951,7.686349721386925e-12
3941.276652942866,144.22160361246145,-1.0523015862863424e-12
3942.4084579260257,144.30378558313757,-9.244892049572247e-13
3944.1361669883413,144.4292824999679,3.764413509509533e-12
3944.8858671762623,144.4837561490514,-2.916341321260126e-13
3945.897665809094,144.55729043809566,2.745766010234968e-13
3950.0912409276625,144.86226712092773,-1.0137603820882738e-12
3957.4240649678654,145.39632335004887,-3.382871215920204e-12
3958.8253839173917,145.4984954090931,-3.479323387759602e-12
3961.008388068494,145.65773326009705,2.921192483550468e-12
3966.234042819226,146.03927190537416,-1.594680410051531e-14
3968.2475799951562,146.18641974523854,-2.3864912468953135e-12
3969.976611341446,146.31283570521617,-1.958769748978276e-14
3971.476011717207,146.42250706917102,2.4051084702916136e-12
3971.492325864508,146.42370057045525,3.968064748231541e-13
3972.876008382621,146.52494508577468,-1.5537535193797412e-13
3974.391401265212,146.63586735598957,-4.1793398064566055e-15
3975.1821459128,146.69376431756723,-9.795686711372482e-13
3978.4107384550325,146.9302758252234,4.802010217491224e-13
3982.5617860092993,147.23464419188963,1.0648215409335853e-12
3983.2704417374453,147.28663686389322,4.957472172084228e-12
3984.4723099853013,147.37483671371325,3.911781782395238e-14
3987.4521520212825,147.59362904573138,-2.2514477190695242e-13
3987.6352885755764,147.60708102446858,-6.568743664442627e-13
3991.5283653573174,147.89318640276124,-9.067123596657372e-12
3992.125752540715,147.93711357978464,-6.553422085850538e-12
3993.631246153835,148.0478449536191,-6.783561291992513e-13
3996.412959772239,148.25255411484875,5.035126539196352e-12
4000.549658744041,148.55724163375604,4.3390678416091944e-13
4001.697456233901,148.64183823384693,2.3463899427786363e-13
4002.839642947017,148.7260453909746,8.683623361202436e-14
4004.9304980888555,148.8802549245673,-5.303139785334663e-12
4006.822224169559,149.01984722618184,1.5127265733305075e-13
4008.3905263461565,149.13562374305067,1.2276981212510087e-13
4008.6379545682626,149.15389373437003,4.477019434603054e-13
4009.2864463009896,149.20178343045652,-2.458216964640191e-13
4011.875124095612,149.39302880620585,-5.3531376850818815e-12
4013.2939186561202,149.4978983512677,-6.471905306193177e-13
4014.488693022859,149.58623830754945,1.5387677880401e-13
4015.5430192195563,149.66421556166904,-2.635814016920554e-13
4016.3631043126165,149.72488265973485,5.815081535735598e-14
4017.093524144524,149.77892705849843,-7.288877808535278e-12
4017.153848960136,149.78339098343008,1.7061665995285397e-13
4019.143495646823,149.93065872963632,1.729386998305784e-13
4022.0836155069514,150.1484111765539,-1.8107145458426937e-12
4025.119011404954,150.3733870568559,-4.7186579223712814e-12
4026.8396265859315,150.50099008057762,2.4249376024728186e-13
4034.9279224097213,151.1015591738173,1.666063214386798e-12
4037.447859223492,151.2889147839331,-8.536260140176986e-13
4038.354160908373,151.35632630567787,-1.7837781664139792e-12
4040.4933152110398,151.51549849928614,9.997765684183612e-13
4043.8887301598143,151.7683207919219,-1.1304315913654065e-12
4048.978546872758,152.14770586669198,-2.486242543641881e-13
4049.768969879765,152.20666527448486,1.2277996292785244e-13
4051.561131429742,152.34038921449542,-1.0326783588416915e-13
4053.3593862171456,152.47462727396615,4.699207082167684e-12
4059.257262368355,152.915316347849,-3.425692637337766e-15
4061.43168953367,153.07795112580618,1.2162991674458368e-12
4062.1403452617037,153.1309733592854,1.593674994454948e-13
4063.040714529342,153.1983531085115,-2.639708119148203e-13
4064.4756624167735,153.30576927833303,9.428501961850799e-13
4067.9544885688697,153.5663418793512,-4.0853182540098673e-13
4074.088088927817,154.0263066024307,-9.574350808766717e-13
4074.791133879093,154.07907290396003,4.69536507218066e-12
4074.8072872061616,154.08028538198366,1.8748568256648526e-14
4076.530386134878,154.20964978146654,6.467716424517714e-13
4077.0868896786988,154.25144185664158,6.390257924765319e-13
4082.6625033894247,154.67047191562548,-9.024386258123872e-13
4086.11082763202,154.92991411702008,-3.8535275342026354e-13
4088.9001175916433,155.13993268183714,-3.4208471526138514e-12
4089.105339890165,155.15539047968855,-1.0291509927193526e-12
4090.152089744976,155.23424606624272,-2.9648135164578437e-12
4090.2752231240884,155.24352349158053,-7.89630775321937e-12
4094.3235791180496,155.54870047171636,2.47608000113949e-13
4094.456933407032,155.55875824632216,-7.2264471781231365e-12
4094.931187211195,155.59452981268376,2.698407065813106e-12
4099.815781625112,155.96320145771162,9.964689169254063e-13
4100.953519025108,156.04913689857833,7.529652219216727e-13
4102.710729352634,156.181909145443,3.66898348562991e-12
4103.073875432307,156.20935502499282,1.7005130293967875e-14
4103.343067758175,156.2297016290233,1.3063743127947874e-12
4104.325847585607,156.30399528714113,1.449363353132791e-13
4112.150561859049,156.8961426241888,3.406360814597548e-12
4117.223903603794,157.28067828603565,-3.6298941457475727e-12
4119.332555996758,157.44064379526526,1.733406507167365e-12
4120.468810292413,157.52687569631783,3.8889396804096873e-13
4123.051555669271,157.72297226214036,-2.721710054799782e-13
4125.306427829195,157.8942753162392,7.461612126595385e-13
4130.483783417251,158.2879543830024,6.313077704943431e-14
4137.5342280105015,158.8248546229511,-3.1419263818091026e-15
4137.810675037621,158.84592506793405,1.850851175728354e-14
4145.8097880592395,159.45621710776953,2.8062257865143963e-14
4147.8129435043575,159.60923231958324,-1.9689220166906156e-14
4149.312343879592,159.72381551865817,1.0399430400334768e-11
4149.343006609194,159.72615917657396,-6.352313875224887e-13
4150.432444848117,159.80943992848833,-8.336956377259717e-12
4152.359122150557,159.95677590189436,4.031879678414822e-14
4152.98452749523,160.0046163099519,-3.599437960082062e-12
4155.522100739795,160.19880200652995,3.4278058814570566e-13
4156.107623088604,160.2436254630657,5.681129118692512e-12
4157.570267496786,160.35562278271664,9.99906182773133e-12
4157.601091046617,160.35798342149425,-5.778789781547944e-12
4161.857474726931,160.6841290129669,4.188327946163566e-12
4166.847566087971,161.06691996062696,1.6454484841941553e-12
4169.834502003936,161.2962678904467,-2.4162619247291985e-13
4170.426117590158,161.341713811418,-1.7244505963306502e-13
4174.432428480207,161.64963481029895,-4.26302816827407e-13
4177.490910765198,161.88490567505175,2.8493494625078545e-13
4180.214586772473,162.09456693383407,-3.950968476376982e-12
4180.745877543091,162.13548019719153,-4.7197297439590055e-12
4182.549903927024,162.27444218611924,-4.68256564914053e-13
4186.0653252251495,162.54540310722933,-1.785950527986979e-13
4188.494596133466,162.73277896056965,1.0959339153905364e-12
4189.636782846172,162.8209163027384,-2.3148933761045333e-12
4190.515066369334,162.88870578289487,3.4977892614804923e-13
4191.481532049313,162.96331794012582,2.152511483756217e-12
4193.474466584398,163.1172288837935,-7.66605615334112e-14
4194.26521123165,163.17831702125918,-7.766363736193801e-13
4204.180780644845,163.94531156220265,-1.0788818867572621e-12
4205.151534817469,164.0204992035325,1.1801231727813792e-11
4212.039284675283,164.5544733366238,-8.10272560783006e-12
4212.121051954215,164.56081760943147,-2.6321747003705503e-13
4215.020448994039,164.78585965016794,8.644282635421267e-13
4215.4551414427,164.81961245367327,-2.6938370635832675e-14
4222.985611435888,165.40488744588933,1.510603318415792e-12
4224.9826736433015,165.5602761868894,4.955608188799035e-15
4229.7635758531005,165.93257025657562,8.399135838115756e-12
4230.013809463473,165.95206781619277,2.7160894543499143e-12
4236.69814176728,166.47332073153834,7.452943910348612e-13
4237.6862107307525,166.5504414550303,2.6109352336052557e-13
4240.058444672322,166.73567239355273,5.871290389095185e-14
4241.974901064588,166.88539059355023,-9.868236525253504e-13
4242.970707190009,166.9632120825412,1.0440978314337933e-13
4244.786437587908,167.10515704661455,3.775782933963294e-12
4245.717469584842,167.17796414997005,-6.84237930897396e-13
4247.451111063347,167.31357820862283,-1.1019802155885812e-13
4248.1070183172815,167.36490097172924,-7.506636344111535e-13
4252.60521944217,167.71708516879912,-1.7702721673576867e-12
4256.299488801395,168.0066047206614,1.2571856651549928e-13
4257.928955616224,168.13438578426837,-1.189885909286871e-12
4259.298289551283,168.24180532363997,-9.634779887960144e-13
4260.973089318465,168.3732345645469,-2.9757337373001608e-12
4261.460691061178,168.41150862730044,-2.4267713016626307e-12
4261.8825180318,168.44462326444443,-1.7609613917933376e-12
4266.661615496537,168.82002516656223,3.0818791849790767e-12
4270.812823868784,169.14644732339212,3.2393421495456297e-13
4273.237323823386,169.33723997730206,-4.781829909756917e-14
4278.456045510232,169.7482874071494,2.8121751595484135e-12
4278.60951997844,169.76038326506892,1.722481716938541e-12
4282.820892345955,170.09246550849838,-3.9342151997329004e-13
4286.02294982917,170.345178187942,-3.9383333042962455e-14
4287.564877768031,170.46693754854647,9.204045037460686e-14
4290.78605478688,170.72144123703433,-3.926865099544469e-12
4294.680775490958,171.0294165561912,-2.779400985425029e-14
4303.348982882716,171.71585866597317,8.721501658310218e-12
4304.313965458209,171.79236200743372,-1.1746114461958343e-13
4307.2659501512,172.02650039189527,5.605600766298877e-13
4309.274877192722,172.18593140097983,-2.2109203240296712e-13
4309.340651964807,172.19115262755068,-5.582618121166077e-13
4310.658559709966,172.29578544420124,8.657178705086139e-14
4312.784526893112,172.46464006033642,-4.507157039779692e-12
4312.964697238698,172.47895388916368,5.457943087403572e-13
4313.0481084421435,172.48558078532778,-1.0232495294930955e-13
4313.0771272472075,172.48788631631754,2.440379633292508e-14
4316.193289778909,172.7355542952577,-2.675574189477355e-13
4317.638297755325,172.85046209197975,-1.1122854215184294e-12
4319.535956252143,173.00142332031294,-1.0975629203134739e-11
4320.3443373305845,173.06575124562968,-5.93294731512784e-13
4323.9357543098295,173.35168823620268,-4.6795017071579106e-14
4325.398559537816,173.46822014696934,5.300565135029899e-14
4325.417839893705,173.46975634718245,3.659954339022708e-13
4325.509828082484,173.47708578101677,4.288913270867802e-12
4327.3019896315745,173.61991270861913,-6.390380219001101e-12
4331.413797468248,173.94782823057466,3.7796426301935454e-13
4332.633462966924,174.0451561033686,5.062317355387757e-14
4335.279016906312,174.25636237895293,-2.0098752199202896e-13
4335.993765871427,174.31344607221615,-8.155822416511857e-14
4338.332210054186,174.5002725502213,-2.417625355585149e-13
4342.764153945631,174.85463240147112,-2.1463439312120135e-12
4343.097959579627,174.88133676756766,1.0118135389660242e-11
4345.377722871313,175.06377213110028,2.936789251715168e-13
4346.1730776514905,175.12744198429348,-6.840434240021271e-14
4346.945864226718,175.1893163658026,-3.82122201799198e-12
4348.56262638353,175.31880057200522,2.1019356715334764e-12
4354.936400260125,175.8297362347185,-9.506332048726804e-14
4355.678684925981,175.8892880483134,2.6551738938752137e-13
4357.513213218739,176.0365116279208,-5.905930135494228e-13
4358.923430793029,176.14972579621235,1.8838673453670553e-13
4359.508953141636,176.19674308257748,-1.724437829192036e-13
4361.3317774202205,176.3431558128859,-2.354798675820019e-13
4363.304270135009,176.5016591488488,4.0351266239989774e-12
4364.622177880053,176.60760202717964,-1.3511125203078584e-13
4366.579678731609,176.76501904058063,3.320230728884997e-13
4367.626428585913,176.84922484425772,5.531605971397954e-12
4375.230410511232,177.46153311111658,4.756176273417748e-13
4377.606611304471,177.6530943594491,-5.171782796270909e-12
4378.11184947845,177.69383835589701,3.168296942408929e-12
4378.162954027768,177.69795984945668,2.9026707998817047e-13
4383.593831072951,178.13622490491989,2.1313305065826608e-12
4384.9995993342845,178.2497571817933,-5.532811717109309e-12
4385.345108982422,178.27766671175962,-6.367755855865856e-14
4386.135853629421,178.34154964747677,1.802009190666998e-14
4386.761098153616,178.39207025972487,1.3852657210323372e-13
4399.21424080716,179.39980126995655,-6.776871335626346e-13
4399.495297967282,179.4225778919837,-1.3180205535911521e-12
4402.094035849742,179.6332462249306,7.837065043264904e-14
4404.268463013759,179.80961313385185,-2.2041582044347475e-14
4406.224641581126,179.96835240867398,2.2052450895748813e-12
4411.107752888139,180.36491296661092,-1.2529165025717913e-14
4412.58983847181,180.48536096251934,-1.0446146673643873e-14
4413.551533198079,180.56353882536703,1.1453251774836136e-12
4414.270731476002,180.62201485796817,-8.92852370408034e-13
4418.190343311935,180.94087517429026,3.547003419882904e-13
4419.789147396751,181.07101910473435,-1.3715762217688992e-12
4422.359027294298,181.28030805305985,-4.013886354743775e-12
4423.373470494395,181.36295697959406,-9.89755133667947e-13
4425.657683098694,181.54912622041226,1.0684028095170385e-12
4426.887891147512,181.64943118187753,5.734112804926806e-13
4429.154306500211,181.83429625235166,1.6553641840288694e-13
4429.767847010203,181.88435728552184,4.876600698326998e-13
4429.925931611499,181.89725711471115,2.775829917665904e-13
4430.704811424052,181.96082104839957,1.901771479505606e-12
4435.618907100931,182.36211523813063,6.24701806426646e-14
4436.885227835824,182.4655974275175,4.42178021880717e-12
4437.610197710687,182.52485437971217,5.4508614392418005e-12
4442.10839883421,182.8927407962514,-8.075389494371626e-14
4443.328064332674,182.99255565224897,1.9599920254458264e-13
4444.234366016918,183.06674321976436,1.5260484726560917e-12
4450.348686016033,183.5676413826929,-7.562215739885573e-13
4450.471819395071,183.57773580618405,5.667138360420228e-13
4452.786694728862,183.76756030899037,-7.404706878155045e-12
4457.565792192149,184.15976831292926,-6.400969832206471e-12
4458.251361531842,184.2160656976173,-2.1667879929911514e-13
4460.640910263469,184.41235764792884,9.823806482269938e-12
4462.567587564921,184.5707031391592,-2.8646706791013955e-14
4473.307852199343,185.45465327863786,1.1758763954710587e-12
4473.998871495525,185.511598617366,-6.589527498441165e-12
4475.3167792403465,185.6202288017078,1.7505727849717044e-15
4484.060821491365,186.34177770042103,1.3815944704874546e-13
4486.815160226871,186.5693544460392,1.8724461915409028e-14
4487.861910080984,186.65587861160435,-9.194462709164913e-12
4489.895889074794,186.82406468382862,5.941681308163392e-12
4492.033399451283,187.00089370519663,-9.068750055085392e-14
4493.304651959658,187.10610004801168,-1.9098501141486205e-13
4493.878470293984,187.1535978695534,-7.877167216416998e-13
4497.736595850053,187.4731117599901,6.597294765183513e-13
4498.031000948823,187.49750442402984,-1.2154012135988827e-12
4499.202206466018,187.5945593912109,-6.169920739390047e-14
4499.722114862663,187.63765103994595,2.4200924840430546e-13
4499.8452482416915,187.64785745228036,2.727727962450518e-12
4500.723531764415,187.72066566499333,3.0665490109219457e-13
4503.261105007542,187.93110601317056,8.913276747596492e-13
4504.210095075911,188.0098360092096,-4.467390003424647e-13
4509.1398616186225,188.41908561200938,-1.115782677602386e-11
4512.214979689712,188.67459639977386,2.375199586072652e-13
4512.390379081884,188.68917554236472,-3.1784987230549315e-12
4516.954354976978,189.06873101388845,-3.4084648620429336e-13
4518.272262721715,189.1784040180928,-1.4731825489154146e-12
4527.747046443927,189.96781378563745,5.171863373682366e-12
4528.889233156016,190.06308895072314,5.156903526751182e-12
4530.729854685723,190.21667441532261,9.832727512499154e-13
4532.047762430437,190.32668184399517,4.3271148078032916e-13
4536.034792962282,190.6596791397951,-9.16177380162809e-13
4536.479867140814,190.6968699601055,-4.550597393159732e-12
4538.933868360167,190.9019941539515,-2.181886687986035e-15
4539.972041228869,190.98880597575067,-9.896973571725835e-12
4540.288049611183,191.0152344791912,8.750689155425021e-13
4547.8946761026855,191.65194909898628,-1.8550620333220467e-13
4548.427610797524,191.696598487308,-7.486784464450844e-12
4552.803000181763,192.0633673914329,-4.816242855556499e-13
4558.911548582953,192.5760089437275,-4.949295930294451e-13
4559.374259192826,192.61486854487754,1.3673190424020081e-12
4564.775634970815,193.06878140158344,7.103753195716645e-14
4568.781945858363,193.4058049899814,4.2692690745248697e-13
4570.42163358227,193.54382599222703,-9.70864726704574e-13
4571.212378229055,193.61040476270568,3.6291509172224184e-12
4574.480692943617,193.88571107660027,-4.1524646506222083e-13
4576.6064993056925,194.06488387463293,-2.7433676322875977e-13
4577.518733406957,194.1417967119127,-5.285471161643212e-13
4581.021289224904,194.43724875173214,-3.8170013842295126e-13
4582.895218052195,194.59541357334,-1.0607093922635315e-13
4583.986300214895,194.6875337482806,-7.133637448605588e-12
4586.995161052914,194.94168578672313,-6.469270176143383e-14
4588.219115043792,195.04511827871497,-1.9814021903863467e-13
4588.383292882479,195.0589945291634,6.128451936573229e-12
4588.8179853308875,195.09573697245386,1.5101007856474073e-12
4591.975031500747,195.36269120408986,9.688754992005891e-15
4593.5444951396485,195.49547059229025,1.1011703983362133e-12
4597.080840715927,195.79481795776678,5.368074120562752e-13
4602.329742669113,196.23955585973303,3.6780211560766315e-12
4602.451553764056,196.2498829031117,3.1797054926808266e-13
4604.126353530367,196.3918987487663,-9.12595427338052e-14
4605.914226586053,196.54355974452938,3.295391664284077e-12
4619.531320051392,197.7005972801428,-6.509699498704355e-12
4620.603443498618,197.7918401169581,2.1919637970419792e-13
4621.639972442675,197.88007382203915,-3.864924524269855e-12
4622.992992229698,197.99527833737318,5.310871869412311e-12
4624.867081877114,198.15490568285253,9.483640693082445e-13
4631.149868206014,198.69051991860505,1.0235061194163192e-12
4632.415188296948,198.79847777179543,6.321169780438772e-12
4634.144219641317,198.9460474263816,3.324735453551891e-14
4637.043616679272,199.19362924628547,-1.1569751999654656e-14
4640.211884402396,199.46434720737435,9.423427285735599e-12
4643.625096599448,199.75620176173223,-1.7057161777412068e-12
4645.048501291611,199.87797665995583,-3.123172205294142e-13
4645.938649648544,199.9541494624327,-7.003005275610425e-14
4646.41290345229,199.99473881600213,-2.9617950870631836e-13
4646.9591860857445,200.0414979436474,-1.7690673992910902e-12
4652.698816809837,200.5331146233073,-7.567432838919923e-13
4653.90381208519,200.63640317671704,1.0139140091402948e-11
4656.398857763817,200.8503559798134,1.7195679388769899e-12
4656.640514388698,200.87108438190768,6.210097630211365e-14
4660.844471232366,201.2318562213234,-2.2224674695041143e-12
4662.228153748899,201.3506712017488,8.702391457111173e-13
4664.534291276447,201.54877454205132,5.486445738256726e-12
4665.887150243164,201.66503431357862,-3.1286262808508883e-13
4667.762883815004,201.8262838016215,-2.689545386297756e-12
4670.416014094831,202.0544737162979,-2.8204706202894013e-14
4671.913931364556,202.18336356360564,-5.9639240855896274e-12
4672.558134603918,202.23880741035813,2.3766204482976806e-13
4674.679491652821,202.42143766934117,1.3350864671360666e-13
4676.987433925091,202.6202254349066,3.679060745449948e-12
4677.8348938977915,202.693243516461,4.84950643713845e-12
4678.158478621769,202.7211274215911,2.2927863275886915e-13
4678.871583662001,202.7825838349425,7.130766817965319e-12
4681.766531386895,203.0321707778477,4.935298719524748e-12
4682.983391496588,203.137128046183,3.799370511342385e-12
4683.86167501909,203.21289917404718,-1.5850769415883099e-12
4684.828140698348,203.29629435905454,-5.676583433601231e-12
4689.901804079028,203.73437705184992,-2.430241705361138e-12
4691.745070176473,203.89365028549295,2.521652158677499e-13
4692.22080708449,203.93476799798904,-4.4939957694150593e-13
4693.191561256403,204.01868274792332,4.30191066051008e-12
4696.705981908201,204.32262443927846,-1.0495929863892699e-13
4697.742671672387,204.41232513007844,-6.87612304900788e-13
4700.824722803493,204.67911981871444,-6.1558223628932376e-15
4706.457534295478,205.16717066728987,-3.0435521088593058e-12
4706.505994276636,205.17137198279576,-9.5559174311634e-13
4708.995107537902,205.38722780994132,-6.255818767458199e-13
4709.703763265212,205.44870328500926,1.553032116055775e-12
4712.23804865857,205.66862677477027,-3.7490288099498615e-12
4716.191771891746,206.01196433568535,-1.3581580417878644e-12
4716.9602699739025,206.07873340188294,-5.477072181172247e-12
4721.316218181058,206.45739484254455,8.90173596572759e-15
4722.934141800852,206.598129540915,-1.2882573219849922e-12
4723.918404731642,206.68376900594757,-1.0039820217237797e-14
4726.800004517684,206.93459593818665,4.780970417910009e-12
4727.208322729105,206.97015009723583,9.078914458165036e-14
4728.801355216275,207.10889218348058,5.27019823247651e-13
4728.972626935963,207.1238115460959,-3.1274112978492086e-14
4732.040329484656,207.39112853739124,-4.841691333460877e-12
4732.918613007106,207.4676933368648,5.427081864135917e-12
4737.113671224575,207.83359563043823,8.841462184928064e-13
4738.308445589937,207.93786581500555,-1.000630693947528e-12
4738.330692154414,207.9398075634954,1.3924848108873202e-12
4746.354535481136,208.64074788340284,-4.5383829987297874e-13
4748.938763959829,208.8667512832197,9.169315732804514e-12
4750.783834801897,209.02818700856346,-6.812175454477648e-12
4752.053282565074,209.13929461711157,4.9744705753533e-13
4754.442831295753,209.34851888008203,-1.7981423303558933e-12
4756.633250965539,209.54040018642615,1.1436045775963859e-13
4759.545513481039,209.79565197396943,-6.555034190071132e-13
4762.731578455249,210.0750807466712,6.591219988742605e-13
4764.159432460095,210.20036909409887,-1.0500545261028332e-13
4765.1211271859,210.28477503740976,-1.2780058540114356e-12
4766.878337511644,210.43904573236256,6.786288495654205e-13
4767.386220253487,210.48364485693668,7.688937010166627e-14
4767.774257465403,210.5177230894827,-5.61160408268315e-12
4769.020297200241,210.62717163606357,2.681695710876571e-13
4778.457485128959,211.45703566456552,5.76396124773038e-12
4781.110615408421,211.690635497333,-1.091992697700134e-13
4781.237715639609,211.70182953026892,-1.4431869599446314e-12
4783.23658259016,211.87791384513608,-1.4512122323814505e-12
4784.6364184335325,212.0012720928667,1.1107430903393418e-12
4784.975834844057,212.03118804691601,-5.414676688061196e-12
4791.217898352486,212.58173807177175,3.247819628884028e-12
4793.67799280845,212.79891558818403,-8.117407112743711e-13
4798.6985860741715,213.2424802500527,1.3614573462189625e-12
4800.104354334709,213.36676175097017,-7.001039385436709e-12
4805.8263486263595,213.87300885231448,3.367768182958176e-13
4805.8672322657885,213.8766281570124,5.579720831431431e-12
4809.410671722145,214.19043509243107,4.383562536355071e-14
4809.820955498514,214.22678475693056,-2.1780569943192862e-12
4811.090403261601,214.33927289493042,-6.551266480489316e-13
4812.4548054219995,214.4602082180401,3.2660663310641845e-13
4813.364234134624,214.54083550281456,-1.7064466131745343e-14
4813.971842227107,214.59471274558692,5.761124699246113e-12
4815.640870396009,214.7427422098577,-7.419227994832263e-13
4818.750939688108,215.01871740517024,-3.686283102586723e-12
4823.635534096708,215.45251658078038,-6.479675938747457e-12
4823.840756395005,215.47075192421292,3.084129270038147e-13
4826.547796611975,215.7113627632721,-8.07717912412706e-12
4826.886373199106,215.74146608653777,1.759672730054383e-14
4828.221595734204,215.86020319489276,-7.634481077519399e-13
4828.268411790827,215.8643669943588,-2.8785294476193145e-14
4835.355290703336,216.4951365195483,1.6910286835396877e-13
4841.992646124537,217.08673508197867,2.488946533073048e-13
4842.523936894647,217.13412499355186,-4.131411381885719e-12
4844.87424591017,217.3438295164943,-1.9197729541711714e-12
4846.688332381995,217.50575957360275,5.3619030744079654e-12
4852.293125711552,218.00644092089135,-3.42175086658845e-13
4858.6360760339885,218.57376050774334,-6.5634390938372185e-12
4860.804570779491,218.767882762113,-3.3753543907888164e-13
4861.015403854509,218.78676102361925,-1.1443504878443599e-13
4863.784573631656,219.0347920100452,2.3875335711456377e-12
4863.96754936547,219.05118588707785,-1.1190038207474656e-12
4866.397981735261,219.26900118376818,4.650009663902834e-12
4871.017672310698,219.6833177288826,-1.0635711055411177e-13
4871.1113044239355,219.69171918145952,-6.398862694991467e-13
4871.17707919597,219.69762113807397,1.6699766216470577e-12
4873.81734399715,219.93459735430864,5.104336700322893e-13
4877.682563432369,220.28175062044778,-3.118369573137655e-12
4879.927375500173,220.48349392096455,-1.1039156575814463e-11
4883.617356363506,220.81531755419132,4.349572070196305e-12
4883.7737970401795,220.829391113447,-1.6198793617533406e-13
4888.396453824119,221.24545340285033,-7.509031101721377e-13
4890.487308963132,221.43377013466446,2.157981123044268e-12
4894.194765437534,221.76788704766537,8.405410061808043e-12
4896.859438910563,222.00818448176557,-3.223259488964209e-14
4897.913765105848,222.10329861649382,2.7631901196838236e-14
4898.427580264808,222.14965894475347,1.407716662156864e-13
4900.418870873366,222.32937433811836,1.2735866761366327e-12
4901.310663154555,222.40988290642832,-3.8923877471985413e-13
4904.372594105664,222.6864171596898,-4.841223884356976e-12
4905.016797344845,222.74461951485372,-4.31567829664521e-14
4906.564496879362,222.88448203150742,-2.378544439794057e-13
4909.270053991778,223.1290838129256,1.1042074010256388e-12
4909.885077605688,223.18470517148498,1.1613085667497272e-12
4921.099435217317,224.20012839784536,-1.8436369169643142e-12
4923.238750337397,224.39409946959597,-2.124224781162382e-12
4926.050286858071,224.64914886105404,-4.1739894877786886e-12
4929.593565493711,224.97078584938947,3.070132519308893e-14
4940.234104771095,225.9380584569181,-1.7715057915638473e-13
4940.387579239164,225.95202523034334,-1.684995676590581e-12
4942.360071952447,226.13156836102056,5.427470620289199e-12
4942.500520122295,226.14435517399852,-3.238390978629768e-12
4942.623653501255,226.15556589659948,-7.448050317450874e-12
4944.446477778441,226.32155825631403,-2.054667071435411e-12
4946.805363779022,226.53645700791708,-2.9352350610045854e-12
4946.988500333049,226.55314536468913,6.004683249048726e-13
4948.650434620668,226.70461771655349,5.395882318266755e-12
4950.4203496038035,226.86598761122335,8.261137443469572e-12
4953.511299359787,227.1479396634759,-1.9438965851616483e-13
4953.675477198399,227.16292065521748,3.169498625851961e-12
4955.567042456184,227.33555908063795,-2.6120058759794043e-14
4962.038897753812,227.92672763762857,1.9532288214952865e-12
4962.643700457827,227.98201247427295,6.735894410371956e-14
4968.481573426125,228.5159971339638,4.039644754279223e-14
4971.311747021613,228.77509635601112,4.641073719961998e-12
4972.173037393395,228.85397580821368,2.203311201153072e-12
4974.826167672272,229.09704299764022,6.445811628726534e-15
4982.186527401816,229.77204301096032,-2.0872394837892146e-13
4984.792841624053,230.01130076038774,4.064933889363995e-12
4988.366943809264,230.33960419197973,-1.628925171277131e-13
4989.091913683622,230.40622587285057,5.28190315003971e-14
4989.882658330006,230.47890301748888,-3.537328941047131e-14
4991.9749965730825,230.67126486760284,-5.815081608911374e-12
4995.892964481607,231.0316852530933,-1.5732832635181561e-12
4996.618095176189,231.0984222418163,-3.1393290390409716e-12
4997.05707611705,231.13882830831875,3.109287517160039e-13
4997.246145088258,231.15623228379357,4.770854319500573e-13
5003.821692588448,231.76192726136793,2.520373568889222e-13
5004.8760187836115,231.85911875346636,8.856503657480844e-12
5010.340685582816,232.36319904452913,-1.3240708150972272e-13
5014.605807063649,232.75701122876512,7.63008773137416e-12
5016.573528823425,232.93881017558968,2.277474134752038e-12
5017.786100439981,233.0508758838478,-5.1196154734183816e-12
5018.704106137727,233.13573586322977,1.2183773991540976e-12
5019.525513513652,233.21167950234468,-2.069386128607452e-12
5021.985607968988,233.4392031468994,-2.835050953074177e-13
5026.201108004791,233.82933595517557,-6.122268926094345e-13
5027.584790520737,233.9574632821072,2.397262064851571e-13
5029.404487768931,234.12601873447784,-5.411089537766092e-12
5029.890928047308,234.17108719992007,1.5113596848786949e-12
5033.1195205845,234.47032526800461,-7.408928582540297e-13
5033.699271335638,234.52407907791363,1.755899356850282e-13
5037.2705681323,234.8553420695073,-1.6428895327531924e-12
5039.971836751675,235.1060598641139,6.057733473768957e-13
5042.248794652951,235.31749973162934,5.704750294381925e-12
5042.3440706906995,235.32634921133086,1.0134746221471053e-12
5042.4360588793925,235.33489346594283,-4.2220659392878524e-13
5043.127078175092,235.39908326365938,4.757645947201145e-12
5046.777658502652,235.73833701219658,3.485244973387428e-13
5047.140482941383,235.7720682276448,2.893095378606245e-13
5048.275575771729,235.87761167675686,-1.0550147506823215e-12
5048.340028259682,235.88360532413404,1.0466155185670865e-12
5049.512716880391,235.9926708315374,-1.177711490339341e-14
5051.041136058798,236.13485896299795,3.2266481489281984e-14
5053.054673231499,236.32224308466013,-8.86304512481732e-12
5053.823171313364,236.39378086891318,-2.4584410024461822e-12
5055.258440839232,236.52741606233175,-6.694598459390925e-13
5063.099308429331,237.25813410409532,-1.8941666413718365e-13
5065.863385612059,237.51599816485526,1.0593309610538902e-12
5068.436070895911,237.75613350306773,3.74079702550576e-14
5069.197475096733,237.82722661697954,-4.0116322798856824e-13
5071.862631029955,238.0761591513517,-2.632366478855056e-13
5075.487998584348,238.41498800843908,-1.0091641457781705e-13
5078.43833934987,238.69090717438038,-2.0330151655897246e-13
5079.228762355721,238.76485565033408,-1.905205977258392e-13
5081.54840864108,238.98193792978438,-3.741309448631862e-13
5082.819178687861,239.10090397160783,-3.21665526761357e-12
5083.328705354055,239.14861282958546,3.3505960116986124e-13
5084.137086431707,239.2243143390104,2.5284129458049635e-13
5085.151529630972,239.3193297362378,1.5311191023493318e-12
5087.435742233402,239.5333444475819,9.35162169935261e-13
5092.156641262682,239.9759641888331,1.317008793523795e-12
5092.289513090791,239.98842786069807,1.1360636049323987e-13
5093.445047740791,240.0968332833888,1.7098877066716373e-12
5093.884189501838,240.13803741457656,1.744378338485872e-12
5097.472961909398,240.47490065244486,9.953572738914834e-13
5099.29578618629,240.64609249018986,-3.113447460314955e-13
5103.622876406781,241.0527193427522,5.000125997459205e-12
5103.68732889473,241.05877870169329,3.8358562244499134e-13
5109.785656382115,241.63244570086692,1.322503197004463e-12
5110.8559750839795,241.73320078147742,1.3248996088688069e-14
5112.384555082523,241.87713114804552,-2.8471198138523225e-13
5112.970077430576,241.93227505526596,-1.6445565659797498e-13
5116.140471537195,242.230969265317,-1.876535798044884e-12
5119.343851301044,242.53295922576305,6.261357003403356e-12
5122.4189693699045,242.8230354870944,-6.188111582529382e-13
5123.150872304963,242.8921016433633,-2.170821498688069e-13
5124.099862372633,242.98166795906238,-7.915464226976043e-13
5129.516069190043,243.49317070041204,-2.892557449644686e-14
5132.680209238963,243.79223990425874,-1.0976198763825103e-12
5136.756261748086,244.177773352544,-7.080765184162183e-12
5141.692121524528,244.64504136586893,6.60350710725919e-14
5143.814121853238,244.84606485144255,1.5877797059160985e-12
5145.5637558365415,245.01187534134752,-1.992437471431167e-13
5146.529899874844,245.1034596956644,-1.4158274351083647e-12
5147.437684662618,245.18952762946017,-2.3299487594673857e-15
5148.774711942018,245.31632009330565,6.163535767580755e-12
5152.974058650243,245.71476508021098,-3.2163176603736713e-13
5154.524563572729,245.86196314989152,-2.597738682356394e-12
5155.608069392996,245.96485267928725,1.0015552007515606e-14
5159.034629526745,246.29038058662888,-2.2360706095170557e-13
5161.337479203961,246.50927598198533,-1.3086009037251352e-12
5161.623307317175,246.53645194232874,-1.718203845424934e-13
5162.659997080828,246.63503094127728,-6.584997007422171e-12
5167.439094540058,247.08973209341724,8.24266130431264e-12
5169.9867278708225,247.33229534648063,-1.2148228999918378e-12
5170.683840403853,247.39868910788869,6.062197634934471e-13
5170.917920686878,247.42098517811783,-9.766107519308713e-12
5171.013035904385,247.4300451597973,2.3979860409366586e-13
5173.121688294356,247.63094280245468,-3.74496616059325e-14
5174.168438147621,247.73070022395422,4.9169134824757776e-12
5175.177592210526,247.82689379794743,-5.9997942259837e-13
5176.342865309599,247.9379921316936,-4.1389343271664154e-13
5185.719728418689,248.83290235061597,-9.14199971763739e-13
5189.608516701192,249.20451614345004,-3.567350596815835e-12
5192.24300990454,249.45642740113078,4.847277558387609e-15
5193.562239932315,249.58262072588278,2.5017500270746012e-12
5195.692334785556,249.78644645815223,2.24820266057117e-14
5198.604918940143,250.06528274772785,8.847379267620161e-13
5201.750100273446,250.36656221434967,6.234063536659851e-13
5204.788140734623,250.65775158519702,9.050717066531649e-13
5210.205669835685,251.1774315204232,7.323304777450758e-12
5210.230882608744,251.1798513356676,-5.288282675360439e-13
5210.289081039038,251.1854370193915,5.164063781016546e-12
5215.65270020244,251.70048644750602,1.6388290436301219e-12
5218.190273443466,251.9443453205449,9.503142576166618e-13
5223.541866952219,252.45901827423097,-4.702059040276158e-13
5225.386937793353,252.63658455390586,5.130570154515557e-12
5226.014987705281,252.69704124707008,-2.3793311842815533e-12
5229.141210323096,252.9980825648029,6.576775631909147e-13
5231.307900323014,253.20683078912634,-1.6161830706684843e-12
5236.309856511488,253.68907099800867,-5.5003152844948366e-14
5237.16621510946,253.77167901315346,-8.157346055493764e-14
5240.1590834384615,254.06049000537473,2.107155761274042e-12
5240.774107052166,254.11986005656732,4.655696137079807e-13
5242.799348238648,254.3154118365496,2.404286418359721e-14
5243.702522893217,254.40264428457505,4.93197024937494e-14
5244.756688267901,254.50447906254178,7.316250101091069e-14
5247.011721244724,254.72238911882386,-7.762865185262709e-13
5248.973993047549,254.9120850755374,1.1981432790897939e-12
5252.568537051538,255.2597593685082,-6.394773790175976e-12
5255.3225541441425,255.52629659500533,9.637985795830705e-13
5256.135223714324,255.60497447124146,2.5942700581717193e-12
5257.73402779756,255.7597967661623,9.449308913796574e-14
5258.134090663883,255.79854474493388,-2.3907573393682467e-12
5259.9773567602015,255.97711186043927,5.420986512866151e-13
5263.719764455446,256.33985158410565,1.3810048787680353e-13
5264.107801667158,256.3774775639361,-5.689498024798236e-12
5266.619161491406,256.6210583204725,-8.420698058331061e-13
5269.729230782059,256.9228698786285,-1.3335706118240823e-12
5283.453143469118,258.2568122565295,-4.260072502942776e-12
5284.771051212714,258.385093366077,-3.345219892643401e-13
5285.513335877742,258.4573591703409,-4.0934077654535715e-12
5287.3478641684615,258.6360048938632,9.556626619794201e-14
5287.849975313071,258.68491110762284,5.554831042296859e-13
5291.406923526579,259.0314950085894,-1.1497694453434731e-12
5291.803698543838,259.07017064230985,-1.7805929799960258e-12
5293.011338386494,259.1879031477723,-7.059546099952872e-13
5295.03213025999,259.38496972899054,-7.051016915994814e-12
5300.420479735348,259.9108064954358,8.884460740610824e-14
5301.989943373029,260.0640674584387,-9.217425652081232e-12
5307.454610170673,260.5980560934231,-5.621093014035913e-13
5308.530539649069,260.7032570742402,-8.041115296348655e-13
5314.00707128106,261.2390655236897,1.486347591588397e-12
5315.970504547609,261.4312968548693,-6.574434554163979e-13
5324.959169623586,262.3122452152443,3.733845023704541e-13
5326.395761433155,262.45317861313333,6.478843415278193e-14
5326.781993900091,262.49107550841154,1.9964720663633235e-12
5327.665209195576,262.57774638383665,1.9706404209984274e-14
5327.946105535165,262.6053140582062,1.246501049591267e-13
5332.719431396715,263.07399908764296,1.5838041609707723e-13
5333.562763696399,263.15684812825936,5.890340380141847e-15
5334.710722004422,263.2696447092935,4.809558673920069e-13
5335.157440107087,263.31354508988477,7.761289569302552e-13
5336.850037123636,263.47991522599506,1.3338627869491067e-12
5337.529674045452,263.5467335059549,6.069210460952587e-13
5340.649642605304,263.8535813719319,6.241051194796867e-12
5342.998146874898,264.0846742685166,-1.1392331676009442e-14
5345.934139057401,264.3737188955012,9.127045987244467e-13
5352.176041742039,264.98875376645276,-1.8707087367192223e-13
5354.969620189742,265.26424657240784,-6.654419979724038e-12
5355.053031393084,265.27247449990324,-2.967155266797802e-12
5357.348948009092,265.4990008107519,-2.0553204277947597e-13
5361.910279331771,265.94933204825975,-1.3308491213032731e-12
5361.974731819704,265.9556980611665,-8.647519948525616e-13
5363.263138297492,266.08297083596324,1.0442498854850794e-11
5365.453557965912,266.2994174457881,5.5820653284619763e-14
5366.2443026120145,266.37757669468897,6.44965192300958e-13
5367.444848573564,266.49626378559105,3.3139350190159144e-12
5370.830042606564,266.831070195537,-9.980129166418187e-13
5371.481822187169,266.8955574944893,-9.78202738170966e-14
5387.013888926678,268.43462078324615,7.0936448453245825e-12
5387.342244603767,268.4672053188628,-7.809332649289685e-14
5391.252796989342,268.85542356532386,1.099258913891788e-13
5394.696671913248,269.1975459035464,-5.3083066439602225e-12
5398.347252239619,269.5604413623006,3.5030682185747855e-12
5403.829073007458,270.1058371431365,-1.5526106985033474e-13
5405.344787527609,270.2567358761754,3.2861022576115577e-12
5406.7284700430655,270.39452695891526,-1.2867201118148132e-12
5407.277397244218,270.44920047857835,-1.0267648666854815e-12
5407.694453260911,270.49074324984133,-1.0268677260669191e-11
5409.034607568826,270.62425713640863,-8.112155199833386e-12
5411.259978459379,270.8460344750793,-5.405088896448216e-13
5412.263200104882,270.94604396804596,3.9767070933841435e-12
5413.632212397588,271.08254843233766,-2.9060952408633977e-13
5416.040559021847,271.3227688997641,6.13812109587249e-13
5416.220890187429,271.34076032645197,1.132575418188308e-13
5416.414247651226,271.3600520369734,8.81812544254966e-12
5417.440555684565,271.4624606346416,1.9331440566218602e-13
5418.487305537603,271.5669289746174,-5.561178901276236e-12
5419.99412143195,271.71734853337546,-1.5581706296583342e-12
5421.487750207851,271.8664929500941,-5.439768768409419e-12
5421.821395021201,271.89981424710896,1.7957242439461362e-13
5422.658794903628,271.9834548809594,-1.8326531479791386e-13
5423.17854247952,272.03537446916056,-1.4416278917353202e-13
5426.8991860704655,272.40718920634146,-1.1185206310418356e-12
5427.483707774743,272.46562533806656,-5.617645355650899e-12
5430.1848155729185,272.7357437424256,-5.941226660621565e-13
5430.881767285558,272.8054626937036,-1.8496062270474463e-13
5431.40909120316,272.858219023874,-1.0695890156216542e-13
5434.40212035189,273.15775485530577,3.5932812069573516e-12
5435.706680156641,273.2883639936239,2.5413290912057998e-12
5440.780021892953,273.7965918088899,1.0640843478600505e-11
5440.844635201114,273.8030675786412,-2.7797857234764257e-14
5442.1620604838445,273.9351212774143,-1.4548231918067848e-13
5442.242987939275,273.9432341799829,1.0166800869196245e-12
5446.753893715522,274.3956390893498,8.375492057928673e-12
5451.006310536881,274.8224630140251,1.4129014880905413e-12
5451.9005865655035,274.9122657509851,-4.691223411610497e-14
5453.294489990761,275.05227018948216,4.620217115644785e-13
5455.23467604901,275.2472031401492,9.849130271498134e-14
5460.69208814469,275.795888083116,2.0081146076504047e-12
5461.882413196295,275.91563553189764,4.4096092359748725e-13
5468.979513014294,276.6301499585798,1.3773001391910844e-12
5469.543110438161,276.6869309993564,2.9022350149931316e-12
5469.559263765202,276.68855849319334,-2.2525698463825828e-14
5471.30032076268,276.864003136695,-7.068915816355831e-12
5473.988563082773,277.1350044043533,-6.219687967830066e-12
5477.6475595739985,277.50408114666305,-9.711414564222804e-12
5482.8310083908245,278.0273489479575,-2.058854530976062e-12
5483.621431396389,278.10718543365135,9.731637637622104e-13
5487.100257542248,278.4587002241056,-2.3951500321777196e-12
5488.284971817099,278.5784594759039,-3.4538903331294437e-13
5488.325855456502,278.5825927432386,7.900200327669767e-12
5490.416710594324,278.79401574083647,1.4037724767395685e-12
5492.389203306597,278.99354399208704,2.625217840543345e-13
5495.284151029104,279.2865133138559,1.0072084000753613e-11
5498.036845837073,279.56522979671604,-3.023414420984202e-13
5498.28707944707,279.590573428258,-2.8439190912932996e-14
5501.04702895629,279.87017731952733,-5.871989840780612e-13
5505.0574675123335,280.2767153499535,1.971122887040001e-12
5507.780821874796,280.55295059998076,3.4671881583143805e-12
5508.466391213705,280.62251078675575,-3.3771546703564764e-13
5508.659748677489,280.64213105509776,1.552542718662731e-13
5513.192901017954,281.10231408036907,-1.726961467279493e-12
5513.520613414089,281.13559648074846,-2.1434527766371864e-13
5514.071184539724,281.19151681943316,-2.994670722850116e-13
5515.037650218173,281.28969218750115,-6.309714986735114e-12
5520.497546061496,281.8446416538905,4.526791390550744e-12
5522.6004268538745,282.0585271125666,1.0002420144202297e-13
5522.957801335951,282.0948840161473,-8.522182471001193e-12
5526.581364144136,282.46365406353226,4.2900687411154993e-14
5528.016633669398,282.60978834136836,-1.8138414084854838e-12
5529.12322587715,282.7224837157601,2.880050077563549e-14
5532.731278639196,283.0900845613749,4.262543915404595e-12
5536.223452723596,283.446107660585,2.8032810381205078e-12
5538.178309004461,283.64550106522483,1.2001763057667782e-12
5539.460622244646,283.7763339784986,4.823410850670048e-12
5540.561764495887,283.88870640138794,6.377731776939701e-13
5542.248429094961,284.0608751430202,4.912159907845187e-14
5547.374680124856,284.58446633981055,5.795020548824343e-14
5552.4584035908,285.10419186492845,5.900081295070318e-12
5553.319693962125,285.1922915313076,6.265801406928505e-12
5554.321271682988,285.2947580943067,3.220288496101545e-12
5555.972824239602,285.4637607907118,-5.29401533081859e-13
5558.918876511218,285.7653538646117,6.891053082558823e-13
5563.879466598225,286.2735403187321,3.936638531699161e-12
5564.336244790429,286.32035764169535,5.003553775457634e-13
5566.087522697626,286.49988988126074,7.392598144452049e-14
5566.232420180286,286.51474657599755,1.661266763956088e-13
5571.3866893714985,287.04347801912576,-2.6016875552101975e-14
5576.564044950527,287.5750703587395,-7.229569922772994e-13
5582.8774940029525,288.22398088876463,1.8031939214110105e-12
5584.529207379762,288.3938688869,6.132161766493303e-12
5588.10908116001,288.7622515077434,-7.215941208985602e-12
5589.374562069959,288.8925307791704,2.8383808983837218e-12
5590.217733549234,288.97935033379406,-9.033620126725242e-12
5590.503079201655,289.008734728096,-4.739779382181397e-13
5590.743574362473,289.03350166227676,1.4132051238041364e-12
5594.368941915227,289.40698229056113,2.416512170887607e-13
5594.9968310067325,289.47169120124215,-2.280813035563037e-12
5595.721800880697,289.54641408365666,4.822735052671863e-12
5596.841901847294,289.66188229193034,-6.885078673087079e-12
5602.165638013175,290.211007956163,-1.474649832951564e-12
5604.401712273928,290.441807267207,4.690974554174978e-13
5605.304886928227,290.53505572699083,2.6978102729038317e-13
5608.284889778335,290.84283333768565,-3.5299433799632183e-12
5608.789645490948,290.8949812022007,1.0445693899966553e-11
5618.739004646217,291.92383806887557,-7.048710023040807e-13
5623.490727223117,292.41585405395097,-6.585259601103682e-13
5623.900367718253,292.45828965513044,-1.3470996727567248e-12
5626.811307947276,292.7599296766966,-1.1430082804568154e-13
5628.117672496588,292.89534968167237,-6.430757089696669e-12
5628.287139471372,292.9129192244588,3.6778523161069065e-13
5631.450118055112,293.24093912144696,-6.354842949063296e-14
5633.089805777255,293.4110571273469,-7.178503202467056e-12
5634.810420954815,293.58962462895903,3.2462559559164903e-15
5636.292184896088,293.7434475681458,-1.8501810955036557e-12
5636.340644877202,293.7484789152782,-3.362209551299544e-12
5643.257252708469,294.4670379428771,1.47989788334416e-13
5643.771228687313,294.5204695359891,-4.184475802771014e-15
5645.1023235489665,294.6588692827544,-6.907839058155276e-14
5645.973513189622,294.7494683459312,-2.086079775864112e-12
5648.872910224682,295.0510908218879,7.157608465951024e-12
5652.544772193402,295.4332945800277,-1.9921327426641963e-12
5653.75305531663,295.5591189634395,3.662438700799852e-13
5656.142604045266,295.8080334481495,-1.0753138343678131e-12
5657.16033509309,295.9140803829772,-4.904557469668752e-13
5661.87498006243,296.4055923420747,-4.325828049756109e-12
5666.320271886159,296.86939868389527,6.2911096819702456e-12
5668.933840808081,297.1422593266665,-6.051625589277393e-13
5670.550602962577,297.31111479284533,6.171080248835314e-12
5678.351587552753,298.12653027512954,-2.227455469496415e-12
5679.234802847992,298.21892098636346,1.980636407359623e-13
5685.858649505159,298.91228126985453,-2.6675986467443965e-12
5687.258646167585,299.0589313141796,1.1805522315492436e-12
5690.040359780178,299.3504237354574,3.3772042201219505e-12
5691.1825464909225,299.47015338524346,-4.735481549674094e-12
5691.511902811542,299.5046826046443,-1.427961492687734e-12
5691.752397972342,299.5298970164549,1.7845567446601214e-14
5693.150750710235,299.67652665281446,-7.977544953120696e-12
5698.011615446166,300.186511483423,1.5536481152197808e-13
5704.02685336765,300.81821165036274,-3.5929002049291033e-13
5704.455774218622,300.8632809411857,-3.11610913979213e-15
5709.627358200187,301.40695710518554,-5.940769869510873e-12
5710.720924109575,301.52198415779884,-4.888788508282288e-12
5713.983306403256,301.86526968727486,-3.0602104443703566e-14
5716.673353467614,302.1484784838205,-3.257462735450867e-12
5717.485862217264,302.2340458100911,1.2096856873784418e-12
5717.902918233859,302.2779717441448,-9.001238713255575e-12
5722.141826295444,302.72461152349416,2.09757284038073e-13
5723.051415827542,302.82049510847776,-9.831583021007724e-13
5724.894681923177,303.01484812732497,4.3297425460758337e-13
5727.266915860819,303.26506734523963,-3.6657204862944684e-13
5727.641444313485,303.3045814471437,-1.6384596334065484e-12
5727.830513284577,303.32452988661635,8.288724887389118e-12
5728.373508068406,303.38182427358464,-1.241804380053419e-13
5728.533236594019,303.39867914877794,-2.2026522383975244e-13
5741.090232253031,304.7251893220377,1.3139367855439682e-13
5741.118411234674,304.72816939164545,4.6412733774829656e-12
5743.345265228962,304.9637166976864,4.020030941493313e-12
5743.989629287896,305.0318918741844,-1.7615397584543968e-13
5745.18853132457,305.15875877828233,-6.926200611854683e-14
5753.55359579877,306.0446804123225,-6.001716892515053e-12
5754.260929241318,306.1196513125147,-3.918655738671169e-12
5755.223106426938,306.22164812268693,-1.0768865652581945e-13
5763.703888758469,307.12140178394316,9.648875535495812e-13
5766.485924011374,307.41684550582727,4.191386932229553e-13
5767.790483815797,307.5554349100381,1.1383055536655011e-12
5774.748136106045,308.2951078610942,1.608395393910041e-13
5775.023582489038,308.32440911152986,-4.555486279712674e-15
5777.642923007721,308.60311739577116,3.3574929021073728e-12
5779.751575396659,308.82757824926546,-3.4192481139073054e-12
5781.121909973054,308.9734908991421,5.479451634938737e-12
5783.884986510524,309.2678073184649,3.5226767663066046e-12
5791.640798968024,310.0946896375373,-2.3122224416447926e-13
5792.775891797665,310.21579997965944,1.5597387701882767e-12
5792.894093402956,310.2284130323017,4.2265269863065796e-12
5793.443181424181,310.2870084717795,6.683114798404844e-13
5794.708501513713,310.42205712411976,2.2038621763111947e-12
5798.275509815442,310.8029256079099,-6.408037316018621e-13
5799.659192330493,310.9507318557603,2.509157650268853e-13
5801.063316665237,311.10075777093294,6.999814665729907e-13
5801.643067416004,311.1627127624642,-1.09788421522536e-12
5801.965329855572,311.1971539751042,1.5819033516803973e-12
5802.077759863903,311.2091701780781,-1.5069121254538829e-13
5805.19392239068,311.5423095253325,-7.754736924054757e-13
5805.60949530295,311.58675066461603,2.226133385204776e-13
5807.341814494446,311.77203819887814,1.2548182111060805e-14
5809.344969935807,311.98636308959135,-1.719568345754911e-12
5812.01541500367,312.2721986764108,2.300227531376999e-12
5813.452006812705,312.4260210432177,4.431889430366118e-12
5813.574657730884,312.4391555918295,-6.118249550653334e-12
5814.418472490945,312.5295262747834,1.0607749293389349e-12
5817.989286824597,312.9120977334841,3.039201909640558e-12
5819.988314593512,313.1263729901928,1.4919403946036428e-13
5820.4144300560865,313.17205771156756,1.0954604404253872e-12
5821.29271357766,313.26623085880556,-1.9335554083043463e-12
5821.305739875873,313.26762769865275,2.678599761651982e-12
5823.115537853476,313.46172687289453,2.0239502579460834e-12
5827.332842631222,313.91426305435897,-7.00701574174383e-13
5829.382331668446,314.1343009406805,-3.7411836675597233e-13
5835.173710216334,314.7564949813284,-1.982556831841332e-13
5839.331690822173,315.2035867042307,-2.0459249728960117e-14
5839.345199581074,315.2050397683332,-1.7131354162051648e-12
5840.510472679534,315.33039454188815,7.02290662370065e-13
5842.939743583416,315.59180486921207,-5.02184552134769e-12
5843.937032811414,315.6991531944034,-2.755196551056317e-13
5846.513845766056,315.9766064573369,-6.831109855785228e-14
5848.04226494346,316.1412337742902,-8.668029095242507e-14
5848.123192398866,316.1499517382332,-7.392082562425767e-12
5853.622810416443,316.7426844192671,-3.9158721908819097e-13
5855.484874407082,316.94349846311025,2.8089032675525865e-12
5859.065069827107,317.3297836203538,5.043374405914327e-12
5860.03598481821,317.4345811839455,-3.394195017814311e-12
5860.218960551867,317.45433296377826,3.169109489330273e-13
5860.382977570125,317.4720387211589,-5.571913804502398e-14
5862.5089447498185,317.70158327690564,-5.728760257531353e-12
5864.231043031402,317.88758240535907,1.3784533295029186e-12
5870.3496515145225,318.54887844272855,1.933541346427974e-12
5871.983728459665,318.7256053140838,6.408624592959807e-12
5872.067139662975,318.734627629176,-5.050378402152778e-12
5875.761730656275,319.1343879258752,4.0148016837519713e-13
5877.180525213688,319.2879704483437,1.622683795474084e-12
5878.549537505927,319.4361992620241,-4.756671342014798e-13
5886.192437493926,320.26436310058335,-5.277506054210618e-14
5887.246763688321,320.3786914732906,-9.281110655481187e-13
5888.214873291043,320.48368877776727,-1.964069658458759e-12
5891.0946683293005,320.7961219178192,-4.839048135006702e-13
5896.296915039759,321.3609084545556,8.363793755151641e-13
5896.4200484186185,321.37428257876076,-2.269999500600672e-13
5896.6702820285445,321.40146254708674,-1.9132845412484064e-12
5900.162616932278,321.7809146746478,8.039995519072265e-13
5901.590470935679,321.93611978174295,-3.02747212274651e-14
5907.050366777509,322.5299467972274,8.111474030640398e-12
5907.160313037929,322.5419103688423,9.73494426146317e-12
5907.542417832267,322.58349003190756,-5.320690597929372e-12
5914.346595653928,323.32435355550734,4.0272487225880323e-13
5915.888523590166,323.49236278226687,1.6618292687910149e-12
5917.350846355066,323.6517386531032,2.769636117045429e-12
5918.676330439745,323.7962347616415,1.7258158932584686e-12
5918.926564049668,323.82351731970795,3.2105264855392174e-14
5918.998110418603,323.83131811443565,9.156168023151928e-12
5919.512086397347,323.88736036335973,-1.4614403484262082e-13
5919.717308695447,323.9097384866419,5.452058550535602e-13
5921.392108459699,324.092393234392,-9.044055577637757e-13
5927.682471122788,324.7788857359861,1.8802492805562023e-13
5931.109031254476,325.1531466475589,-2.3403431421088136e-13
5931.2318429928755,325.16656459105076,-2.515605948192666e-13
5931.313610271655,325.17549832704367,1.750930490207149e-13
5935.167608149946,325.5967184469784,-3.512229865121796e-12
5938.0625558715465,325.91329977180425,-3.6984319048841755e-12
5938.495604394882,325.9606697125972,-2.61263277140465e-13
5947.251993928586,326.9192472695958,-6.279544174466721e-13
5951.818453565329,327.41970607971126,3.923875673601581e-14
5955.97130585482,327.87516931054455,4.714577714665413e-12
5958.338608018522,328.1349448574456,3.5152807780567244e-12
5959.725578382479,328.28719180057817,6.655858866276235e-14
5963.768001950843,328.7311284700486,-8.065965271956052e-12
5963.978835025666,328.75429029821936,-2.8775805257013315e-12
5964.317411612465,328.7914875641097,5.073261663119888e-15
5969.232668745808,329.33173359165795,3.539952615982205e-14
5969.806487079324,329.3948321557673,-9.799667923921966e-14
5969.887253714495,329.4037139530602,-7.58464129198931e-12
5970.308598223679,329.4500505856486,7.863878897315119e-13
5972.0834449789045,329.6452721843632,5.09631739482779e-12
5979.954975292834,330.51178867636304,-5.039320465820749e-12
5980.138111846707,330.53196236332656,-1.2156226668921013e-13
5981.034031799521,330.63066269896586,5.599247045947564e-13
5981.666531023984,330.7003518075662,6.519136623116147e-14
5981.747136838923,330.709233529516,-1.4698983465147968e-12
5982.3052843060905,330.77073747058984,-5.534794697164605e-13
5992.261737339872,331.86883306350086,1.0308630830037438e-13
6000.073103658457,332.73162570178295,-3.7861453679005915e-13
6000.877196242866,332.82050433638807,2.414731061733447e-13
6001.2156120094305,332.8579139522807,6.883308463998545e-13
6001.368925657134,332.87486245237943,-2.1546148933751259e-13
6001.69728133408,332.9111629359825,-9.260557087872228e-13
6002.634406566729,333.0147752321971,3.534276236122879e-12
6005.3226488858245,333.3120877670548,3.680839992368845e-12
6012.192601479045,334.0724912582205,-2.2443020893398638e-12
6015.776924571146,334.46956863976476,9.258670967236867e-13
6016.831089945225,334.58639590105696,4.588911013899634e-12
6020.929389016032,335.0407819882972,-4.285208645026755e-12
6021.048394722455,335.05398099618344,1.253978771146873e-12
6022.049489982308,335.1650235141863,3.1189787515840155e-13
6022.400932047078,335.20401020825415,-2.72468015186732e-12
6025.0411968457265,335.496976743102,-6.576190925663107e-13
6034.167343878208,336.5106125577289,2.1912439333287304e-13
6036.304014428208,336.7481529525585,2.632237684581466e-12
6038.038978187582,336.9410962054282,-9.764977094043982e-12
6038.581972971304,337.00149340092315,8.821280641873838e-14
6041.481370005613,337.3240846498601,1.3675162417259833e-13
6041.803632445132,337.35994961305494,-1.3957079031556768e-12
6044.591439294498,337.6702877487592,5.455244884083143e-14
6053.288665475995,338.6393813382216,1.0233697319573995e-12
6055.596446925234,338.89676117239213,-3.610925453542835e-12
6056.474730446677,338.99473923077335,-4.645062670385941e-12
6056.517097190358,338.99946586711206,4.418799396286961e-15
6058.530473541251,339.2241258734926,-6.567856538238725e-13
6060.669788659354,339.4629204188584,-2.5909399785465266e-12
6062.1147966332555,339.62426274413843,-1.5913027784705613e-12
6063.481325177435,339.7768778374091,-1.2033341682326152e-12
6066.519365636663,340.116292077329,-6.112617853394417e-14
6067.996680264626,340.28140122611944,2.6342896442494387e-13
6069.472511788289,340.4463847605417,1.0042067293269509e-11
6070.896077298882,340.60556348124373,-9.577524188376465e-14
6071.4450044997775,340.6669528065065,3.5301003956623446e-13
6071.89585027464,340.71737733774245,6.548684513252854e-13
6078.063079558305,341.40752271724637,-4.707264142284249e-15
6081.772179953642,341.8229279470861,9.812466354037613e-14
6086.081472919325,342.30587072751473,1.5555812638140516e-12
6088.408052263683,342.5667528435689,-2.707883897224176e-13
6090.140049814413,342.76102853771823,1.079455487031589e-12
6103.74708317213,344.289232426026,-3.8653329350114455e-13
6104.771747280449,344.4044503860284,-4.2636879839226445e-14
6104.793833024671,344.40693402193625,2.9731526955322053e-12
6104.916966403516,344.420781058987,-2.5963555880499628e-12
6106.410595178708,344.58877020910785,1.967341709152055e-12
6106.792699973,344.6317523212662,-1.0822810688459872e-12
6106.990024288905,344.65394994450213,-1.841409330062247e-12
6109.604075670773,344.94808036539786,6.351864471366441e-13
6115.072548497234,345.56379449226,-7.145291548207315e-13
6123.783122617043,346.5456854801233,-5.362806431713306e-12
6124.332210638152,346.6076277215368,1.2751810046077173e-12
6127.670588612789,346.9843473714018,2.6655860176934986e-12
6133.147120241593,347.6027918488289,3.13517998764293e-13
6134.049133431743,347.70470585684006,-9.050179106397092e-13
6137.693298878371,348.1165946705847,-1.0099127100406504e-13
6137.94353248826,348.1448867815462,-9.919324566274258e-14
6139.425618069511,348.31247916461314,6.11559531306458e-13
6139.590796551578,348.3311598467507,2.657552160384906e-13
6141.69944894004,348.56967977356226,-8.751284566855335e-14
6142.307057031859,348.63842448079663,1.0801954480521431e-11
6142.847568067644,348.6995835507631,-5.178388755894718e-12
6142.935267763599,348.70950731875155,5.293461262354519e-12
6150.10391394725,349.52116348375034,6.912934449722631e-12
6154.004567061378,349.96320510355355,8.113010081651349e-13
6155.168678695776,350.095182389771,7.05274958952479e-14
6158.91140802908,350.51967103214355,1.2610943848050085e-13
6159.416646202202,350.5769933313794,-8.172895975306227e-14
6162.138195818722,350.88585033281555,3.776451496669215e-14
6163.680123754729,351.0608976741293,-8.242183054236743e-13
6166.813440251451,351.4167422957557,-1.7920072968942664e-13
6166.935251346227,351.43057979536405,-5.676961205616038e-13
6169.009953156065,351.66630379286636,-4.4884880846955057e-13
6169.558880356933,351.728685207641,-3.390580173907258e-12
6172.717409626684,352.0877359673599,6.748955627547693e-12
6175.382083096998,352.3907898121415,1.4780676521130504e-13
6178.808643228181,352.78068541671223,1.2206453865123185e-12
6180.206995965643,352.9398609445768,-3.75666024115269e-12
6185.706613982112,353.56623594230956,-3.041362660805763e-13
6194.733196483418,354.59551967496833,-3.44019781048569e-12
6198.0015111933,354.96856938044243,-1.7652891529707977e-13
6204.993274880522,355.76727912391453,3.6435428069367475e-13
6206.37695739523,355.9254519461776,-1.4266803871747697e-13
6208.683094919738,356.1891516895424,-8.994530900852877e-13
6210.392845905904,356.3847197036148,-3.643880417592631e-13
6211.911687454045,356.5584959133998,4.4092568967374387e-13
6211.952571093432,356.56317414724623,-5.599739003812425e-13
6212.919036771438,356.6737738666809,-2.909148396499136e-14
6213.533577924025,356.74410924353333,-2.403377840858543e-12
6214.236462053485,356.8245641669982,-9.124386227460397e-12
6215.347986034318,356.9518122142245,-2.487830758047465e-12
6216.062734998148,357.0336492008964,9.77726686962816e-13
6217.801987250006,357.2328285883268,6.094381338912686e-14
6218.488878872662,357.3115068526733,9.193998692624364e-12
6221.136237552035,357.6148231589343,-6.031438447303461e-13
6223.020387286486,357.8307748265438,-6.539456316523911e-13
6224.866780410373,358.0424624645966,1.1405384515005644e-12
6225.392621223396,358.10276122314787,-9.34833573905025e-13
6227.132195115704,358.30227641817294,-6.228649739744855e-13
6227.185944233068,358.3084418992946,1.5958426018327296e-12
6227.559311221782,358.35127173872394,2.427626159243869e-12
6231.045874527876,358.75134788517073,9.16956199988582e-13
6234.050607689142,359.0963146330269,3.9840959900003284e-13
6234.214142246677,359.11509444482795,3.4790767957192805e-12
6241.053914570146,359.90099430529995,1.4413823708134015e-12
6241.440307857066,359.94541717662383,2.96356645692232e-13
6241.522075135832,359.95481815137737,-1.2437581425417573e-13
6241.891475272342,359.9972904816674,1.1272539542171146e-13
6242.642176101968,360.08361117106233,-1.1170371406577936e-14
6243.263132132422,360.1550207654265,3.4728661742322607e-13
6244.655552452648,360.3151741402292,1.5778125951725792e-12
6248.802311504015,360.79233755481545,2.8132760939048907e-12
6250.401115586138,360.9763949471631,-5.858109538623896e-14
6250.654797865291,361.0056036660218,1.5665637085905223e-13
6256.386852239864,361.66590257186346,-4.746506977948046e-13
6257.4998593249675,361.79418460308904,-3.0369348418422287e-13
6257.693216788657,361.81647276093236,2.5527788498296627e-12
6260.340575467976,362.12170091177325,2.2265029205212875e-13
6265.916189166013,362.7649655325527,4.04732805084008e-12
6268.681749450576,363.0842436968995,4.928951656931823e-14
6270.111247378197,363.24933148272885,-3.164056464371185e-13
6270.567703929736,363.30205400448864,-1.0214609690001916e-11
6270.94880808038,363.3460759683613,-7.837653230617977e-13
6272.434538873267,363.51772070862023,-1.5315010030425353e-12
6272.899054227203,363.57139396782173,-1.4654208494925513e-12
6273.623541640167,363.65511409852513,-2.301451380637757e-14
6282.479495702493,364.6792696089819,-2.282744077954271e-13
6285.595014947456,365.03991041508607,-4.02350302081261e-12
6288.683159311925,365.3975588577827,-7.988065540140559e-12
6294.826980566561,366.10961798150464,3.8942520627966675e-14
6294.932638334295,366.1218696305866,1.1167323443004513e-12
6296.078952717047,366.25480484649796,5.761047481730541e-13
6297.820009713586,366.45675717899036,-9.261935494864918e-12
6300.091035195555,366.7202666472865,-1.898198641374923e-12
6308.308235975767,367.6745108538834,1.7213586819007882e-14
6308.348958794922,367.6792429964335,-1.1910425509709154e-11
6309.26993070038,367.7862715035431,1.1719635140074503e-13
6311.085661094644,367.9973279566117,-2.8447028449472193e-13
6314.322830614092,368.3737599790572,3.0807178349802424e-12
6316.936399534975,368.67781787462025,-4.75591222808439e-13
6317.920662464486,368.79235786482496,6.771268733601169e-14
6320.802262246783,369.12779607779754,3.5575736759227777e-13
6320.999586562664,369.1507715933085,5.921377942280577e-12
6321.327942239551,369.1890053741748,1.2984760701890767e-12
6322.6062886268965,369.33787512333697,-9.44879812310941e-13
6329.517124858274,370.1431973784721,1.4464179215078472e-12
6330.962132831958,370.3116958903377,-7.224000960771968e-13
6330.993278022184,370.31532807104765,7.211466878344676e-13
6332.257954830395,370.4628309366659,2.733792948948434e-13
6332.280040574612,370.4654071217979,1.1152004566006555e-12
6337.826796287655,371.11269130716687,1.3306645347856357e-13
6338.869257647404,371.2344056402396,-3.571976302147875e-13
6340.129645962954,371.3815911352147,-1.948994226930496e-12
6341.680150884134,371.56269597830004,-8.57164825400118e-12
6344.375808724199,371.87766443985777,-1.5565101973207372e-13
6347.72011911562,372.26860938683825,1.839416971456806e-12
6348.263274719481,372.3321229226001,-9.546488907493992e-14
6350.016035730111,372.53711791843716,7.063851963620463e-13
6353.969758958028,372.9997352973499,3.5703925895298763e-13
6362.0344859137185,373.9442658541542,-1.10385578830217e-12
6362.8179758580445,374.03609104984304,1.4788998465159567e-12
6362.940787596413,374.05048563804,4.736569182037864e-12
6370.679285260403,374.9580641894054,1.013759225295975e-12
6371.035176637992,374.9998300096185,-2.884522001746194e-15
6372.498982506811,375.1716402523821,4.78050189061203e-12
6372.774428889708,375.20397443673386,-1.8730246226570387e-14
6372.787455187916,375.20550360642704,-2.9388854505968555e-13
6376.147758086089,375.60007720319993,-1.2143788992462847e-13
6376.610790335706,375.6544636964716,-6.60887150933809e-12
6377.379288416834,375.744738082269,5.063944774535743e-12
6378.978092498847,375.93258220280995,-1.998875759415965e-12
6379.263920611817,375.9661692216773,-7.617281314620417e-14
6380.840960590072,376.1515107018288,4.969797475311914e-12
6381.6534693394,376.24701860091244,-4.1586390199221153e-13
6389.02304932752,377.11384538346135,3.1469278249503005e-13
6392.75359218553,377.5530217262387,1.1753701095478804e-12
6395.5651287031,377.88417790325974,-6.891311387248281e-13
6396.441929120085,377.98748142278157,3.13765519133552e-14
6407.933377026594,379.34269838212344,-3.9136420642392847e-13
6411.154393218854,379.722997842499,-6.030242861755316e-12
6415.331654179168,380.21648400597957,9.28104820789857e-12
6420.9530832897135,380.8810861844667,-9.94496069586937e-13
6422.219404022396,381.0308792513536,-1.290373477102039e-12
6423.735118541548,381.21021194466255,-2.92760768322876e-13
6424.402408167817,381.2891761428801,1.1717434757370226e-12
6427.766159735186,381.6873529926058,-7.12972193052476e-13
6428.912474117861,381.82309310670377,-2.9349543548598475e-13
6429.234736557313,381.8612579746412,-5.132442422850798e-13
6429.388050204983,381.87941526141867,2.51369226675212e-12
6433.341773432744,382.347813325822,9.861147554431399e-13
6435.6607764349565,382.62267986723265,-8.13503904136061e-14
6436.526194478242,382.7252814274676,1.4072873065439451e-13
6437.87905344302,382.8857002702722,2.3363610688496797e-12
6438.120870887777,382.9143779673661,6.781166421904751e-12
6441.529633766934,383.3187457534304,2.1530325400843653e-13
6444.567674225541,383.6793166250994,1.6122453759900955e-13
6445.961577649921,383.84480942885335,-2.864076474732132e-13
6448.151997316801,384.1049418610022,7.045916701684168e-14
6448.521397453271,384.1488202256654,7.935520430687222e-13
6450.0686145253185,384.33263023940924,-3.6387587425730294e-12
6451.644332219452,384.5198714614089,7.788158495834225e-15
6453.143732591321,384.6980864268717,-6.235910645670748e-12
6454.806828340937,384.89580625623773,-1.245978999107481e-13
6463.826799420647,385.9690476310867,1.8674534087018156e-14
6467.55173150179,386.41269597340164,1.453200884663348e-12
6470.086016891619,386.7146815402545,2.916199524640481e-12
6470.199090180824,386.7281581158159,6.841723607395815e-13
6472.149336327448,386.96063415406934,-2.980720243684542e-13
6472.873823740338,387.04701338963264,9.922658449657776e-14
6475.3527160882795,387.3426400763761,5.982560287434883e-12
6478.080680582222,387.6681013276994,7.610768274754534e-12
6484.5362217254105,388.43882911930774,-5.1551636394130314e-14
6484.536382545639,388.4388483292153,1.54500875152759e-13
6486.444101128344,388.66675802216076,4.924739975626068e-12
6490.995211537859,389.2107369268512,6.145883716137428e-12
6492.799237917816,389.42647172132627,-8.844439453271299e-13
6493.714116585775,389.53590054931533,-6.367051539528296e-13
6496.712917329455,389.8946958264675,7.629037813982294e-13
6499.341317293061,390.2093102634514,-3.835957491325603e-13
6504.717801929804,390.85326156362356,3.162101024819045e-13
6512.290799470756,391.761196416463,-1.6824997761097985e-12
6513.081222475818,391.85602197031784,-1.5091506488817821e-12
6514.223409186015,391.99306828188736,-4.722349544387405e-12
6516.321840664221,392.2449131242225,-3.611412501503359e-13
6517.262932748813,392.3578853490628,-4.343562444840777e-12
6524.268044373563,393.19931791667915,3.473164016265557e-14
6525.556450850394,393.3541757755907,2.930737371211402e-12
6531.436690555796,394.0613295866803,-4.8813839546362866e-14
6532.790871804578,394.2242727759857,4.974161003566279e-13
6533.845197998595,394.35115899950574,-4.41877802552699e-12
6535.778290174522,394.5838562863475,1.0096853157391365e-12
6538.698968851129,394.93556553921087,-7.803087474795915e-12
6540.041767726225,395.09731862685567,-1.9915114687449376e-13
6540.76689842001,395.1846814302861,5.145543388129129e-13
6541.281875042191,395.2467310263025,-6.952355997258236e-13
6544.4226070597815,395.62526395962055,3.0493359856434655e-12
6545.125491189124,395.7100031032376,-3.657314973754551e-12
6549.571104651018,396.2461734843188,-1.7740167521955761e-12
6552.850640913755,396.64194058737706,7.93445543550858e-15
6557.952322448409,397.25799392602,-6.55056726031153e-12
6559.379533170379,397.4304225195026,1.1295545732688701e-11
6562.272836966474,397.78009241581054,3.0697764332313747e-13
6563.715200371861,397.9544666765347,-4.339913471486549e-12
6564.330223985029,398.0288314982597,-1.363945309646447e-12
6565.435815548481,398.16253025952227,3.3499924337483534e-14
6566.134411185153,398.24702276905487,4.6467378288579116e-14
6568.828425100399,398.572937779553,-5.107454159355226e-13
6573.137718064991,399.09454313814246,7.324713540532178e-13
6573.553290977082,399.14486299155664,4.961259436784725e-13
6573.882647297534,399.1847455256846,2.989305100318965e-13
6577.196294959052,399.58611412509623,6.648928148170438e-12
6577.309207428022,399.5997943145185,-1.5422045179578895e-13
6579.128904674249,399.8202966252807,-2.708134016627845e-12
6591.248402491117,401.29043604148535,-3.017507938610456e-12
6592.424378959624,401.4332302938234,1.729173092393533e-13
6593.847140368683,401.60602473656974,1.6002790821476348e-13
6594.832564761897,401.72572643426355,2.0905924580863958e-12
6598.891624116605,402.2189780119268,9.410085339482864e-12
6604.536300434709,402.90541617800153,5.0167272932414306e-12
6604.865495934929,402.9454671186711,1.899386890313184e-12
6609.069452772187,403.45710900673987,-3.0519227982528925e-12
6611.419600964427,403.7432752809602,-1.7926290712007432e-12
6612.151503898752,403.83241636745504,-2.509691092875096e-14
6619.636801743391,404.7446441816412,1.653994749807477e-14
6620.116666323131,404.80316013336113,-5.4357185017291675e-12
6625.4980827331465,405.45967474767485,-3.945855999371811e-12
6626.881765247563,405.6285655536524,1.5450549904408228e-12
6629.187902771587,405.91012860320825,9.740821666000934e-12
6631.27282549079,406.1647672135658,1.1146512717450146e-12
6632.086656524087,406.2641848576025,6.880235273033688e-13
6632.416495305219,406.30448145573325,-4.775097359472528e-12
6633.861503278694,406.4810425522711,-3.208879108551207e-13
6635.081168774916,406.6300996757006,-3.215599624492635e-14
6636.438316232225,406.79599088246687,1.437975655581186e-14
6636.567542848452,406.8117886943737,-1.0588488778259823e-11
6641.64104540128,407.43226192603214,6.531862355403747e-12
6642.101790445395,407.48863306528386,-1.544088378919664e-12
6645.211859733311,407.86924546377656,1.2348227405718295e-12
6647.637002963701,408.1661597813676,6.745429016281285e-12
6647.771679536422,408.182651633315,-8.194932515559269e-13
6647.825428653776,408.18923358762504,-9.07392784963297e-13
6648.93234250125,408.3247947417885,-9.36175654249296e-13
6650.623938872801,408.5320042006811,-4.977329545074598e-13
6651.502222393973,408.63960895911873,-3.6516071404438577e-13
6651.888615680817,408.68695324854707,-7.512760725877319e-12
6652.042733429619,408.70583787209347,7.864032344186178e-12
6654.555415535704,409.0137879147947,-4.314643648295431e-12
6658.266838857621,409.4688664023589,-9.905284551024894e-13
6658.471739515184,409.4939978153056,6.780898450202436e-14
6661.600928338696,409.87789421977254,-6.56137543191942e-13
6662.396283117281,409.97549900448496,-1.2207769158737193e-12
6663.492654414448,410.11006320227364,-5.740510170326659e-13
6669.195850803087,410.81040772979844,1.451321596613239e-12
6669.490255901336,410.8465765263861,6.804626090632421e-13
6669.612906819457,410.86164513368345,1.3551821482306327e-12
6670.661300596225,410.99045966890986,1.303140766581097e-13
6671.159605708424,411.0516927523654,-1.6965315241134566e-12
6673.149252389943,411.29623152449363,-5.579710273253093e-12
6675.813925859593,411.6238491158802,-1.3989956121081995e-13
6676.82901233869,411.7486868734072,1.7989051155050462e-13
6680.845383309121,412.24281588411935,-2.4112175880463553e-12
6683.827548264827,412.6099000716627,-3.0496309419582744e-13
6686.158898561827,412.89698750355547,9.797626377566993e-14
6690.750731790068,413.462728406941,1.8058517516126811e-12
6691.45361591936,413.54936214918644,8.48786315593137e-12
6693.788772248325,413.8372463823959,1.0463020897271995e-13
6697.57222439977,414.3038935601497,1.0937999128604807e-12
6699.817036464662,414.5808910565861,6.148372890069115e-13
6700.471621433099,414.6616807317369,-6.968086677084817e-12
6702.98430353913,414.9718723207625,2.4721149994546046e-12
6704.080514016047,415.1072363700895,1.9199304343900117e-14
6704.143483399634,415.1150127304652,-6.489637896470357e-12
6705.648977008744,415.30095436859204,-4.7008039468630406e-14
6706.808800150164,415.44423115023653,1.0792038300020283e-12
6715.4374461684165,416.51093419579917,-1.2093711103272474e-11
6723.8928549022185,417.55755150768505,2.460578932401765e-12
6728.813043807204,418.16718259500436,-1.864149973094608e-13
6730.833514038433,418.4176560992849,-7.654737433548628e-13
6731.250570054792,418.46936703178756,8.785726817851296e-12
6731.799979716196,418.5374934331325,6.964436544342592e-14
6733.757319743605,418.78024737444997,-4.515100478910303e-13
6737.711042970809,419.2708127358774,-4.099993355538488e-13
6739.596675809082,419.5048774552326,-1.7980662929552873e-12
6741.967426641104,419.7992530979787,-1.8200804324171273e-12
6743.111096455477,419.94129936284236,1.0232575416491137e-11
6746.22068328257,420.3276385880126,3.720006181017995e-12
6746.928016724733,420.4155435070324,-4.24858766369272e-12
6748.065754121922,420.55695685422126,-6.034630889350001e-13
6748.329335670399,420.58972172566104,-7.988181721822219e-12
6749.822964445114,420.77541350412963,-5.44015180863567e-12
6752.335164090401,421.08782932587786,-1.8525116764422738e-13
6753.740932348956,421.26270065273235,1.2235308573071245e-12
6754.3544728577735,421.33903377759026,-6.713727050306927e-13
6755.291437269834,421.4556187950362,2.2355664537697572e-12
6758.33160411322,421.83401336753343,-1.4410392334841089e-12
6760.088171155487,422.05272220801146,6.1173911431353e-12
6760.277079306242,422.0762464046423,-3.1892045766168424e-12
6765.015293121188,422.66649776486565,8.850102385439571e-14
6766.695024658281,422.8758454910626,1.6347265382637785e-13
6769.535740800596,423.2300069261609,-8.408062969393277e-13
6773.77168265115,423.75839183640437,-9.689762136205747e-13
6774.474566780417,423.84610050105425,-3.86653516148708e-12
6776.348495604523,424.0799812339218,1.1047306970383165e-14
6777.13924024995,424.1786916555418,-7.048822853857815e-13
6778.667659426602,424.3695202852739,-1.750750594554837e-13
6779.972219230314,424.5324333068826,-4.0452085198294763e-13
6780.768735472695,424.6319174208119,-8.855358791980565e-12
6789.448646860121,425.7167876118451,-2.6062429113359675e-12
6791.20140787039,425.9360271822465,-1.6277880522138925e-12
6791.539984457047,425.9783836791368,3.123766373894398e-14
6793.099227183451,426.17347480522017,2.1635997676787917e-12
6798.698409728584,426.87440893408194,2.715732374360493e-13
6800.096762465628,427.04955196022587,5.336737147913033e-12
6802.2828936394935,427.32343604067427,3.917929795595231e-13
6809.527857143091,428.2317328412701,-3.407925561343265e-12
6814.376857041686,428.84018922586927,-7.785885704288148e-13
6815.236342667639,428.94808335872693,-1.2545653487276176e-13
6816.665840594891,429.12756319766083,5.70800369770289e-14
6824.431873957969,430.1032810515554,5.562850398284771e-12
6827.858112447622,430.5341039459044,3.7822881219881794e-12
6828.438184838532,430.6070649506993,4.2382149417380005e-12
6828.591498486174,430.6263496446012,2.770841507454046e-13
6828.613584230385,430.62912775531333,-5.77381115386976e-12
6831.336938590782,430.97176057584653,-2.9663102380978794e-12
6831.998778260432,431.05504910907894,7.0301559742206e-14
6833.17756011718,431.2034116843192,7.61392921276363e-13
6834.495467859529,431.36931507802115,-4.249221543347071e-13
6835.952501487473,431.55276942276083,2.91794013381885e-13
6846.138746307099,432.8364065574877,8.44968472700164e-13
6848.151961836976,433.0903315772436,-1.7409511450770037e-12
6848.270967543348,433.10534399442497,7.720989364180088e-12
6849.551958498515,433.2669558776508,3.312755311487579e-13
6850.137480845916,433.3408363864156,-8.83445802504344e-14
6851.293015494606,433.48665889473534,1.5995228099761833e-12
6856.28739533636,434.11720674773176,3.1775913420845855e-12
6856.351847824237,434.1253469728685,1.69254424327777e-12
6859.830673967355,434.56482954820757,-1.153627010852117e-13
6860.482453547386,434.64719412156296,-2.8333087175467275e-13
6863.490992739734,435.02748089662805,1.2105083125369274e-12
6863.679900890479,435.0513649161268,9.490047199046902e-13
6869.026205257516,435.7275809832044,-8.593581359487554e-12
6869.587997936176,435.7986687192535,9.899885773948972e-12
6870.544564344497,435.9197234395195,-1.061694370317817e-14
6872.1664548139715,436.125014300495,-3.351385801663982e-13
6872.481301731879,436.16487167989266,-2.1804105404193794e-13
6882.443847998651,437.4270021826762,7.925043249605823e-14
6885.7530463468365,437.84664089621083,-3.715179827893672e-13
6890.205592868863,438.4115856448322,-4.853186221003978e-14
6890.703897981018,438.47483395155103,-7.409052135378693e-12
6892.847019130221,438.7469057435032,4.851364625321404e-13
6895.992200460223,439.14634346590566,-3.4015230177976035e-12
6901.456867252644,439.8407889620585,3.554539440382594e-12
6903.218366068382,440.06475606353854,-1.8658607208276935e-14
6903.411723532013,440.08934412612416,-1.863764043084194e-13
6905.2215215086,440.3195182365277,3.2803491446092174e-13
6906.059082210538,440.426061481806,2.1808254398613504e-13
6908.572925780192,440.74591655975433,1.944587853443645e-12
6913.304045713827,441.348207957734,9.577798907580613e-12
6914.9277409280285,441.55500619909725,-4.885505712572679e-13
6918.55294765791,442.01689765182937,6.680623031266429e-12
6920.3495585160545,442.24589547283244,2.0384106249218217e-13
6920.398018497133,442.25207305411567,-5.13242593913868e-12
6922.887131754429,442.5694383997771,1.0636572594733619e-12
6925.53268568818,442.9068752593357,5.087607455373544e-12
6927.314626323586,443.1342320650973,6.873063277192213e-15
6931.162691782768,443.62540411638344,8.977093947841618e-13
6932.3457621321295,443.77646756732173,-8.93618606439877e-12
6934.212597075091,444.01489174043246,2.367971749101242e-12
6936.826648455924,444.3488550837793,3.910845903075663e-12
6938.845474762455,444.6068604057017,4.86587441185508e-13
6942.496055085561,445.07359396423186,-5.74024555124202e-13
6944.235307336833,445.2960469751848,1.1384247705370866e-14
6947.456484348556,445.7081875859263,2.773907819452695e-12
6950.883044478499,446.1468161947283,1.2771464802119358e-12
6951.005695396607,446.1625205565235,-2.1786692243790293e-12
6956.452886577816,446.8602644966147,8.275685138590556e-13
6961.271706207283,447.4779744354684,-5.572152410427991e-12
6972.863719284823,448.9656717174476,1.7909897394959916e-14
6972.990819515819,448.981997242244,-2.945873726020517e-12
6974.426089039931,449.1663726212837,-8.404684376224257e-13
6975.5692763935085,449.31325414014935,-6.631684386102802e-14
6979.404315554414,449.80617194080844,-1.7095987341965312e-12
6979.821371570732,449.8597925074841,1.18772099728857e-12
6979.855482969538,449.8641783251653,-4.164207085294771e-13
6980.869765347365,449.99459782797817,-9.255859570315345e-14
6981.227139829153,450.0405546370474,4.58906142290183e-13
6985.167193476833,450.54738440561107,-1.6251494177940321e-12
6985.431096665748,450.58134187542436,-3.2245374258231393e-12
6986.639218967882,450.73681214233926,-5.031969234819503e-13
6987.142491575823,450.8015849806535,8.92427641077742e-15
6990.21019411963,451.1965092744339,-8.106996811671152e-12
6997.144760017674,452.08987761053373,-6.306892531740683e-13
6997.467022457048,452.1314156720936,-9.780903490224728e-13
7001.3614215119915,452.63353602161857,3.1712537799067634e-13
7003.458209065236,452.90399887768,8.380324557576628e-12
7005.847757792161,453.2123234881288,2.352514800410425e-12
7008.444011921371,453.54743861752786,1.0037118002683803e-12
7009.414766091683,453.6727719610045,7.813146226909294e-12
7010.416504631982,453.8021238721854,-5.9813235034434905e-12
7012.929186737694,454.126661357686,-1.8725191615407416e-12
7018.137365862435,454.7997190267298,1.0191292928930178e-12
7029.5623957129665,456.2779361885409,7.3713945563105e-14
7031.249060310673,456.4963674501491,-3.030895870749882e-13
7032.474658223879,456.6551212097253,-7.241303824945533e-13
7034.277040678897,456.8886371075105,4.182073716446538e-12
7034.846892159917,456.9624792716996,1.8739074028488223e-13
7037.610969339229,457.32073719347966,-2.7872017547374346e-13
7040.141609516697,457.64886225855884,-1.791100076804929e-13
7040.315364984011,457.67139587557256,3.3328677655239884e-14
7040.756150669054,457.7285620152569,3.0905248634700902e-12
7043.431527508833,458.07561233333763,2.6181766371048186e-14
7044.973455444218,458.2756913683099,-1.5332055575942668e-12
7045.69794285693,458.36971525753813,-4.319025392817904e-13
7051.386629842179,459.108328386466,6.178315167833697e-12
7054.78188396154,459.54944867466304,9.862009414172654e-13
7057.341703764222,459.8821675548058,2.8296476034414433e-13
7058.274218863281,460.00340349519985,7.108480933033065e-13
7059.789933382019,460.20049515262303,2.9519648911875706e-12
7061.173615896187,460.3804553516173,-1.1558827647621805e-12
7063.4797534198,460.68046738953456,-7.287276658611174e-12
7065.3025776944805,460.9176731425708,-5.257452714301676e-13
7066.708345952857,461.1006488257656,3.572330583927288e-12
7068.276487304862,461.3048020457637,8.874194869602719e-12
7070.859393495351,461.6411642434562,7.921420437995017e-12
7072.324843288247,461.8320589222913,-9.029158968192914e-13
7072.769917465943,461.8900436923623,-8.559628023700691e-13
7075.932896047278,462.3022252495094,-4.886587824101697e-12
7077.623688317384,462.5226353635176,-3.313483997656281e-14
7081.928853608635,463.0840904745841,-5.0463548760013544e-12
7083.224193145955,463.2530880884911,-3.5342422134818413e-13
7088.570015051848,463.95086244281384,-3.2158116240671024e-13
7088.847266179415,463.98706557309515,3.2278444609126253e-12
7090.180683967738,464.1612015004688,2.8731624879914543e-13
7090.97720021002,464.26523710819384,-7.760981875543147e-12
7092.763590158203,464.49860587552894,7.626667402128973e-14
7093.40234343997,464.5820650068175,1.3585173398988329e-12
7096.190150287955,464.946406206372,-2.1079975104576817e-13
7096.6881337596105,465.0115032232137,9.13278760032044e-13
7097.333820102168,465.09591494386376,-1.9480029933826043e-12
7097.460920333157,465.1125318871181,3.2230093400152814e-12
7097.468496674865,465.11352241902904,-1.0266326954045484e-12
7099.090387144198,465.32559293348805,-2.78679513214106e-13
7101.199039531735,465.60138252281985,-9.833282806977601e-12
7105.451456349215,466.15780312686707,1.2691948245810735e-12
7111.846672675253,466.99523211475963,3.557433146626126e-12
7113.439705159807,467.20395079985695,-1.7373377957934702e-14
7114.921790740395,467.39817522855384,3.9258980746757764e-13
7115.137233948219,467.42641200973844,1.8038565526763176e-12
7115.811939095773,467.51484688572,-1.3210202850538203e-14
7118.264618026403,467.836394785805,1.642671444243237e-12
7119.770951458642,468.0339310648176,4.0340723569919586e-13
7121.11110576528,468.2097102212617,9.76655147601178e-12
7125.74546655661,468.8178236212674,-6.349845067466153e-12
7127.02629669141,468.9859618808076,-1.6527022364882727e-13
7127.313607908585,469.02368220117717,-1.168644862319419e-11
7132.257883844208,469.67304118791793,-9.130677110982649e-13
7137.130774231157,470.3134653214678,5.2335084005861595e-12
7137.276154174383,470.33257873464987,-1.8494071019105996e-12
7138.066577179239,470.43650415638325,-4.455292380408158e-12
7138.517744594335,470.49582915279234,-3.959277606064239e-14
7142.753686444276,471.05300533481517,1.0606183653385574e-12
7144.86185637109,471.3304274312805,-5.5150915086181e-12
7148.222159268152,471.7727917129101,-7.614069630348336e-12
7148.427381566133,471.7998147711754,6.287706640299089e-13
7149.729296801524,471.97126514683754,9.047372262724914e-12
7150.61170799495,472.0874884146732,-1.3515555071710834e-12
7154.238558649034,472.5653352002808,5.715163903696328e-15
7156.252095819134,472.83072843971473,8.938391998808814e-12
7158.215850724088,473.08963208977855,4.439763861239958e-12
7158.455863424022,473.1212805050853,5.958165939164044e-13
7159.480527531849,473.25640610422863,1.11053822523425e-13
7163.104894438018,473.73451767853817,1.394577536487388e-13
7174.942691811569,475.29779705813814,1.0403823471022324e-12
7177.402947083857,475.6230181742163,-7.655007917467343e-12
7177.842088844352,475.681080045505,-1.4572488808993195e-12
7180.489447522604,476.03118031324436,5.508584138128642e-13
7186.065061218398,476.768950295762,-4.269830597774967e-12
7187.334508979493,476.9370047441975,-1.845046625977043e-13
7187.400283751427,476.94571307407057,-3.7291647376888655e-12
7190.040548548651,477.2953399054991,9.104796571337652e-12
7192.623454739023,477.6374955020919,1.0780410439104342e-12
7193.027484457106,477.6910281232564,-1.0404479368869238e-12
7193.905767978089,477.80740820101124,-5.662583653410571e-12
7194.380021780994,477.87025679372806,2.3093856333265713e-12
7199.307143745862,478.52344908738024,9.953766942813548e-14
7200.414057593096,478.6702550124678,3.446990028288922e-14
7202.493208714867,478.94606621474964,-5.5144246953527356e-14
7202.983937485256,479.01117578792065,-3.5366155864289346e-15
7203.055483854146,479.0206688839983,4.2517538842172646e-13
7208.766417403505,479.77872555414154,2.8925453926045647e-12
7213.93603581618,480.4654473180097,-3.2349581244393795e-12
7218.781390502288,481.10954147926543,-2.290575587367619e-12
7221.157591290363,481.42556846849106,-1.104275866274439e-11
7221.644031568088,481.4902762713788,8.750432596751394e-13
7222.500390165086,481.6042023539541,2.0414298776012696e-13
7222.787701382248,481.6424279679259,-4.242564395447507e-12
7223.383605459636,481.7217154812894,-3.2449495723482164e-14
7225.452374851323,481.99702461706823,4.017664806057314e-13
7225.831835077287,482.0475312460978,-2.336874665040358e-14
7226.4404438124175,482.1285433659191,-8.424578728355366e-14
7234.189162383426,483.16057443098765,4.2730578198238317e-13
7234.616600129775,483.21753590745305,4.68281361938107e-12
7235.495526931666,483.3346745763037,-9.082027771589395e-12
7240.656729179205,484.0228191664218,-8.820511675430013e-13
7240.906962788972,484.0561953580033,-2.368991681861324e-12
7243.819707760352,484.44478251744926,2.5494444733020775e-12
7244.223737478425,484.4986961668511,-3.118396461277388e-13
7244.948224891085,484.59537916093933,1.8620189162180193e-12
7254.787959418147,485.9094511624142,-1.8748913685905114e-13
7256.457309224851,486.13256562040226,-3.159698196263657e-12
7256.61062287247,486.153059100983,-3.2321380838307247e-12
7260.669682226112,486.6957922451262,-5.924002068691267e-13
7262.730035452683,486.97139633144087,-3.1705670794143667e-12
7264.534901655454,487.2128893330444,-2.317619914790579e-13
7265.101626107606,487.2887300415433,9.490563597955347e-13
7267.200218405403,487.56962126158834,1.61069893432719e-13
7269.08420731877,487.82185747310626,6.634239732299487e-14
7273.184150311757,488.3710007271832,-1.6198792899903518e-13
7278.262102176207,489.0515669946103,-4.36130162817174e-12
7282.562818154265,489.62833667507357,-5.775975726184657e-12
7285.754654720131,490.05661463254876,-1.4133506483127279e-12
7287.534951430775,490.29557488307177,8.426867644403331e-12
7291.049372076435,490.76746923002725,1.1496512095831975e-13
7291.078390881432,490.77136664009925,-1.7414086425763346e-14
7294.071420027194,491.17343279841697,2.621490524192928e-12
7296.342445508206,491.47861928406536,3.633524601371233e-14
7300.418658832421,492.0266300425088,9.549320448093165e-12
7303.318055865078,492.4166145591046,6.428726696391982e-12
7303.399823143808,492.4276149436077,-1.9323240960445005e-13
7306.458305421029,492.83916972057017,-1.2651610275976255e-13
7306.773152338887,492.8815458600435,-2.4522739190324377e-13
7311.569886223536,493.5273777028356,-2.2523600407307694e-13
7311.939286359876,493.57713128255824,-1.8648213941507458e-13
7316.056222503207,494.13180122126903,2.0617224759332092e-12
7317.338857382678,494.3046728898408,-6.401204120324888e-13
7318.896938644937,494.51470958792515,-1.4739788586082025e-14
7324.433312625624,495.2614006555939,1.7996396104964882e-13
7324.995748585106,495.3372880180471,5.5425767163330775e-12
7325.983817546169,495.4706185461718,-5.711293931149359e-12
7326.5638899369715,495.54890218765655,-2.3614827724220195e-12
7329.704139492898,495.9728020168165,2.6883294463610126e-12
7331.390964910652,496.20058025397776,-1.3248136712426094e-12
7334.927310480238,496.6782761199535,3.512565032072527e-13
7337.04289592839,496.96416330441303,5.347321315693507e-13
7340.363637469931,497.4130741299335,-1.4446244255190115e-14
7345.605606352407,498.1221173896844,-2.6676453985834333e-13
7345.957048416969,498.16967252405675,5.609344871402935e-12
7347.59589631433,498.3914621101709,-7.1649472307612795e-12
7349.383608546419,498.6334543171218,-1.6133825460355758e-13
7350.384703805678,498.76899247367595,-3.891528938264593e-12
7350.787732880127,498.8235637396475,-8.879537444103556e-13
7353.569768130909,499.2003407203601,4.5097875511021755e-12
7357.600809323025,499.7465261963724,-7.260299131796749e-13
7363.000862806433,500.4786749079018,6.215721797822675e-12
7365.921541482088,500.87488947082284,1.0032932015156767e-11
7370.046375607511,501.4347254887172,5.488886171980787e-12
7371.11849905273,501.5802889175012,-2.9256079841540505e-12
7371.645179688875,501.6518047066849,1.2386292557992776e-12
7372.348063817988,501.7472544006824,-2.0684523763219706e-12
7379.380550320842,502.7027473824772,-2.6903103793517313e-12
7380.095299284319,502.7999102109684,-5.5917618340430434e-14
7382.086589889823,503.0706554802504,1.9232672797132636e-12
7382.269726443581,503.0955592581883,8.034483241966997e-14
7382.978382169645,503.19193144853307,1.00823718580203e-12
7384.852310993327,503.44681715168906,-5.5132010302731455e-14
7395.001120840817,504.82834906889065,2.630794276311726e-13
7395.563556800288,504.9049675458202,4.168372187226831e-12
7400.360290684795,505.5586448291306,4.509107262319059e-12
7403.347226593036,505.9659051319986,1.1660759575093771e-12
7404.184787294822,506.08013367895995,5.560186261211571e-13
7410.107393741857,506.88824178104926,5.028652618579003e-13
7412.233360920029,507.17847627640805,1.0235043734244188e-12
7413.990571242786,507.41843137440463,-1.0054920606405456e-12
7415.161615937344,507.5783744611091,-1.0409717030681759e-13
7416.215942130998,507.72239756523817,4.628018560824174e-13
7416.743266048054,507.7944387674833,1.701330188899623e-12
7419.459044066157,508.1655402553895,-6.1348757865664e-13
7420.931069556979,508.3667441246652,3.7642588604185985e-13
7423.648169859144,508.73823593418734,1.2339136733403042e-14
7429.979416157306,509.60439453013464,3.5353719659078715e-13
7433.106961055384,510.03253692572775,5.31953083184441e-13
7438.642173572027,510.7907164134672,-1.1035311890890452e-11
7440.819084479152,511.08905095700396,-2.4204890816834174e-13
7442.5467935362085,511.32588681008,8.65665175659407e-12
7446.394698174457,511.8535585113043,5.92288985556391e-12
7447.221037322786,511.9669118073304,1.4007663601265416e-12
7447.888326948785,512.0584566219303,-2.625088653364481e-12
7451.226704921528,512.5165686128336,-2.279727959222241e-12
7451.6912202752355,512.5803284300061,8.715799806775067e-13
7455.209286132445,513.0633505257841,-1.6769246432326384e-13
7458.233299648024,513.4787226184302,1.0249460638800596e-13
7462.062084750639,514.0048780919609,-5.03561671775553e-13
7462.753104045367,514.0998674201284,3.160791176633144e-12
7466.460560513956,514.609654323513,-1.0528403436825455e-11
7466.491384063707,514.6138937196497,3.944776531882972e-12
7467.075262486451,514.6942022448819,-8.573753513935219e-12
7470.0346626939245,515.1013442929956,6.469847723635282e-14
7472.434432330304,515.431613132421,6.98349395839586e-13
7474.433460097691,515.7068107708666,1.3398529647179686e-13
7475.333829362798,515.830784816578,1.1310879961646673e-12
7476.154915097083,515.9438551375326,1.2036554727575272e-12
7477.560683355264,516.137469927553,-2.375609631595048e-12
7477.846511468106,516.1768411467916,-3.063971278099115e-12
7479.1111882757305,516.3510613434894,-3.0515429374185443e-12
7483.621254223891,516.9726019146208,4.5233982388618476e-13
7486.209932010962,517.3295216645398,-3.5018048822583777e-13
7495.148653991222,518.5629170206123,2.235695941866881e-12
7499.40535930079,519.1507890783301,2.7400808996585057e-13
7500.120108264239,519.2495321729527,-7.722687732772564e-13
7501.542869672807,519.4461157174253,-1.2146574789445386e-13
7502.568337881666,519.5878282160793,-6.6384094193612045e-12
7507.86882683455,520.3206273621413,2.3764566112286885e-13
7509.2525093485065,520.5120083634544,-9.305342807242235e-14
7511.558646871769,520.8310550719033,-5.866561924624254e-13
7514.041827711363,521.1747046899078,-1.903982279361632e-12
7514.457400623308,521.2322272921671,-7.205771240599536e-14
7514.7872394043325,521.2778850468783,2.8758735126517807e-13
7517.973304373002,521.7190175387398,1.1116405158695812e-11
7518.938286946193,521.8526628715256,6.377065331963829e-13
7524.011789497349,522.5556001527481,-3.9338980247112144e-13
7524.47253454131,522.6194601819248,3.231273679593989e-13
7530.007747057797,523.3869555212045,-4.0625123122817717e-13
7531.6256706746935,523.6113983675314,1.4572108733157869e-12
7533.382237716466,523.8551288083138,-1.0519825729189619e-13
7536.648908500008,524.3085430928948,5.983321553360695e-14
7536.926159627532,524.3470346313104,2.5985372029725797e-13
7537.599542490922,524.4405281266646,-3.196940928372787e-12
7538.904102294277,524.6216789489723,-1.8538991832075812e-12
7542.776898064977,525.1596389998325,-2.5889063479833955e-13
7544.767027206544,525.4361901612358,7.352229578138011e-14
7544.825064816535,525.4442562444787,4.103853417666734e-12
7545.517728035767,525.5405275613273,-2.7256111361085323e-14
7549.471451261804,526.0902136549972,-6.029187501518868e-13
7549.797519733084,526.1355598038064,1.1719856897144999e-12
7550.742060486585,526.2669275796147,-3.2850160771828564e-12
7550.865193865355,526.2840543173796,1.0389440271567795e-12
7551.4216974076135,526.3614624033804,-1.1757642972662271e-12
7553.530349794833,526.6548218129088,1.0217467911150264e-13
7554.625077167111,526.8071544994127,-4.74235702923154e-13
7556.382287489788,527.0517186763359,-4.703734279628876e-12
7557.770258496382,527.2449332475285,-2.975286269218587e-12
7559.02255228669,527.4192911227044,4.2870850367247643e-13
7560.896481110269,527.6802537024054,7.566481160673119e-14
7561.605458476751,527.7790024735413,8.742043747912381e-12
7563.216127392385,528.0033763120124,1.4521657884548106e-13
7563.23492528754,528.0059952303069,-2.2375289021689288e-13
7564.007711860964,528.1136653066264,-5.131942415441252e-12
7570.772810783024,529.0566962836782,2.8408698999741203e-13
7570.977389800058,529.0852270111111,1.393549198349994e-13
7573.443255848747,529.4291789999415,2.1037621959265365e-12
7573.824359999195,529.4823474079863,-5.111830786750939e-13
7573.957231827117,529.5008851837391,1.715249909088108e-13
7584.6882761722045,530.9991137262242,7.428800076924374e-12
7585.355047615256,531.0922758740262,-1.488829358472045e-13
7587.310743717537,531.365575439973,-7.864922029801668e-12
7587.499651868235,531.3919782195475,-1.295346755086922e-12
7587.499812688463,531.3920006968938,1.3491849474346326e-12
7592.507701287817,532.0921688061841,-3.3211451640343177e-12
7597.8081902405565,532.8337495070838,7.283394787634501e-13
7599.745249267903,533.1048886470938,5.914476238544262e-13
7600.7877106271335,533.2508354082034,-4.695125388044877e-12
7600.994255209146,533.2797544558341,-5.964622055650068e-12
7611.183787875085,534.7074031278669,1.122672201091768e-14
7611.839212666684,534.7992997288453,4.925614325170572e-12
7612.239275532513,534.8553961217159,-5.952361402542155e-12
7613.6213141219,535.0492067987414,-9.201084169302157e-13
7619.155883357317,535.825701675468,1.0524482980498478e-13
7620.144595599208,535.9644764798392,-5.162750986011926e-14
7624.332399107867,536.5524726612904,-6.810762346232348e-12
7624.4141663865885,536.563956560465,1.0792930530683064e-12
7625.481840518834,536.7139185808404,-6.162469539975535e-13
7628.42624886298,537.1275893607441,1.7705016297761822e-12
7634.705908150852,538.0103753375936,3.8765456087473686e-14
7636.192282223846,538.2194341038207,6.7271030652241804e-12
7640.702348171791,538.8540247342237,8.678470672245517e-14
7641.18237357158,538.9215889619886,1.0761433996507413e-13
7643.888413140342,539.3025471190336,3.513562011684567e-13
7648.227886372047,539.9137428132274,-1.2211334207728666e-12
7650.572102146208,540.2440595890857,1.0259889719578185e-14
7650.9339259408025,540.2950521685891,-1.0735237052211991e-12
7650.941502282511,540.2961199439522,1.7726520188102708e-13
7651.138826598291,540.3239303137058,-2.3292440267963544e-13
7652.680754533361,540.5412702791782,-9.522639645143226e-14
7654.518249030412,540.8003285459197,1.4869635510699997e-12
7656.845310833943,541.1284974799938,2.328556473295172e-13
7657.07955193688,541.1615363584474,3.1735938259615573e-12
7660.593168480985,541.657240821942,-3.410348151555259e-12
7664.898333771407,542.2649277884909,7.583386379121236e-12
7665.236267077041,542.3126425376055,7.32998829407215e-12
7667.410533415882,542.6196900292297,-1.0154726264927042e-12
7667.625815803439,542.650096708348,-2.2995832058677697e-12
7671.276235305416,543.1658152313272,-5.385508797528071e-12
7673.910728505276,543.5381597338828,-1.8812244959275405e-15
7675.374534373359,543.745101104542,-9.845193881029924e-13
7676.516721083057,543.9066019008114,4.332261573063158e-12
7682.54318055252,544.7591179316912,-5.412095301648236e-12
7686.4969037783985,545.3187836264941,3.5293418672945584e-12
7687.002141951205,545.3903229058647,-5.110432098114068e-13
7687.6679484728575,545.4846050673107,3.070212006827873e-13
7687.705026080247,545.4898557169631,-1.7440169428894554e-12
7689.789948798649,545.7851474138295,4.955483063392953e-14
7690.749159774837,545.9210292409987,2.363555742762517e-12
7691.8986011857805,546.0838814353799,2.0523399560612007e-13
7696.810570466451,546.7800806262062,4.020846030107992e-12
7699.389027343517,547.1457167407585,4.3085960420872855e-13
7703.060210305599,547.6665173640386,-2.065458247524083e-14
7703.223744863035,547.6897224466112,7.834330467944036e-12
7706.97388971547,548.221992376278,1.1395274020439585e-13
7710.808928875441,548.76657954773,-2.552343672494715e-13
7713.707682626804,549.1783911387463,3.1064320510629533e-13
7720.052276863073,550.0802763669795,-4.474487438974979e-14
7722.441825589432,550.4201433802798,-1.2055311009243952e-12
7725.341222621707,550.8326676760429,-8.599706359814408e-14
7729.452226347328,551.4178440123295,-4.267809167411006e-12
7729.931411923727,551.4860734185795,4.764300343362384e-12
7730.641711574241,551.5872180579332,-4.649710920815897e-13
7732.444094028842,551.8439138780401,2.0191573238613472e-12
7737.6913520469525,552.5915705547258,1.1098984507382488e-13
7745.387482963222,553.6890728870508,-5.483579910825791e-14
7745.861736766043,553.7567392669754,-2.5329926382461375e-13
7746.408019398431,553.8346878318936,1.325996619390248e-12
7746.500490047677,553.8478829275557,-8.791463399729532e-13
7751.396949282168,554.5468079767476,5.175161050919171e-13
7756.101373337142,555.2187377495753,9.171106910778949e-14
7757.6823801667715,555.4446434342177,-3.039882932773476e-13
7759.216892580316,555.6639496934122,1.6743915796456697e-13
7760.357757005924,555.8270254989411,7.244070426871616e-14
7760.855740477474,555.8982150544359,1.7664425012546932e-12
7761.676987031919,556.0156268756764,5.052614861306342e-12
7763.995990032983,556.3472367277709,1.014770474775543e-12
7765.417750797831,556.550592856645,1.1909535499474758e-13
7766.456084484579,556.699130482551,-5.0125097206374675e-12
7769.517693790187,557.1372210765903,8.385086992951907e-13
7773.074641999207,557.6464073386863,4.461787243594375e-13
7773.624730663558,557.7251747506551,3.1114740105553692e-12
7777.283727150739,558.2492497439201,-7.51351019344461e-12
7778.105616986099,558.3670022544379,7.8611113307426e-12
7778.2282679041755,558.3845755712761,-1.2320080716963588e-12
7781.549009445268,558.8604738470137,-3.943181531025435e-13
7785.946002103869,559.4909231309063,-1.0709018240524836e-12
7790.456068051622,560.1379550734467,-1.1899252318415299e-12
7795.674789725341,560.8871212020185,-5.767774911807686e-13
7795.8869450840675,560.9175874732772,-9.128362134233107e-12
7797.292713342112,561.1194817907896,-4.649469695029596e-12
7799.844635162013,561.4860779764304,2.804355850695935e-13
7802.0011042492215,561.7959589391631,5.434975469752967e-12
7805.2809621509405,562.267433199536,-2.660181912624972e-13
7806.92129315237,562.5033024580882,1.9601054126188908e-13
7807.043944070442,562.5209408785693,4.823753999390492e-13
7809.613823962114,562.8905788679566,-3.2273583956644153e-13
7810.064991377116,562.9554849665411,-6.628377911766026e-13
7812.389765975096,563.2899924262612,2.08923692114022e-12
7814.716506138063,563.624882389725,9.357962971120075e-13
7819.197392460556,564.2701016487703,-2.3551009518019066e-13
7822.681668559039,564.7720709587079,-7.867442756209935e-12
7824.689594951993,565.0614485220852,-6.020259604399291e-12
7831.848020221017,566.0937080525192,1.0862091157410115e-12
7834.652141215598,566.4983253234712,-3.3728690193851854e-12
7837.779525293071,566.94975830539,-3.518452157395398e-12
7839.016666399862,567.1283874135152,8.160304257151348e-14
7842.804567862694,567.6754926250097,-9.573925487727757e-14
7843.642450204831,567.7965477847226,3.3555050588323795e-13
7847.987695033243,568.4245453999732,-4.500752125962215e-12
7857.1492757418055,569.7497649078632,-1.1145875890994542e-13
7857.317902893042,569.774171258337,-5.8620597124471105e-12
7857.9400203869445,569.8642183326855,1.3876248241060349e-14
7862.764933252411,570.5628321511489,-2.4269703871043855e-12
7864.837991136345,570.8631282184157,1.4308826978288522e-12
7864.951064425492,570.8795099046697,-5.826092596667511e-14
7865.148388741261,570.9080981666984,7.489063014407819e-13
7868.2645512652625,571.35966155349,-2.2049198285161512e-13
7868.681607281459,571.4201107495583,1.0706845043877334e-11
7869.009962958154,571.4677057394142,3.0301827935018214e-14
7872.196027926498,571.9296273806679,-9.436903225193197e-12
7872.934024097911,572.0366501146052,8.254494948135032e-12
7874.860701395039,572.3161003019019,1.1742061351224346e-13
7880.559448468394,573.1430613452476,1.4417562713814955e-13
7880.686548699353,573.1615120333398,2.2356807984602054e-12
7881.185854454952,573.2339973532125,-9.896851810521271e-14
7882.004456441238,573.3528455489542,5.576633384613626e-13
7882.935649255989,573.4880551780249,-9.658148718422144e-12
7894.896740825888,575.2262315155667,6.51004421747651e-12
7895.299930720503,575.2848686661383,1.127594406775048e-13
7896.394658092677,575.4440933492946,-4.577160831539879e-12
7897.708277341897,575.6351843118067,-1.5890967542667807e-12
7904.260738443904,576.5888394156644,-5.104725002301056e-13
7905.403925797137,576.755301661501,1.075423618668488e-12
7912.138361989025,577.7364076500713,2.2918568878951703e-12
7914.804518561836,578.1250573755162,-2.2481404901197897e-12
7916.647784655703,578.3938296529745,-4.3792978851706563e-13
7918.19977268027,578.6201783154962,-3.1518874880134647e-12
7920.6249159095905,578.9739605536272,8.361554701105937e-12
7920.759592482252,578.9936104774528,1.082268841372135e-12
7922.381482951169,579.2302779054647,2.7374023409427134e-12
7922.512353491865,579.2493767419459,1.0785546091879888e-14
7923.816430834386,579.439706936695,-2.805367807574414e-13
7926.312959612347,579.8041629066097,3.5824681922670665e-13
7930.530264386332,580.420087293545,6.231987635089256e-13
7930.565376428734,580.4252166745146,6.308342403659214e-12
7933.5683048433,580.8639867698214,1.862388850025954e-14
7940.123571333607,581.8223805304544,3.0059699277389747e-12
7943.062047260315,582.252248838936,-3.9625448068021765e-12
7949.102176308452,583.1363560681494,7.377491155231755e-12
7950.647231272218,583.3626171676427,-5.343757533728404e-13
7952.265154888922,583.5995964395062,-8.315033649581905e-12
7960.1877897457225,584.7607307353314,7.602829671301817e-13
7962.1967167822095,585.0553410520946,-6.010490127179369e-13
7967.445618724514,585.8254464444414,4.5197421885508444e-12
7968.767975779255,586.0195393040165,-3.6147622761844927e-12
7969.734763097078,586.1614627495597,1.6972711273577644e-12
7969.976258901244,586.1969167881609,6.527901404547099e-12
7970.940759013621,586.3385259210957,6.728538231722779e-14
7971.118445610853,586.3646159624938,-6.645896830706007e-13
7971.381544698534,586.4032483410072,1.8674189886121915e-12
7973.424583133812,586.7032830236443,-4.18990990051602e-12
7973.536852321811,586.7197727787392,3.178970155989656e-13
7976.6531756659515,587.1775814924015,2.0539531590676124e-12
7977.49057554737,587.300631622137,-1.6148024990512437e-13
7977.5296544419725,587.3063743113024,-5.613762622976846e-14
7977.595911674581,587.3161109532352,-1.6389687362428641e-12
7979.704564061546,587.6260241677916,1.1730128019211753e-13
7980.8042232072685,587.7876759519118,4.5545059395392395e-12
7985.877725757763,588.5337780090782,-2.8095908461676585e-12
7986.703099984586,588.6552012101433,6.279491572413866e-14
7986.725185728789,588.6584504805428,-5.102564634326971e-12
7991.873683317428,589.416146294559,-2.9014438427573802e-12
7992.7519668382,589.5454505696925,1.0812346846093462e-12
7993.169022854382,589.6068561348172,-1.1586649648459917e-12
7993.314402797571,589.6282620163015,-3.206701301608206e-13
7993.718432515556,589.6877537817926,9.152393042849214e-13
7997.876413117644,590.3001745601841,-2.1804019452797812e-13
7998.299562371239,590.3625172350875,-1.937084870434957e-12
7998.792095886263,590.4350864627698,1.8558712257525176e-12
7999.288274613024,590.508197289452,2.7699468831431826e-13
8006.632963464259,591.5909511918811,5.250942977992881e-13
8009.684351859829,592.0410789907107,7.03705405972894e-13
8012.162761745732,592.4068096728301,3.803607248721664e-12
8013.432209506508,592.5941816657894,6.865315244763265e-12
8015.396286051412,592.8841401838203,7.297276303134831e-13
8019.501518179757,593.4904290535493,-5.480109871173809e-13
8020.250056901438,593.6010118552232,-6.403645068771517e-12
8025.082063647717,594.315100164271,1.037129285567141e-12
8025.784304495778,594.4189151974355,5.416495145672304e-13
8029.042398293556,594.9006908909743,-2.3003623229966223e-14
8030.27805629599,595.0834592996025,1.726654064621436e-13
8035.144013620821,595.8034652997252,-1.0063757068628511e-12
8035.2861057149585,595.8244969376067,4.4614500336529015e-12
8035.690296253167,595.8843248826727,-3.650835602809181e-12
8038.3650298112025,596.2803125545025,-4.680159705940409e-13
8040.58659466705,596.6093099084756,-2.673395782579416e-13
8041.158608255335,596.6940356156878,4.158423620193708e-12
8041.808904730823,596.7903637757255,4.248254626332322e-12
8043.274354523281,597.0074688314531,2.8171938609473645e-13
8043.684316658443,597.0682114307715,-2.6391528496156734e-12
8044.756440103453,597.2270786993896,-6.345856112214206e-14
8046.437333103676,597.4761960711793,-1.362449861716834e-13
8047.220983867754,597.5923551122211,-1.0633096758896944e-12
8051.853539913026,598.2792610538447,9.717849835806173e-13
8057.829055652914,599.1658821455292,-1.4782438526967921e-12
8059.67412649147,599.4397786498678,5.2017281234137685e-12
8064.364880966942,600.1363926874717,3.8203191047202604e-12
8068.933627805258,600.8152772657932,-2.65871305933939e-13
8069.776799283612,600.9406088175078,-1.0889163822550004e-11
8071.446309910148,601.1888085495237,-1.9192455637243927e-12
8071.6218701221605,601.2149113953145,-4.495604380039673e-13
8072.411292483189,601.3322922169164,-5.482372488938573e-13
8073.0497241243065,601.4272303163208,8.017992519501664e-14
8076.664549122792,601.9649151666324,5.903696333398838e-12
8078.180263641057,602.1904407843259,-2.6280725307599525e-13
8078.847553266935,602.2897413050234,-4.600533847481379e-12
8082.847770908467,602.885192561687,-9.867569577058609e-13
8084.863952646137,603.1854224423345,1.1537510220350171e-14
8087.347776766255,603.5553919560447,-4.401150961980439e-12
8087.825997421232,603.626636722156,2.276413203724484e-12
8092.324198534259,604.2969797511664,5.366203326420881e-13
8093.719906702583,604.5050504949762,2.904805874940595e-13
8098.832488147534,605.2675353652191,5.412261107240958e-14
8102.568284417305,605.8249924372591,6.198026155634122e-13
8104.324851458801,606.0871969598932,7.570763447721706e-12
8105.158445308227,606.2116482356207,2.55459168293099e-13
8115.489426785985,607.7550729827135,1.8891781449008007e-13
8116.835031048715,607.9562478619222,-2.042786463724872e-12
8118.711247077448,608.2368076519409,1.6630129344087785e-12
8121.996876575843,608.72828016112,1.3044786385755728e-12
8122.862133798388,608.8577405358071,-9.287041659442056e-13
8123.277706710262,608.9199237402601,2.4805230372808434e-13
8123.565017927348,608.9629166895286,2.2362456068166152e-13
8125.438946750639,609.2433667357345,1.660882578477474e-15
8127.033623159228,609.4820751298628,1.391193911111098e-12
8128.23861843212,609.6624829133083,6.62643596838448e-13
8128.853320404502,609.7545242990167,8.37977556656853e-12
8132.890133192679,610.3591427472537,-6.894225214747264e-12
8133.609331468892,610.4668930306442,-3.6474066265822404e-14
8135.438088160161,610.7409202685574,-6.3219008368666935e-12
8135.7766647466715,610.7916605158225,-1.3435321003266876e-14
8137.528943295496,611.0542967271828,-5.9759888929875194e-12
8138.828053142145,611.2490473079315,1.9025376669205362e-13
8139.501436005424,611.3500068971279,-3.8865412629238663e-13
8143.278794917661,611.9164972172601,8.372409588062938e-13
8147.08713819987,612.4879003388862,-5.222061620221288e-13
8151.41422841371,613.1374603835328,2.8175577406436146e-12
8153.218254792635,613.408373216406,4.99707968151101e-13
8153.764537424967,613.4904209683929,1.4657341794547572e-12
8156.926711904124,613.9654650111356,-3.455613661783983e-12
8163.654733217709,614.9768084602318,1.4189023582447327e-13
8165.909605371134,615.3159431390172,-1.255018350650254e-13
8166.735944519297,615.4402486964059,-1.5102641238203076e-12
8167.526367523912,615.5591631863002,6.904208651905588e-12
8171.708077794547,616.1884683913295,5.095807109357363e-12
8172.674865112319,616.3340059728964,-1.822818729048097e-12
8173.420115984922,616.446205800948,-6.922265064166197e-15
8176.60618095302,616.9259931174606,-9.929349331761481e-13
8186.590169679009,618.430686128248,1.8167062662753226e-13
8187.236016841586,618.5280853780544,-1.9528235078508113e-12
8188.817666951957,618.7666441274348,1.779370644381793e-12
8192.507647808718,619.3233795163344,-3.3206921988331258e-12
8193.081144501275,619.4099298306447,-1.1837777869591585e-13
8198.86775209029,620.2835653921013,7.00326347700482e-13
8199.70960128455,620.4107153302856,1.3392300372331173e-13
8203.136161413177,620.9283856174158,-9.687641951015321e-13
8208.934633836541,621.804887105526,1.4218743553021408e-13
8209.128831123471,621.8342528332928,-2.194690908789749e-12
8210.991699213502,622.1159835008009,-5.8275920907325384e-12
8212.397467471397,622.3286270423571,-5.879807350804329e-12
8212.643251768206,622.3658093437813,-6.538821851874171e-14
8213.26288551415,622.4595526094639,3.695939040177265e-12
8213.639057890958,622.5164664962858,-1.1141151302540645e-13
8216.403135069291,622.9347440158675,-4.1473484144465875e-13
8221.057776858574,623.6394316935472,2.573730386514806e-15
8221.703784841375,623.7372653586824,-1.7958999961772737e-13
8222.757950214565,623.896928286619,-5.214690390676859e-14
8227.976350247243,624.6876038856725,2.7931294884502248e-14
8229.989726596483,624.9927984578944,-1.4428015700133336e-12
8230.569798987139,625.0807416992977,7.176326325795918e-12
8232.129041712831,625.3171650892532,1.448526367232375e-12
8234.024895460041,625.6046881497084,1.992254035173273e-13
8234.940578228605,625.7435832867983,3.1864563315615763e-12
8236.292954731854,625.9487464665091,2.0513780911792075e-12
8237.61531178651,626.1493881022813,2.017544508441547e-12
8245.37160669698,627.3269016362767,-3.7425031587190975e-13
8246.466334069059,627.4931857330077,-7.2604902181998706e-12
8253.270511884484,628.5272043363813,-3.47231636090284e-12
8255.6956551136,628.8959551189761,4.73078565059073e-13
8257.201988545337,629.125052478597,1.4356159642634816e-13
8257.540725952069,629.1765766066073,-4.119130238777124e-12
8258.981445432117,629.3957428749023,4.502883378078472e-12
8259.310640932155,629.4458263795265,-8.688948081404125e-12
8269.312426909493,630.9684407097861,-2.483277376117389e-14
8273.617270558776,631.6243525743492,-7.613052745207614e-12
8274.561811312093,631.7683141505361,6.376656159929455e-12
8274.982315997524,631.832410390643,1.2532534861021792e-13
8280.161154674857,632.6220719763853,-6.189916230459804e-13
8281.063328684524,632.7596846509159,-1.6819178402392584e-12
8282.73103456622,633.0141068315686,-2.7149084784509896e-13
8283.404417429478,633.1168514179136,2.738691239850496e-12
8284.957566917741,633.3538624232073,-1.3679590930332008e-13
8285.455872029679,633.4299133247742,6.307657645224121e-13
8289.057349089322,633.9797036778914,-2.170463823859955e-12
8296.546935422532,635.1238058514479,6.061533411667947e-12
8297.97034011171,635.3413606644966,-4.2337498335995245e-13
8304.236973100287,636.2996039244733,7.734779842662474e-13
8305.50838642596,636.4941065255064,2.3963546877161985e-12
8306.33376065272,636.6203893767838,-1.725291531377973e-12
8306.487878401442,636.6439708937277,7.0583182893331526e-12
8309.737913396599,637.1413598089553,3.1418592667302244e-12
8310.720693221128,637.2918038240064,-5.766537115114575e-13
8313.766310019526,637.7581400911392,-6.038641361269546e-12
8315.477704928924,638.0202590425899,-1.1128799165198804e-13
8320.999408685357,638.8663365499023,8.118943760352555e-15
8321.012917444245,638.8684071535254,6.644206348725749e-13
8323.496098283304,639.2490827327524,-1.2296435006495615e-12
8325.463820039799,639.5508182787415,1.782080652588069e-12
8329.403873685902,640.155210689112,-2.010998919279228e-12
8330.875899176363,640.3810883599164,2.1640131895533506e-13
8331.35411983131,640.4544784017853,-1.0436508442422585e-13
8333.597448790742,640.7988066861107,2.386871776853452e-13
8337.248029112321,641.3593319792619,-3.54215945198804e-13
8338.624135284268,641.5706887573399,6.077612244892216e-12
8341.264400080627,641.9763059073817,-1.1717140262867752e-11
8344.205520575175,642.428293943976,4.4510686610084634e-14
8352.017369347532,643.6295836100481,-5.003383900628789e-12
8353.482819139881,643.855062613834,-2.0006214327376342e-13
8354.916766379341,644.0757328222738,-6.253957953857297e-12
8356.673333420737,644.3461026252697,1.0331830555217557e-12
8356.739590653337,644.3563020133238,8.792985297948297e-12
8357.165866935715,644.4219233074398,8.052704931968903e-13
8358.10860294426,644.5670606904098,2.976981438148928e-13
8360.217255331028,644.8917540880267,1.844747431159088e-13
8365.001802739462,645.6287895037111,-7.656581868688452e-12
8372.047637179076,646.7149325174976,1.6663942997901445e-12
8374.573345581985,647.1045030333478,3.347633573221919e-12
8378.337999836273,647.6853892439377,-2.8863048363631096e-12
8384.21988346263,648.5934865728984,7.586914254343343e-14
8384.378289704004,648.6179515451272,7.702447238087901e-14
8391.230284219355,649.676646810482,6.596131536618526e-12
8392.218996461048,649.82948321484,-5.399213527476122e-14
8392.46017062473,649.8667669578252,-4.294626479635935e-13
8396.32603333378,650.4645469916093,-6.37550079730789e-13
8397.995383139958,650.7227643843665,1.748242037250585e-12
8400.344048226558,651.0861461447097,-6.692835772307751e-13
8400.436197235325,651.100405365682,-5.202014093983579e-13
8400.660056608154,651.135046219084,6.671835065064087e-13
8404.268109365805,651.6934974077395,-4.882447927601195e-12
8406.780309009804,652.0824750403066,7.271737935989706e-13
8407.182855623454,652.1448143443132,-6.5050897582665336e-15
8412.513167481213,652.9705602737846,-3.8161987066931334e-12
8413.127547813094,653.0657707188399,-6.478364073167835e-13
8414.722224221583,653.3129299728047,-7.323400440355532e-13
8416.315256705544,653.5598812057873,-4.237158764099949e-14
8420.163322163025,654.1565995556133,1.0366772242328456e-13
8421.860368490119,654.4198466898599,-1.2866631282975589e-13
8430.997218885066,655.838073675645,-5.21351652172048e-12
8432.168263579306,656.0199550606425,-2.451763668486446e-13
8433.808112119794,656.274691401039,9.37775887259868e-13
8436.97850622137,656.7673252668835,-1.237767331869596e-13
8440.141002340783,657.258916361652,3.1149979671467955e-13
8440.555413788788,657.3233477936564,-2.844110501409793e-12
8441.393296130806,657.4536288569652,-2.581079187068676e-14
8441.57050026733,657.4811837179748,8.376923569776369e-13
8443.327067308684,657.7543573897551,-3.448226645117872e-13
8445.387742175044,658.0748970381568,-3.0484776988491036e-12
8445.646552770042,658.115160765357,7.44553137873725e-12
8446.771424688664,658.2901738720143,1.1936727362538662e-12
8449.077562211362,658.6490469680366,7.525513939566868e-12
8452.306154743135,659.1516338856144,-3.689111122121487e-12
8454.501863544827,659.4935440753233,-1.8049035884173267e-12
8454.5419073608,659.4997804210775,4.789468547500595e-12
8455.64882120765,659.6721807167318,1.0895267381142645e-11
8456.457202283986,659.7980992078944,-8.180354350278639e-12
8461.530704833905,660.5886545417787,5.046304876643266e-12
8461.864349646816,660.640659835072,5.182335992007468e-14
8464.546820366519,661.0588516771994,8.401913648254957e-13
8467.526662392896,661.5235585179266,5.211275795087599e-12
8468.275719297415,661.6403997879513,1.3285437228155532e-14
8471.391881820962,662.1265837901852,2.03106343597738e-14
8471.550288062333,662.1513031260158,5.025394690668622e-12
8473.863197825578,662.5122859515122,-1.007613366606951e-13
8474.445074960951,662.6031167907528,-3.3333209352699408e-12
8477.976167115417,663.1544529383801,-9.960786412770385e-13
8479.808211655592,663.440594416839,6.6573097674060004e-12
8482.285942538068,663.8276820384284,-9.431177470015822e-13
8483.036643367113,663.9449838441011,-3.2500134466201585e-13
8483.364999043759,663.9962947819434,3.5910003095109207e-13
8484.459726415776,664.167378163792,7.688688996529424e-12
8487.815740818927,664.6919917916019,-1.3847369331272463e-12
8491.049265124244,665.197653962881,-1.3106557874397854e-12
8491.521875002454,665.2715773601395,7.802429588492395e-13
8496.798634285258,666.0972224620875,1.591901201547664e-13
8500.735042719472,666.7134792897937,-1.862772941758233e-12
8502.452530866212,666.9824467699832,-1.9091495905593994e-12
8505.738160364317,667.4971446569986,1.435445093249051e-12
8506.17730212465,667.5659518172471,-7.463509117378886e-12
8509.765752885916,668.1283432484421,6.9559296435030444e-12
8511.343275323743,668.3756517686058,6.557199316290938e-12
8514.22471428368,668.8274938892365,-3.1447809066700415e-12
8516.530369345655,669.1891567544493,-1.2818460503578363e-13
8516.770864506185,669.2268862369574,7.757440746377993e-13
8517.936137603456,669.4097122834911,-4.751291548231877e-12
8519.179371947455,669.6047976737667,4.039700994456731e-12
8520.249690647594,669.7727723575383,-3.499868833273984e-14
8522.873962937058,670.1847121725137,1.909786762583708e-12
8524.033142796912,670.3667124715107,2.273148351358057e-12
8526.259156965398,670.7162835005483,-2.1153063319810952e-14
8529.315995317089,671.1964750609585,-2.0545274814099538e-13
8529.579898505883,671.2379390648663,5.278429526202994e-13
8530.330599334919,671.3558948712389,-1.1249944476915203e-13
8532.432157840594,671.6861628870378,7.575518283672042e-14
8534.277228678946,671.9761899457073,-3.915097419813341e-12
8535.327105559403,672.1412482984686,-9.342684599492312e-12
8538.120201542528,672.5804689570648,6.454620048740708e-12
8540.1981911997,672.9073307567035,1.6992187998293762e-12
8543.409147300097,673.4125613362858,-3.5589465780935343e-12
8547.607010897395,674.0733641561319,-7.673881505322747e-13
8548.702703190775,674.2458949671785,-1.4400863402097612e-13
8549.781277235761,674.4157518895976,2.124250314299783e-13
8557.85686837633,675.6881999339687,-1.6725204398711974e-13
8558.17271593769,675.7379915516811,-4.002500713300239e-12
8558.80076584867,675.837005599701,-9.343378110892962e-12
8559.486335186704,675.9450960613133,1.0000369722994572e-13
8563.000755831166,676.4993340231081,7.90474593401073e-12
8564.212844984953,676.6905380167593,-6.569206014947065e-13
8567.024381500521,677.1341549727754,1.8242854058041756e-12
8570.075769895697,677.6157816174406,1.0499517279814524e-13
8573.723062368039,678.1916899103963,-5.409847411503076e-12
8578.221263480567,678.9022943344769,-1.113201394753158e-12
8578.572062264095,678.9577275253528,-5.387199813960259e-13
8582.27984037208,679.5437688742563,5.197185814840478e-12
8583.306148404032,679.7060290871535,-9.819237353832081e-13
8588.657741904644,680.5524351473495,-2.77727119727704e-12
8593.268373025372,681.2820739206755,-1.3236706306772483e-13
8594.36422613897,681.4555517932621,-2.9868579673821174e-12
8595.166031517187,681.5824947629188,9.714214612952548e-14
8595.5354316534,681.6409827034911,-1.0113206822944421e-12
8597.485677798695,681.9498111555382,3.9881060421359063e-13
8600.201455815968,682.3799810297738,-4.736630758296814e-14
8600.693989330925,682.458011194531,1.3586316663368607e-12
8603.922421042364,682.9695896880821,1.1358817377104672e-12
8604.506299464936,683.0621317823058,-3.050660843159639e-12
8604.840105098068,683.115041289672,3.8723841778594205e-12
8610.898031396819,684.07560309421,7.426232552680803e-13
8611.429643806367,684.1599293151957,2.4130455446783494e-14
8614.814837834641,684.6970227610374,-1.2155746378180288e-13
8617.420830411824,685.1106322367358,-6.289482936913015e-13
8619.946377994369,685.5115932702895,2.7530315861302755e-12
8621.258514139074,685.7199570332192,-1.0542811788484714e-13
8629.223676558522,686.9854844408947,-6.985048198634435e-12
8629.417516482747,687.0162968397666,-2.632516700021639e-12
8630.014421203516,687.1111839436161,2.6027599526298623e-13
8634.143865460697,687.7678018124825,1.2061302347387386e-12
8634.266516378746,687.7873091880062,2.7269611231145953e-13
8635.286052170131,687.9494749780727,-4.943263893721261e-14
8635.67228463651,688.0109135190914,-2.098769192901548e-12
8641.523023072345,688.94193479486,1.2771410274769937e-12
8643.239188934966,689.2151459001154,-3.522830839026853e-14
8647.18533581821,689.8435725340375,1.6108889600972607e-12
8648.3278441681,690.0255713302198,3.2738424085721077e-12
8648.50324355986,690.053514154995,3.2110239443945563e-13
8649.539933321867,690.2186804650585,-4.253369644316797e-12
8654.400798052207,690.9933816754302,-3.3578226014593925e-14
8655.995474460615,691.247628337142,-3.257321576750885e-13
8659.30483362734,691.7754043065539,3.3206999772520737e-12
8660.476360782213,691.962287583512,-4.732472615843497e-13
8662.413419809052,692.2713447916383,-2.688752356960501e-13
8664.03531027769,692.5301701115227,-5.023989177435109e-13
8664.861649425764,692.6620580037013,-5.36717409082545e-12
8668.160626862415,693.1887167735557,5.964048939905833e-12
8668.316745898337,693.2136450583625,2.240103862891228e-13
8670.800570018131,693.6103097142567,1.0153688047890519e-12
8673.940819572957,694.1119676325294,3.3259599361868557e-12
8676.01287681289,694.4430802638626,-5.654170935478566e-13
8676.335139252113,694.4945845793065,-5.33804072807561e-13
8679.122946098887,694.9402146012881,-1.6625477178932886e-12
8684.715874583295,695.8346741238983,7.272462065594477e-13
8688.915864565684,696.5067441805323,-6.637974584079788e-12
8695.201295448886,697.51312737376,-3.624449380902057e-12
8695.487123561641,697.5589096515228,-1.3567454507490214e-12
8703.564715989185,698.8533534470754,5.367408681785522e-12
8707.06033873839,699.4139037607933,3.624198075254022e-13
8707.237542874906,699.4423258176943,-2.672524638207771e-12
8710.593557277896,699.9807115856626,-5.722909607920043e-12
8716.584743883232,700.9423584087965,-8.030704301909564e-12
8717.39132021477,701.0718726719876,4.619351377424571e-15
8719.183481759113,701.3596880611051,1.0302833604528478e-14
8719.747722463146,701.4503155521764,-4.717449859219173e-13
8722.119313117164,701.8313009947631,2.6431227742054237e-12
8723.189792637484,702.0033026839534,4.933608740757112e-14
8723.349199522452,702.0289175471407,-8.19147866546082e-13
8726.142938786388,702.4779154815274,-3.733269384100671e-12
8730.213862972825,703.1324345516286,6.988625194069203e-13
8732.068833080484,703.4307760112825,1.5152934868345061e-13
8733.193704999037,703.6117240472158,7.397968689068628e-12
8735.78947666632,704.0293714591791,7.621976575656514e-13
8737.25228189042,704.2647845977787,-1.5970394094652523e-12
8738.442606940425,704.4563758636982,-3.715080621613195e-13
8743.015159810027,705.1926034070542,1.2620220789150072e-12
8744.016576709386,705.3538931293997,8.217061665352723e-13
8744.596970740435,705.4473807267532,-1.9387044436894132e-12
8745.42234496712,705.5803394611506,-1.7817543208122907e-12
8749.604055237229,706.2541599642612,-3.517972081527574e-12
8749.670312469825,706.2648389255686,-1.7138386396957749e-12
8751.883979343154,706.6216715594787,1.8138587305635176e-13
8754.56677170316,707.0542459925673,5.680919082568134e-13
8756.716307729097,707.4009336472176,3.0207147254796156e-12
8757.752836670854,707.5681405073011,3.834624212992528e-12
8758.084837559218,707.6217011571423,-4.0890577032423103e-13
8761.682669406759,708.2022581766269,-1.7552691273876343e-13
8765.306393030467,708.787234196029,1.0110458472410554e-12
8767.438131804862,709.131472798015,-9.940643688725544e-14
8769.642060229035,709.4874567777591,8.413860404236746e-13
8775.556250508947,710.443173653127,8.76307263243641e-12
8779.393451775391,711.0635994520895,3.345473613979398e-13
8781.161365468068,711.3495394914503,-4.303818273860771e-12
8782.878853614708,711.6273789035579,4.744564077460569e-12
8787.774669567087,712.4196771196029,-2.2494634741580434e-13
8790.631378214535,712.8821871136969,7.327228336315536e-12
8790.872874018658,712.9212929249288,-7.843084277684663e-12
8798.936761144701,714.227708229539,3.0685836285345616e-14
8802.667303999866,714.832491767169,8.928826573402345e-12
8802.995659676493,714.8857360022747,-5.033480440284511e-13
8806.52887821593,715.4587877094509,-3.8865167236274376e-13
8811.553438323746,716.2741157163458,1.1353223181267569e-11
8816.122185161314,717.0158832553253,6.640076732325891e-13
8816.671112361695,717.1050312437346,2.7111682149298615e-12
8820.941004788312,717.7986684833568,5.631465234004782e-12
8822.083191497704,717.9842718339883,1.3173064977060837e-12
8822.961475018315,718.1270077203216,2.0404237139205985e-13
8823.92794069549,718.2840911154819,1.0161528607502813e-12
8826.043526142845,718.6280054347965,6.173542389688553e-14
8829.304425328404,719.1582660036478,-4.3445743305210155e-13
8829.387836531625,719.1718322157938,-4.757465478672071e-12
8829.479824720158,719.186793559448,-4.177715850182487e-13
8832.287233563151,719.6434772437997,-1.3074704191142316e-12
8832.818845972673,719.7299714545137,-1.4462392866027505e-12
8840.539063918392,720.9866503264083,7.988608799619876e-14
8840.65478177565,721.0054949578813,2.7872510950225514e-12
8845.164847722303,721.7401505077294,1.832831930247575e-12
8846.02104549871,721.8796609519552,1.608398292854517e-13
8847.419398234937,722.1075401619267,-2.44492380562813e-13
8848.368227480798,722.2621843632919,-1.7752508506622567e-13
8852.347002658378,722.910842537114,-3.929588162615507e-13
8856.938353423024,723.6597310839328,2.1639258315775746e-13
8857.500628562062,723.7514696535587,9.76035538201227e-14
8857.505077874948,723.752195608932,1.5499990816672976e-12
8860.03126873829,724.1644309036894,-1.383326679131844e-13
8862.209984389407,724.5200580276801,-4.7792167374416555e-12
8864.193698652467,724.8439315400924,1.920186230811835e-13
8868.582114324661,725.5606690952015,-2.945288818041224e-14
8869.009230430376,725.63044673462,-8.186803660719553e-12
8870.906888922083,725.9405064187177,3.391564609576579e-12
8873.852941189885,726.4219952896792,3.397853392141265e-13
8875.53976660698,726.697754047896,1.2128782040067252e-13
8885.051627914003,728.2537147069866,-9.095429376622168e-12
8888.16614651276,728.7635532577838,6.8536918352027255e-12
8889.940671625733,729.0541182851969,-8.148237212597889e-12
8894.27569554328,729.7641895066283,-1.5518520513058735e-12
8895.914543440007,730.0327208103445,-4.161472803979506e-12
8899.108023929091,730.5561265614162,1.4546750794355418e-12
8902.620800648794,731.1320813680386,3.8547183908405776e-13
8903.259232289798,731.236783018026,-1.843081106784162e-13
8905.308560504523,731.572919920173,-2.6039348279861223e-14
8908.155048242068,732.0399376497402,-1.1329179678287882e-13
8908.244391862467,732.0545985003362,-6.348325165570261e-12
8911.055767557615,732.5160065951678,3.789962560968741e-12
8911.055928377844,732.5160329934412,1.0046327059848437e-12
8917.223479296075,733.5287727413597,-1.50444265707086e-12
8917.679935847227,733.6037528190925,8.166871418083562e-12
8918.6328927655,733.7603031637527,2.0064938490781376e-12
8921.088698723794,734.163816414823,5.467509013271751e-13
8927.629294989945,735.2390431388991,7.406889049164698e-13
8929.569481045504,735.558147244526,-1.8085526844140455e-13
8929.819714655165,735.599308434557,-2.7943014099224817e-14
8934.827764073158,736.4233303011615,-7.58648849965366e-13
8936.21144658664,736.6510821652441,2.9705914947825927e-13
8938.51758410911,737.0307469783085,1.8728095636281477e-12
8939.149922512697,737.1348674422063,-4.305359945410856e-14
8939.31345707009,737.1617961435134,-2.9044884044300075e-12
8941.746176640565,737.5624422997449,-9.180765707115182e-13
8945.230935198862,738.1365393621747,2.5642185897855894e-12
8945.89722418101,738.2463327127009,-2.035770961361633e-12
8947.20326708822,738.4615706027354,-9.025238257620412e-12
8948.51656469668,738.6780357620785,2.351860457434117e-12
8950.08470604791,738.9365473292421,-5.714059508878994e-12
8950.970726730435,739.0826298240779,1.255827050344048e-12
8953.817053647726,739.5520152897586,1.1552813272403794e-13
8956.317388457088,739.9644666051857,-6.5218871178854835e-12
8956.96668428884,740.0715922645352,1.2968802416730736e-12
8959.667792083199,740.517324485868,-2.3716637522815656e-13
8960.11270544044,740.5907562243257,-2.7988727306733415e-12
8963.885096856222,741.2135256884877,-8.295304481562669e-13
8964.04863141361,741.2405289024757,2.022786252106593e-12
8964.609262628108,741.3331053976261,2.3843584296797017e-14
8970.501367163606,742.3064131516031,4.732534675791167e-13
8971.515971181349,742.4740785826544,-3.0700606776310716e-12
8971.725964432577,742.5087827741064,-2.347039629357929e-13
8971.784002042548,742.5183744081369,2.511709272089865e-12
8972.412051953479,742.6221735693331,2.4359076173309393e-12
8973.78106424423,742.8484583596955,-4.114748317625327e-14
8975.210562170625,743.0847776994983,-1.012944733948817e-12
8976.629356726491,743.319364817742,-2.1393889080420902e-12
8978.105509889181,743.5634751139861,3.428670819872801e-12
8980.489287017903,743.957763223319,-3.26168770779192e-13
8986.695595190191,744.9848072316037,-7.924670262484208e-13
8988.125093116583,745.221466641031,-1.5104601688628034e-13
8990.175064612193,745.5609137618084,-4.635672946117569e-13
8990.543499827005,745.621929779122,7.485539675436839e-13
8993.132177613143,746.0507074281979,1.612750873328872e-13
8994.924339157393,746.3476258049075,6.372132966320632e-13
9000.072836744908,747.2009380472501,3.2257382417338207e-12
9000.783297215445,747.318728139014,1.6318127060957202e-12
9005.935761655153,748.1732541207402,-1.3460722352906984e-14
9008.014912775972,748.5182156829594,4.045772745701393e-12
9009.930207698944,748.8360615709421,7.031138612674354e-12
9010.640185708793,748.9539005878983,-6.455426755669002e-13
9012.313984827651,749.2317471281322,4.752649429068357e-13
9013.795427126597,749.4777059609617,3.148291977837125e-13
9014.896569376368,749.6605510607055,-1.1709699622345067e-12
9016.040239190013,749.850481524932,1.0947725241293682e-11
9019.61121433984,750.4436722361676,-3.821716683226734e-12
9020.366686122148,750.5691971491027,-1.1763595313924356e-11
9022.03571428766,750.8465506871703,3.9700764432433683e-13
9024.76712744881,751.3005585261146,-2.3249921118098957e-12
9026.779860516797,751.635197321356,-6.694434847929544e-12
9026.793208455454,751.637416810628,9.457338870688655e-12
9029.45788192332,752.0805632489505,1.0922012820254217e-13
9031.94170604294,752.4937514592552,7.497244415084271e-13
9032.146124239674,752.5277618223962,-4.065020550283368e-13
9034.51835817447,752.9225018558029,-3.146340614263178e-15
9038.14272507891,753.5257971536688,-3.5837453250266425e-14
9042.677360517497,754.280952293191,-3.2762199066198484e-12
9047.315366518282,755.0537136182206,5.677683411804848e-12
9052.235555420068,755.8739239896091,-6.472046895138893e-13
9052.440777717948,755.9081448552591,1.9671399337938706e-12
9056.064340521229,756.5125025738461,1.7122986967954412e-14
9058.266625020757,756.8799298561814,8.918494452566704e-12
9058.976924671058,756.9984547032058,5.9766959958462e-14
9067.661285365913,758.4483304991055,-2.7702548851347846e-13
9067.99593082239,758.5042281956271,-8.218688190870515e-12
9068.435715863594,758.5776910801113,-9.019987026841834e-13
9071.514639959165,759.092102683945,-4.9830712965176415e-12
9076.346968344822,759.8998166240758,-2.4399396721012425e-12
9076.680773977921,759.9556274452646,-8.679809997060237e-13
9080.493084111593,760.5931743705183,-1.4096097868514142e-12
9082.918227340302,760.9988794926207,2.910587787472032e-12
9083.05290391293,761.0214128733785,3.0336703091005674e-13
9083.804248022805,761.1471299771852,-7.432914301717837e-13
9084.077407200033,761.1928383507585,1.6684776531062488e-12
9084.424560771786,761.2509303654115,8.11455151743965e-14
9087.55210566863,761.774387837306,-2.0871145132513374e-12
9089.601916343978,762.1175625808435,-2.3755510546372555e-13
9090.012200119505,762.1862606742169,-3.732055431850652e-12
9095.5861698881,763.1198758110614,-9.163141608937596e-13
9098.327160678133,763.5791894883173,-1.8959588453746442e-13
9098.77387878012,763.6540601097668,4.3410431777449527e-14
9100.869665688611,764.0053662052302,6.004938420127723e-15
9101.146112714889,764.0517116537115,2.0983335314546872e-13
9102.463537995733,764.2725930745519,-1.1643279657005693e-13
9107.424610536815,765.1046605295556,-4.684849394213562e-13
9108.15651347062,765.227453130624,-6.485422729314481e-13
9110.939031180907,765.6943709306959,8.877448603919105e-14
9112.940542695427,766.0303209031337,-4.3195043628532646e-13
9116.279921310457,766.5909936403916,2.7890177704915988e-12
9118.857538363325,767.0239091227295,-6.551075082321553e-13
9121.761902890501,767.5118490829769,9.947533323636905e-12
9122.34229692151,767.6093752512328,-3.379192029253291e-12
9122.464947839548,767.6299856200147,-4.782144414942546e-12
9126.879576928159,768.3720082847658,-3.192759073143942e-12
9129.778973959528,768.8595420095618,1.0146242777699718e-12
9130.183003677415,768.9274919153871,3.1125912576747763e-13
9130.600059693495,768.9976357440772,-1.4111764400290458e-12
9137.76786604694,770.2036756929277,8.146996564421436e-13
9140.139456700772,770.6029228948568,-2.688613049206254e-14
9140.826348322798,770.7185775280815,9.415761802626748e-13
9146.237784177567,771.6300261294211,6.722285323872904e-12
9146.453549025739,771.6663786039069,-1.8234553060298313e-12
9150.718188038067,772.3850691298668,1.1233880379964855e-12
9150.718670498758,772.385150454629,-7.565131408043806e-12
9151.683170610891,772.5477375411674,5.193574399977577e-15
9153.383343966563,772.8343797865441,-5.375918738348896e-13
9156.3880771251,773.3410956635048,9.739821941372232e-13
9157.600648739442,773.5456299028259,1.4841547988480547e-12
9159.906142980904,773.9345909252287,1.0399395725547631e-13
9167.826615728236,775.2716036102584,-3.796566978793193e-14
9168.926274873684,775.4573225530879,2.587812371921037e-12
9176.920295277072,776.8080841023159,-1.90530980806074e-12
9178.355886440826,777.0507827631811,-1.6518543240999174e-12
9179.903103511633,777.3123952209315,-2.1151070216916784e-12
9180.874018501632,777.4765856905656,-4.3643671653570975e-12
9182.890521879302,777.8176500583204,4.799432413291187e-12
9188.318111061053,778.7360257447427,5.6172208048834985e-14
9192.04468706376,779.3668955510949,-2.8676409963824616e-12
9197.600859580716,780.3079716866704,2.7580138856297742e-12
9199.270209386636,780.5908287288682,9.418609256686529e-13
9200.033579151082,780.7201923085067,-1.4241348723233737e-12
9201.795917789137,781.0188859966347,1.3589370248965808e-12
9201.976248954452,781.0494530318545,-1.0691481508149319e-13
9204.242664301306,781.4336728528364,-4.597907549611123e-12
9209.052906942656,782.2494549842272,-1.294118174294555e-13
9211.774617376796,782.711226068757,2.104831494651248e-13
9212.759880949054,782.8784215863923,4.721172535063867e-12
9215.517025066049,783.3463935950176,1.8489696580270803e-14
9216.432707834434,783.5018440505168,4.056350575803678e-12
9219.441568665367,784.0127506570335,-3.3216773724200093e-13
9220.249949741583,784.1500427323041,3.4815813290959296e-12
9220.578823601103,784.2059007437148,9.129232245589361e-12
9222.633726870203,784.5549635970726,1.8409615453322864e-12
9223.635143769474,784.7251007380706,7.052379075958292e-13
9224.308526632607,784.8395164596174,-9.831700706165385e-12
9225.164724408956,784.9850066615941,-2.95976411240051e-12
9226.24113634636,785.1679361194433,2.164491687064056e-12
9226.691982120765,785.2445608730935,-6.838939255870685e-13
9227.888400408076,785.4479196388555,-9.617445131198388e-12
9230.645705345289,785.9166873468906,-5.774769481745856e-13
9232.068466753291,786.158624910508,3.9072253749764116e-14
9240.350120014076,787.5676427267445,8.32425666291185e-13
9241.755888271684,787.8069417189517,9.22019663447798e-12
9246.156329598176,788.556248710904,7.516918684097133e-13
9246.683010234088,788.6459557717964,-3.5086608575415595e-14
9249.521921629757,789.1295823352982,-2.544829466790721e-12
9251.624802419212,789.4879171302363,8.369646486691535e-14
9255.23285517627,790.1029258082498,-4.211321518996046e-12
9258.531832612563,790.6654610879818,-8.520360141704617e-12
9264.861595803739,791.7453614669597,-3.594025935697427e-12
9266.618162844821,792.0451745009533,3.38554532882584e-12
9270.60138733499,792.7252467557822,-1.070981315947701e-12
9272.65829189129,793.0765449362768,5.492343638290236e-12
9274.830914304834,793.4476911740807,8.981457333869441e-14
9276.41256441486,793.7179370787549,2.765684318821273e-13
9280.323116794565,794.3863046487012,-3.7698302462456734e-13
9280.366126819124,794.3936572238179,-1.0522198671004867e-13
9288.588616728268,795.7999200188965,2.942631043055759e-13
9288.845265215781,795.8438337272798,8.110398834834773e-13
9289.086921840111,795.8851833696671,3.188174326928782e-13
9289.214022071033,795.906931804782,6.564961321511597e-12
9295.968900080637,797.0632038612458,-9.671331230986185e-14
9297.450342379512,797.3169034028637,1.320510332571344e-13
9297.736170492233,797.3658566112341,-2.3656205648075993e-12
9305.825788573484,798.7519733359061,-8.266773916246704e-13
9307.447679041932,799.0300214537771,-1.4108991418056056e-12
9308.713159950174,799.24700230072,9.701331982625962e-13
9314.212938781582,800.1903435496151,-2.8057936205246665e-12
9315.038313008183,800.331962699614,-7.82634361781606e-13
9319.343478297043,801.070853908323,6.801663580842708e-12
9321.855677940612,801.5021779598812,3.983555276815051e-12
9322.258867835104,801.5714131805887,-3.598848274216904e-13
9324.021206473122,801.874074726609,6.461884418635251e-14
9325.697810980251,802.1620655187032,3.608968274586577e-14
9328.128243345127,802.5796334543812,2.0423319190916797e-12
9329.819678895205,802.870299974194,4.500458398012126e-12
9330.939779860293,803.062813907021,2.4371529131275136e-13
9337.862963380576,804.2532278116969,8.58245463966751e-12
9338.01956487717,804.2801650285024,-6.557429090617456e-13
9342.354588794376,805.0260171828625,2.886391798357632e-13
9342.364809704213,805.0277761260702,-1.5843109095163893e-12
9346.149905777478,805.6792955591952,6.86732240208331e-13
9346.493932320402,805.7385250995711,-7.105533308148154e-13
9349.471290598383,806.2512148908608,-3.4422762413842383e-14
9350.788715879176,806.4781226349517,1.0686473128203705e-12
9352.924743146008,806.8460908556335,7.571779977740053e-13
9353.834171856732,807.0027814363413,-5.050657307263797e-13
9354.149018774437,807.0570317304572,8.64336771674572e-14
9359.654730022983,808.0059988861192,4.660347001328783e-13
9362.59585051696,808.513160705302,2.893327022035107e-14
9364.48673676795,808.8393060694362,2.7523086194936077e-12
9365.34277372405,808.9869793824581,-8.29338901689628e-12
9365.365020288478,808.9908172750869,3.162549154828837e-12
9365.429472776312,809.0019364244613,8.880113521541176e-13
9369.560078496781,809.7146956994516,4.16945352361723e-13
9377.606168370461,811.1039961928687,1.7054659051790805e-12
9378.204395375216,811.2073383520977,-7.200858890624601e-12
9378.912211277577,811.3296202227624,3.309753848211636e-13
9381.928326809675,811.850786066677,5.756389836468863e-13
9384.376556426068,812.273948002367,4.272987052053073e-12
9387.920996518593,812.8867790361287,-3.2638107026500524e-12
9393.846890811992,813.911878601343,-9.533718119305844e-15
9394.040248275498,813.9453377250778,6.281163349490813e-12
9396.595457943591,814.3875631368836,1.892677974605582e-13
9398.901113005191,814.7867018191359,2.680633394524495e-14
9399.447395637386,814.8812847505995,7.875316871251594e-13
9406.663501151326,816.1311913111746,-3.743618005746854e-13
9410.85050055721,816.8568640814118,-2.7915776482858705e-13
9415.682989762827,817.6948118211337,8.248746152475443e-13
9418.193545481827,818.1303089173832,-9.874715002506883e-14
9420.88391418322,818.5971264015794,-4.604714107121154e-12
9431.144993213968,820.3787945237347,6.9876041344500205e-12
9431.728871636453,820.4802337590434,-1.7241222355630205e-12
9432.673412389562,820.6443454158365,5.631384257753032e-12
9436.560878381366,821.3199561790705,2.0825702736589555e-12
9436.643288940972,821.3342814940978,-2.2458042655067814e-12
9438.05482879548,821.579666961749,1.806308142934579e-12
9438.897517812917,821.7261795340979,-5.82938405814394e-13
9439.438511308847,821.820245265359,-7.072840149912232e-13
9440.391146586575,821.9858986873487,4.200652053609185e-12
9440.543459590508,822.0123858934888,4.188902923780112e-13
9441.74464883112,822.2212874776359,-4.459070281800545e-12
9444.973241362302,822.7829111579698,2.1858950606390046e-12
9447.16895016359,823.1649712081305,1.117469785557816e-12
9449.124288902389,823.5052808895075,4.847066081610026e-12
9450.332089563328,823.7155232651899,-8.18663656476378e-12
9450.875084346468,823.8100513544762,-3.607660924613051e-13
9451.197346785646,823.8661554794052,-1.7381014615907612e-12
9454.197791451383,824.3886082791514,-2.9900565063975416e-12
9455.368836145399,824.592561574329,-1.0273809757421007e-12
9456.093806018376,824.718837557477,3.2558307916032667e-13
9458.95332005385,825.2170049990856,3.6779042540687535e-13
9458.994203693192,825.2241285944883,-4.706000232216804e-12
9459.578082115679,825.3258673602542,8.438252784356552e-13
9460.193749009277,825.4331519575605,-3.087798050117552e-12
9462.537482321837,825.841629038431,3.668704044145317e-14
9463.778072097493,826.0578859290529,2.712396673720869e-13
9466.530284440803,826.5377467653517,3.45855560283198e-13
9466.834910448664,826.5908682826174,-2.4488709626432872e-12
9467.112161576071,826.6392175791498,1.975061916351566e-12
9467.545531739379,826.7147950137122,8.531713718630336e-13
9467.801697766194,826.7594706231732,-9.610902788080883e-14
9470.114607529016,827.162899110849,-7.384029982474868e-14
9472.892193465565,827.6475088075305,-1.173185972232066e-12
9473.33149604605,827.7241676213454,-1.1092237591054588e-11
9474.953029151766,828.0071578220908,5.588150451101314e-13
9480.28979160857,828.9388724301339,-1.1255451523216256e-12
9481.607216889333,829.1689548606611,2.1425017606120047e-12
9483.71635173635,829.5373723883096,7.765854412140988e-13
9491.165894251899,830.8392926098106,2.9931571072746704e-13
9491.257882440419,830.8553753264897,6.454924317419065e-13
9493.402129329826,831.2303080034907,1.1037196425047754e-12
9494.045689286799,831.3428543204287,1.1954265791288297e-14
9499.370229546537,832.274307165849,1.7495780323414242e-12
9503.557711413048,833.007214623615,-3.2837205625636957e-12
9504.010361932187,833.086458417073,-3.885217403078165e-12
9507.59468502038,833.714085409843,-1.346299902628423e-12
9507.809324126933,833.7516769473581,2.416411820174514e-12
9510.14628519892,834.1610233588808,-1.5519605934937576e-13
9510.603224210714,834.2410733972445,-5.1454277205568e-12
9515.541049543432,835.1063644022526,-1.1315656171234052e-12
9516.514609101509,835.2770213225538,-7.258741714950522e-14
9517.210077708805,835.3989418953558,-2.1764919015014362e-12
9520.842860778039,836.0359393177778,4.2672937542357275e-13
9523.893766712004,836.5710941715349,-2.670671078860895e-13
9527.99419216355,837.2906137559812,5.535595011539409e-12
9532.117382362438,838.0144402700954,-8.152255728122067e-13
9533.757070082367,838.30237466956,-1.8349876966739545e-13
9536.449600891154,838.775299112592,-2.548839903620238e-12
9536.900768305995,838.85455661677,-1.7687852420326682e-13
9541.369789792541,839.6398412989663,8.532548075052101e-14
9542.30033932606,839.8034012894932,-1.1533840631547518e-13
9543.104431909578,839.944747155669,2.7177344884906014e-12
9546.230654522124,840.4943973445834,-1.2014306067498534e-12
9548.720929241634,840.9323644584267,-7.312219562350983e-14
9549.341885271488,841.0415904123114,1.4937358785381171e-12
9551.883907821091,841.4888053663523,-1.0867092037117558e-12
9552.333752951865,841.567958472367,1.5586424606029367e-12
9553.54584210544,841.781251805731,-1.0739601557541427e-12
9555.6678424304,842.1547288756731,-4.683554239434134e-12
9556.311563207597,842.2680416507548,-3.4807061507882613e-13
9559.849070239234,842.8908775879036,-4.218040732863902e-12
9565.786990187069,843.9368636697949,-6.071288197149881e-13
9567.46178994938,844.2320031370873,-3.0130330897117655e-13
9570.888350077117,844.8360053543207,6.595665757425441e-13
9571.23914886058,844.8978531126447,3.335204921978381e-13
9571.269811590088,844.9032592285296,-2.4070304257214808e-12
9571.848400876303,845.0052729870645,-1.1386936495868417e-13
9574.806478798346,845.526921770925,-3.084045449989228e-12
9576.892884620216,845.8949505506178,-1.0542490896065628e-11
9577.857867192975,846.065194488142,8.16499069295854e-14
9580.758104047507,846.5769626679088,-4.19881133840382e-13
9585.01052086249,847.3276131151858,5.657017047079442e-12
9587.031312732688,847.6844466268865,1.7696874120686348e-12
9587.833118110762,847.8260510917381,-3.3341619611604556e-13
9589.407352699236,848.1041064345399,-4.6599141177380494e-14
9591.950375892431,848.55337428954,3.484263133812218e-12
9597.995275891937,849.6217857687983,6.0679950356323235e-12
9598.797081270008,849.7635521692022,-2.0893630865534512e-13
9600.379053020415,850.0432937320463,2.2089549337326824e-14
9601.091514778096,850.1692940755079,2.837620398648516e-12
9604.096730397108,850.7008756091024,-1.4296984172062794e-14
9604.342032233166,850.744273492268,-4.847185228222301e-13
9611.21214563899,851.9601584906609,-7.18961123502215e-13
9615.770671566106,852.7674144271244,7.353957742506595e-14
9617.239248386939,853.0275618960909,1.9160215624233358e-12
9618.095446163234,853.1792493015545,1.007651388218106e-11
9622.084603070367,853.8861622404573,1.5597206178577933e-12
9622.681507791034,853.9919641073323,2.818536964104594e-13
9626.41798306286,854.6544066411382,4.936060731200552e-14
9629.692551827098,855.23516887235,-2.710649220854686e-13
9633.294028885844,855.8741381168988,-2.6838184579716523e-12
9635.893570862465,856.3354938477053,-4.5372285769498486e-13
9638.014927906479,856.7120755752039,1.5119207599553682e-12
9638.336707884959,856.7692049588179,1.7893425223501164e-12
9640.123580292759,857.086484134025,-2.307651186137804e-13
9640.99493075246,857.2412234841962,-1.9396798000181616e-12
9641.148244399994,857.2684512370287,-2.8698785775702836e-13
9644.579253840579,857.8778949750659,-4.646876281413951e-12
9649.019935525219,858.6670068438193,1.3264350669759974e-12
9649.808875425317,858.807239950235,2.0786238171656093e-14
9650.570440444957,858.9426180806533,-6.694880734603847e-12
9651.150512835458,859.0457406933568,6.25059277192834e-12
9653.73341902437,859.5049931707568,2.483836730682802e-13
9653.815186303053,859.5195337718771,5.085157263696949e-13
9655.556243297931,859.8291735908946,-1.4834706342740955e-12
9660.82771344338,860.76702332732,-3.533539089536114e-12
9667.877353913304,862.022028188325,1.575124123024501e-12
9672.330543713206,862.8152744313836,1.194214062331206e-12
9673.002121831536,862.934934271896,-7.667810907710187e-13
9674.672633101165,863.2326171581956,-4.762449398020978e-13
9680.170768007742,864.2127405035219,-3.021135260459562e-14
9680.229448898623,864.2232042379684,-2.1242881574221125e-12
9681.582951143118,864.4645727805859,3.932788119003955e-12
9682.08177443785,864.5535358914608,-1.3659572644651979e-14
9685.501079864282,865.1634785355432,5.0351594303340994e-12
9688.571266154007,865.7113281055604,-5.949755505656166e-13
9692.085686797776,866.3386607908551,-7.283828446266672e-12
9695.563029834166,866.9595989612993,-4.608753898014062e-13
9695.603752653282,866.9668720260995,-4.873469798172303e-12
9696.23180256414,867.0790451353542,-3.322780056722073e-12
9701.64388169935,868.0459728089287,-1.8905888531332878e-13
9703.260643851667,868.3349298785071,3.3906108445448795e-12
9703.311748400845,868.3440643637427,-3.3888991607218804e-13
9704.564560373503,868.5680084460802,4.3394472562367904e-12
9709.689971572629,869.4844929214491,8.662944424395419e-13
9710.058406787397,869.5503921622885,-1.5853968368525058e-14
9723.378772194425,871.9345853319011,-2.383977599985953e-13
9725.24512467544,872.2689021512466,-6.2814987816132144e-12
9725.860791569017,872.3791996793532,-4.382979904935593e-12
9726.330596058762,872.4633704642015,8.947812569862475e-12
9728.402010017408,872.834536171906,7.01124885704741e-14
9729.773988516583,873.0804172522842,8.029189465772686e-12
9730.721656298469,873.2502751299279,8.705675369011189e-13
9735.682246378366,874.139670267234,1.3665836585936566e-12
9736.714326007066,874.3247710655334,-2.0014491200528985e-12
9740.514574763518,875.0065049396078,6.453588262113843e-12
9741.739529395025,875.2263085833706,-5.323846071163111e-13
9742.232062909883,875.3146956977516,-7.512410696991091e-13
9744.573151654213,875.7348745602675,-4.763089495607421e-12
9745.416483952531,875.8862606675148,-9.57635749374857e-14
9745.855464892536,875.965067074122,-2.577757662497743e-12
9746.769342916095,876.129138985469,-2.4523048950063385e-12
9747.971854440715,876.3450537800258,-2.1200374695875526e-12
9749.38339429516,876.5985342651496,-1.789626769858833e-12
9756.66891979236,877.9074326961055,6.362924268048518e-13
9757.364227579403,878.0324009816293,-8.010058353444463e-13
9758.958903987508,878.3190472216137,-2.8416246088256177e-12
9759.712731845204,878.4545655764387,-8.89881124812246e-14
9767.42237151722,879.8411563045912,5.473311718279927e-13
9769.786546649346,880.2665762479721,7.392856767594677e-13
9773.828452030091,880.9941327416783,2.549777462273342e-12
9776.277843110174,881.4351777742023,-2.3692696346272746e-13
9776.64643914517,881.5015578979509,3.2448259310283586e-13
9786.9709700196,883.361910081762,-1.224051617857327e-12
9787.176192317456,883.3989084929933,-5.886093963602686e-13
9787.335277561935,883.4275896397496,-1.5816264260917956e-12
9788.657634616218,883.6660126766582,2.0085576486034334e-13
9789.865917737783,883.8838961685212,5.038154858423649e-12
9790.615135462362,884.0190122620671,6.643118605908464e-13
9793.237603006495,884.49203709048,8.92451980905669e-14
9793.946580372647,884.6199398922085,-3.4847594566708425e-13
9799.195964773799,885.5672412384773,2.3025248475070855e-13
9799.885500963886,885.6917123199785,-4.681678617118274e-12
9801.532282564767,885.9890152377187,2.0478618511267617e-12
9802.433134290119,886.1516722992785,-6.230533139251159e-12
9807.967381882587,887.1512595965277,8.5857988215674e-13
9811.37185626601,887.7664508148296,4.0494867967804524e-12
9812.543061780198,887.9781379379191,-1.247450400992728e-13
9822.146911274294,889.7149189952156,2.5861466864431457e-13
9824.350839698081,890.1137218962468,-1.2954209693095775e-12
9825.485932526271,890.31915290884,8.567995019584622e-13
9827.30298520284,890.6480555699881,2.135453199113873e-12
9832.455449641873,891.5810281076231,3.4384390172316727e-13
9833.206150470738,891.7170006246922,-2.741611840796316e-13
9834.512515018225,891.9536438376747,5.51055774327035e-12
9838.781764163214,892.7272221195118,3.8374471044871514e-12
9840.139715720563,892.9733502485495,-4.942066457326368e-12
9842.735487387372,893.4439272593338,3.0065009784326848e-12
9849.605439972735,894.6899522870789,2.343101633314415e-13
9852.6983552875,895.251207929817,8.195187666242363e-14
9853.312896439456,895.3627465779896,-3.2001904884449062e-12
9857.915111394117,896.1982654444953,9.876531489032217e-13
9858.461394026277,896.2974673869825,1.3512627810716214e-12
9858.929393771261,896.382457956699,5.191737072691043e-14
9859.378917261556,896.4640969656575,-2.6943256854441284e-12
9859.462328464762,896.4792458781369,-5.554829898943692e-12
9860.445108289021,896.6577452878477,-2.8799042586973675e-13
9865.436843559028,897.5646541690242,-5.224890720213576e-12
9868.26982253725,898.0795598698974,8.81972506918247e-12
9868.35223309685,898.0945405444028,8.235132519061445e-14
9870.00907478732,898.3957494363341,3.6082231433861356e-12
9873.189368157484,898.9740590002849,-2.1995904924367256e-13
9873.220513347678,898.9797234120335,2.1933928240708385e-13
9874.537938628366,899.2193414344181,-7.293838044558393e-12
9879.458127529515,900.1145256584691,-3.980792643831407e-12
9880.83323305748,900.3647935022146,-4.060258246225528e-12
9882.356881279631,900.6421366482734,7.980140391683708e-12
9889.666458085874,901.9732622253755,6.050144460721132e-13
9891.335968711845,902.2774299744029,-1.4811361171005585e-12
9893.92993563388,902.750126059093,-7.869345993036477e-14
9898.410982774787,903.5669949476463,-6.587640625995439e-13
9902.158840420137,904.2504917000707,3.0525533111321056e-12
9904.406457871606,904.6605137811526,-8.300791556269084e-14
9905.315886582257,904.8264429467373,-4.8885646650268385e-15
9907.715656217417,905.2643643430075,-7.965290207511129e-13
9909.15060410009,905.5262711501753,7.004994335997149e-13
9909.890565836198,905.6613438505957,8.91249892087836e-13
9910.323935999477,905.7404559733859,-1.14570772452615e-12
9917.959742097042,907.1349469072793,2.324448495564924e-12
9918.902478105327,907.3071887854113,-2.956248114356223e-13
9923.757571237698,908.1944942110881,9.737494211085805e-14
9925.374333389962,908.4900662393399,6.44401407280658e-12
9928.062414885713,908.9816005154951,8.920693578203705e-12
9937.849561753548,910.772372503449,2.4553273755654833e-12
9939.870353623643,911.1423402232781,5.3465930361583925e-12
9940.474834685987,911.2530235745979,1.042692844808493e-13
9940.97694582975,911.344967625551,-4.680621074091421e-13
9942.184585670373,911.5661235372517,7.592524089761672e-13
9943.454676711612,911.7987451645474,1.7257056491642304e-13
9945.837810559055,912.2353046706262,2.248900738300945e-13
9948.98447499109,912.8118934349435,4.037055257870589e-12
9953.218093910706,913.587941437842,6.74870686280042e-14
9955.068936345564,913.9273157930443,9.368877979711364e-13
9956.452618858826,914.1810719454838,-3.668507878498968e-13
9957.276349160824,914.3321541503954,-8.182462284453379e-14
9957.405575776944,914.3558570254122,1.91442473555121e-12
9958.758756380927,914.604077239143,-2.3128087113554597e-12
9960.392511683578,914.9038095209431,5.871528646008245e-14
9960.778904970102,914.9747052584286,7.883255484162244e-12
9961.987348911865,915.1964492334121,1.1337685423012662e-12
9964.451088574153,915.6486176007503,2.7195524765952726e-12
9965.143751793043,915.7757617196698,-3.242596138738804e-14
9965.28897091595,915.8024190232256,-1.7513623440145811e-13
9966.138396451648,915.9583525114388,2.5140484638685692e-12
9970.772596419809,916.8093108923374,-2.0311344828292825e-12
9971.21189900026,916.8899986801239,-1.5508636779364476e-12
9973.921422959274,917.3877422053444,-7.009797542745858e-12
9977.20785655771,917.9916463701277,-1.601557572456586e-12
9978.38054517617,918.2071839131404,-5.18220253581219e-13
9978.503196094187,918.2297283406076,1.0579845688959787e-12
9984.126269123992,919.2636012358645,1.0244098191676896e-12
9989.90630101306,920.3269400533663,-1.995098297266983e-12
9990.37923253161,920.413971385075,2.1449947784889602e-14
9991.597736562975,920.6382258530092,-2.8310695704902093e-13
9991.967136699104,920.7062159555056,2.8984136914012985e-13
9994.601987260447,921.19124742673,1.0146898826244139e-11
9996.49583971985,921.539952661205,-7.662147350909427e-13
9997.034706830524,921.6391835424317,-3.349695157521169e-13
