f0,sigma,gain
7.849538851761709,1.1518600440154376,1.4665361550896407e-15
9.329405334693856,1.1520941942961622,-5.0903808038693e-16
11.795471568744004,1.1525740101612105,-2.544149990392011e-15
15.24755574629014,1.1534338397063437,8.094134110167819e-16
19.685617766422155,1.154861770265627,6.051688878622409e-16
25.109677573534288,1.1570996284114305,4.897859866144491e-16
29.15758531416619,1.1591228535055498,-2.9064316420103705e-15
30.636829485924046,1.1599375130813203,1.0088291101552843e-15
31.519766645607124,1.1604429799544285,1.575604414260985e-15
33.1022253992784,1.161384844438112,5.042083516912088e-15
36.55376118566771,1.1635991956716858,-1.6041231484451405e-15
38.91591198088259,1.1652411299435994,-1.985269655703829e-15
40.99142636060986,1.1667686541161073,-1.1993443278672748e-15
46.41521353661431,1.1711350463437462,-9.706745147415402e-16
47.29813350503478,1.1718971226662265,-1.4336688219157372e-15
52.825118501421414,1.1769939381652768,-3.1225862004944675e-15
56.666445219451965,1.1808677416478974,1.1589133202118542e-15
60.221139477882076,1.1846946346296778,3.9344743941043875e-15
64.66642136178025,1.1898078509827095,-7.955730411968481e-17
66.14562155684251,1.1915900260502235,2.761452270216523e-17
67.02085684592545,1.192663509652504,-6.25826439204013e-17
68.60327624179376,1.1946401800242323,2.8412930366852916e-15
68.61095410295475,1.1946498832265875,1.3801616473121297e-16
72.06241757136881,1.1991217706075625,-4.3909410193001344e-17
76.50001035231193,1.205193775527214,-3.2829461154470005e-17
77.97152941372876,1.207287357874528,-2.296773161267709e-15
78.36137516145398,1.2078486886822424,1.5134224114036287e-15
81.9237308868911,1.2131077245579118,-2.6570116664109953e-17
88.3258999889042,1.2231466909444566,1.240283644739034e-16
88.33357782834257,1.2231591835103304,-8.547403943667863e-17
90.68800494246838,1.2270412799776138,5.596195562282134e-16
95.72955012067187,1.2356974574334483,1.0769770986014431e-16
99.6663890626377,1.2427824412362145,-2.999350550607453e-15
104.00074960267914,1.2509130240174229,-2.6258359449440197e-15
104.1116470091666,1.2511255906145484,7.777422964261005e-17
111.99299768762853,1.2668126099903028,-1.1090724092181752e-15
113.47986800780052,1.2699003665792188,-6.286917123817675e-17
114.37813241177416,1.2717855089373766,5.917960526686014e-15
115.8573247452835,1.2749222056933314,-2.0541376068925084e-15
118.29961161848536,1.2801894005187797,-2.992794995420503e-17
118.32264509293722,1.2802395990170965,-1.0266488502380671e-14
121.77409316899653,1.2878720370044332,3.266250902299502e-15
123.83421284700304,1.292532308091351,3.3950062716229953e-18
125.30572681039857,1.2959089376855262,5.2039672671233064e-15
126.21166862055985,1.2980076069894069,2.4420561962892713e-15
131.6353710628049,1.310888135544387,1.9764476310754032e-15
133.58459281322,1.315649628437098,5.485517602867073e-16
135.17468141831807,1.3195856771531413,-8.210067318513952e-17
138.045200111609,1.3268091884800488,6.358080486205136e-15
139.6045772513087,1.3307969040389942,5.931217919981407e-17
145.44115540946325,1.34612007084537,-8.011211437108067e-15
147.5012737251049,1.3516784750050905,-3.035843034156251e-17
149.85569454873618,1.3581266659660964,1.8700700369208716e-16
153.82323664284652,1.3692238269276344,-5.785319765753713e-15
154.88954970654743,1.3722557280061214,-1.0871374728533249e-15
160.81398984290672,1.3894824421260041,1.4244718854359767e-16
163.19144355120292,1.396577240252429,4.676590047103748e-15
167.1129178560914,1.4085072105377971,2.102138572070837e-15
171.16064475988756,1.4211183677806258,-3.706164243381774e-16
173.54577592895657,1.4286908335836461,-2.5254109149867584e-16
175.11282988979045,1.4337230582329916,1.623540454408045e-18
178.29300460723638,1.4440744888561943,-7.197638127178242e-15
179.77219474282938,1.448952713497287,2.4983165243003078e-15
182.23751157959745,1.4571726532962823,1.2486474176719114e-14
184.88623362254694,1.4661288689234817,6.107142985231364e-15
185.35626352588508,1.4677316988225282,-1.050074622279524e-15
185.68895503838465,1.468868656348941,-3.972531969307771e-15
188.41786289773097,1.4782715207945303,-4.166084403339374e-15
190.12652501702354,1.4842288099893288,-2.9701163356643164e-15
190.39779400536537,1.4851795422814666,-2.9757990523304317e-17
195.55022139751793,1.5034949407898155,-2.4038261505021855e-15
197.21281652445253,1.509509347512437,2.2582424754283705e-15
201.9600440535435,1.5269626145610753,-7.732923090905412e-15
204.58573217156652,1.5367943067289211,-2.046892885464959e-15
206.66120452423064,1.5446556237181623,2.0810706078625743e-15
206.6688823366694,1.5446848524651482,-1.0144804734497506e-17
209.3559928574766,1.5549811363520867,9.743517687511806e-15
210.52552456582725,1.5595040098293171,-1.0596074933132207e-14
217.73806768636587,1.5879535504501332,7.036308215527187e-15
223.92609502915835,1.6131256862160586,-1.140373150947475e-16
224.8013242744063,1.616742949403912,6.919273722294315e-16
224.82435770891774,1.616838335591231,-1.2076862576219868e-16
225.8906699750646,1.6212648524601534,4.056595409562639e-15
227.10626842650973,1.6263366403808022,-5.687830936140321e-15
237.46059497654596,1.6706409289079855,3.0714914528183636e-16
240.10931593999456,1.6822915437535935,2.2135761819514043e-15
242.1694322213145,1.691442480204525,5.69646741286495e-17
246.00304021586487,1.7086792812327407,-2.2714792961207e-16
246.10625952936567,1.7091471221674397,-1.371282746112503e-15
248.80104724914605,1.72143067803388,-7.427714709625578e-15
256.38039926318055,1.7566965925101226,7.54630610091244e-16
256.41111050447995,1.7568416412219898,-3.1818578553630316e-16
257.89029984179206,1.763848399944918,1.1044300274461956e-16
260.35561538501776,1.7756158965469722,5.51989140455765e-16
261.12762517153055,1.7793238889989853,-2.7465502892659523e-15
261.3988940417245,1.7806294103391798,1.110402351547767e-16
263.8070571068314,1.7922784791239135,-1.7561356626238922e-16
267.3079734197621,1.8094040872252612,4.501686021162589e-16
268.1908803011838,1.8137586958389529,1.2475960723334824e-15
268.24462497109187,1.8140242350098075,-1.3129979832116456e-16
273.63760769531655,1.840940179292841,8.482767295977951e-15
273.66831893470044,1.841094990777024,-1.0626581494899895e-16
274.44032868507844,1.8449923022821078,1.2887297376546474e-14
280.0781389496694,1.873786312236237,-3.4184884882412323e-16
281.6144806077814,1.8817343917669587,-3.753578988379843e-17
287.47408496522957,1.9124475044364253,4.3073097481921756e-16
288.73915774430697,1.919161397600356,1.468827475873786e-16
289.49581184069115,1.9231911412571638,-2.4725229499230305e-15
291.36484477678573,1.933190326084398,1.5679388969884888e-15
291.8809412618475,1.9359627407720765,-4.237366438104618e-15
295.8561569298238,1.9574816116648726,3.1105347832967806e-16
302.8161920254162,1.9958590788731017,1.2322352042744042e-17
304.02411231547046,2.002610393909145,-2.6922225608632987e-15
305.2243547928678,2.0093454174471654,-2.514413811648151e-16
311.1103999936295,2.042758452856461,-8.259820407070548e-15
312.66977495521456,2.051717417124996,-3.107387233219983e-15
315.52493384325373,2.0682370440692286,-2.2243513743327535e-15
315.5786785062023,2.068549444547197,1.3578107381746863e-17
320.29519237497897,2.096172249402193,-9.178056249611411e-16
325.0040283894487,2.124158865281155,-6.767972722464562e-17
326.91912802519744,2.135657954967162,-3.2835601907867633e-16
331.3259839245219,2.162375230692929,2.7921298320467808e-15
336.829862900579,2.196245786928912,4.4082837602829116e-15
337.5523979077887,2.2007336615115216,-1.0317005231978856e-14
339.24570330951224,2.211288949947563,-1.2141634294003132e-16
340.6711476651162,2.2202154611319047,-7.748407505884894e-16
348.17798978428414,2.2678428838529667,-8.505767279003241e-17
348.7324752509477,2.2714020055137736,1.0444342846861682e-14
350.2116642439179,2.280924304515235,-3.6252547170187434e-15
352.5276930896205,2.295914728666722,-9.166076349836118e-16
352.55840432353244,2.2961141699672036,5.697066040430961e-16
352.67697922462264,2.2968843682481768,-1.8118857647901893e-14
355.7957289058647,2.31723506690746,5.153614250410852e-15
356.12842018202423,2.3194165448083615,5.76445540580128e-15
360.56598710130464,2.3487089215298536,4.309870352284556e-15
361.97607579274035,2.35809286200737,1.5356014219125417e-15
365.98967996444355,2.385003324985023,3.4881377989584586e-15
366.80348637829746,2.3904959278491864,3.795727362310807e-16
366.8572310365345,2.3908590947431945,6.493218076121715e-18
372.33807628478166,2.4281740066886903,1.2066671938308999e-16
372.39949875088587,2.428595320984545,1.1221064807566147e-14
374.71552752400163,2.444532340401386,5.034406249011393e-15
375.02518536677894,2.4466706414986383,1.0045840246335929e-14
379.7954434382566,2.479834214577397,-1.413858441007015e-14
382.1421834226259,2.4963029432309494,-1.1901451848869827e-16
388.1084137300444,2.5386289929371313,-7.522478618777571e-16
388.17751400307935,2.539123050050862,-1.0210211698169003e-14
393.92195009584543,2.580502534036143,-2.6489532651941964e-16
395.24076729247787,2.5900883004319937,-3.3958698517817103e-15
397.4842879571796,2.606468845126786,4.203357288900329e-17
397.5457104214618,2.6069186109305296,8.253464380774665e-15
397.88948726185635,2.6094371987587683,6.327074456771735e-15
398.41326146051944,2.6132786736241864,-4.057321935956534e-17
407.900032669715,2.6837314199802904,-4.456958531137463e-16
415.2268767962237,2.7392782695332656,5.249768381287731e-16
415.67046513319127,2.742672983354928,-4.560811889952437e-16
416.4424746882253,2.7485896980927653,1.1148043461158726e-15
419.2404807248885,2.7701257392023404,1.0778148083040688e-14
422.02653891237196,2.791713108746145,2.2605669233618192e-15
422.04957233592575,2.791892175839024,-8.97587377994332e-15
423.61662486001126,2.8040977497440123,-2.059105483111068e-17
431.5670545652062,2.86671956983718,3.985438444284589e-15
433.91379442746864,2.8854263090935017,2.278243601617555e-16
438.63030756172054,2.9233302281044993,-6.122984827727297e-15
443.33146506284163,2.9615185208491415,-4.480052534659741e-15
444.87975417039917,2.9741846523636157,-1.8700360932489732e-14
447.1957827771536,2.9932138829806108,-3.1266935050465366e-15
450.73508704497493,3.0224848103554414,1.4370027565236937e-17
451.11725290752645,3.0256592202708665,8.499204445822954e-17
453.14324933358364,3.0425328267485403,4.440933254112477e-16
455.2571094143732,3.0602188102067416,-1.1403529305901959e-14
456.73629823957214,3.0726436556834322,3.958190217622761e-15
459.17857952193856,3.0932464664987553,-2.131368213404665e-16
459.2016129448183,3.0934412968750915,1.9782851917303048e-14
461.8042659223744,3.115519023329045,-7.695159075049972e-15
462.65305352509813,3.1227460818774793,-6.293848783392169e-15
467.0906199736152,3.1607460980246618,-4.7056772943344555e-15
472.42217859129147,3.206881315176435,-1.6843948378253502e-16
472.51431228199743,3.2076831718890086,-3.808478106576689e-15
473.32811861450125,3.214772670760291,1.5316776101117417e-15
473.3588298447195,3.2150404514669795,-1.5012005998257547e-16
474.46353060317705,3.2246842311980153,3.906593143021142e-15
478.839674557733,3.2631078560144418,-1.2263103227658914e-16
478.92413044054206,3.263852869281193,-1.2251570874411348e-14
481.19409214873326,3.2839261761402914,-2.250522414718534e-15
485.9643497807275,3.326418955866555,1.0916693409378029e-14
486.3200744384869,3.329604495250196,1.5437020900426696e-14
490.73460739940856,3.3693309046551128,1.3317951717065291e-15
494.56053595657363,3.404050837634058,4.928174130166849e-17
494.7021442642933,3.4053410940832984,1.1147876479428132e-14
500.4465798748744,3.4579926289931326,-1.0689222706087612e-15
502.49901743443604,3.476951960045128,4.460143707918809e-15
504.070339905929,3.49151944930609,-9.011425601250221e-15
507.9303874386371,3.5274984550126876,-4.610637643240209e-18
507.99180989786214,3.5280731843020696,1.4970621774083796e-14
511.11055914799107,3.5573466370554887,3.802764198969253e-15
512.2570566933643,3.5681530231227017,1.8872041920875154e-16
514.4246613511388,3.5886500836824604,4.866263408193156e-16
516.748367666948,3.6107193788733234,-2.706763181002998e-16
525.7651085876945,3.6972972592146083,-1.1767953592624727e-14
526.2351380876421,3.7018515068092137,-7.478207849266715e-15
528.5511665831291,3.724351586732505,9.121970321600162e-15
533.5619816379556,3.773369502223505,-3.7401091946723886e-16
537.24289403569,3.8096724174726075,-1.8628639830142964e-15
538.0072257233766,3.8172419148801637,1.2208596724854562e-16
538.0916816036163,3.8180789771430317,-4.35143668220076e-15
539.9223249753754,3.836255208046624,-3.4017653304929994e-16
544.3061465904781,3.8800325472246886,-4.3071073838436673e-16
545.4645919596285,3.8916600480851775,-1.4577105480999853e-14
551.4043803873615,3.9516669779465374,2.041767536183169e-14
557.6418787621317,4.015381112270086,3.4296436684097516e-16
564.0824078827878,4.081921197254111,4.825891125242991e-16
564.3613544553921,4.08482038693298,1.3000486158192304e-15
565.6110712414613,4.0978267277181555,8.535932360607929e-16
565.6801715063492,4.098546723276899,4.927599939062572e-15
565.703204927978,4.098786741342236,2.327097146816537e-16
569.07018944355,4.133977282385151,-1.023766650082939e-17
575.9850180613694,4.206903472772272,-7.157307451339532e-16
577.3413618822166,4.221311273691143,6.842479005534583e-16
577.4642067970532,4.222617870920889,2.4843170447704267e-16
579.929521354834,4.248898099899094,1.2416500319638136e-15
580.988155215223,4.260217486285539,-4.2653425704684496e-15
583.3809617322183,4.2858785078026465,-3.9502677448025196e-16
586.8818767218357,4.323613186769612,-1.6176419521625654e-15
587.7187164328494,4.332666513135855,-9.081414231071e-15
587.818527925803,4.33374718196561,-2.9534680150802205e-16
589.2286163912256,4.349033957834247,1.6810686398336523e-16
592.4659404185054,4.384268374489977,-1.109434831530217e-14
593.2422199313587,4.392745948960357,-2.390349888840734e-16
597.259231239646,4.436792170970167,-1.454095248822196e-15
598.6462862794174,4.452070161773971,-1.3560590808228336e-15
599.6520377439299,4.463170374597562,-7.689562810154621e-16
601.1192786271716,4.47939734353424,2.336508981243882e-17
607.0479813579474,4.545369763926202,9.688871636126275e-16
609.069707601471,4.568014832186869,8.884771142596711e-15
611.3627026049398,4.59378946700526,2.3158230184501897e-15
614.5164329926439,4.629397492828142,-1.6345376331553156e-14
615.3609505035869,4.638963840363791,-8.23506109753377e-17
615.4300507673499,4.63974716123356,6.996835676130173e-16
618.781679614464,4.677846836098098,7.61532487154058e-16
621.5566519361324,4.7095479484352705,-4.1712075968432505e-16
624.798245965709,4.746759350045225,-5.655914332119473e-16
632.2436641418336,4.832960792390514,1.1166059759005192e-14
632.6676267819074,4.837900068874148,-4.5895528220441225e-15
632.7597604664841,4.838973888529791,8.164926227060078e-15
634.1544932991128,4.855248623572324,-3.711888209901234e-17
635.1525669463526,4.866916853125087,3.05425088114774e-17
642.4794102234154,4.953134934657811,5.747048847994396e-17
646.3701687901487,4.99932113088855,-1.4282521981576133e-15
646.4930137024849,5.000783932475343,-7.386008331238657e-16
650.8307683244924,5.052614867163401,-1.7380194124136086e-15
651.6334890189686,5.062244416298848,1.1045005626297839e-14
651.9892136543072,5.066515533983745,1.5915696837806328e-14
656.4037463405484,5.119713939480704,-1.584063956650423e-14
658.8195862272975,5.1489785893364965,-2.731122905633997e-16
667.6750927752744,5.257170452740192,2.8305430994913144e-15
668.175833481489,5.263331386982596,-1.2562799551633355e-16
670.583995554723,5.293025069769682,-4.90440914729286e-16
672.1322845140704,5.31217256418735,1.2814881037498022e-15
672.2047925501097,5.313070344336943,-5.380088408201664e-15
681.5499541961418,5.429590884795898,-5.517981217664147e-15
682.36376046524,5.439814008300816,-1.2917013278765052e-15
682.6964516772331,5.443996824848988,-9.261909451402656e-16
683.8659825789132,5.458717131576659,2.761097599849998e-15
686.431108556261,5.491091336745013,1.4605703669704195e-17
693.4064971487093,5.579739973974624,1.7661840678565897e-15
699.6747065018409,5.660165813991071,-1.8439378945997482e-17
701.7160583475785,5.6865141259649,-2.677081259802989e-16
703.1832991939974,5.705499637486568,7.74792850121176e-17
703.6686842826547,5.711789056331909,2.559922619978427e-15
707.6822877079088,5.763961978912851,2.703094067267155e-15
710.9162038666551,5.806215599677925,1.5041523880829795e-14
712.3953925510949,5.825606556695169,-5.220945347843011e-15
714.7455399206295,5.856497960092284,2.113811941153558e-15
714.8607070242593,5.858014383787747,-2.609403687397916e-14
715.5943274457015,5.867679816520329,-9.700617448379904e-15
717.8873223922902,5.89795389382107,9.34486418328346e-15
717.9871338820458,5.89927389004073,-9.126413370561895e-17
718.3121472848159,5.903573429051425,8.301728304263686e-15
719.34347765413,5.917229581440164,1.818558393082659e-16
722.749713330936,5.962471779820262,6.206891397796402e-15
728.1734051603336,6.034951262666635,5.023463112406659e-15
729.7515430693026,6.056142474851969,4.882587106937704e-16
734.583222770308,6.121307443401211,1.6160069851146482e-14
734.800746875792,6.12425131164664,-1.8864216325248583e-15
735.2443351540468,6.130257326404523,-1.0258924331159707e-15
738.7682834374062,6.178099004835911,-1.2191373384738055e-14
739.1768904542098,6.183661118044041,7.007166519852864e-17
740.6484013244287,6.20371736184741,-3.604058565021751e-16
741.9791661577963,6.2218896270729775,-2.0361726800057223e-14
747.7807537583242,6.3014943472736284,-3.3580959384592697e-15
750.3612353194276,6.33710085796921,-1.470424983917958e-14
752.8947877778921,6.372179157618138,-5.763308298988617e-15
753.4876621583614,6.380404871726613,5.124585789473257e-16
757.309320377771,6.433583071743019,-7.78370568659861e-16
759.729430251583,6.467397919615497,1.1886220764115045e-14
760.8145052617425,6.482594099120652,-4.0943423087854407e-17
762.9053317002695,6.51193671205063,1.6098303195079362e-14
762.9283651208106,6.512260411021527,1.7295173782879078e-14
770.083750950455,6.613291334775731,-6.418675553505457e-16
772.7171148901868,6.650710701915623,9.989223721765428e-16
776.1566072778288,6.699777310853126,-9.86522970027409e-18
778.6142439185999,6.734970590723114,1.5425911961951401e-15
781.4241974121072,6.7753453654521145,1.5522091228590016e-14
781.80209319894,6.780786250876211,-1.1365379462997072e-14
788.0745724935075,6.871480646415632,6.0246517767412206e-15
788.8883787478054,6.883300665927667,-5.212287486506652e-15
791.9960421822585,6.928549748416497,6.052561502976834e-16
792.8635930838229,6.941213472803716,9.344358912323344e-17
792.9326933451506,6.942222732118495,-3.3767200087151386e-16
793.7507696325301,6.954178012885139,5.7395967543884255e-15
796.2612886545785,6.990943439884095,1.991160981720043e-15
807.0634676076977,7.150461017553614,-2.693111843169029e-14
814.122449678912,7.255863437350241,4.2224641026793004e-17
814.1343975193115,7.256042616720466,1.1085138852929495e-16
814.2069055536354,7.257130061594982,-2.951293398197063e-15
816.8095582505649,7.296227674621546,7.0094249928917536e-15
817.5662120811136,7.307617703633733,-3.94612342702201e-15
821.3622913336148,7.36491985917465,-3.0694597722608257e-16
822.0728783230297,7.375675728274226,-1.602663764811322e-14
825.8680953130419,7.433279900947772,7.338254869271096e-16
825.8988065401704,7.433747121146048,-1.4844849380897877e-16
836.1993825007908,7.591433385776414,1.2030999238600108e-15
836.3222274091553,7.593325749345084,-6.088412471479711e-16
836.6472408063635,7.59833375670366,5.626011824523212e-15
841.32536429982,7.670632746374659,2.0596312425134742e-15
852.8031489207614,7.849726361469434,6.3392588379555334e-15
852.91831602214,7.851535668334359,1.917956814488687e-15
853.0744176700641,7.853988458210106,-1.0801536356547268e-16
853.135840124131,7.8549536983921,1.3439281378955172e-15
857.5043058261315,7.9237814004922935,-2.3843271090695803e-15
859.4961830115813,7.9552812628542,-7.651680257747655e-16
859.9201456353309,7.961995308630847,-5.024191151191034e-16
860.050668350127,7.964062986387448,-1.5519884847847792e-14
861.5298570035366,7.987517508470013,5.386984973802141e-15
863.8339374836353,8.024132084114864,-3.1408790546103457e-15
863.9951714253759,8.026697944004797,2.6923890903481376e-14
867.4466116148891,8.081738641087556,-8.565741674902535e-15
869.4299487311137,8.11346652980802,-1.7576413553102186e-14
870.1755169772898,8.125412291498778,2.1559569891958074e-14
871.8841775710365,8.15282768705236,-6.404282538779836e-15
877.1236019307711,8.237229348571317,-2.0322320290044602e-15
877.3078692925108,8.240206908471581,-5.183217195778421e-15
883.6562643238849,8.343172029347961,1.08549688684957e-15
883.717686777759,8.34417187115589,-1.6673979009702348e-14
885.1849275873238,8.368076444776705,-3.0671913594677483e-15
888.4188436683331,8.420904062867233,-1.076952595887057e-14
889.7828652165888,8.443243793617986,-8.924882065536422e-16
891.113630025007,8.46507188015426,2.100924389391314e-14
893.0125112626079,8.496275073345734,-6.526501559069277e-17
894.9276103737337,8.527812038979619,3.0985899688590497e-16
898.4285251662621,8.585638120450136,4.027515967623436e-15
898.520658846944,8.587162980186745,-6.608285670897925e-16
899.4956990322872,8.603309979753986,1.5171847303337575e-14
902.7859052687329,8.657926176103665,8.034714099287575e-15
907.648296091987,8.73900515834837,-2.0992738146367474e-14
908.8024713437374,8.75831466016483,3.7812470329497237e-16
908.8638937974673,8.759342953480646,-1.2264197302052043e-14
918.2201407145283,8.916790492672932,4.872665548946045e-15
919.0339469572575,8.93056150665842,-2.363569622151792e-16
919.218214318281,8.933681324098139,6.622782311815453e-16
927.7487071446251,9.078795192503623,3.819974534959921e-15
927.8638742451797,9.080763493089114,7.096298986270943e-15
928.5974946470624,9.093307405040818,1.749812176788807e-14
930.5586605923583,9.126889353608655,-1.601566518708942e-14
930.9212007596668,9.133105055152166,2.8023326871029133e-16
933.9367304667328,9.184899721908478,1.1024315072792153e-16
934.9348040691616,9.20207950588157,-1.85231530595585e-16
940.3388701127565,9.295418041896877,4.684165345084829e-16
942.7239986766781,9.336784876827194,4.854728890177959e-15
942.8852326172562,9.339585043252699,-5.922100829602701e-15
949.0655781250624,9.447280721474709,-2.329579159739577e-15
952.2414795077761,9.502896106563986,1.6491356959739347e-14
956.1979303904888,9.572440133509073,2.7787434094678028e-14
959.6604561314971,9.633538851138523,-1.4673187362967773e-15
961.9304175915817,9.67371377766567,-5.885051061569622e-16
962.0532624985057,9.675890656313245,1.2926811208223445e-16
966.700674710991,9.758449518801058,-9.77190487244268e-15
967.9009167972574,9.779835839346605,-3.945328499935488e-17
970.4967539095545,9.82618010409489,3.1670550694711026e-16
971.2534077290145,9.839712237128698,1.279498728958322e-14
975.8470752916207,9.922092582287945,1.2821720120469358e-17
983.2353406756808,10.055405082460458,1.166309697629583e-15
983.6482177150872,10.062884625436796,-8.200414098410627e-15
985.7817031719622,10.101584173965557,-5.804888686062563e-15
987.2489439691725,10.128247290171362,-1.0170768333914146e-14
990.157846630417,10.181225940513226,-1.1031424121751e-15
991.7095433005106,10.209550104486445,3.3487958207583465e-15
994.4273630546451,10.259267172912933,1.6080221934422243e-14
1002.0527781752559,10.399485301314805,-1.978935500891322e-15
1005.8130138438493,10.469023818459313,-9.125206272801199e-17
1005.8667584904618,10.47001961299935,1.68865376827209e-16
1006.6387679213776,10.484329472423319,-5.904366692787042e-15
1018.5874440997911,10.707208400927565,-2.2811992259730797e-14
1018.7435457455631,10.710137572112087,3.192476332667372e-17
1019.2485564638162,10.719616926773195,-4.147529573705649e-17
1019.3099789170342,10.720770183574645,-2.2245001584634123e-14
1023.2425341008628,10.794751786454878,-9.19832481241683e-15
1023.3884124272198,10.797501617360778,-1.2718530706503843e-15
1024.7447561545634,10.823087690329482,-5.3200260852253244e-15
1024.8676010609577,10.82540671070536,4.414628559553603e-16
1025.5585623909144,10.838455600322087,-9.537401847306982e-16
1027.1179368640603,10.867936899007136,1.8084486100967748e-16
1027.3329154502178,10.872004765010177,2.2064096763360455e-15
1030.7843555945506,10.937430128370982,-7.019613522351177e-16
1035.221921493335,11.021870888121848,-5.248299143919536e-16
1037.5533053949707,11.066379257415411,1.1111903018711516e-14
1040.6456131457878,11.125568870835137,-4.2476365057925135e-16
1043.733650862513,11.184852532511055,-7.946375235387129e-15
1044.8187258430564,11.205725336785116,-4.3197520982658194e-16
1047.055430550975,11.248819642321529,-1.3664287698176477e-15
1047.5629867810721,11.258611492521737,9.973409445674217e-15
1049.3253919978686,11.292648922623123,1.0982253349237704e-15
1050.6817357230939,11.318883025143883,2.649117944316884e-15
1054.4513737078225,11.391972507629998,1.7217018676938119e-15
1056.7827576068282,11.437306698745738,2.1660098303578084e-14
1058.7660946942774,11.475951873150823,-1.800540494991816e-14
1060.222249905006,11.504371077612634,1.2950054591822194e-15
1062.626141836058,11.551372348247149,4.950165158204283e-18
1062.8334426151334,11.555430511047833,1.243328081301933e-15
1068.4550327105183,11.665781719111006,-2.374712773774298e-15
1069.8659833410866,11.693569918240161,3.892676322920774e-15
1071.9866586860032,11.735404887641437,-5.250064062372072e-15
1072.2016372716002,11.739650436100616,-1.0050464422179046e-15
1076.9983355504721,11.834600422712548,-7.321881452486352e-15
1080.3883532319617,11.901960974831303,-9.209240327223362e-17
1082.5559576758221,11.945142805552244,5.427341825912981e-17
1084.756818858637,11.98907571061693,-2.61007116880689e-16
1089.4733312949832,12.083525757485939,1.1599451698398736e-15
1093.7735589204083,12.169996656671982,1.1104514788899336e-14
1093.8964038263227,12.172471881404913,-1.312475908063631e-15
1096.5365832374137,12.22573653306225,-4.0085393074906537e-16
1096.9844415339946,12.234784647929962,-2.7165901425722863e-15
1098.1880913837538,12.259120385081053,-5.542789775212086e-15
1098.2000392238808,12.259362083701092,2.4036303920050398e-15
1106.2229757215646,12.422255664899113,-4.85312850663097e-16
1107.4948635698959,12.448188306797665,-1.4370696938622e-16
1112.3376286797159,12.547200638669809,-3.682160334841685e-16
1112.4374401656785,12.54924586940432,2.1017802686274328e-16
1117.8415061488113,12.660254183706229,7.944183692609845e-16
1119.5356733599685,12.695165896513668,2.2771626138141437e-15
1120.3878686251533,12.712747075334914,-1.3201688244131106e-14
1125.0890254399153,12.809974550633818,2.3182678292246393e-14
1125.681037540617,12.82224717364613,4.40881724359648e-16
1129.7671488338167,12.907129783852763,1.0042778182693074e-14
1132.3698014676677,12.961356184943861,2.888138196587628e-15
1133.8344967399266,12.991928055965673,2.5953790263187436e-17
1137.1400585392319,13.06106866953485,1.4179011853196321e-14
1143.3775563940812,13.192083216795545,-1.5063827282978623e-15
1143.5618237525134,13.195964530475859,-1.659132327491317e-14
1145.4726527987752,13.23625013158707,-3.338963563495497e-16
1149.1194458598202,13.313321362210543,-4.757059888175428e-16
1153.3497109532386,13.403030583106501,2.1745140110850696e-17
1154.1797350577108,13.420671194643399,8.716071932902069e-16
1157.2063503038323,13.485103755103031,1.0689574844512104e-14
1164.6824792590714,13.644983661782648,2.985370779389506e-15
1165.3905207180328,13.660178773442002,-1.6217200279157168e-16
1166.7468644354458,13.689312736891265,-1.4138912723308814e-15
1167.5913818922297,13.70746990426234,5.1276138823962406e-17
1167.721904604315,13.710277321224085,2.3537023932052112e-14
1176.2523973033558,13.894440431761758,4.478257567620021e-16
1177.0781513735274,13.912338630887046,8.567198348659076e-15
1179.4939911311594,13.964774025862742,-1.1300562622727335e-15
1182.647721312964,14.03338698709207,-1.8229559326063368e-15
1184.2565703864161,14.068459887488705,-2.3079268323896727e-14
1191.2046551996461,14.220475690163243,3.747427311123285e-17
1192.8681111790409,14.257002058918054,8.198921382181787e-15
1200.1906839916835,14.418398051754792,8.171671664702921e-17
1200.8910476430415,14.433886439831074,9.10608355795592e-16
1200.9294366759564,14.434735666054019,1.970419624966092e-14
1202.4086252967381,14.467478336857319,-6.8393669026767694e-15
1203.0611975877496,14.481936203753524,-1.6175004064632694e-15
1204.7127057263028,14.518560737223927,6.051626109374535e-15
1204.8739396645203,14.522139020259994,-3.4182813687677665e-14
1208.325379779024,14.598852064357807,1.0875137212764019e-14
1210.4878519165334,14.647027820093482,1.2767186904533995e-16
1212.509578022739,14.692145935690164,-7.426701741037432e-17
1212.7629456398631,14.697805556484822,8.130925493129925e-15
1214.5014551628715,14.73667155595285,6.969409662539827e-16
1215.3195314252239,14.754979675938003,1.93532374190874e-15
1218.002369888679,14.815106708288985,-1.447131122381756e-14
1218.1866372465495,14.819241323213406,6.580646627021489e-15
1219.0004434753023,14.837509094134516,-4.0163841043791965e-15
1220.1204997067314,14.862671307567645,1.7750191477082e-15
1221.1211188059715,14.885169894044166,-1.3000686484508559e-14
1224.5964545984987,14.96345493035424,2.1169374047389656e-14
1231.9923976950365,15.130795682956292,-2.6673421732471882e-14
1240.0178796600162,15.313520306223111,-1.2344372409294198e-15
1240.3360775025485,15.320789505448728,-6.000185995470046e-16
1240.374466535407,15.321666625306854,-1.9262216224408445e-14
1243.664672707439,15.396942745525452,-1.548063937071388e-14
1246.1189014918398,15.453222516688552,2.8029176149684016e-15
1247.3686181734743,15.481923345997888,-4.416887563129043e-15
1248.0177826903262,15.496843326562015,-2.0328639091693995e-18
1249.7426611187807,15.536524540931513,1.5570635560294554e-14
1249.9021705359446,15.540196859202439,-6.078447559221157e-15
1250.4950448940644,15.553850464817195,6.303031658131139e-16
1254.370447616417,15.643258578005835,1.9796375939314446e-17
1259.9127140866653,15.771603080130282,-1.6830631051794799e-15
1260.0969814442633,15.775879952594162,-8.408277786199141e-16
1261.322802445209,15.804347358486552,2.44642322927998e-15
1261.5377810290624,15.809342687859548,1.9697407897081699e-16
1266.9759659791584,15.935989707133944,1.9672054534989786e-15
1271.4374275109049,16.040297122296987,2.0333439638934567e-14
1274.223485227516,16.105620155633527,-2.3919332757472806e-14
1280.4038306306402,16.25103742291326,7.0168130315612e-15
1283.6027653799365,16.326581461708855,-9.353647048274984e-15
1283.7256102849071,16.329486248423663,-1.0818578658888936e-15
1283.7639993177102,16.330394051280496,7.518667941730091e-15
1287.474760324989,16.418272234653884,-8.873824224329822e-17
1289.817229780533,16.473877157271204,1.3200606321769176e-15
1296.8310070538096,16.64097276058593,6.696434113264425e-17
1297.0766968636478,16.646842480023498,-3.527871272332615e-14
1297.7292691525297,16.66243833526924,1.5121317769980968e-16
1299.2391689946035,16.69855357410391,-5.747014244442799e-16
1302.8091839694032,16.784111664038875,-4.1906325599349785e-15
1303.3141946813137,16.796233579261113,-8.993018169297353e-16
1306.8995652687825,16.88242932000291,-1.3596310471090608e-15
1311.1221525313733,16.984248022467863,-2.6161115821474643e-15
1311.3755201476597,16.990367888243096,-4.020860584619984e-16
1313.8169388262975,17.04939874561223,7.392604160253786e-15
1314.4251687963158,17.064122171167295,2.3748022858851367e-14
1324.5269837448968,17.309653324925495,1.579971485685583e-14
1325.4406014559777,17.331952086899346,3.798097109964296e-16
1326.6604691686696,17.361749494894706,7.369811009368867e-15
1331.059645979462,17.469434774697458,1.92881635865277e-15
1333.3910298523301,17.52664809510129,2.3812549058656488e-14
1340.6027055660352,17.704260074841915,2.0907738014651123e-15
1342.9315439255936,17.761820258172055,2.5124248958768183e-15
1345.0940160536597,17.81535794373058,8.6961106712058e-17
1346.5424934412838,17.8512669850117,-4.9810912113176095e-15
1346.6303570863709,17.853446446122604,-7.160905641173472e-17
1346.6917795387417,17.85497011688103,-6.497844655483206e-16
1349.4326326702053,17.923031594481525,-1.4646117980513628e-14
1356.2058524157924,18.09181922384576,6.718855620593165e-16
1360.1887444173458,18.19146687550715,2.8241829223767133e-14
1361.6440373505286,18.22794962329849,-1.8390513832884822e-16
1361.9076282856818,18.234561759168486,-4.143518072072059e-15
1364.3925682874305,18.29695898222829,-9.715877203556685e-16
1364.4539907397718,18.298502749922356,-1.9968095056578136e-15
1366.4373278034268,18.348388513564977,1.837557574943012e-15
1378.4320706428496,18.651629783570332,-1.4107423235501899e-14
1382.3381845766967,18.75095301802456,-3.2913423050828977e-16
1385.4262222521106,18.82967343581574,-1.3245706953155368e-14
1391.5605007964575,18.986569834761262,1.8863624985753698e-14
1391.9349887960025,18.996170561466993,3.2679253483132484e-16
1392.3743070209136,19.007436629707893,-1.463680456412996e-15
1392.6737414758622,19.015117494919465,-1.9541429863258642e-14
1394.1529300878315,19.053084749378183,6.782869552785987e-15
1396.3418434056832,19.109342900725878,5.326579290838602e-15
1396.5030773429473,19.11349032973089,4.5572041888184015e-15
1396.618244440993,19.116453072206543,3.3900436065097316e-14
1397.4158327918835,19.136978214706406,-1.1341763780012897e-16
1397.6615226010417,19.143303158270218,-2.7499100462914725e-14
1400.0696845351679,19.205356811500323,-1.0785296823014446e-14
1404.330660819805,19.315415620553733,-5.870474785906149e-16
1404.507250370108,19.319984054593583,-8.063752392795596e-15
1409.3337975566328,19.445070945255246,4.575297196283207e-15
1409.4566424611767,19.44826024704896,2.296927787609745e-16
1409.9309419454978,19.460576628058682,-6.526278217479751e-15
1410.4572615547686,19.474248693250512,6.057984419094309e-15
1413.6792297121835,19.558056139361078,2.900736380213959e-15
1416.3407592609603,19.627430097706316,-2.0994464773314696e-14
1417.8771002908802,19.667534914753762,9.295644519418094e-15
1422.4059375419208,19.786009177368054,1.864814213631315e-15
1423.736702316057,19.82089376858544,2.6453020291316944e-14
1429.5382896612623,19.97335735977179,-7.239709745236689e-15
1432.1187711102962,20.041370684983345,1.9103040460087182e-14
1437.415347744259,20.18135595302246,-2.8543496411885282e-15
1437.561226068309,20.185218739972303,-1.9601316296351683e-15
1439.07880371135,20.225426707406193,-3.051568968273198e-15
1439.762087223905,20.2435440411326,-8.129575347177509e-18
1441.4869656431347,20.28931763042562,-1.5441954054137312e-14
1445.1320341491623,20.38622813188015,-5.039219367947294e-16
1445.2548790536043,20.38949844102703,9.91609324122146e-16
1447.1273190489298,20.439379913946148,8.436466473893281e-15
1449.187434173893,20.494335637110026,7.939977810580394e-17
1451.841285913985,20.565245127676175,8.338781745278953e-16
1453.2163930056138,20.602038276862558,7.094278002078407e-16
1460.256611441726,20.790956047764325,-6.478157110749899e-15
1460.3717785396027,20.79405404057489,-7.981598621684375e-15
1461.266632861468,20.818133929851058,1.6760370078665657e-14
1463.181731922219,20.86971743873717,-2.016536151479741e-14
1463.5596276942108,20.879904104528237,-2.450235275991027e-14
1466.4369568145728,20.95755247305663,9.986770009524912e-16
1466.6519353972467,20.96336006508627,-7.369546864847753e-17
1475.5083036671756,21.203352564849148,-7.456510563972411e-15
1484.256320383778,21.44182734624574,-1.0726386828633508e-14
1484.440587740287,21.44686571495021,2.106365454835649e-14
1487.165222989367,21.5214376220378,1.153271049763926e-16
1488.5753113395065,21.56008473578519,2.6779437916767114e-16
1488.821001148163,21.566822246490865,3.4987023720468675e-14
1496.728770447218,21.784269529920845,1.9513730857459558e-15
1498.0851141514518,21.821681904491438,-2.059506493269171e-14
1498.5670914413722,21.834984567721758,1.511130290140188e-14
1498.8758869544179,21.843509630607958,-6.18858284700047e-16
1498.8989203739743,21.844145595445184,-5.906072978709953e-15
1499.3237452451901,21.855876986110943,2.0417609029961364e-14
1501.945161235648,21.928340023344425,2.733604844898043e-17
1503.1198243644694,21.96085196337947,3.9876110176304e-16
1508.6006683468984,22.112884934803795,-2.9881524667646815e-14
1511.04208701392,22.180785518374343,-1.0260371280161e-14
1518.4047733153645,22.386220934470362,-7.308859131906643e-15
1520.1808095962242,22.435925809504443,1.2264582965338768e-15
1527.7917312175236,22.64958618124432,-1.6363271563833359e-16
1530.0616926276596,22.713517081213958,2.8714998965279785e-16
1532.0834187165767,22.77053662825056,2.6683843663216337e-16
1533.7468746804375,22.817508200750275,-1.0408936789880548e-14
1534.5606809024007,22.84050649231214,1.366638186206704e-14
1534.6758480001058,22.843762117957258,-2.491642687962145e-15
1538.3746611448166,22.948452737720807,-2.863677293652698e-16
1539.2618376587777,22.97360071388926,1.2336589551947498e-14
1543.9399609952115,23.10644696348477,3.1163361391584337e-15
1551.6566473835403,23.326461255233973,-2.0333623603853518e-15
1551.9330484179454,23.334362211272182,-2.8008180517030666e-14
1553.6058654399978,23.382209914378898,-9.367423678648727e-16
1555.689013980131,23.441866422658922,3.3570910973240094e-17
1559.8408177075328,23.56100280506328,3.734487763902581e-16
1559.8792067400836,23.562105863366423,5.098979580594282e-15
1562.8136882736926,23.646504675853212,7.182914553118126e-15
1570.1763745681342,23.85896165108548,1.3990690055773324e-14
1571.5403960770216,23.898431360497504,-1.9240350498036913e-15
1573.9442879690705,23.96807447542179,4.4524262785587564e-17
1574.9107880602235,23.996104937192086,1.856442609928778e-15
1580.1860557805114,24.149401663061177,-2.0838261738178072e-14
1580.8966427441478,24.17009015209474,-8.789843984941986e-15
1586.9976645250615,24.34810201246728,-3.5584157610213145e-15
1589.1601366417249,24.41136187847383,-4.535602188487327e-16
1589.405826449925,24.418554613305744,2.7271514608450226e-14
1590.780933537932,24.45883232842366,1.1710883896353434e-14
1592.876029916682,24.52026592662261,-5.93270465847016e-16
1598.6213270844707,24.6891476554056,-1.9859076269962685e-15
1600.1005156902775,24.73272649971642,6.893124381388914e-16
1602.5658300332097,24.805447472298315,3.445147676850706e-15
1605.4005000801426,24.889201942561808,-2.4971330704988783e-15
1606.0172701131478,24.907444921247016,-1.0960605105596696e-15
1609.321969608935,25.00531151091887,2.4927695039836618e-15
1609.5062369650248,25.010774393714282,8.235050478370361e-15
1609.6214040625803,25.014189013079953,-9.218697724113058e-15
1610.4189924100808,25.03784362354106,5.0814951613829104e-17
1610.454835929928,25.03890693389661,-8.194820537393211e-16
1615.1022480346444,25.176974477106246,3.036642590538863e-14
1615.571415223223,25.190934830211933,2.472954122164469e-15
1615.8785274833403,25.20007533681945,-6.632353178908868e-16
1618.8130090142006,25.287501200765806,-1.2925600153719403e-15
1622.0963996105804,25.385510012016308,-2.423545910553807e-15
1622.2883447731342,25.391245695826232,-2.133568685854725e-15
1626.897367844472,25.52917581040551,-2.0078827751671747e-15
1629.684287799017,25.612767315965918,2.6882942928328565e-15
1630.6268922093996,25.641072383845458,-4.9401856776874585e-15
1630.6959924679104,25.643148010074288,9.399461024412087e-15
1630.8231074053729,25.64696650479332,3.026303778539421e-15
1638.0663565606587,25.86504324152579,1.941349496164234e-15
1638.608031780628,25.881390613127596,-2.9132897687731583e-16
1640.9317378320065,25.951579728816927,3.1752055594736804e-16
1644.192957268152,26.050254825574967,1.1416902449759342e-15
1647.434551057695,26.148530256031435,-1.5692897487215244e-15
1648.4582035662565,26.179604552637148,-2.1065909348877068e-14
1653.0109364775915,26.318042482069398,-1.662157457024826e-14
1657.788871289729,26.46373888224676,8.47428570748092e-17
1660.1304784661054,26.535296445916263,-3.7798066321841626e-15
1661.904831490464,26.589586460133486,1.2383158725235437e-15
1664.667855763661,26.674242392588873,1.955828829240504e-16
1664.9928691492123,26.684209678382594,-6.034309980816525e-15
1666.0241994640057,26.715850687192102,6.545389843432087e-16
1666.1350965280194,26.719254153716772,-1.3522372702690261e-16
1669.129317256336,26.811233382173967,-2.049302564578276e-15
1669.3152678645392,26.81695103069978,3.036982871409497e-15
1674.2697922249529,26.969528365403463,-3.023060559851356e-14
1676.1848912785438,27.02862607777003,-2.0889184029412084e-14
1681.4558889570644,27.191631757053525,-7.577662323032293e-16
1681.4814678892185,27.192424033723604,1.4887198566393436e-14
1687.3291220463482,27.37386441642879,-1.2971686628576188e-15
1687.4212557242852,27.37672817065437,9.596558597474324e-15
1688.396295880618,27.407044537179154,-1.2728269516608727e-14
1693.6894647173315,27.571927598761107,1.0931668616669424e-16
1694.7685863914419,27.605605747364248,3.555544454018288e-15
1697.898420854275,27.703405618766343,1.119907140460608e-15
1700.344971807558,27.779980163995376,2.963395827549456e-14
1705.3327529044616,27.93643414335999,2.5349866359881733e-15
1708.8754643966663,28.04783831902628,-9.356522670944102e-16
1709.0674095589777,28.053880832823257,4.0523912270865096e-17
1711.5088282180661,28.130796925472143,7.349794506972987e-16
1715.8465825435803,28.26772729302324,1.0058436202074273e-14
1722.8373263362696,28.489134280150257,-3.5506324073672285e-17
1723.7125550077533,28.51691744940105,-1.4151619421349151e-15
1724.0452461995308,28.527482065804342,4.596948141055688e-15
1724.3523584591674,28.537236232385975,-7.427584473633734e-16
1725.4911780639875,28.57342135208391,1.0322678669074621e-14
1729.3205139080574,28.695270786491665,2.1499810330441293e-14
1733.2530690093593,28.820685793815368,-1.0421950452479824e-14
1734.878135935576,28.87259476850219,-1.5766683355670412e-16
1737.2206053698576,28.947505093299984,-1.026210235185858e-14
1737.3818393061397,28.95266494545114,-5.785428687997103e-15
1740.6234330914924,29.0565049042461,-2.532113467310784e-16
1745.017477573452,29.19757104114453,2.8045736399382833e-15
1747.4333172992667,29.27528053755565,1.342492843952371e-16
1751.62351004721,29.41031999261237,-5.056714114836029e-15
1753.7441853532284,29.47878733005191,2.716235092332819e-14
1757.8806334554283,29.61257354583565,-2.8463064202907013e-15
1759.3359263780305,29.65971741323506,-1.8283871385606275e-17
1770.4170514294942,30.019967296921813,9.190860383303489e-15
1771.2308576485623,30.046513478964243,2.500479263741176e-15
1772.5488123145606,30.089530750846954,2.641087350743395e-15
1772.8439767340878,30.099169130777454,6.748270880183765e-16
1776.123959550446,30.206382593824976,1.4217891951389935e-15
1778.741967756631,30.292100175395817,3.5289123713064428e-15
1779.7613502299582,30.325510463251515,-1.2232911712855222e-14
1780.5256818369724,30.350574009044,7.676720706887477e-17
1782.3870362425143,30.41165554298655,2.869371791047481e-18
1786.0107958295562,30.530754600360538,-3.588085078722457e-15
1788.0060807182701,30.596435212598877,-1.625344365985261e-14
1795.3534113760147,30.83892622412271,2.7714344689172262e-15
1799.5990320192066,30.97950184680236,-4.110042943972742e-15
1802.1632955792852,31.06456733368812,2.0320690710459355e-16
1803.6919587929058,31.115336003433523,-5.686529609660037e-18
1804.438389274076,31.140141462255194,3.1105751516636336e-14
1806.8465511916856,31.220239729487652,-3.0114585263106056e-14
1808.1491502441677,31.263610208935432,6.022806694662511e-16
1811.7959432495777,31.38519766626685,-1.7262563866842317e-15
1814.1273271021607,31.463056532224872,6.22584725655344e-15
1815.5689889316043,31.511252351875772,-9.368373032152353e-16
1818.7721936815171,31.61847488795712,2.442539972077723e-14
1820.2513822829105,31.668052328316744,-8.478103067329595e-15
1822.7166966185125,31.75077096097998,-4.2373108112950527e-14
1826.1681366882422,31.866765134042577,1.3480837435167025e-14
1830.2371677808922,32.00379682558987,-5.710212531515762e-15
1830.6057024919876,32.0162229348386,1.0079096667580723e-14
1835.9372603518375,32.196270223179525,-1.1322191234116006e-15
1836.0293940296058,32.199386189940405,8.157359295211844e-15
1836.4635799574644,32.214072490005535,-3.212043982824044e-15
1836.7706922166888,32.2244626314694,3.0754334120591274e-16
1839.2001630321058,32.30671708583881,-1.5565239932829288e-19
1839.4458528394787,32.3150414451728,-1.918371246900859e-14
1839.7546483509723,32.32550550260843,-4.406434852110584e-15
1839.7776817704134,32.32628609932369,1.137837945372933e-14
1842.0476431704371,32.40326245262773,-1.5102539172485582e-15
1842.4392113009253,32.416550465158686,2.6241479642926342e-14
1846.4400043949238,32.55248074385873,-1.5445058817123907e-14
1849.8351543057463,32.668065065542415,-3.306421417264085e-14
1851.7340354818537,32.732803074883385,-1.0430215145145516e-15
1857.8793995587716,32.94277051488443,-5.407517245178584e-16
1857.9484998170817,32.94513540486928,-6.440486233009051e-16
1858.0099222689125,32.947237603139776,9.653485145420389e-16
1858.217223043843,32.95433303537888,-2.3877276464702835e-14
1858.9585212307502,32.97971245652714,-1.6891380365312725e-15
1863.3525657067312,33.13035678797489,2.9930241475434934e-15
1866.0140952365812,33.22177696400144,2.997974929722388e-14
1867.5854175149627,33.27581115819364,1.9301178369820617e-14
1875.4394421253367,33.54657498863444,-1.7349304571661704e-14
1877.9397377188332,33.633009956750634,-1.042277529638712e-15
1882.132475973279,33.77821095991086,-2.1228220470810905e-15
1888.9116489442897,34.013669262692844,1.1577954080393328e-17
1889.2801836551594,34.026493693052025,2.5204953677229937e-14
1892.5354085271467,34.139879063485395,3.917356725533712e-15
1892.6582534307659,34.14416179577842,1.7618028979379214e-15
1894.1519353835795,34.19625815226884,6.944649350275391e-15
1894.26710248072,34.20027663504054,3.842212288613847e-16
1894.4846265747112,34.20786728904662,-6.669801719032181e-15
1897.0770558454412,34.29839899872166,-2.5139448330092147e-15
1898.8607699234983,34.36076099521382,8.192535861978927e-17
1901.6067553236273,34.456880368338325,9.319971322859296e-15
1902.6943757934978,34.49498940224197,3.5844971832768646e-16
1902.8786431489077,34.501448087813536,-2.8024366261183812e-14
1906.2925564437774,34.621221013720714,3.0114861899806988e-15
1908.733975097371,34.707006832571025,-1.0200620540790065e-15
1912.4191571313227,34.83670357483821,2.442526095107195e-15
1914.5816292390284,34.91292634810878,-1.4198705509100186e-16
1914.9194527239074,34.924841723088335,-4.373054692709203e-14
1923.9992983167917,35.24588461868601,-7.103759648380965e-16
1929.1261421779734,35.427829113346796,5.737391675835295e-15
1929.2182758556548,35.43110323701917,-4.984132641284497e-16
1931.4387626417583,35.51005922929512,1.04901737122404e-15
1934.5685970961974,35.62150400734154,2.0490129674367973e-16
1943.0803262769437,35.92549587340552,-1.2656421466631433e-14
1944.5032247185134,35.97644412908624,9.135350491175294e-15
1946.2792609892977,36.04008915433332,4.810793374779289e-15
1948.5722558063455,36.122345546834964,-6.093878855381097e-15
1948.7334897422597,36.12813312158896,4.240465787520255e-15
1950.20073050182,36.18082248740099,1.774889979818544e-14
1950.3849978571477,36.187442425220546,-1.045418427083851e-14
1952.8264165097346,36.27521119548227,-1.4080860368648233e-17
1957.5710945667524,36.44609595721088,-5.138752443035117e-16
1959.5075025128424,36.51595696108643,-1.9444465014710393e-17
1960.5055760856217,36.55199206281328,7.141023809145202e-16
1960.7742993121158,36.561697357483254,3.1142977206939063e-15
1962.161354233763,36.61181383312172,-9.114523604144192e-15
1964.32723411352,36.69014135498502,2.5810589673936607e-15
1972.2699846212784,36.97812483956368,3.0698472967407763e-16
1977.4650664780677,37.167113627200756,5.101743738414153e-16
1978.0314996360887,37.187749619642254,3.50072445197108e-14
1984.6895522183056,37.43075528728306,3.586155822330909e-16
1985.6321566248107,37.46522445872266,-5.1151421102344835e-15
1989.3369643025565,37.60086050045614,2.6742480489082225e-14
1992.8796757839498,37.73079855124974,1.3534101883076682e-14
1995.574462049105,37.8297915790472,1.593512605279946e-14
1996.1826920124254,37.85215342252961,-3.084731157582061e-14
1996.2748256900522,37.855541352233566,-1.74868166530904e-14
2001.0092391576597,38.029845160355016,7.281841411090163e-15
2006.9029601332938,38.24740736463578,4.660379964987126e-15
2009.2189883685382,38.33307690193363,1.4463417308846693e-15
2012.4870233372662,38.45412910432496,7.41123345269446e-15
2012.7941355959797,38.46551504856501,-3.0603008183691657e-15
2013.263302782409,38.48291240560706,2.458510312085478e-16
2015.504277473623,38.566066731165805,-3.4086263204112465e-14
2021.1403608017056,38.77560994661238,-1.4001193144244358e-16
2021.3476615763223,38.78332831222223,7.910483170233942e-17
2026.9462181321858,38.99207701325089,-6.811236472224725e-16
2029.2750564673267,39.07908050045803,1.6158028496775167e-14
2030.944465706672,39.14150973468991,-6.224361547950349e-19
2031.190155513607,39.15070188529203,1.9024272607361156e-14
2035.719854986416,39.32037367158591,1.1522272632400025e-14
2041.8848446993566,39.55190680934842,-1.1505794978141427e-16
2043.4015600695984,39.60897607400773,-3.964112759479485e-16
2043.665151002099,39.61889850010756,2.1435624192606524e-14
2048.2511406323792,39.791735010478796,1.3498499463597706e-15
2053.1263413955216,39.975896122014845,-2.3461479123988743e-14
2054.605529993688,40.03185916461998,8.143523201150781e-15
2056.725343032995,40.11212960927639,-1.9377540530191492e-14
2056.9215582280485,40.11956382787914,-3.782504499658073e-15
2057.070844323927,40.12522046769238,4.0700885918384234e-14
2060.522284386183,40.256114379327826,-1.2948822156056185e-14
2064.5913154700734,40.41071192695342,-1.007600516905536e-14
2064.9598501803785,40.424728986860366,-9.681325375813882e-15
2066.2163823909364,40.47253945851055,-2.296430726233464e-15
2067.007155188296,40.50264291020168,3.019217777492815e-16
2067.1837447369803,40.50936696436873,1.7205061260310306e-14
2070.1992743512683,40.624278864377565,-2.7292989299759316e-14
2070.383541706413,40.63130611686235,-7.83542515957316e-15
2070.8518466322457,40.6491682911446,1.041452361643647e-14
2071.9616795280353,40.69151587716325,3.0465830270337814e-15
2073.1337558674218,40.73626310271428,-1.7590042596613022e-15
2076.7933589641666,40.87614133514449,-2.5205831123009994e-14
2079.109387198137,40.96479259366902,2.0774825306273506e-14
2083.759344791541,41.14307865418565,3.694812745062272e-17
2084.1893019535014,41.159583946755774,3.175927602440954e-14
2090.5513278510502,41.404208818671904,-5.853445285397902e-16
2090.6050724962925,41.40627851816664,3.2760858012277676e-16
2092.2147838039136,41.46829295952836,1.3057927437937496e-14
2092.5713706742563,41.48203699598342,2.29348983699118e-14
2095.4367519317557,41.59256329075171,-1.500613178007936e-14
2101.9395651262557,41.84395726635307,-1.853939074803921e-14
2102.2833418963046,41.857269101817415,2.6108679249444735e-14
2103.0246400816372,41.885981298777814,-2.554698212158752e-16
2104.163459682248,41.93011014195786,-2.4222115911019993e-15
2111.856250340972,42.22882871558679,1.160034358575345e-15
2112.071228921909,42.2371922014086,3.474799526944717e-16
2112.1096179542187,42.238685770604356,-3.1742208647640193e-15
2112.2938853093065,42.2458552806286,1.0011394347999763e-15
2113.4275726160367,42.289978768061665,-5.088004036361727e-15
2121.737133303829,42.61411236508469,4.570016346571419e-16
2123.2657965130543,42.67387991979481,2.0429862192719794e-17
2123.634331223201,42.68829530081221,-2.4210101771016227e-14
2126.4434223221783,42.798256224424456,-3.7038315304500366e-14
2133.470830598749,43.07397841686187,-2.7483132445766165e-15
2134.7666141013706,43.12491815380602,-1.266585957486337e-14
2135.0737263598007,43.13699586019868,5.83038404577308e-16
2135.9609028677164,43.1718953281444,-8.952096673262319e-15
2142.014133252232,43.41040232790508,-1.396340763078134e-14
2142.1293003491382,43.41494663949582,1.0367205234054208e-14
2147.3644544837,43.621775525438615,3.1752460344900877e-17
2148.194478573281,43.65461423319312,-5.166292819084415e-15
2149.2736002426177,43.69732710310396,4.2004375328438116e-14
2151.2518049911578,43.77568241391121,-7.775544398122621e-17
2151.5896284753935,43.78907057282862,-1.2901851065987898e-14
2155.006087276043,43.92458513676633,-7.903322312974893e-15
2155.142563271553,43.93000295211874,-4.684670348091814e-16
2158.912201169259,44.07978541549747,1.305780880900463e-15
2163.572423347658,44.26531610540801,4.787387760375928e-16
2168.108938362186,44.44630608667076,-9.262226633630373e-16
2171.115927907483,44.566482642913286,1.1000524369340515e-14
2176.4474857519567,44.779971754917305,9.284062929971468e-16
2177.4532371295422,44.820303297981994,-1.2161131116162837e-15
2177.721960355593,44.831082497606694,6.320129788317309e-15
2178.8573721825833,44.87664155401199,-8.77472628403989e-15
2181.0812667374053,44.96594541765732,-2.6519899743876828e-14
2182.926403263084,45.04010882783902,-1.0752882355966146e-14
2192.7996084147517,45.438018010672316,-2.21154986190738e-14
2195.128446747128,45.532136407109576,-2.9913539241258357e-15
2197.0759402692447,45.610919720717796,-2.3618407232022925e-15
2197.385598040204,45.62345295999412,3.3424180223719233e-15
2198.888682316631,45.68431461972975,-1.2254416900474856e-15
2201.9383309270393,45.80792637668111,-6.3445395362805915e-15
2202.130276088473,45.815712242677236,-3.134710787617577e-15
2204.8404179624276,45.92571608857368,-4.41058680465138e-15
2206.739299133027,46.00287171459662,-3.248324326636724e-17
2211.955689879436,46.215166741241916,2.5412312612236497e-17
2212.3856470410215,46.2326873621328,-3.3625199244099424e-14
2212.8846631922265,46.253026385079416,-5.59883552664833e-16
2220.7199243950263,46.57297933370027,-1.680929377062721e-15
2221.0193588468287,46.585229176355405,-1.602349210975595e-14
2229.790408908006,46.944784979272114,-2.2304336530614475e-17
2230.6289730639883,46.979234855752026,1.679642748524155e-14
2232.9450012955613,47.07444917478299,3.76383185578582e-14
2234.1554666659536,47.124251975857824,-3.193166190607794e-16
2237.1377395383615,47.247068331939616,1.9332450683532605e-15
2242.024846866599,47.44868404857921,3.3312578795583653e-15
2243.5731357209647,47.51264987500344,2.5521101613704777e-15
2243.757403075895,47.52026561559915,3.557472439818881e-14
2244.5712092916756,47.553907578602725,1.548203184512161e-14
2249.8584248157467,47.77277306387583,3.2740457099607094e-14
2255.5525228132706,48.00905745176389,1.0700059424170177e-15
2256.6683089933886,48.05542850970323,-9.603335065943916e-15
2260.9907076849477,48.23527996291097,2.8723965907609058e-15
2261.6671756448454,48.26345838358301,-1.890239485290789e-15
2261.943576677211,48.27497435474139,2.7065651316947177e-14
2262.0357103546658,48.2788133245263,1.4150818624450822e-15
2270.0740022960154,48.614349901651195,-1.1067324218564467e-14
2273.1313287115727,48.7422820974177,1.7483715424792807e-15
2275.5036471004005,48.84166913406523,1.477484447152613e-16
2277.5330509799155,48.92677222170444,9.118301429831228e-17
2287.2834112227074,49.33671162276381,1.8681420528464603e-15
2289.4510156182487,49.428083261817285,1.1739446296962863e-14
2289.61224955377,49.43488325971741,-5.382901985141019e-15
2291.2757055045104,49.50506702346335,3.633147566368166e-15
2291.843821913563,49.52904840491462,6.903768168568956e-16
2292.112545139428,49.54039384533359,-3.746940101408743e-14
2297.3289358832167,49.76089234170728,5.330117597971138e-15
2301.6837703203546,49.94535647601578,-2.8567738125165075e-15
2303.162958916116,50.00809212706312,9.91591370985096e-16
2303.8539202283764,50.03741113120491,3.1477705063654955e-15
2305.20599388746,50.09480802444382,1.837660535002549e-14
2305.3518722100616,50.101002719295266,-1.1441998317524156e-15
2305.6282732423592,50.11274111087255,4.955918457057933e-15
2308.588333686079,50.23853925591982,-3.7022728808303885e-15
2309.0797132990433,50.2594377755398,-1.5767048376599097e-15
2310.1110436078457,50.303315021309615,-2.461434039472842e-16
2312.3844127726848,50.4001031599854,2.555506179739568e-14
2313.4635344409467,50.44607982293583,-1.9954461937581177e-14
2313.5172790861134,50.448370208398934,-1.178839692005445e-15
2318.940970603498,50.67978023602234,-9.54074429074449e-16
2323.1755056495454,50.860829783973124,3.1419704469571868e-15
2325.3507878511127,50.9539634242207,-3.06916631127154e-15
2325.58194303656,50.96386534342721,2.2988459963439364e-15
2327.244536726592,51.0351143255664,-6.78244054160312e-15
2332.7467308288574,51.27126907804299,3.867137914283971e-15
2336.453221750208,51.43066642666562,-2.022811970956683e-14
2336.6374891050427,51.43859743293047,-2.5077633953000354e-14
2339.1087567165305,51.545023102501005,1.2697132592323042e-16
2341.128799536618,51.63210024177646,2.7926435663598815e-15
2344.0965377862276,51.760165626173496,-1.0133831722151634e-16
2346.7503895001714,51.87482342337389,7.837438057128378e-15
2348.076884226939,51.93218232505177,1.0535045166427678e-15
2350.097748038823,52.01962871446614,-2.786255660875755e-15
2350.4969939742687,52.03691369894673,-2.2574270487107278e-15
2350.5183028728575,52.03783633059324,-1.399783390093825e-18
2351.0727881895914,52.06184734923529,6.545704976661165e-15
2354.833023755744,52.22482721789484,1.5368669996187725e-15
2355.224591884729,52.241813926451535,-7.170647511507652e-15
2356.1373473234853,52.28142134872517,-1.8121981961773343e-15
2360.797569496517,52.483882725547446,3.557556886905578e-14
2360.8513141416706,52.48621997231769,1.2190243146747865e-16
2367.8249777632905,52.7899419785542,-4.849416080056089e-15
2369.0866422652803,52.84498659449184,6.710008943171463e-15
2372.1917600386737,52.98058332389152,-2.9479078483494602e-15
2376.13794621149,53.153164775524615,-3.04575210706336e-15
2384.280319665181,53.5101677302633,5.032028056406725e-16
2384.518331665118,53.52062175490873,-1.0900376429027207e-15
2385.943775615094,53.58325231212523,1.2392290457234863e-14
2387.028850568631,53.63095296931887,-2.6949153520199352e-15
2388.259803844702,53.685092798013685,1.139135262425682e-14
2390.632984492463,53.789548888114616,1.215221801955986e-15
2391.1593040959397,53.81272902165173,8.248562739620461e-15
2393.808023515457,53.92946120601529,7.53780916807499e-15
2397.831029020833,54.107007005848146,5.114588086064526e-15
2403.6999920414173,54.36655447125739,1.0161789984049448e-16
2405.802766211022,54.459701389674365,9.907792907811154e-15
2407.9089481536394,54.55308091082627,1.268631178755247e-15
2410.1789095443078,54.6538132375728,7.3674607956960785e-16
2411.6461502993825,54.71897435323457,-8.336799957891327e-17
2411.730606170316,54.72272630037443,-2.006252748949e-14
2412.0761074605,54.73807654324055,-6.070499753182898e-15
2412.129852105639,54.74046455642681,5.82926894192505e-17
2422.2811415292026,55.19246666314274,3.8552807715043136e-14
2423.3687619952016,55.24100725691721,-1.0793015202417359e-15
2426.774997471518,55.393168819425014,-1.4507292376824344e-14
2426.9669426327164,55.40174965402394,-1.6282794029396077e-15
2427.414800919352,55.421773625600224,-1.0684356644976842e-15
2431.4300873491416,55.601464178966864,-4.167456926879401e-15
2433.0935432986776,55.675993523568216,-1.6575562937848825e-14
2435.5017052051344,55.78397892153158,-3.5277913002156183e-14
2439.194565032468,55.94977950870849,4.236367911652263e-15
2443.685875461777,56.15176717156207,-3.642351584605452e-16
2444.673684443851,56.19624174521745,2.1389507844911437e-15
2457.2886049379827,56.76578952556027,-2.377628767141356e-14
2457.7227908639325,56.78544465693184,-9.167198882119909e-15
2460.66667470063,56.91880271560952,4.3675979350738835e-16
2460.9430757327145,56.93133189174433,-4.094285778901295e-15
2461.3576360123493,56.95012642351516,6.2011212278186724e-15
2461.5188699477308,56.95743699075032,-2.63651512228627e-14
2467.299148330737,57.21983903758243,-3.615149942104155e-14
2467.8911604190102,57.24674881831836,2.7503547363462753e-15
2469.2773530758145,57.30978316044327,3.6461765166398807e-16
2470.825641928366,57.38023034977068,-1.7485975104084121e-16
2474.3495900132893,57.54073472193621,5.29430057842111e-15
2479.186401731962,57.76140822281739,2.045169857151324e-15
2480.181888520325,57.80687954071152,5.854707164864213e-17
2481.356551638088,57.86055865896765,5.337971093945762e-15
2482.8928926506983,57.93080389887641,1.7724842013307504e-14
2485.4494783917376,58.04779358022574,2.941437089713621e-17
2492.890625942076,58.38898661689315,9.250586702985754e-17
2493.282194070807,58.40696912822603,-2.1502523316930675e-14
2496.0213226456635,58.53284080655251,-3.3352976561708857e-15
2496.3898573550514,58.54978669815402,-1.359178289854112e-15
2498.415853459312,58.64299034068984,3.986541920646566e-15
2509.801503927341,59.168180640591686,3.1986868546769423e-16
2514.1955483841143,59.37150504206056,-1.833272451920338e-16
2514.4105269645747,59.38146181232425,5.363653275066679e-16
2518.2210993999443,59.558090419427444,-6.92269019008188e-15
2518.631430914554,59.57712616050868,-1.3475761566451465e-15
2525.2724033413283,59.88563964785302,-7.541555882165394e-15
2526.4666921051653,59.941207797953275,3.5989046147345246e-14
2528.1975237912434,60.02178697500399,2.0059201060582287e-14
2529.893374218118,60.10079111588986,-4.354872061072661e-15
2530.261908927454,60.117966953338176,3.0272091234265687e-15
2532.458500025472,60.220392630342644,-1.259079598446563e-15
2533.6783677212584,60.277312687722265,2.8072723713570224e-14
2535.840839820436,60.37828282940596,-4.052239613596547e-16
2537.9546995682776,60.477066420783785,4.549765747185911e-15
2539.833134097475,60.56491733665906,4.423772323155316e-16
2545.1100850262706,60.81205836157317,-1.5481573596087964e-14
2549.7037524499406,61.02761606566658,-5.01800339200839e-18
2552.6979731575566,61.16832903847192,7.964182117668503e-16
2557.5296525808385,61.39574138374845,-3.017827147230164e-15
2561.5986836534707,61.58759178142004,-1.1967432170419273e-14
2562.0209630078625,61.60751926276458,-2.4296781642341e-15
2563.3986155972916,61.67255391412308,-1.5100892916318913e-15
2564.444480525868,61.721949257393184,2.91960044978424e-14
2565.923669119809,61.79184452307941,-1.0133984461898786e-14
2568.227749507716,61.9007982223331,-1.2956541995521856e-14
2568.388983443025,61.90842619795367,-5.064907634164641e-14
2569.1405049455952,61.94398698945801,8.118570518274014e-16
2571.840423495487,62.071828630111696,1.6113786804836658e-14
2575.909454567887,62.26475168190816,1.4967063466914795e-14
2576.0246216645332,62.27021648346006,-4.989988062358269e-16
2576.2779892771546,62.28223990688754,1.2047633627155653e-14
2581.7016807879763,62.53990185485358,9.7505474324549e-15
2584.7035380331636,62.68274328235436,2.992678680947751e-15
2585.1949176455028,62.706141071687085,-3.053474116145593e-15
2585.4499685103847,62.71828746087842,-1.9652263155736248e-14
2588.1114980278903,62.8451100398205,3.1366557713708245e-14
2589.578738781841,62.915080241546164,6.887304383830086e-15
2593.8081415288716,63.1169951322391,5.296211718661157e-15
2595.0774838360458,63.17765878168266,3.3225747854173915e-16
2595.507440996825,63.1982137668373,-3.952171169929837e-14
2596.5805681095176,63.24953166882526,1.2348692440501344e-16
2599.415238133562,63.38519016020163,3.732506274415124e-16
2602.545934835794,63.5351875777878,3.641256451164162e-15
2603.3904522759512,63.57568087673094,-3.3336381731902743e-16
2603.889509694697,63.59961608019122,-2.854047484643092e-14
2605.7568173754407,63.68921438738466,3.674393290472497e-15
2607.179715811399,63.75753189588549,3.314334045278436e-14
2609.3549980101834,63.862045635526734,4.331700766924219e-15
2613.257704121414,64.04977376340784,2.3070603936613037e-14
2620.21174208905,64.38497254440013,8.191502606133036e-17
2622.613950707949,64.50097089659127,-1.094119590024134e-14
2623.6120242768757,64.54919733925112,-1.245825206534944e-15
2624.837845257907,64.60845353739364,1.6437018413620208e-14
2624.85660864382,64.60936077473669,-2.160385544577414e-15
2628.162170373147,64.76929076291668,1.3300172937968929e-14
2634.501204101692,65.07654956562195,1.5088881397997286e-15
2634.583935451786,65.08056452363334,-3.0346472346238144e-17
2634.8927309617093,65.09555150414576,-7.16865971974528e-16
2634.952470160971,65.0984510697232,3.012715405775201e-14
2638.2076950181163,65.2565495283559,-6.7657842244572425e-15
2641.449288783101,65.41417992775627,-3.584814026788468e-15
2647.117807838322,65.69029067390838,2.0025274769934532e-14
2647.2790417735837,65.69815295606458,1.1139998010996785e-14
2656.1976533918264,66.1337988216376,1.4206763522979156e-15
2656.635288358949,66.15521361336694,-3.702917738031438e-14
2658.682593360496,66.25544124542313,2.855313603701972e-16
2660.591739114587,66.34897473875408,-5.227013784880312e-14
2660.633535919821,66.35102321254955,-7.391434424756249e-16
2663.330005427264,66.48324598715233,-4.539308274198391e-16
2667.3896754395646,66.68256662081599,2.645741819172782e-14
2668.1232958163255,66.7186181130572,1.3065209445988411e-14
2669.923227759426,66.80711217275083,-6.093019020129447e-15
2671.9261904429945,66.90565844024208,2.3411102895339253e-16
2674.637194571323,67.03915822910078,-1.757662129560937e-14
2674.8905621838508,67.05164189750879,-5.957394962033925e-16
2681.5588380593854,67.38061943512459,-5.672496179673141e-16
2687.304135178198,67.66471895060783,5.4242319174817805e-16
2687.7519934643624,67.68689066612457,5.158182806921396e-16
2688.0420255883178,67.70125099555321,-3.382490863775876e-14
2690.175510981236,67.80693365128418,1.0919178082537895e-14
2691.6427517346397,67.87966239559482,2.2836556108994124e-14
2691.705857438426,67.88279133245095,3.8886439015787665e-17
2691.9515472445005,67.894973939404,-8.308726356829983e-15
2694.2445420518648,68.00872642928209,1.5972104268645064e-14
2695.711782805247,68.081565149628,1.0941566380037016e-14
2706.4465855066005,68.61568295827391,3.72239676074245e-15
2707.3729720361357,68.66187548173829,2.587025008453186e-15
2715.856576735113,69.08562975540036,-4.40177771450791e-15
2723.273828599213,69.45720620243463,2.2851495642128816e-16
2723.703785759795,69.47877651591006,4.18425484200286e-14
2725.4226696047563,69.56504439011583,-2.783785751521709e-14
2727.6363408348234,69.67622498623456,2.0652587016384995e-14
2728.6778944608755,69.72856775468739,-5.126931707425734e-15
2729.9523690612286,69.79264303920945,-3.933851594104718e-15
2730.008659218949,69.7954737642611,-6.9818016615515826e-15
2733.8379950371627,69.98818082889316,7.410045035851133e-15
2734.1451072947107,70.00364761196101,2.0383272649222623e-15
2734.6867825103377,70.0309316859392,-1.452016004445622e-14
2739.247193192426,70.26085297682404,1.2264058313736876e-15
2741.4173430964106,70.37039950907631,-2.892454195505924e-15
2741.4480543221653,70.3719503970016,-2.0065280176049273e-17
2741.9471117406683,70.39715476086288,-2.090106847650816e-14
2744.947285731875,70.54877204866862,-1.6549196388507039e-16
2746.6815251895923,70.6364894825103,-1.2576261664221442e-14
2754.891274368345,71.05248862277182,-3.790801411623812e-15
2761.1765634490644,71.37181186904107,-4.074126631580675e-14
2764.186098498791,71.52496852459616,-1.4033309031462575e-16
2764.2475209502945,71.52809607937782,-7.683901073062366e-15
2764.6160556593168,71.54686286748434,-2.9075412498675026e-15
2772.848838256912,71.96675072250514,-9.794577699307296e-15
2775.0241204544527,72.07790285345935,4.381970615234596e-15
2777.194270358189,72.18887959121149,1.9487764661380837e-14
2780.839338821321,72.375475680916,1.466864649952301e-16
2781.3921408848246,72.40379575559152,1.37717947927001e-14
2781.9722051325566,72.43351852563538,-5.070584237549482e-17
2788.851189552575,72.78647357282613,8.1993288141182295e-16
2793.6137687138953,73.03134825935244,-5.999913646883927e-15
2797.9216740430857,73.25320514527598,-2.4865894197395798e-18
2802.1442612410315,73.47099991551902,-2.9070109268226337e-16
2802.2363949182777,73.47575569501939,-1.1945169299504713e-14
2802.3976288534545,73.48407868540065,3.346581960724073e-14
2802.581896207944,73.4935912607806,1.2444313810368174e-14
2802.593844047789,73.49420807489949,-4.5209424769626055e-15
2805.332110359185,73.63564201300031,3.517660928416672e-15
2806.0870809026565,73.67466121654077,-3.6744478246986905e-16
2811.956043914027,73.97834536330991,3.275483371129529e-16
2813.8975841451734,74.07894826395511,1.043825136018869e-14
2816.524132401446,74.2151560672582,-2.7295508464837467e-14
2816.7314331752373,74.22591170230649,-1.518671192250895e-15
2824.7816729377955,74.64420422058852,2.4830410938649907e-14
2829.9519968316163,74.91348514239874,6.7091231449119575e-15
2830.7854286916636,74.95693804468861,1.6702432041990448e-15
2833.769384808791,75.11261842922836,6.585730506428888e-16
2837.6524652708204,75.31545395485108,-7.956988813191859e-18
2838.1361670763035,75.34073992391957,8.385820383071459e-16
2841.408472064912,75.51191596257647,-2.727161855756795e-14
2841.533862480538,75.51847912679798,-3.18329193698775e-14
2842.887660657453,75.58935784909828,9.466025100789275e-15
2845.3529749783434,75.71851722536523,4.731064005894688e-14
2847.955627554682,75.85499332552047,3.120529515674079e-14
2848.804415027558,75.89952843947296,-1.5051671583627373e-14
2853.2419808050695,76.1325795787556,-1.1253526797773499e-14
2855.291831317969,76.24035567493259,-5.048133139594522e-16
2855.4146762209434,76.24681701594488,-9.112381052807583e-16
2857.5822806115066,76.36087342515953,1.3087486206220526e-15
2858.2050039246938,76.39365628696059,-4.8018018493412385e-15
2858.665672310839,76.41791246978549,-9.107844857344557e-15
2859.0998582361585,76.44077781503934,8.787039706636767e-15
2861.600153816082,76.57251737471802,4.408670274734707e-14
2865.0754895448226,76.75582267837336,-2.929902464444528e-14
2870.772133040567,77.05677127812149,8.388672709863611e-15
2871.1713789752134,77.07788550084058,-1.332169798137272e-15
2872.115707898285,77.1278382617955,-4.42681474886137e-14
2872.4714325069654,77.14665950956817,3.691659839972662e-14
2876.596753732973,77.36509887738626,1.0004309855213755e-15
2877.8123513939163,77.42952563425087,-1.2694464782514393e-14
2879.143116151385,77.50008746513532,7.202935736019134e-15
2880.5847779719707,77.57656626141684,-1.7860359931162685e-15
2880.853501197206,77.59082600765711,2.6659174945599228e-14
2881.471954476943,77.62364916544958,-1.923344045025058e-14
2883.4501592191136,77.72868569470575,1.5549180796169446e-16
2883.6958490250413,77.7417360929269,8.239108210925595e-15
2887.3639509063305,77.9367082714026,5.918555802669905e-16
2890.2216956154766,78.08877895616588,-2.154983766657857e-14
2897.2619139684425,78.46405564075205,-1.5420155259694347e-14
2900.576015761703,78.64102887785832,1.1637016038141193e-15
2904.2773743812077,78.83892081548007,-1.0750605981488708e-14
2905.1927165992133,78.88789821178695,-4.508554454704656e-15
2907.4550001793395,79.00901287508266,-6.670792125529903e-15
2911.9164616358025,79.24814003473664,-2.8141164037675062e-14
2912.1049577551485,79.25825119646942,2.7383486234169874e-17
2916.7882133377775,79.50967687762878,-1.8997686895375894e-14
2918.2290128978334,79.58710904039202,-3.1061565257986827e-16
2922.396172197012,79.8112778158867,3.2487282559816725e-14
2922.9642886046668,79.8418639303764,-7.496374921495647e-16
2923.3942457649914,79.86501581296686,7.553690463164156e-15
2923.7823648516264,79.88591776719443,-1.7229247206454885e-14
2924.243033237689,79.91073042804136,-1.0405631536000042e-14
2930.730449526738,80.26057277628007,-1.3133669759378046e-16
2931.3702529734255,80.29511700735438,-2.828711926083462e-15
2937.5557305672673,80.62947179825123,4.882433161779315e-14
2938.425826938475,80.67656123128351,1.2470831520021881e-14
2940.2001799481377,80.77263206048025,2.7804960802259507e-15
2940.293996877614,80.77771331230785,-7.189755093315368e-16
2942.748225618376,80.91069525803549,6.189923930933403e-15
2950.512703287773,81.33214286825508,-5.271399036543955e-15
2951.2787181419044,81.37378152666021,-7.197829238384962e-16
2951.8545536244405,81.40508962508342,5.56465618845438e-16
2952.0353719373325,81.4149219527811,2.602808007758491e-16
2954.2959722649075,81.53789707798146,-2.5067510214339047e-14
2955.9304002379304,81.62686748596623,-5.611344163065101e-16
2961.816443380462,81.9476831046724,-2.0368313264748135e-15
2964.306515640608,82.083595256499,3.77826959832359e-15
2967.139502409105,82.23836312749334,-1.0199317794611556e-14
2975.4626941583933,82.69391961860983,3.851844183582991e-17
2975.7714896679936,82.71084559367165,-5.1034499725149625e-15
2976.193769021828,82.73399478988034,2.5145745435004264e-15
2978.617286536627,82.86691463566997,4.4983778391408664e-14
2979.861870902213,82.93521695412929,-2.236565728994683e-15
2983.141853695989,83.11535785327393,1.980218009683415e-15
2983.4105769211515,83.13012526367463,-3.4769866163345715e-15
2987.543575952371,83.35741756194317,7.12431727266367e-18
2990.345851494969,83.51170635940132,1.9147771770205957e-14
2991.500026704079,83.57529545394453,5.264422530327568e-16
2994.1419305719355,83.72094308519446,-3.3185118660315475e-14
3000.6677771604705,84.0812627310594,-3.9083875186916716e-14
3002.1230700726987,84.16172259723393,6.23581724739305e-16
3007.1551934482427,84.44023803668867,-2.159740370824495e-15
3007.202984807598,84.4428854049143,9.40716721735536e-15
3007.3394608026288,84.45044562682936,4.9538493942889586e-15
3007.707995511399,84.47086268350331,1.691232620689079e-15
3010.801986429805,84.64237041387885,1.173658435336358e-14
3013.1734838201273,84.77394788218523,-3.5400897403314964e-16
3018.911103126946,85.09271596631795,1.9523022816830392e-14
3025.731210603666,85.47241326348194,2.4770797848683e-15
3028.460115854704,85.62458019343377,4.2801332846586565e-15
3029.3967669709546,85.67684057110672,-3.1816544417832754e-17
3035.123300698089,85.99670352266159,-2.0273043142426182e-14
3035.899580139628,86.04011010918651,6.817337142410386e-16
3037.2550615681143,86.11593007625663,-5.299182779640927e-16
3037.7848302119332,86.145572319285,-4.4781069782290984e-14
3038.14055482046,86.1654791453589,3.8055035478862363e-14
3042.480854624789,86.40855586876519,5.901985819571347e-16
3048.251730669577,86.73228885858023,1.84171337049717e-14
3050.8441599254515,86.87791792162405,-8.713297163960242e-15
3050.9362936026346,86.88309578589791,-2.0540600728593067e-14
3051.085579697867,86.89148591799903,1.4585960643342256e-15
3051.1393243428906,86.89450655883134,1.5151569732324395e-15
3057.895463854985,87.27464946216665,1.5752011334143528e-14
3058.3561322408927,87.30060018332924,-1.2863736480275724e-14
3061.0218905195034,87.45084646371144,-4.5120101013789845e-17
3063.9683198630446,87.6170641030025,1.171542151162058e-16
3068.847790638081,87.89268258978336,3.755048992930419e-15
3072.9168217043475,88.1228584916258,1.7774733287955946e-14
3079.5578353881206,88.49918073461411,4.222838845369802e-15
3082.296101697508,88.65458493837322,5.571488775243272e-15
3084.5660630830625,88.78351624712705,8.904253992250603e-16
3089.6434323043204,89.07224882434143,8.371961212914459e-16
3090.0912905899777,89.09773978049343,-3.875800260414843e-15
3095.7700329569534,89.42127981370149,4.8115398976202466e-15
3095.954300311301,89.43178819185762,-4.234254854215861e-14
3100.7356428546427,89.70467673626936,2.1964516381587873e-14
3100.8968767896936,89.713886281005,-8.569738127026739e-15
3101.169828779693,89.72947815720822,6.444555291474311e-16
3101.7456642620195,89.76237619283707,-2.3193074285584538e-14
3103.8492594186378,89.8826085233809,1.0949402233125535e-16
3105.8709854856443,89.99823839031288,-1.7646272740756447e-15
3106.08596406571,90.01053822593217,5.071915961406293e-16
3108.5325149990526,90.15057574677465,1.883816758003225e-14
3113.6798054698006,90.4455602378855,-8.714106774673244e-15
3121.7180973863615,90.9072004442212,1.044255842189164e-15
3124.919618862467,91.09139569086011,-2.9147515525527056e-14
3126.431201931933,91.17842821331439,-1.1062003156869798e-14
3130.029382561255,91.3857702470845,-2.341747658764137e-15
3131.5298800512483,91.47230557597766,7.365396759993413e-16
3132.5757449780635,91.53264627699117,-3.882639527313554e-15
3133.9320886666283,91.61092991819478,1.3613819991220824e-14
3134.0549335695164,91.61802179054531,1.3476705291018844e-15
3136.5202478885935,91.76040387853271,6.735576498510141e-15
3139.4803083237357,91.9315075117722,-1.975391733332845e-14
3139.971687935279,91.95992688904914,-2.142893072230998e-15
3141.3791894876963,92.04135561061618,-4.83006654600008e-17
3141.809146647796,92.06623736183289,6.406854083143846e-15
3144.373410190046,92.21470278722612,1.267186005478419e-15
3144.4092537095516,92.21677890942868,-1.6021537185522292e-15
3149.0796991893344,92.48750210078323,4.134884490821893e-14
3149.8329452113826,92.53120176624367,-1.2966742020427392e-15
3151.5211178286613,92.62917927988268,3.4787092488345545e-14
3154.7763426810775,92.8182529805681,-2.010610926672215e-14
3156.2427624407374,92.9034910253048,-4.171267778453755e-15
3157.402890935077,92.97095345488526,3.4644989597834125e-14
3162.9630584317374,93.29462593780202,2.0879713423622326e-15
3163.6387053975764,93.33399599166107,5.255768092962304e-15
3167.2069957927765,93.54206030608708,-3.819483162837912e-17
3167.953426268745,93.5856137658359,4.607402124183087e-14
3170.6771992251215,93.74463020650093,4.0590801066076724e-16
3170.9536002565965,93.76077439775594,3.955438696971217e-15
3172.0207740818537,93.82311970959971,3.795428189475129e-15
3174.225905242497,93.95201203394495,1.4403217428151728e-14
3177.5945726704435,94.1490872595692,1.059756394110662e-14
3179.2878775814074,94.24822865528076,2.8486710372810514e-17
3181.3889684935184,94.37131896264634,-3.0680157332357312e-15
3184.2679808306766,94.5401150736253,-4.1378970219072134e-15
3188.650118707259,94.79733230250609,2.4075573145904402e-14
3191.0906750860026,94.9407383805275,3.5926703886528464e-15
3191.743288632513,94.97910427356483,1.656741172946456e-16
3195.9530657260625,95.22677748990672,9.480940051269069e-16
3196.1705898187333,95.2395839238482,-3.593710326367934e-15
3200.089513796798,95.47045452556665,-3.3719897776605843e-15
3200.3582370218273,95.486295840922,-7.055513733579237e-15
3202.9608895959077,95.63979182764983,-2.8414460670902674e-14
3203.023995299609,95.64351514628184,3.4964241886009146e-16
3203.0837344987785,95.64703990435746,-4.006401697764531e-15
3203.292718524637,95.65937098751054,-2.4352320384266826e-14
3207.0299206609884,95.88002008585394,-1.6250591667324978e-14
3212.863943675881,96.22498241089727,4.600153528103316e-16
3215.4103060922466,96.37574385626462,-1.4814268982305123e-15
3219.77618482682,96.63451061499103,-1.1326071533845533e-16
3220.021874632551,96.64908314860685,-9.142288337127373e-15
3226.8676023066673,97.05556908424059,2.0102624419158842e-14
3227.476694527202,97.09177761152951,4.923727255629638e-15
3228.242709380848,97.13732437447882,-1.1400174298411808e-15
3228.723003412848,97.1658878697652,6.951001559785697e-15
3236.254560103165,97.61435173058024,1.456417782296147e-15
3236.477216489602,97.62762562769663,-5.989034016457478e-16
3238.9544786479873,97.77537184659653,-2.5696852340241416e-14
3242.346179494777,97.97783937815885,-6.053641635162009e-16
3243.0218264605064,98.0181974245762,7.922252143144867e-17
3255.0054422763537,98.73540536153348,-4.3691770668334195e-15
3255.581277758495,98.76993517482076,-4.2016765198730346e-14
3255.7126214596674,98.77781201853655,4.684403626906831e-16
3255.7604128189964,98.78067820413649,1.1453449683746135e-15
3256.050444942523,98.79807316916394,-8.383782594544863e-15
3256.7917431245746,98.84254030632715,-8.853669005177647e-16
3258.3067752351453,98.93345173965312,-1.4520468886585142e-15
3263.651101890293,99.25448251281625,1.19969692542045e-15
3266.4610552376134,99.42348590824405,-1.5476607114213563e-14
3269.487670417179,99.60568303438974,8.424475147909461e-15
3271.6092079670575,99.73349660995322,-9.34961427443083e-16
3274.5778497366828,99.9124837731897,-4.950073827310154e-16
3275.5042362648724,99.9683712694012,-1.261767413818077e-15
3275.565658716298,99.97207735169489,1.1412087322484536e-14
3275.934193424854,99.9943153048739,3.61766145864883e-15
3283.626984049472,100.4590813364987,-7.856457274006113e-15
3284.6719867155844,100.52230009908754,-1.579677993072944e-15
3285.2904399947447,100.55972369046225,1.972760967475297e-14
3287.5143345407696,100.69435330515243,-4.771070082512074e-15
3291.835049965033,100.95618022261795,-5.564233715051443e-15
3299.1593058808785,101.40080138557218,3.2837543143249767e-17
3299.6430076858373,101.43019943433993,1.7758672864189291e-16
3302.695201797141,101.61580269335909,3.9232520155932025e-15
3302.818046699987,101.62327645751748,-1.6185798882394437e-15
3309.7942970822814,102.04816087409223,-1.0295567660851024e-14
3310.078375920108,102.06548152460813,2.779417860451596e-15
3313.9000339263885,102.29863742391848,-1.5483511852655528e-14
3314.480098173377,102.33405013571009,1.9141556815923693e-15
3314.7488213983465,102.35045769185975,4.182714041493135e-14
3322.7154262726594,102.83748257688099,2.745513002012584e-16
3329.3078276018177,103.24138185506894,5.417736736533714e-15
3333.1234910538024,103.47552340411691,-1.9312869744597073e-16
3333.4024375978347,103.49265099330799,-1.0245289045653892e-14
3335.0897892226153,103.59628658309907,-2.109506432076562e-14
3337.9551704668183,103.77239582386511,-7.346863609473492e-15
3344.0203486649552,104.14566671656922,-5.440991307315687e-16
3344.5117282763013,104.17593749761198,-5.155258424953938e-15
3345.0875224898546,104.21141418635736,-9.78094524579676e-16
3345.811781806662,104.25604699990565,-3.507339101786365e-15
3348.0339518316823,104.39304955426657,-1.5374621136192064e-14
3348.2182191859356,104.4044141994314,-6.287532545481004e-15
3348.8707914637553,104.44466646891719,-2.4424939335913394e-15
3348.97060294731,104.45082377935097,-7.154201223040445e-17
3349.1471924951366,104.46171793197848,-3.435342134920084e-14
3349.523405010069,104.48492912914728,-1.8313520266850216e-15
3352.8520001524716,104.69040716440496,3.9606947512431885e-14
3364.5242749438776,105.4125628907829,-1.558336603129858e-14
3370.367659015727,105.77503178589812,-1.3315211954990166e-15
3370.725108144768,105.7972250012284,6.011849316305512e-16
3373.1545789432143,105.94812775915626,-3.8809764609542505e-18
3377.8608679404133,106.24076080923189,8.004387223483654e-15
3378.1338199302627,106.25774524970082,1.0206935615259731e-15
3379.528552650311,106.34455393104322,-1.489280917809441e-17
3385.8752641731485,106.74002813714145,-3.3409900433852835e-14
3390.3665745902968,107.02033752929565,7.800388116216405e-16
3392.7900921029923,107.17174722624638,2.393030182557914e-14
3392.912937005819,107.17942486493585,-3.3018757435599497e-15
3404.070798765836,107.87793528189042,-1.1921855591361507e-15
3410.4354114139023,108.27740333154705,2.6512787715539404e-14
3410.896079799485,108.30634564508338,-1.271565930299239e-14
3411.520486364175,108.34558134222871,-4.528665779554619e-16
3411.7661761698187,108.36102166711261,9.065302424568744e-15
3412.785558635274,108.42509642433785,2.9703931543071927e-15
3413.795580042038,108.48860165751383,-2.2559864383548656e-14
3415.595511981839,108.6018192061417,1.596626295311711e-14
3416.0868915931237,108.63273785313143,-4.14956646379256e-15
3420.2403785272854,108.89426174696183,4.146722068218773e-14
3423.4230953471833,109.09487624938488,2.462035075341422e-16
3425.3757211551024,109.21804743280622,2.3626428149933944e-15
3425.444821412937,109.22240754775676,6.3386333168808886e-15
3429.2400382261408,109.46201469279352,1.1077422938763322e-15
3432.815185434102,109.68797066134495,2.0426169834701745e-15
3433.7143097778426,109.74483404859407,-4.042041693067781e-14
3437.2075466277347,109.96589840397193,2.9312030354581576e-15
3437.6468648462846,109.99371592336205,2.338811374754846e-14
3437.9462992968993,110.01267807505903,3.4004189892390566e-14
3438.9033970505247,110.07329885354602,9.350653448670007e-16
3439.4254878874935,110.10637422184219,-1.1802907690813856e-14
3440.2469719065853,110.15842683791539,5.886583226330857e-15
3441.890802205143,110.26262403187792,-5.899020638959284e-14
3444.917417383764,110.45460177194326,-4.3034155830758454e-14
3445.3422422498347,110.481561853262,1.8767457986476682e-14
3449.7798080215525,110.7633757733285,1.4031654668579823e-14
3454.5585637805075,111.0672630952344,1.6784353856519193e-14
3455.2034995202753,111.10830761864979,1.1356258655361809e-14
3460.883925135532,111.47014799932607,6.466899900149259e-17
3461.6133167459766,111.51665295503655,3.6531888279005036e-14
3465.393177946106,111.75780843062616,2.050492075532311e-15
3469.009259698626,111.98876108753775,-4.6029879129776426e-14
3475.371285564875,112.39567695218724,7.790259476588015e-15
3475.6246531769184,112.41189780983758,-4.700850714454741e-15
3476.9426078324864,112.49629370959337,1.0887789002100068e-14
3477.3913283781903,112.52503506044071,-3.3240225011938636e-14
3479.9248806931387,112.68738319353302,2.653962782382418e-14
3480.3590666178784,112.71521737009333,2.5071626402869824e-14
3483.901778079082,112.94245826530519,1.5032646336932309e-15
3485.0346443885337,113.01517273546035,-7.29161769550809e-17
3486.4122969747273,113.10363098034702,-1.6979852673884687e-15
3486.759522784628,113.12593165727095,2.6869540499501172e-14
3487.0896271924294,113.14713476658663,7.579273220806247e-15
3490.4045912419715,113.36017125177185,8.051793225889697e-15
3490.903607391129,113.39225810231706,1.3129822814767574e-16
3491.525509711585,113.43225298184045,-1.0044442563728555e-15
3493.154805389042,113.53706766330671,-1.3471571090193308e-15
3493.461917646057,113.5568300661934,-4.847833662647475e-16
3497.113842917899,113.79196140079246,-1.4509643730892215e-15
3498.8617134647457,113.90458599199494,6.405333584686933e-17
3503.841816711138,114.22578912063078,1.486338663704071e-14
3507.717219361138,114.47605814868702,3.3650212599482284e-15
3508.4252608045194,114.52181253752339,-8.014116348937946e-17
3508.454288777954,114.52368855300732,3.508778446410784e-14
3510.595410704718,114.66210745394059,-4.810137793578453e-15
3515.9184697275036,115.00659765281259,2.4001231817902896e-14
3518.521122300123,115.17522242760495,-1.1704110158476331e-14
3518.6439672029246,115.18318458137334,7.009543793859143e-16
3520.780860364744,115.32173111515611,1.2974212247654697e-14
3531.9694333481525,116.04852102092832,-6.91981266800944e-15
3533.8478678726196,116.17076687681876,2.4018140220521644e-15
3534.0935576782144,116.1867608277176,-6.08761839941437e-14
3534.630962859463,116.22174878487985,-2.3539182013513025e-14
3539.962520680365,116.56914996807303,6.234522112924659e-15
3543.2254233369267,116.78201707758062,9.21054546854657e-17
3544.148443360163,116.8422691716202,9.887821504098773e-15
3546.7485504200263,117.01208105827821,-5.981593491066851e-15
3547.908678913553,117.08788873575536,2.0625015158094596e-14
3548.3923807183082,117.11950317040888,-6.938217397247043e-16
3552.8981844867526,117.4142066319799,-3.3789336801254695e-15
3555.0947755791003,117.55801093685736,-3.490596167735743e-15
3558.3542704625656,117.77156419839316,-5.173288547131772e-15
3559.569868121801,117.85125696246938,-2.7351365879587415e-14
3562.4037171473647,118.03714555876243,-1.8147236695713134e-15
3563.6773294849654,118.12073736218542,1.271683501161654e-14
3569.739920899732,118.51905689864928,2.118529982038377e-15
3571.272854134993,118.61987969306564,-5.95472950563633e-17
3574.510177859486,118.83294445813635,5.84973353947544e-15
3575.2864573002366,118.88406405891139,1.0532933210257785e-15
3575.8392593627927,118.92047398084678,-2.248854267031492e-16
3578.9332502778448,119.12436145413065,1.308205599945965e-15
3579.9484039781228,119.19129636124087,4.335200330065849e-15
3583.224937726583,119.40746654233375,-4.3092832427971184e-15
3583.64721707992,119.43534092034305,-2.5682867897356093e-15
3590.864024970786,119.91222535247148,1.4461698667307205e-14
3591.044843283453,119.92418609061022,-4.198442283296213e-15
3592.9369088998465,120.04937823951839,-6.850874111454653e-15
3593.305443608207,120.07377071826215,4.772575150115984e-17
3597.2056041977157,120.33206686500736,4.8730616111042075e-14
3598.8784212008163,120.44293847139456,1.496612147186305e-14
3605.5398815163476,120.88496063487881,2.236954379524636e-14
3605.9160940311262,120.90994865660902,5.954555265788344e-15
3607.272437718553,121.00005859941449,5.268030717555477e-14
3610.3664286334656,121.2057375569895,-1.6226130652950382e-14
3615.4489301436756,121.54398931015514,-2.4341614053198877e-14
3616.44441692916,121.61029689232377,-1.44839143050313e-14
3617.7137592332606,121.6948719757309,9.211059104013263e-16
3626.553047254863,122.28464839220536,-1.1491724053966093e-16
3629.8159911795055,122.50272277496208,-3.699297448664896e-14
3633.0362347701207,122.71813562780517,-1.5508045884329555e-15
3633.7928885645583,122.76877844330312,-1.3458986964054794e-15
3634.432692010373,122.81160869756775,-4.0675748694775586e-15
3634.678381815932,122.82805787259284,-4.744739360481741e-14
3636.979054424931,122.98214413233316,-4.993065605239001e-16
3650.4273654706344,123.88478795890654,6.210093956002618e-16
3652.628226596077,124.03282586239625,2.5857034939810876e-16
3652.697326853889,124.03747524110288,-4.3424751860172463e-16
3652.9660500787127,124.05555699441939,-2.5118651637932207e-14
3653.127284013607,124.06640668490407,-7.97098302462747e-15
3654.0536705412273,124.12875400243404,8.558794428226468e-16
3654.5945247638965,124.1651616788209,-3.9824520310961075e-14
3654.893959214414,124.18532046746743,1.6038552739802635e-14
3656.8516760469342,124.31716029598681,8.331507679358613e-15
3663.5941844595586,124.7717658215493,1.954370360290128e-15
3669.0281405441115,125.13875319402581,1.1395041538277926e-15
3669.7540831128167,125.18782159936463,-2.2350850300126996e-14
3672.103368072888,125.34668261195192,-2.485998343566766e-14
3675.3585929224105,125.56697222421259,-1.6961561915355566e-15
3676.095662339047,125.61687874916413,-5.2650227897381266e-15
3676.264532811868,125.62831427592526,8.547617387622364e-15
3681.3188686085655,125.97082562444635,7.915472037276784e-16
3685.9662806648,126.28617671686088,1.2413589768461995e-15
3686.2042926639187,126.3023377792655,2.847431184842628e-15
3689.7495496367014,126.54318497286319,4.7043616400601746e-15
3698.2834911897567,127.12388811130647,2.8916895490190766e-14
3699.9682560324463,127.23868868981221,-2.99529320473829e-14
3702.063352388576,127.38152236693189,-1.810193331993831e-15
3707.488727137553,127.75177433584773,5.336866329081953e-15
3710.2176323852523,127.93821205176518,-2.2131868429871986e-14
3710.6783007706294,127.96969826483051,3.775240351005837e-14
3710.866796889689,127.98258290883706,-4.642611048407978e-17
3711.2967540493746,128.0119750608635,-1.0456417391468823e-14
3713.6127822709786,128.17035883726902,5.9614879759587596e-15
3721.4574457664667,128.7075576867563,3.6340624055215045e-14
3722.9076063830207,128.80698814662827,-2.2410290148775272e-15
3731.0943221259236,129.36903806877623,-1.018254316144676e-15
3734.969724774675,129.6355300974689,3.682689218214679e-16
3736.08468995823,129.71225191553452,-6.126290249553572e-15
3738.9620190405026,129.91034947544725,9.802757841694415e-16
3739.3535458995652,129.9373169965761,-3.2777132553429565e-16
3739.6529803500503,129.95794329787793,-2.0450797764465617e-14
3740.179299951699,129.9942024032565,-1.0394933598397314e-14
3744.949556910336,130.32306670619917,-8.486374419358331e-15
3745.617526069101,130.36915034761378,-5.155272258397284e-14
3745.910103705047,130.38933806387428,6.334694164353702e-16
3747.7953537749972,130.51945722795844,7.45100834826494e-16
3752.588644152855,130.85058294974934,4.390542355244483e-15
3756.474270120566,131.11931682566697,-2.0263547507962344e-14
3757.5201350462885,131.19169742019812,-3.0961430434596564e-14
3758.9993236361993,131.29410120640696,1.074675898457376e-14
3760.5782824411067,131.40345652879807,3.4531975585105638e-15
3760.6584682783528,131.40901125436898,6.495668821770607e-16
3761.46463795271,131.46486374881883,5.37116224662886e-14
3764.916077995813,131.70411939552952,-1.7088093351339278e-14
3768.985109057222,131.9864686237247,2.2606437558989963e-14
3769.3536437654943,132.0120562338731,-1.2776055392875376e-14
3770.1187963581037,132.06518927723283,-2.1335409061717012e-15
3770.763732097582,132.10998270521742,-1.795746462878058e-14
3771.092153252987,132.13279584355533,3.778133154399875e-15
3774.777335261739,132.38891609042196,-1.0340055255142289e-14
3775.245640185009,132.42148120996674,4.292438766096411e-14
3781.187152484525,132.83499453098665,-3.3262840486267905e-14
3782.9273452242564,132.9562303990891,1.3884490715892507e-15
3787.6285019248367,133.284029814748,9.124397567882748e-15
3788.583095433831,133.35064086061632,4.191086438849693e-14
3792.705871140076,133.63851883536228,1.2037986598196997e-15
3795.4851132594113,133.83275957174908,1.0931454642289352e-14
3796.16667224173,133.88041533235068,1.7779509832952064e-17
3796.3739730151283,133.89491185131104,-1.270642451453364e-16
3796.608577241192,133.91131865240058,-2.4543031736936505e-14
3796.896063851831,133.93142511014395,8.79652854910558e-15
3796.9651641096293,133.93625812359815,3.026566722081956e-14
3806.3333585118908,134.59230310345782,-2.4465043599460746e-14
3807.0857422727568,134.64506189395402,3.416756757914418e-15
3808.188718347898,134.7224238304805,1.4361491329353727e-14
3810.477443116554,134.88302481137666,2.9521624539513695e-16
3811.487464522741,134.95392921412375,2.272883415622284e-15
3816.6876786405815,135.3192863229592,1.3211188924358874e-15
3818.297348671065,135.43247962468192,-4.594751307184651e-16
3824.01452133177,135.83490165220834,-6.138662093297663e-15
3824.493049574077,135.86861174558223,-4.1994952388975745e-15
3825.639546975082,135.94939432518905,3.4398226846398956e-16
3827.2910550791707,136.0658026834434,-1.208668372512907e-14
3827.659589787418,136.0917861128454,-4.58343464855268e-17
3827.968385296555,136.11355957428077,-9.6191200162276e-15
3828.0281244956655,136.11777204410433,-3.1947762217082585e-14
3837.8646238208094,136.8122828149065,-1.132691311308561e-14
3839.367708090217,136.91856578769597,1.6949147354385705e-15
3840.3546960771027,136.9883782681338,-1.1813124486068532e-14
3844.0654570174547,137.2510115489288,-4.810145849999027e-16
3845.8781577878685,137.37939970301179,-1.3224465836262457e-15
3846.407926430963,137.4169330554345,2.6243996864671852e-14
3846.944469351608,137.45495162519296,-6.816926944839714e-16
3847.4358489625934,137.48977464749817,1.822048930707958e-15
3851.4741687979067,137.7761302180204,9.264345076949164e-15
3852.1191045373207,137.82189016046414,5.2384079005784475e-14
3853.667393384855,137.9317767355266,5.542815610503285e-14
3859.352089030386,138.33561486925953,2.283145526643894e-14
3866.025497183493,138.8104502624585,2.139543867344753e-14
3867.966216418874,138.9486929259995,6.317279397599788e-16
3870.826465367083,139.1525626462085,4.372707251340926e-16
3877.7105820664997,139.643859086822,-1.23085973444296e-15
3878.050951061684,139.66817273454186,-2.5259129571145964e-15
3881.2098134684047,139.8939222032029,1.9694371181336143e-15
3882.031297486996,139.952660029916,2.0587133460158163e-15
3882.452673311298,139.98279410685967,-1.8658812180891964e-17
3883.251165179115,140.0399060585081,-1.1578714143686963e-14
3884.236428645196,140.11039299369452,-4.920207242482844e-14
3887.3201962399476,140.33112501290483,2.4123040966979186e-14
3890.8466898259844,140.58376147758773,-1.338871097032595e-16
3897.1934013442515,141.0390142685948,4.15642160868914e-14
3899.52223966553,141.2062490912462,-3.947203553968606e-15
3900.4486261928655,141.27280105747963,3.471221423979749e-14
3901.469733178389,141.34617609372066,-9.733662394099486e-15
3902.6110982855143,141.42821540967222,-1.856248812977539e-16
3903.151952508016,141.46709943958086,-4.848404113352965e-15
3909.7929249143467,141.94498302783884,1.6082472521254407e-15
3910.618678966311,142.0044609796805,1.5080047242855807e-14
3911.286648124945,142.0525830879546,-5.214689695210236e-14
3912.911673768094,142.16968817162447,-2.2534713404434653e-15
3916.7794398780666,142.44860872164574,-4.436916482701398e-14
3920.9832636813003,142.75207629759032,-5.266156573140497e-15
3930.0912749242752,143.4106863250876,7.444656734025256e-15
3932.164158852444,143.56079224267984,1.387846934163654e-15
3933.815666956331,143.6804412823858,1.3194656878710078e-14
3934.216596142481,143.70949552003603,4.4658515795207704e-15
3935.0227658166723,143.76792538637707,2.216295508187283e-14
3936.762958556091,143.89409253732754,-9.41277375591506e-15
3942.3496085068628,144.29951186148756,4.372649749989368e-15
3945.4086181613948,144.52174566434178,-6.203020909295208e-15
3945.6005633219156,144.53569602371428,-2.077903029003114e-15
3946.2650834390106,144.58399784381294,1.1376057972556714e-16
3947.9669284147944,144.70773654782013,-5.7251625997869875e-15
3948.2185715059227,144.7260376832029,2.0092047765171636e-14
3948.965001981001,144.78032986265407,-2.909610181975929e-14
3954.2522174812916,145.16519326134872,4.320057625010382e-14
3959.8541817763085,145.57352947857453,-1.2730006097735416e-15
3960.9213556002883,145.65138305186485,-3.1817529446121068e-15
3966.0609682577638,146.02662722728002,-7.789732291232064e-15
3969.724800098686,146.29442141571568,1.2223598501867542e-16
3972.2020622544123,146.4756278153313,5.813674784860556e-16
3973.9149928095903,146.60099110927868,1.968139296787726e-15
3974.398694614085,146.63640130980846,-9.979104178249918e-15
3974.467794871869,146.64146026170772,-1.4602969693538e-14
3976.932246927385,146.82194465645637,2.7974979775220414e-14
3987.9109736182754,147.62733215731473,7.108708484668623e-17
3994.9324285719917,148.14358256054723,6.0922184704413705e-15
3995.669497988347,148.1978280418393,4.793746161899465e-15
3996.078925972777,148.2279646941399,-1.6877777176216356e-15
4001.1699262788957,148.60295445847214,-2.537290268679646e-16
4001.7227283411594,148.64370114762332,-1.0016761431520109e-14
4001.8455732438842,148.65275673189092,5.374212683663641e-15
4007.4339064465316,149.064997958162,1.5852536968939297e-14
4009.5997863119505,149.22492568074722,-4.122252987553563e-14
4014.1363013034743,149.56018021946463,1.4591905283122026e-15
4015.1599538015157,149.63588193350006,-2.207153279168027e-14
4017.1432908335883,149.78260969672752,-1.6462357737212407e-14
4017.5425367674384,149.81215477068173,2.7521698262466376e-15
4017.857326830666,149.83545199536698,-2.6328441821361034e-14
4019.436285635107,149.95233633115382,-9.091925465708273e-15
4019.712686666233,149.97280197516181,9.537654355881916e-15
4022.4748486512617,150.17739886148814,5.028310167960622e-16
4022.6898272310254,150.19332849585425,1.870652728521956e-15
4024.7593446544606,150.34672060162026,-6.958939919560605e-16
4025.777864858711,150.42224202908145,2.81319470727727e-15
4031.638329058946,150.85715613569323,-2.7949331269739877e-14
4041.031281398766,151.55554125515263,-3.308754381196568e-14
4041.4552440041307,151.5871020710315,5.3649971802411904e-14
4043.755916612013,151.75842751605816,6.250088987292555e-16
4048.367485146822,152.10213330293166,-6.7729906613409116e-15
4054.543560402024,152.56305731176735,8.280037588200379e-16
4055.466580424677,152.63200317275175,-1.2300714813569745e-14
4057.9830526041683,152.8200531815084,1.3763100515780727e-17
4065.1913616925863,153.3593586932964,4.6937759335093174e-14
4072.21876993141,153.88605111408012,1.0877759183226823e-14
4073.572568105438,153.98762051363704,2.292206783669623e-14
4074.1969746695895,154.0344783117229,-7.460224779047182e-17
4076.217017481378,154.1861190613432,-5.5799652925168425e-18
4076.4627072868093,154.20456765213848,-3.308622736337419e-14
4080.232303896434,154.4877621309184,-2.3330742286146296e-15
4083.351052749621,154.72225892783706,1.105677656548182e-14
4083.6581650064077,154.74536019885548,-1.250600013259636e-16
4086.6523857046045,154.97067932199445,1.5561222805849054e-15
4090.3375677120666,155.24822092113678,1.6349870219783993e-14
4090.4143045077717,155.25400284756034,2.2230770972154026e-15
4091.2972522460295,155.32053856482258,-5.060740772777506e-15
4092.192927547498,155.38804805747586,-3.44180318868504e-14
4092.7764408353896,155.43203699665378,1.7565903573904043e-15
4094.5430747668006,155.56525532722227,6.39900422078717e-15
4095.2417551509852,155.6179572817696,8.779324614093237e-15
4098.201815581957,155.84133647830777,3.1060610229313976e-14
4098.69319519281,155.87843376826592,-2.7930983926474798e-15
4100.100696743248,155.98471939330125,-7.712139987477295e-16
4101.457040429883,156.0871764266823,-6.650635903431624e-15
4103.130760960852,156.21365454347662,-2.0882819967650393e-15
4107.133237275606,156.51631910459938,-1.2215458365492854e-14
4107.6945381361165,156.55878789102354,-1.0236989927530447e-15
4108.5544524551005,156.62386143397424,-1.6901096811936087e-15
4110.196558231509,156.74816472652697,-1.8618038373925266e-14
4111.7192268782255,156.8634713113775,-4.4056103601133366e-15
4112.456296294493,156.91930244444265,-2.992141020527294e-14
4114.964269675539,157.10935000556933,-5.436895365004197e-15
4116.469899457144,157.22349828925044,-8.009014715540443e-15
4122.360212622149,157.67046956331092,6.850429670035771e-15
4123.37191728026,157.74730448480287,-2.4510550169232894e-14
4123.8061032046535,157.7802849509305,-1.762054922255904e-15
4130.534980521589,158.2918498065661,2.4127443175582877e-16
4130.742281294911,158.30762315148627,4.9469889357813294e-15
4135.823879273168,158.69452528945112,9.347628536821913e-15
4135.877623918103,158.6986198352381,2.9367692113409436e-15
4137.871184269,158.8505371932943,-1.0330573150059894e-15
4140.110475693801,159.02126755362104,-3.998859203757939e-15
4143.588356927755,159.2866148874526,5.589074916429466e-15
4147.227430828008,159.56449906606628,-1.2058678946663757e-16
4149.436011027114,159.7332679301422,4.212347510699409e-15
4150.464795818793,159.81191329247906,2.159391539336264e-16
4154.166154430755,160.09502457818692,2.0414156131632616e-15
4161.469101439686,160.65435605624833,4.88724331136362e-16
4161.805241669861,160.68012463006252,-5.221908395396821e-15
4165.659294149787,160.97572576416047,-1.9514480414218845e-15
4165.751427826816,160.98279565370913,2.5551369451914026e-14
4165.912661761616,160.99516833667485,4.9541601387675555e-14
4166.518304939853,161.04164813490766,2.4484335367598232e-15
4171.609305245116,161.43262165152007,1.2449270955656798e-15
4171.6929401238385,161.4390485447965,-4.769401526889077e-14
4174.131813246971,161.62651956761195,-1.9308691324730157e-15
4174.157392178871,161.6284863466521,-3.8818622917236186e-14
4174.912321452085,161.68653872717786,-2.9020625504617822e-15
4175.403701062903,161.72433036587762,-7.0039731417865565e-15
4178.497691975792,161.96238906636086,-1.808370673564833e-15
4180.644808454989,162.12769673995578,-1.1651851028532154e-16
4186.75691574541,162.59873617712515,2.54691594096191e-15
4187.4018514846,162.64847933067355,-1.802850539863429e-14
4187.444510550094,162.65176984560614,9.059780685172509e-15
4189.474735412233,162.80841037805547,-1.739759941353199e-14
4196.5243560775925,163.35290831628373,-6.969840746755146e-16
4196.938916355721,163.38495658411733,8.969225067910726e-15
4200.230846983174,163.63955710500557,-2.8974660419276494e-14
4200.415114337227,163.65381438773088,7.480746764262425e-15
4200.78364904533,163.68233082957377,-1.7931020457750455e-15
4201.743333579193,163.75660094376224,1.0325627947019519e-16
4201.9497308236305,163.7725762707707,2.309118044117179e-16
4217.028282334231,164.94179208103554,-1.892543166902313e-15
4221.25854732848,165.27056613527188,1.0597497717672278e-15
4222.184933855515,165.34260842554892,-4.1734355231833065e-16
4222.61489101496,165.37605027015977,1.3007598957207146e-14
4225.660269576563,165.6130157129979,9.690498945306795e-16
4225.928992801218,165.63393366995726,2.717394784329254e-14
4226.353817666886,165.66700560671143,4.6116405997763226e-14
4230.860483692169,166.01804704931453,4.747769367049969e-14
4233.299356815171,166.20817621561986,-6.451697550730333e-16
4234.287165793546,166.28521479972096,-1.7943128620561122e-14
4237.4579347704575,166.5326224704559,6.320321953934197e-18
4240.111786473165,166.73983866846925,6.7155107201634465e-15
4249.727353928777,167.49172131348075,5.5027286325375024e-17
4250.556557021974,167.55664004494727,-7.252115058141479e-15
4253.790431702453,167.8099427558665,-1.6039798409426293e-14
4256.267693857499,168.00411188128848,1.2601276587588812e-14
4257.880812928766,168.1306097844782,5.242820699907798e-16
4258.157213959831,168.15228946763608,-5.018418689583017e-15
4260.853683459489,168.36386252701712,-1.0907507761833915e-14
4261.923444064292,168.44783625078705,-3.9811086884941465e-15
4265.992475123587,168.76743832902815,2.6840527950017074e-14
4266.291909573903,168.79096945816872,2.7862875145397377e-14
4268.099519318261,168.93305598932997,3.982226528341131e-15
4268.799882954597,168.98812400568798,3.6225133400805916e-15
4271.861438120799,169.22895327596314,4.797994513464003e-16
4272.802359268744,169.30300307584832,2.1705979880805702e-14
4273.042916780355,169.32193739216945,-2.672838432112019e-15
4277.641716482475,169.6841145561255,1.1945314650532082e-14
4278.68671914725,169.76646776472936,9.354974527435381e-15
4280.303245991508,169.8939005331841,-2.8121663431226902e-14
4287.169420294152,170.43570581150178,-4.701036004514218e-16
4288.029334612996,170.50362227375072,7.061073021692543e-15
4293.166360487725,170.90963087997255,-9.508469243235309e-16
4293.972530161637,170.97339121999784,9.085504364207605e-15
4298.140510443878,171.30322969806545,-3.4969376083553564e-15
4303.809029482172,171.75232879340578,1.5378069551322565e-15
4307.216127205592,172.022547324197,-4.7062181747896496e-14
4307.484809161733,172.0438657134062,1.5982447234155237e-16
4308.244911997127,172.10418276428229,-2.386827993350012e-15
4315.550404517702,172.68444408289426,1.7470904384499491e-15
4315.926617032188,172.71435254187148,-9.905963895063926e-17
4320.776197564801,173.1001219916888,1.3242466013541464e-15
4327.007741984143,173.59645848219182,-1.4432924650643786e-14
4328.674564431749,173.7293405349819,-2.602573989408863e-17
4329.446615106945,173.7909071316681,7.835264984511551e-16
4332.430571216925,174.02896368021794,1.1487960362032476e-14
4332.555961632256,174.03897077269053,-2.982818217591326e-14
4338.250059602281,174.49370755633672,-2.3776996636642943e-16
4338.609191983169,174.52240827671423,1.7947000521142617e-14
4338.9717321370745,174.55138374524861,-4.821236576839897e-16
4338.977726691228,174.55186287118866,5.701570226180684e-17
4342.048684184425,174.79740191638479,-1.805974287425068e-15
4349.126470561885,175.36396938318566,-5.4731970753620244e-15
4351.08418739296,175.520844955395,5.716933491891529e-16
4351.634443942403,175.56495076953166,-4.303308377032512e-15
4356.038711702641,175.91817583449705,2.8009646022187176e-14
4357.1161088452845,176.00463816361463,8.768930407566025e-15
4360.315043534896,176.2614822551669,1.7509816994370074e-14
4361.029079531749,176.31883830185222,-4.884533532613831e-14
4364.064193505444,176.5627433351258,-5.845824390548487e-16
4364.739840470205,176.61706214595395,3.2629083020554736e-15
4371.606877032746,177.1696163674049,-1.9826958559333837e-16
4374.317018892721,177.38792625106385,-2.5102212862496963e-14
4374.808398503454,177.42752281073473,-5.408046757699498e-15
4378.386049951633,177.7159527134816,1.9357828515960198e-15
4384.381306892494,178.19981833007458,1.1379626417833786e-15
4385.369115870744,178.2796060185265,1.158500612167508e-15
4387.160549010198,178.4243502049103,1.7387764522150436e-14
4391.975148283464,178.81365305916577,2.8728413446878415e-14
4392.022939642724,178.8175195527627,-1.3626873682713627e-14
4393.770810187816,178.95895750097958,-1.677256506220621e-16
4396.036542804394,179.14238468270054,3.012304133324483e-14
4398.638333114092,179.3531347688525,-3.0007509682404836e-14
4398.968478790047,179.37988612737746,7.671791644403292e-15
4400.1055738632385,179.47203911730332,-2.453737571666401e-14
4414.539189632263,180.64384489387382,-3.4890043001685363e-15
4419.605431996442,181.05606212985847,1.032434149030018e-15
4420.877319812108,181.15962413918777,3.170940936518462e-17
4421.936815829218,181.24591513985348,-2.2391319679559467e-14
4424.114684802135,181.4233573307984,2.6723124359883222e-15
4429.202236064775,181.83820675261848,2.526939087232502e-17
4431.293062385955,182.00883527829075,1.582305780906232e-14
4432.030131802019,182.06900536769646,2.7241532735396663e-14
4435.42183264376,182.34601320956548,-8.12049706447111e-15
4435.905534448052,182.3855354897945,-2.1128145533589367e-15
4439.277650912043,182.6611839503426,3.8834928645077784e-14
4440.756839500957,182.7821640339929,-1.3479656355436437e-14
4442.300817045734,182.9084860769584,-2.3541012782114613e-15
4442.415984141992,182.91791034622926,-3.358103724920874e-15
4442.876652527031,182.95560986653257,-4.6267610434731977e-14
4443.222153815809,182.98388707214053,-6.737042357442765e-14
4445.811134025218,183.19584952823388,-1.1915817947959816e-14
4446.059369343212,183.21617929426998,6.823000005517646e-16
4446.673593856594,183.26648741288133,2.14335539085121e-14
4448.573296009202,183.42212668870718,1.9714808302728485e-15
4448.972541942899,183.45484466366386,9.106858739214804e-16
4450.247016539669,183.55930677157428,-1.3090325097080943e-15
4451.111159623305,183.6301531435493,1.6024954939452917e-14
4456.534851115933,184.0751260907169,1.2969469724068394e-14
4457.253074609146,184.134091536225,-2.3885482089966467e-15
4459.285065260076,184.30096745009314,7.121641385186836e-15
4462.944668334462,184.6017018201947,4.172130656237196e-14
4465.324664518307,184.79741461716512,-5.525681994262029e-15
4468.641311816545,185.0703245006903,1.7230948639363448e-14
4469.009846524567,185.1006618390383,-3.8350544100347516e-15
4469.3860177705155,185.13163038825232,-1.1843721562968298e-14
4470.340611278881,185.2102296370317,-5.2568340920795676e-14
4470.58880532838,185.23066816960036,-2.358527120192215e-15
4477.365474002597,185.78915853952017,9.13502267507195e-16
4478.557996972903,185.8875263052135,4.733519316808692e-15
4478.722679949173,185.90111258551522,-3.7961806280049427e-14
4480.77425497781,186.07040859038548,6.133269731725552e-14
4481.042936933917,186.0925859716208,1.098769191349046e-15
4488.090874345319,186.67480744917086,3.0686082725343906e-14
4498.445194467299,187.5318247507624,-1.6570517817299016e-15
4499.578881767386,187.62577893204872,-1.2147903105908727e-14
4501.9469301113495,187.82210699220326,1.4704059535529348e-15
4505.47005719087,188.1143904636894,-7.79528294582064e-15
4506.25056539577,188.17917343634315,-9.045751162613788e-15
4506.975686971979,188.23936931816232,1.6413638371922075e-14
4509.785640315094,188.47272875229228,4.007128021851238e-14
4514.066200911747,188.82849790185472,1.2956134223792516e-16
4514.5499027160095,188.86872091256558,3.2674710163007808e-15
4515.791079305916,188.97195269001435,3.682748117033309e-15
4517.096265128292,189.08053888660066,3.868082831814892e-15
4518.291374879696,189.17999471969316,4.29994311182132e-14
4520.418865712064,189.35710747589505,-1.0405321030948212e-16
4520.917923129159,189.39866587806625,5.127683366950819e-14
4521.497987375326,189.44697579115268,1.77504306219087e-16
4521.52356630722,189.44910624265108,-8.29325910364216e-16
4522.112211888674,189.49813745500072,1.4816854986036274e-14
4526.629101231946,189.87458398987852,-9.280008718159702e-15
4528.701985159006,190.0474680678058,3.5240998123707647e-15
4534.503572418007,190.53175677125068,2.8681925953740618e-15
4534.560766104436,190.53653411237372,-2.9306991721631005e-16
4535.424909188018,190.60872259936667,-6.952164422048576e-14
4537.817674203436,190.80868035461876,-1.7273076084256813e-14
4538.163175492189,190.8375617999139,-1.4767598722813157e-15
4545.927653144201,191.48719676574342,-4.1985403591642846e-14
4547.783012978924,191.64259460036087,-2.7771253859554088e-14
4549.723732213098,191.8052096651072,-7.923515650849085e-16
4551.428081432124,191.94807623728053,1.2787182456379302e-15
4557.267236731226,192.43794740766128,2.6262876319015678e-14
4563.777686424586,192.98487679863902,-9.636677384400854e-15
4564.637600743245,193.057174793103,7.759862546472341e-15
4565.008680963883,193.08837787117778,1.452266357464054e-14
4569.301189400179,193.44950704791938,1.2371304378578168e-16
4569.853991462173,193.49603901219137,1.3316277924023869e-15
4572.733003794417,193.73847009805363,-2.5341052028830308e-15
4573.470073210405,193.80056056285468,-3.4871322540656906e-14
4581.113389211823,194.44502073612708,-3.631152388833702e-15
4581.279755440344,194.45906017577204,4.950778035568794e-15
4583.53690672132,194.64958875516587,-1.3530697662367409e-14
4585.274553947104,194.79632936976967,-1.834520623456001e-15
4585.865745041173,194.8462668816943,-2.5366847139995207e-14
4591.550440682937,195.32677787105803,3.464095146363299e-15
4591.757741456181,195.3443116594567,2.4379679443084005e-15
4595.700561107246,195.67795155264565,-6.506786666954373e-16
4597.146451689192,195.80037402376547,-1.5990968232214873e-14
4597.922731129137,195.86611690978333,2.9187862630411283e-15
4598.53695564245,195.9181432763221,5.564972877199517e-14
4608.241207730865,196.74104018100246,-6.936099567498318e-17
4608.671164890182,196.77753963127444,2.4105551531945465e-14
4612.621621079125,197.11305679462174,1.2677608741896885e-16
4612.740195948388,197.12313194977048,3.414950532730014e-15
4615.941717418523,197.39525903881116,-5.324671409160858e-17
4615.974111896453,197.39801351169578,-2.3086231834555947e-14
4616.780281570167,197.4665676094982,-2.7797594035656368e-14
4621.297170913137,197.8508909231336,8.67434216196978e-16
4623.597843519909,198.0467900431866,1.6352355914816075e-15
4626.789962662847,198.31875610516664,4.284599642411245e-14
4627.166133908752,198.35081796493648,8.051331724977619e-15
4627.692453509964,198.39568165705305,1.1719084218412135e-14
4627.74964719639,198.40055717700818,1.4849424904780704e-15
4628.048178117754,198.4260066539681,9.053213486565814e-16
4636.00973322346,199.10532735120896,-5.418345614589203e-14
4646.589213974579,200.0098295355505,1.3217197694049663e-15
4647.142016036543,200.0571485230244,-1.1627230873583349e-14
4648.663001430337,200.1873715329338,-2.98705181082016e-15
4656.225310602295,200.83547041660145,1.8315376359655868e-14
4657.952693240445,200.98365695861747,5.1590097768097284e-15
4658.545567586749,201.03453039170398,-1.0839036160587532e-15
4660.784859010624,201.22673819143546,-2.3589185042337703e-15
4666.210233754708,201.69280392077852,-8.389658636823282e-15
4667.8941363354825,201.83756949430497,-2.6193214333247342e-15
4668.700306009167,201.9068946145499,4.982838909779294e-15
4669.588303503805,201.98327022819444,-7.411140495826281e-16
4670.110394340096,202.02818142377296,-2.857208761131195e-14
4675.333600604688,202.47776744113034,-1.2033056284221928e-15
4675.60232382925,202.50091131017766,2.802368816327477e-14
4677.427013706635,202.65809846006078,-6.012389046268184e-15
4677.836441690832,202.69337688811163,-3.635311008069007e-15
4678.327821301457,202.73572076807392,2.475017431070882e-15
4679.487949793668,202.83571069797887,-2.2774402932513028e-14
4680.165280010538,202.89410035031054,1.1442630771883458e-14
4694.806196549901,204.15829486041076,-7.983248136488736e-15
4699.614842536443,204.57436687521061,3.3021321879698267e-14
4703.402340269657,204.90238307388924,-7.16933480019772e-17
4704.232364354457,204.97430260048898,-2.5993209723119585e-15
4704.942951309625,205.03588327919246,-4.160684006221879e-15
4705.810502166125,205.11107932757972,5.179900157633282e-16
4707.535380560067,205.26062649066282,-3.651357257210346e-15
4711.596775080084,205.61296632747195,1.2405935080553746e-14
4711.733251074814,205.62481136251233,-9.304945043360734e-15
4717.198739371552,206.09945444080955,2.097590658978291e-15
4719.264807752306,206.2790227270601,-3.7278650469830824e-15
4719.909743491233,206.3350921570688,3.055173301989878e-14
4721.867460321784,206.50533909238533,-6.27381364337921e-15
4722.788797091679,206.58548479491267,4.149836255080147e-14
4729.81365981417,207.19708118765556,4.92326520579685e-15
4734.043924806783,207.5658137145792,-6.585801539083141e-15
4736.249055963375,207.75815544567777,-6.650777064275747e-15
4741.648851775305,208.22952881615046,-2.1826032592195837e-15
4742.736472236707,208.32453726753133,-1.3916679889167618e-16
4746.948877372306,208.69271509126713,-5.886888322598356e-14
4748.776071493758,208.85251940404086,5.680960436502818e-17
4752.645520853276,209.19114005179952,-4.1291594489210447e-14
4753.113825776139,209.23214074679393,5.332477552047176e-15
4753.730595802031,209.28614591540077,-2.821501715605098e-15
4754.888178781543,209.38752427235235,2.8381000041332537e-16
4755.479369875547,209.43930890079923,1.9234996417365225e-15
4762.815573619422,210.08244993905294,2.841382244499929e-14
4764.041394596291,210.1900103304638,2.7579391311777396e-16
4765.108568419566,210.28367267085574,2.3814642300032494e-14
4765.807248803383,210.34500491612968,4.452293370980217e-15
4770.6952183665035,210.77433695455554,4.838574359008624e-14
4772.095083378284,210.89737437561254,-2.0505702061654724e-14
4777.310611836121,211.35609719373866,-3.338518832761767e-14
4786.72060303547,212.18500433681672,-1.7977044792479199e-16
4788.890752932933,212.37639992546178,1.5854561754934632e-14
4790.74615403585,212.54010514966672,-1.729138948401215e-15
4793.476742533141,212.7811449960139,2.2773663501185008e-14
4797.881913820878,213.17029640846744,-4.788620196358117e-14
4798.131832391077,213.19238484969796,-1.6999933291026603e-14
4798.227415109573,213.2008329985256,1.0044682018803442e-14
4799.549598528303,213.31771241701136,7.548734012509224e-18
4799.985508973228,213.3562534327889,-2.773051870880541e-16
4800.348090395507,213.38831373063616,-5.5836757912898095e-14
4801.46133105725,213.48676420716473,-3.4518270513783785e-14
4802.786963517489,213.60402752803114,-6.267892288158466e-16
4802.940519645798,213.61761294883078,1.1981335787663966e-14
4805.405833960042,213.8357837503381,5.988189495825005e-14
4808.857273999978,214.14141095978238,-1.9051107080277743e-14
4811.467563107235,214.37269945343792,4.5419120119903924e-15
4813.294839765599,214.53468266449775,-1.424369140351975e-14
4817.028592853637,214.8658611745057,-6.484749374867121e-15
4818.073595518008,214.95859739730284,-3.58893131966667e-14
4818.718531256896,215.0158406910565,-1.1527831032107153e-14
4822.466818965867,215.34868338700576,-3.387072009196304e-14
4825.1283484738615,215.58518060526936,-3.7083683167841875e-14
4825.345872566131,215.60451504982134,-7.0096071441358696e-15
4826.111887418414,215.6726085697567,-2.341120734698239e-15
4832.524291416485,216.24305171218526,4.6724939336378705e-14
4833.11371672121,216.29552460203962,8.17992995881404e-16
4839.869856218695,216.8974390089578,8.614645489734912e-16
4839.992701121337,216.90839122523502,-2.339252958090164e-16
4840.752803956445,216.97616424479648,2.682579223585885e-15
4840.906360084749,216.98985705609152,3.3741997848712593e-14
4841.174179780412,217.01373994635716,-2.9783579875549746e-16
4843.874098320453,217.2545796760507,3.710080979952499e-14
4846.202936639918,217.4624259523256,8.448388073571126e-15
4847.129323166533,217.54513271262454,1.1478612494135142e-14
4848.434508988624,217.6616850795388,3.738245467361686e-15
4849.261084031839,217.73551399966476,-5.614659577987172e-16
4850.274554478645,217.82605342051383,-2.727500009388379e-14
4853.366820869239,218.10242114187986,2.6813192941090562e-15
4853.4504557479195,218.10989835855318,5.981555794221735e-14
4857.228592422097,218.44780983725565,2.934420250249906e-15
4860.500897401736,218.74069290094076,1.2635901649764591e-14
4860.628874598153,218.7521513282159,1.4728506440284292e-15
4861.174778577023,218.80103218226495,-1.7072065715067058e-15
4871.232251027408,219.70257175649323,2.257998335152161e-14
4871.969320443257,219.76871504120004,-3.56168167297668e-14
4875.224545289282,220.0609527644306,-1.1660269612893415e-14
4879.7047701202,220.46348402710035,-6.861888702983598e-15
4882.5411646548955,220.7185144930128,2.248804387461464e-15
4883.70724643262,220.82340409933698,-1.1936081906879469e-15
4884.295892013937,220.8763625607067,-1.3169737067279126e-14
4892.306839192896,221.597715019307,9.100856035980518e-15
4893.0439086087345,221.6641444404486,3.174615804185018e-14
4895.14664150059,221.85371120750736,-2.8662774463035743e-16
4895.484464982848,221.8841744552042,1.4795706591747878e-14
4896.68298250698,221.99226778610372,-4.6727752620699226e-17
4897.608589310174,222.07576562721468,6.179313570531043e-14
4900.564379705967,222.34250947743558,8.056324403072784e-15
4904.656444182678,222.71206145188302,1.8557497022784434e-14
4907.108989665077,222.93369724963654,-7.579058164197537e-18
4911.423710527804,223.32388620803388,3.0519572741692924e-14
4911.907412331944,223.3676497204411,7.042667419974659e-16
4912.61799928702,223.43194876073022,-5.954325444901171e-14
4913.175851105681,223.4824337399104,6.82788935800327e-16
4913.482963362278,223.5102295097308,-3.70965215950726e-16
4919.642862008711,224.0681095748558,-4.145810155803283e-15
4924.106006705931,224.47275736472994,1.08582327644968e-14
4927.1923610792255,224.7527940593414,-1.2908165719469512e-14
4928.446306500502,224.86661943356037,1.951087750969092e-15
4928.722707531436,224.89171329766495,1.3929255330535042e-15
4928.96839733671,224.91402013607927,-1.4318683700929877e-14
4932.195456469613,225.20711673482975,2.8500580291356954e-16
4932.429198435076,225.22835372356857,-4.395712658289735e-15
4937.989365920711,225.73382807480266,-1.9162199526764996e-15
4940.871006301913,225.9960218088248,-7.896898053745756e-16
4942.611199039954,226.15443196301248,-2.3491952136726977e-14
4943.463435551994,226.23203160210923,-4.400384659976814e-15
4943.680959644249,226.2518402084736,4.9927882425932484e-15
4946.394468007714,226.4990162929647,3.475548273537426e-15
4954.559874843556,227.2436292101556,-2.8171072489711983e-14
4959.294288277845,227.67592836468114,3.797463799367609e-15
4960.567079621931,227.79221732721422,7.002460835330832e-15
4960.720635750225,227.80624904617673,-4.946284639286027e-14
4966.76959606518,228.35933914463882,3.988821189605673e-15
4973.881460169861,229.01047852006155,3.4692608088341294e-14
4974.923876053004,229.10599705076294,4.914903329234392e-15
4975.730045726543,229.17988162224967,-1.1394209230290513e-14
4976.002997715959,229.20490008732838,2.0958695472793867e-15
4978.963961673891,229.47638682821423,2.470711644863636e-14
4979.959448458166,229.56769792751209,-2.1431529549047104e-14
4983.698375108115,229.91081429043933,-2.167195022820927e-14
4987.467971715224,230.25700588527775,9.406777762160555e-15
4988.697241733444,230.3699559807057,8.689472606193027e-15
4989.684229719413,230.46066441051204,2.6011124376718655e-14
4991.293899748359,230.60863848823135,3.017936814924462e-17
4994.8024922058485,230.9313424961389,1.0393978896693266e-16
4994.83833572528,230.9346403863958,1.6107571374069437e-15
4998.193413322964,231.2434391241302,4.815931423328705e-14
4998.831450978765,231.30218708041505,-9.93465081270232e-15
5001.202948363495,231.52061081282193,-5.026438814381922e-15
5002.477422959816,231.63803746256514,8.143568442370699e-16
5008.76525753386,232.2178195273032,1.81002847623979e-14
5010.309235078076,232.36029636433443,-4.226542536037636e-15
5016.704558941897,232.95091865655166,2.1967399987107545e-16
5018.408990697416,233.10845384907168,-1.6279014491626003e-14
5018.7151994251235,233.13676141599842,4.6129178370818296e-15
5025.384337538704,233.75372055160616,1.1644808332365661e-15
5027.416328188903,233.94186198846307,-9.466478735092482e-16
5032.84170293181,234.44456853532014,1.2312480544129437e-15
5037.0950013429265,234.83905151927735,-1.3439087186828656e-15
5038.873624381437,235.00411325208583,-1.1380469546062229e-14
5039.414478603462,235.05431775523667,5.766672470434075e-14
5039.483578861192,235.06073233780606,-2.7813146019324488e-14
5039.610693797219,235.07253265742395,5.3438953453902944e-15
5042.786595066159,235.36745418811742,6.125618574038685e-14
5044.513977703915,235.52794094166643,-7.73088791617843e-15
5045.373892022322,235.60785389853643,2.027518429534019e-15
5049.481312111537,235.98974971154757,1.8367388566454204e-15
5052.4277414484095,236.26389145116525,3.4462862433698946e-14
5053.264581079078,236.34178186131987,-1.005780117399841e-14
5054.274602484259,236.43580866897693,3.1176699832851936e-14
5058.399923698925,236.82004593192391,2.6632851832737396e-15
5061.798522622341,237.13683094281046,-2.9349713500799085e-14
5067.126631394406,237.63389472983536,-5.988102677934237e-15
5074.669314918284,238.33845221674184,-2.8498319135666165e-16
5077.179833810262,238.57319071919486,2.2940155823421925e-15
5077.7940583234,238.63063960841393,-3.77764674449423e-14
5083.615229958193,239.17544328410642,-9.90446884218042e-16
5084.972477172752,239.30255783809312,-3.688407102637748e-14
5088.427283716678,239.6262748506959,-1.868131895906292e-16
5089.049186036226,239.6845707442651,-6.815900010546912e-15
5089.256486809409,239.70400429199452,3.1435817513471864e-16
5090.26905372721,239.79893942224155,-4.4048258333423696e-14
5093.908127625067,240.14028360132843,7.289625592982608e-17
5093.992583495623,240.1482084362922,-1.0268556745365909e-14
5096.116707822719,240.34756679743563,1.5140610893618336e-14
5105.94893710468,241.27144727715944,-1.9246270595977634e-15
5105.987326136752,241.27505797326594,-3.021849380171278e-14
5108.428744770963,241.5047423627503,9.401348637553427e-15
5109.13255744842,241.570976215372,5.2322935180648876e-14
5113.787647305541,242.00928353115242,-3.416249757382675e-14
5119.559344328726,242.5532810335843,-6.233952510607232e-16
5119.989301487913,242.5938301764407,-2.9981134542322144e-14
5120.838088958364,242.67388908889083,-3.464625965814793e-14
5124.058332544901,242.97774799910766,-5.069863648068061e-15
5124.173499641111,242.98861858715875,4.3580992304393156e-15
5129.83861090334,243.52364835991474,-1.4207531199494236e-14
5133.633827710535,243.88241048766284,4.5612454244850235e-15
5134.1252073210335,243.9288800390438,-9.12536251107444e-15
5134.278763449313,243.9434026859857,1.8225493323022434e-14
5137.186762485497,244.21851013583134,1.9448189232923217e-15
5142.04065431743,244.67805323459098,3.083420460881323e-14
5143.619613120594,244.82763499998154,-5.421904642824823e-15
5149.121807195809,245.34924108267825,9.80683848490423e-16
5150.767362012543,245.50534743853103,4.8093350167735544e-15
5151.668169607124,245.59082411443887,1.7985219697442453e-15
5153.805062765854,245.79365142323852,-3.273242073492037e-14
5158.491684840415,246.23878567744265,-3.8541329012353574e-15
5160.315512456924,246.41212175533514,-2.4466148060071134e-14
5160.4110951754,246.42120760051085,-8.92769049139891e-15
5160.507457617271,246.43036773452627,-2.8620223058353712e-15
5177.848292692225,248.08155815469155,-6.387060521706637e-15
5179.327481280472,248.22266256057014,2.2169563501094717e-15
5179.980053557157,248.2849262750273,1.3807053600222405e-15
5180.7486139219345,248.35826679152797,6.130938447031304e-15
5181.792795594213,248.45792613576486,1.108019157313738e-14
5185.244235633447,248.7874832283716,-3.525102232215462e-15
5186.54679340568,248.91191360987352,4.1553830049601395e-16
5187.529552626647,249.00581504876263,6.230097298490664e-15
5188.387701155747,249.08782463903304,-2.850020752684939e-14
5188.733202444367,249.12084655198618,-2.058323660785116e-14
5189.681801398167,249.21152192572438,-2.6355651206999575e-15
5190.139841733371,249.25531135601085,1.0811796324476528e-15
5191.483416587293,249.38378167773018,-1.4231485798143347e-14
5193.999888764785,249.62449189512188,-1.0549055844052545e-16
5194.245578570026,249.64799931796065,-3.402293900961874e-15
5194.798380631818,249.70089508486538,1.0614849818926109e-14
5195.10549288837,249.73028405439564,-2.133037189432232e-15
5196.179440988937,249.8330686964504,1.0087193779125723e-16
5201.515310104042,250.3440651801958,-6.861724064567046e-15
5207.534380184484,250.92111878936967,6.593431635756438e-15
5208.235606080773,250.98838934378387,-3.3313213270865907e-14
5208.911253045181,251.05321460817416,8.645669482393669e-15
5210.459500622636,251.2017936594878,-4.5734142122082626e-15
5212.479543432839,251.39571537808618,6.636243288427704e-17
5214.72047683979,251.61093027802212,-6.443446188554836e-16
5214.989200064269,251.63674414701242,-1.9805101238953366e-14
5215.273278901577,251.66403454061685,1.5454867924743454e-15
5215.63413580302,251.69870285979434,-5.316348745673434e-14
5216.261087879321,251.75894123391848,6.1768640568341e-15
5217.2933217117725,251.85813538261786,6.243384813006918e-15
5224.560425196087,252.55703472312354,2.5512494438642255e-16
5226.661516103806,252.75928428705245,-5.0467690536885045e-15
5226.821025517739,252.77464187452597,5.1881854787224986e-15
5227.685168600972,252.85784983219264,5.265047825793559e-14
5237.01583622127,253.75717184424192,2.7252520348792e-16
5238.2646493485745,253.8776584571526,2.7797926766479617e-16
5243.711374257892,254.40349926135937,7.846199404159484e-15
5244.724844704487,254.50140260189764,-1.9987067211683723e-15
5244.821207146352,254.51071239802667,-1.1561832253068054e-15
5248.356282064148,254.8523623161884,-6.590256086295241e-15
5248.5422326703365,254.8703400223141,1.3034826101314908e-14
5254.490519240659,255.4457564852823,1.309768192159469e-14
5256.923439076395,255.68129645722718,2.0013327251302955e-14
5259.569571702464,255.9376021339255,-5.508832029739809e-16
5260.6828536324265,256.04547370413235,-2.4368200089929138e-15
5263.9636574096785,256.3635003101934,5.1354592795731477e-14
5267.623260482322,256.7184799790634,3.181013709085484e-14
5272.1401498236455,257.15695614665776,-3.4925957598069e-14
5273.995550926088,257.3371777485527,1.1433670511110006e-14
5274.648123202744,257.4005794513594,-1.2905592721870481e-16
5274.8016793310135,257.41549958260265,5.2920993047776655e-14
5278.868123606569,257.8107697225149,-1.3637313878362156e-14
5279.864513919567,257.9076682036696,1.2367905478428183e-15
5283.489956725017,258.26039511191107,2.980827759707626e-14
5285.652428815498,258.4709018199759,2.9142781763389704e-16
5287.273225692129,258.6287354153058,-6.692551850426343e-15
5287.396070594742,258.6407000547291,-4.153539865548905e-16
5287.618726980732,258.66238667221774,9.657823102349369e-15
5288.294373945116,258.7281999291664,1.3031116945459839e-16
5295.0777756251455,259.38942191020715,-1.507807101753674e-17
5297.330698140312,259.6092163265285,-2.8205907508594194e-14
5297.731627326072,259.6483406524248,2.995950240295552e-14
5300.985168919125,259.96594418980743,4.195044538611173e-15
5303.272210432955,260.1893168354247,1.9728631808107905e-14
5303.57932268949,260.2193194649289,-2.388404886914853e-15
5305.864639682565,260.4426328486775,-4.4374811662966604e-15
5307.626141318771,260.6148264376419,-9.541525448864474e-15
5308.547478088376,260.70491343174973,-5.372844046643454e-14
5309.449968935153,260.7931728585335,2.523724147743549e-14
5310.867735072002,260.93185412141605,6.784292259523665e-17
5319.850397159195,261.8113693140342,-8.142034716038157e-16
5323.461346612133,262.1653453585853,4.2508677537670325e-15
5326.445302720305,262.45803942053584,-1.715181367707187e-15
5330.121082397556,262.81881941457146,4.4275187682183566e-16
5332.786881938249,263.08062495287083,8.288746513433702e-15
5337.107597354206,263.50523617391394,-9.152088986485196e-15
5337.430023955071,263.5369359078453,2.9116195934769197e-15
5337.913725759109,263.5844951861289,1.012687525644977e-14
5340.3286619323035,263.8220047551675,6.216378946577482e-16
5344.789261115945,264.260988258488,1.1214776495456355e-15
5345.441874661072,264.3252450237056,4.437408561281231e-15
5349.6516517457085,264.7399310169349,1.3537760493935284e-14
5350.457821419099,264.81938036864136,-6.248354359124069e-15
5355.350923274503,265.30186048123863,4.571533914275778e-15
5358.988313919641,265.660808051923,-5.24953733254848e-14
5361.633584285211,265.9220035732985,-1.2319248350270108e-15
5367.987973603242,266.5499663538999,-4.379819615071509e-15
5370.94893756061,266.8428331202015,-1.608697945697917e-14
5373.260695745872,267.0715996884998,-4.5453315652063e-15
5373.720460601792,267.1171087561837,-1.5622759685216462e-15
5374.580374920064,267.2022364119169,8.910844499733256e-15
5377.973759012216,267.5382991312789,-9.564166355566752e-15
5378.396038364937,267.58013427369895,-1.7294195241363088e-15
5379.598825922177,267.699312231539,5.060429923336891e-16
5380.658321938696,267.80431425260934,3.5189524647803674e-14
5385.392735372003,268.2737739291498,1.488647008174706e-14
5385.744189946251,268.3086402744523,-4.217313548423139e-16
5385.98987975147,268.33301548855917,3.373110269628218e-15
5393.354290474453,269.06416470736616,-1.555653976135978e-14
5394.419739776627,269.17002675988095,5.967881499796954e-14
5394.795952290866,269.2074118810955,-3.0120716629373265e-15
5396.953292087466,269.4218421452592,2.79967202245232e-14
5397.141788206285,269.4405819185105,-3.371862117349193e-17
5403.624975712486,270.0855212309729,-1.3510398999824633e-14
5404.970275087034,270.21944691537874,-5.4442344010277697e-14
5408.001119025465,270.52129213950093,-4.1994876661372446e-16
5408.704028173954,270.59131984025504,-1.3637913219634048e-15
5411.8825162234725,270.9080920439397,-1.0019380307248558e-14
5412.005361126085,270.92033866007307,-4.9311943036915255e-15
5415.690543130365,271.2878499387733,-1.3782749226750257e-14
5415.9976553868855,271.3184885431599,9.887663712517554e-16
5416.407083370923,271.35933722827355,-4.646228983592158e-16
5424.046170603926,272.12205627263717,-7.198485250423926e-15
5437.236885254404,273.4416041047905,-2.4119604473286454e-15
5438.185484208098,273.5366217917337,-5.430478444821953e-15
5439.97773833835,273.71619057538214,3.357421816462628e-14
5443.378800236818,274.0571110410403,2.1475576217374255e-16
5445.798909972167,274.29983118678956,-1.4253805082557629e-15
5446.853273694886,274.4056102632939,2.5079202660789462e-15
5449.343345948326,274.65550813675236,1.9017192017544975e-14
5456.793033533539,275.4038235050049,-4.0550361426642756e-15
5457.038723338751,275.42852027008195,-1.5747414491532283e-14
5461.359438754479,275.8630207596785,-6.824510327983021e-15
5464.683722588791,276.19755200672614,-4.255897469279011e-16
5464.937090200414,276.2230573910833,6.432841247413569e-15
5464.9720714594605,276.226578890892,1.4215550513324256e-14
5468.447407177875,276.5765469869359,1.3289411387870265e-14
5472.787706971311,277.0139298456614,2.067561772434093e-15
5473.3788980651,277.0735325021783,2.979663605861942e-14
5475.234257898888,277.26062782971957,-2.9552381871829665e-14
5475.817771186263,277.3194826817702,5.038972558521276e-15
5475.97132731452,277.3349718431713,3.0362100496699766e-14
5478.065520138989,277.5462558112695,1.3840453870242724e-14
5479.554973314584,277.6965765113566,-4.056394768121133e-15
5482.105605758914,277.95408995701865,7.001526170271678e-14
5484.498370773101,278.1957739517542,1.0440182702597526e-14
5485.519519026,278.2989483190945,9.681064081928152e-15
5486.822076798061,278.43058350599085,-6.027879588627338e-17
5487.321134214891,278.48102603096885,-2.60652062624888e-15
5498.786108211402,279.6411184484946,-1.3964261974717897e-14
5500.191926508332,279.78353393119625,-1.1648663222474867e-17
5503.6792100665025,280.1369680224851,3.04362685949209e-15
5506.120628700277,280.3845376472493,9.34101663630694e-16
5510.66572502264,280.8457210813204,3.3721630987492865e-15
5510.768040750155,280.8561072691353,-3.049789335292691e-15
5512.951042015513,281.0777522009444,-4.2742980332236616e-15
5520.643832624607,281.85951792510656,-1.3531791143412244e-14
5527.960451987951,282.6040673993937,-1.0593530140011862e-14
5528.5754974928495,282.6667002259097,1.7346821233807011e-15
5531.684844016008,282.9834455079349,2.708356948400463e-14
5532.053378723814,283.0209994875782,-6.040988502934969e-17
5536.176154424944,283.44128415317033,1.1755845541016521e-15
5536.798056744368,283.50470939693275,-1.6518348343630189e-15
5540.927647991526,283.92605004034334,-4.795469688836775e-14
5542.932293920124,284.1306965705808,8.82307964514023e-15
5547.415064262251,284.5885930651739,-2.6454093839254534e-15
5548.0907112265595,284.65763971538064,2.848445198046169e-15
5549.903411994835,284.84292728694095,8.664012655290818e-16
5550.271946702638,284.88060494625137,-5.443697990612455e-15
5550.916882441296,284.94654687013804,1.8293253043052035e-14
5557.13984552095,285.5832118961533,-7.837343761685811e-15
5563.745877929328,286.2598489206629,-4.2858915366425486e-14
5563.916514191159,286.2773373557467,1.152711092865375e-15
5565.464761768379,286.43604107697234,1.5488530731173915e-15
5566.96271374222,286.5896312551161,-1.1068327355811148e-15
5568.43853582569,286.74099280132214,4.3669490694116333e-14
5568.7199866133315,286.76986318461127,5.242504585091081e-15
5569.917724413687,286.89273987761,-1.5157728818654854e-14
5572.383038727011,287.1457412368199,-7.575722975486858e-14
5574.801423941481,287.3940353064968,-3.980633858120949e-14
5575.834478765661,287.5001312270481,2.410173394336603e-14
5579.143406986996,287.84009429517437,1.978232427639807e-15
5580.272044529634,287.9560979356284,1.8019801740750396e-14
5582.319349523657,288.1665839543053,2.130139453750292e-15
5584.590131895525,288.4001362765685,-1.5108083463240277e-14
5585.235067634173,288.4664859058252,-1.0828855722289685e-14
5585.6957360189235,288.51388318913337,1.4583920900063052e-14
5588.886089371041,288.84223978651767,-1.3479849419280135e-16
5589.8688485918365,288.94342481142667,-4.679258487317922e-14
5591.713985106488,289.13344837965286,3.1792931461098443e-14
5591.937462484334,289.1564677197955,3.426762878630463e-16
5592.0210973629855,289.1650827868155,-9.836422773786962e-15
5592.105553233523,289.17378255337337,4.691467023686019e-14
5594.933366431983,289.4651503475951,1.4702777187737434e-15
5599.501496173427,289.9361453333975,-5.911171004523548e-14
5604.2281905314085,290.4238936986673,1.434904777747551e-16
5605.226264096533,290.5269376988729,6.551011246333876e-16
5607.883564838626,290.80137457349326,-4.2686879115513495e-14
5613.818179047487,291.414750735447,-1.0535957246818354e-15
5614.394014528417,291.4743011394967,-2.71883468942032e-15
5615.012467806313,291.53826569384603,-3.378902669898998e-14
5616.545401039168,291.69684222687886,-5.33122761922718e-16
5617.25175922911,291.76992705718595,3.4505400147709457e-14
5617.612574862001,291.8072631492071,-2.441152717908393e-16
5621.111806259819,292.1694772584309,-3.6980332430866035e-16
5622.628521619471,292.3265462921473,9.901743572956309e-16
5627.60607934487,292.84231330723964,-1.863286235422378e-15
5629.806940467103,293.0705087247237,-2.8270769715447136e-14
5636.557947668262,293.7710408628007,5.712560017988351e-15
5637.0493272786525,293.8220626554441,3.224010507758547e-15
5638.946525185894,294.0190975856565,4.505825727960155e-14
5641.05180358966,294.2378204832813,-1.9625269682539915e-14
5641.156747366791,294.2487255039901,1.7668564560970446e-14
5650.328726563458,295.2025968901748,-3.2021153579084716e-14
5650.8124283674315,295.25294413234684,-3.8851893909965335e-14
5651.1886408816345,295.292106078123,9.791464854285769e-15
5651.27309675217,295.3008978936769,1.6660755008111584e-14
5652.360717213091,295.414130402319,-7.545145060199181e-15
5652.437454008724,295.4221203172093,2.410794455009369e-16
5653.93967601591,295.5785550798324,-1.067247465185805e-14
5656.681391359996,295.8641723706225,-6.377524422784514e-15
5662.123846234972,296.43154855716097,-1.1440078071223636e-15
5664.5857940436845,296.68838597177984,-7.81728518230713e-14
5670.73115806706,297.3299750491799,4.775002884037631e-14
5671.44174502189,297.40420670940307,-3.261431282395582e-14
5673.742376358954,297.644606596595,-4.777555129568557e-16
5678.884617060423,298.1822872996822,-8.909450352291977e-16
5681.181840624464,298.4226459820334,-3.0022210842819546e-15
5681.207419556341,298.42532285491995,4.423806065435778e-15
5682.251601228401,298.5346082926599,-8.210206609463213e-16
5685.668018739373,298.89231543628074,-2.1594065113911447e-15
5688.1205642209,299.14923542913664,3.984633047389833e-15
5688.846506788548,299.22530385764975,9.35589394047586e-15
5691.936227665298,299.5491711271973,-4.656801634605193e-17
5692.066750374305,299.5628565040093,-9.100937500486335e-15
5692.765430757812,299.6361188570524,-8.578614177399201e-15
5694.169565802373,299.7833810963398,1.6329622230298343e-14
5697.900773376229,300.17487747405255,2.314801336204022e-15
5699.326217319268,300.32450966012254,-1.3649677176916595e-14
5705.318025214323,300.9538930878211,-9.479980181889554e-16
5709.250580275634,301.3673307105648,-1.3076433013462611e-17
5710.440640269514,301.49250031994575,5.566727772048399e-15
5712.64150139168,301.72405396318544,5.5530591722112194e-15
5713.993575043607,301.86635051873293,-5.432445194106715e-14
5714.300687300091,301.8986766880482,1.8736602165448122e-15
5717.375914824365,302.2224662640188,4.317488656852062e-14
5717.854443066066,302.27286598959313,1.2978331035444288e-14
5719.553742527288,302.45187431115767,4.142780302921727e-14
5721.241094148706,302.62967665056,3.487330142893696e-14
5723.8300743563705,302.90258882389196,-3.7421232645885684e-14
5727.697840461833,303.3105316679326,6.257286571166375e-14
5740.157438980864,304.62654997910266,-1.3763453088948571e-14
5744.503733327999,305.0862907311676,1.71418401907135e-14
5745.9411663793135,305.2384155769705,-3.1255500981750536e-14
5747.335899096678,305.38605778953297,-2.9763748543620433e-15
5748.884146673794,305.5499925902134,7.769892061692462e-15
5749.4676599611075,305.61178882609437,-2.2523118843445538e-15
5755.53797044093,306.25502938436784,1.3825372287475533e-14
5758.2711044496355,306.54486758829273,1.2045020054440383e-16
5758.445969476356,306.56341602602606,1.4822631416846635e-15
5758.962065758224,306.61816313160915,9.725913363500227e-16
5759.614679303243,306.68739891070754,1.8913989543337937e-15
5764.285124771915,307.1831155072943,2.433894807570806e-15
5765.170618021933,307.2771462229679,-6.092310381075625e-14
5771.412344486933,307.9403662102649,1.5734647986368595e-16
5772.0265689998905,308.0056699471527,5.5228774686599094e-14
5776.61255859801,308.49346743128825,1.4334441980696822e-14
5779.750891825775,308.82750547155683,-2.9374495949096605e-15
5780.24227143614,308.87982338185105,3.296624802199759e-15
5781.357236618132,308.99855186159715,-1.0072739723640568e-14
5784.257557847125,309.3075035016708,1.5282593158480651e-15
5784.626092554895,309.3467721116393,5.226959005679611e-15
5784.925527004961,309.3786796994265,3.55153060727425e-14
5785.386195389677,309.4277715210721,2.0593351099435e-14
5787.732031304743,309.67781970281743,-4.8289331963234155e-15
5790.186260038441,309.9395302327095,2.0243188127112797e-14
5795.9724916809355,310.5569932784325,5.73629017247749e-16
5798.936863410828,310.87356761161095,-1.2010117619715092e-14
5799.420565214778,310.9252389695937,2.1435377185952885e-15
5806.395912053736,311.6708583467817,-1.3549717697451404e-16
5806.587898482524,311.6913931256681,-6.7601122694268654e-15
5807.15601488851,311.75216256877223,4.869186592447218e-15
5812.088326766994,312.2800047521147,-4.213152797010995e-15
5815.259095741121,312.61956819576807,-8.039949602304746e-17
5816.364699864427,312.7380129079625,6.211754946493197e-15
5822.876832805995,313.4361225212148,-1.1827225967381232e-15
5823.798169575414,313.5349541699536,-3.8660103646802357e-14
5828.7757273004545,314.0691664303794,3.712758861990004e-14
5832.094920109029,314.42564968869743,-6.825032453292796e-15
5839.664865814633,315.2394255163901,1.7717456291663176e-14
5840.217667876281,315.2988935816175,1.2317515885205337e-14
5840.249200093814,315.3022858514944,1.9917005414059857e-14
5840.7098684785215,315.35184714016077,4.002008203286079e-14
5842.073027709818,315.498526354526,3.174532821317822e-14
5844.289285713198,315.73707411496736,-6.222296711641921e-14
5851.949681843448,316.56230056806805,4.665825609750636e-14
5852.358288835533,316.60634867158876,5.617431201462274e-15
5853.461264909201,316.7252655763937,-2.493902207629849e-14
5855.404488386277,316.934827924246,-7.455751171591692e-16
5862.628974071785,317.7145455447953,-6.478814300774764e-16
5863.569895218918,317.8161671766728,-4.112780623644024e-15
5864.970581221886,317.96747467115085,5.9798938343418994e-15
5865.440610665263,318.01825715974195,-1.7458535183680555e-17
5865.830495539999,318.0603838305271,-9.871738388062066e-18
5870.912093513223,318.60970149250994,-5.4850700526442055e-15
5876.109762111485,319.17205841083404,-6.618786770632126e-14
5876.555895875248,319.22035062897385,-1.3308759997733263e-14
5879.306110017418,319.51813141403306,5.446490917826478e-15
5886.745533013906,320.3243367776143,3.459812015206125e-17
5888.293821859439,320.49225198582934,-1.8825160295937973e-14
5889.291895424462,320.60051858790735,1.4196719565443422e-14
5889.338003531423,320.6055206346739,-7.908028479408459e-16
5890.1441319361575,320.6929799558317,9.414466058332362e-15
5890.782169591718,320.7622110873425,-1.6682079175918855e-15
5900.994881418054,321.8713757298644,-5.227495538838385e-17
5901.255968104543,321.899756570016,-2.305483854753829e-14
5901.3327049001655,321.90809830929715,3.6911548309346865e-14
5904.8089028784025,322.2860951505914,9.857043381541091e-15
5905.561286638249,322.36793759712145,-3.869478986367051e-16
5908.4599246148555,322.6833417476812,-3.0300151675619825e-16
5918.120737908368,323.73566354721777,-1.6498109312116536e-14
5922.25373692798,324.1863831223952,9.469667204081192e-19
5922.983128537078,324.2659587719829,2.1372860428090607e-15
5925.491101915549,324.53965009603786,5.195323435243603e-15
5927.303843952071,324.7375440186545,3.3844786077272448e-15
5927.388299822598,324.7467653961904,1.1293232839721042e-14
5928.885348267377,324.91024355919126,-7.271847160562946e-15
5930.299747899367,325.06473437346284,-1.6342644516780558e-14
5935.812124023417,325.66718708233856,-1.865420789829213e-15
5936.24803446812,325.7148520215802,-1.6994054795141416e-14
5936.985103883629,325.7954553667679,3.5375626716694365e-14
5941.327086928588,326.2704826331445,2.8467175896485726e-15
5947.883644724585,326.9884498241551,-1.661416201700398e-15
5953.52399804496,327.6067228799936,1.6583694067059394e-15
5954.506757265631,327.7145089791725,-7.880798311061116e-15
5954.831729379062,327.7501548651678,7.893233359627275e-16
5958.184220194278,328.11799998608603,3.5930708533588574e-14
5960.661482347072,328.3899454663463,-2.364827161692606e-14
5966.255810097444,329.0044877842051,-8.657155307169178e-15
5970.386263604355,329.4585920583187,3.536490476907168e-14
5971.965222406999,329.63226666657505,-7.043262895725837e-17
5973.2320604648885,329.7716433444515,-3.792710737775523e-14
5973.4213775755525,329.792474425713,1.298057801214917e-15
5974.711249052675,329.9344200973452,1.3164537886454559e-14
5977.176563365651,330.20580425089844,6.579537854852259e-14
5980.013778890898,330.5182662092333,1.3315302813493457e-15
5980.628003403814,330.58593015320685,-2.0932415139501635e-14
5982.611340433618,330.8044651480157,6.724886141692471e-14
5984.812201555584,331.04705296159534,-8.7995495821289185e-16
5985.029725647743,331.07103419190804,-2.473473669012323e-14
5985.065569167161,331.0749858916049,-1.5650230337653878e-14
5986.137834015135,331.19321258922196,-1.2329513419708814e-15
5989.383656532443,331.55122236305266,-2.054385448275306e-14
5990.489260655687,331.67321329266457,-1.2666150010170792e-14
5991.5632087559225,331.7917328965063,-1.934519090896552e-15
5993.316211593378,331.98523779703703,1.7155346043575462e-15
5993.491117888577,332.00454790249427,-3.4886076334944746e-14
5994.7262999234545,332.14093122212375,-2.5723988950043414e-15
5994.8184336003915,332.1511053402591,2.0548957729218587e-14
5996.517733061457,332.33878325867215,-3.868306458560731e-14
5996.899077869388,332.38090792219674,-4.0745394256438144e-14
6004.295020808257,333.1984190852503,5.1338459950112365e-14
6006.193901967522,333.4084746312391,-5.230378018290381e-15
6007.00339687675,333.4980417103725,-3.214060271152025e-16
6011.510062897762,333.99690530168385,-1.0467465214461365e-16
6011.702049326537,334.0181654710115,2.5282295249489108e-15
6012.6770894722895,334.1261498261127,3.70734584785417e-14
6022.045283861476,335.16455692830925,-2.9967814931789084e-14
6030.234503836311,336.07360619780195,-7.040764738453259e-17
6031.409166948749,336.20410168863435,-1.7564574450336047e-14
6032.399603975808,336.31415091460394,1.6182545071238703e-15
6032.945507954405,336.3748150047475,1.1546691488947465e-14
6033.183519953153,336.4012660291722,6.362111980931907e-16
6033.625424951993,336.45037909337174,2.8983697803065984e-14
6035.879989450309,336.7010060716404,8.56493215546619e-17
6036.949750054121,336.81995796414657,-3.929955612176603e-14
6040.745829120351,337.2422326120351,6.581493575455565e-14
6041.778883944366,337.35719525569016,-6.694085054340498e-14
6043.002980399793,337.4934432557102,-3.367838655089727e-14
6043.391099485261,337.53664859597916,6.3658506021435905e-15
6043.7400498152765,337.5754960469991,-3.913278954429702e-14
6046.4424725980825,337.8764235149573,4.0453038710562064e-15
6047.118119562274,337.9516809989074,8.83418091685308e-15
6047.770691838741,338.02437627323536,-8.877076563586305e-15
6048.020610408804,338.05221879016347,3.224900332567201e-15
6052.629633425746,338.56589950974694,1.1630206696501102e-15
6055.452396866975,338.8806928375251,3.4638858931675475e-16
6056.066621379874,338.9492103267352,-1.4469722085911156e-14
6064.98523296369,339.9448753234668,-1.655933828568263e-14
6069.379318669587,340.435965494291,6.789229502815422e-14
6072.841844287081,340.82319354882,5.613005167569174e-15
6075.900853937791,341.1654785439689,1.1214301868947554e-14
6079.945989313661,341.6183698252379,5.2367041820737916e-15
6082.388270207323,341.89195227053335,-1.1904218678520526e-15
6082.779838334293,341.9358256540464,7.965405283741261e-15
6083.424774072835,342.0080938543935,-3.0990983025029826e-14
6083.678141684404,342.0364870293836,7.737744694367384e-16
6089.028462881672,342.63633706559966,1.0273586702337772e-15
6090.461543362446,342.7970960908329,-2.9362940092390734e-15
6097.448058317168,343.58136590080863,1.7279543895752375e-14
6098.963090424314,343.75155415096845,-1.4182033259472098e-14
6099.324727049031,343.79218416417336,1.0547706897577663e-14
6099.840823330841,343.85017195120804,-1.8726153072947697e-15
6103.693192554518,344.28317325167916,2.35909134793854e-15
6104.499362227688,344.3738202666609,-3.2327199672107483e-14
6104.890930354656,344.4178531364071,-1.2809433412930833e-14
6110.389675386342,345.0364998504718,2.342349043629308e-15
6113.998038057111,345.44276818807435,3.7855735208103594e-18
6115.2341648893025,345.5819998172391,-4.834606710354125e-15
6115.546326902535,345.6171647591927,1.2893738813175428e-15
6119.469520904647,346.05926423583804,-6.676217900506202e-16
6126.330604175599,346.83311200852364,4.2015866885814107e-14
6127.556425151749,346.97146119218445,1.8493100528663175e-15
6131.065017607651,347.3676025985899,-2.5682912611783578e-14
6131.877140566472,347.45932853372676,5.6955505500714644e-15
6131.924931925691,347.4647267489441,2.5577829909894775e-15
6132.491365079359,347.52871072562783,-5.4343292169900305e-14
6134.210248918079,347.7229110761946,-4.907997804642421e-14
6135.686850724661,347.88978174095195,-3.544070960454535e-14
6137.465473762407,348.0908371296774,5.97531134731643e-14
6137.92614214707,348.14292054369673,2.0348123788055945e-14
6139.201396466211,348.28712186858246,6.456922511184822e-17
6142.195617161048,348.625815677802,-1.7263544608748977e-15
6143.860756354889,348.81424076591856,-6.3680551759134485e-15
6146.441237763905,349.1063457511628,2.1991286855436894e-15
6150.734690994465,349.59262731280484,2.7144698634339303e-14
6152.721394528695,349.81775860695546,-1.6829778263408284e-15
6155.136413238169,350.0915240644307,-3.735566932174205e-14
6156.270100537377,350.22007541179204,-5.085547645653573e-15
6169.964142634609,351.77474375467864,5.291017145600506e-14
6171.947479664302,352.00019603517205,6.886236685744611e-14
6173.035100125037,352.12386010368493,2.2700110453108277e-14
6173.994784657922,352.23299576256375,2.0127512281719284e-15
6174.982593635317,352.3453474614614,-9.704286418750483e-15
6175.807526694307,352.4391877058067,3.965655591355997e-16
6185.9818494877,353.59759832954785,3.435568121594118e-14
6188.912881941967,353.9316685937335,-4.8024494308008026e-15
6190.179719999774,354.07610796639636,-1.7884742322786866e-14
6192.341288560678,354.3226288800358,-2.1711103972906495e-15
6192.525555914542,354.3436480431748,-6.5661202966201975e-15
6205.849338783152,355.86513414906915,-1.1513439703178605e-14
6206.31936822648,355.9188680553558,-1.2423212951909393e-16
6206.7416475790815,355.9671466275042,4.373309067472107e-15
6206.954942906323,355.99153361455444,-4.246647055058527e-14
6209.28800998939,356.2583380888072,-2.347944485081665e-15
6210.644353674498,356.4134926904231,1.6972749676053568e-14
6210.9318402847175,356.44638315514123,3.38769451810777e-15
6211.381423089945,356.49782160234327,5.8709450448238574e-15
6213.646210907196,356.7570010521135,4.302544232710029e-15
6213.810893883334,356.7758508483426,7.573385058523719e-17
6220.568716629248,357.5497896098486,-1.174993160908235e-16
6220.676247187493,357.5621113322923,-1.1511489379129982e-14
6221.978804959231,357.7113858703265,-2.8145764236436653e-16
6224.689809077172,358.0221701079657,-1.1446879247626448e-14
6225.917354574044,358.1629380651369,1.8574166322465275e-15
6230.170652983207,358.6508969180771,-1.8011390329167226e-14
6233.569251905107,359.0410400561428,-3.2244022879952225e-14
6237.356749635838,359.476077625342,-1.7842965433573558e-15
6237.625472860219,359.50695361006314,2.208087408024011e-14
6238.586019653461,359.61733019038184,1.610681706871619e-15
6238.7395757816785,359.6349769244646,1.182686602914771e-14
6242.556963746162,360.07381235228155,-1.9453921989736315e-15
6242.948531873117,360.1188410248042,-3.8403169132825076e-14
6249.154414817775,360.8328683205695,1.177620757672675e-16
6250.477501764585,360.9851898490981,-2.708853007414649e-14
6252.8276489812,361.25583208861934,5.83996592589047e-15
6253.799281353864,361.3677547043072,-2.40543157778152e-16
6256.74320644524,361.7069724606567,-4.052091822154321e-14
6266.531093405224,362.83594276374356,1.7417000469843635e-15
6268.171474659017,363.02532293753177,-3.9647995810220395e-14
6273.471500252639,363.6375437372232,-3.9857056711783774e-14
6279.928246564654,364.38407974811884,5.406234843916936e-15
6280.903286710329,364.49688168798536,5.748140721089519e-14
6285.384332530618,365.0155169731125,-1.165731875779258e-14
6287.685005135729,365.28194003297324,-5.505165497814247e-15
6292.483427799984,365.83792191019353,1.4522817737538888e-14
6294.999899976475,366.12966912676023,4.923699729974713e-16
6295.5756941887885,366.1964402312426,-2.268298724783138e-15
6295.944228896501,366.23918000628356,-6.499366203856089e-15
6298.865900292006,366.57810115789476,-8.758741049521041e-15
6303.28043263571,367.0904961792913,1.3382053975952977e-15
6304.163380372942,367.1930230540348,5.77871905273897e-15
6306.049492700355,367.412084349467,2.002208220441636e-14
6312.843979957398,368.20176890195984,1.3560599823031503e-16
6313.064953091045,368.22746562875085,3.175357001406976e-14
6313.372065347474,368.26318087474147,6.544532275816493e-15
6314.300135125809,368.3711201779407,9.236628608069566e-15
6317.133984146252,368.70080962781657,-7.647866706644659e-15
6317.894086980912,368.78926500593485,-2.313746452672056e-14
6319.966970906322,369.0305466259422,3.144589764385942e-14
6322.80931872506,369.3615217509508,2.546070355675438e-14
6324.58535498158,369.5684065484973,-2.651952769630654e-15
6326.577232077975,369.8005030825311,-7.224196308595541e-16
6330.262414081128,370.23009875665895,2.606363440794374e-14
6330.9456975831845,370.30977920372237,2.581160419062416e-16
6332.1818244153,370.4539507956786,-9.807617464443929e-15
6333.50400783321,370.6081904692795,1.878605287157271e-16
6334.118232346063,370.67985395498977,9.45877171695343e-15
6347.213405542595,372.2093620752224,2.1980230807617892e-14
6355.499891487373,373.1788503794263,2.4685352819236737e-15
6355.863293901312,373.2213960737284,-5.378971953096276e-16
6356.846053121868,373.33646575892703,5.918292715043932e-14
6359.300281855147,373.623905116435,6.8440544742581036e-15
6360.093558891094,373.7168374788341,-7.258471551467637e-17
6360.822950500101,373.8022958960828,-3.0325433834874187e-15
6361.19916301422,373.84637827910575,-1.6279147133972115e-16
6362.346481405432,373.980830440278,2.1224191330588605e-14
6362.780667329329,374.0317182255758,1.0650939665149353e-14
6367.068126005486,374.5344066356699,1.5959436603156605e-15
6370.7268668163515,374.9636480128703,-6.421591904818386e-15
6382.230229841624,376.3148224002186,6.820183956631052e-15
6384.244278096847,376.55164139543456,-4.313589313277066e-15
6384.559068159678,376.58866228863167,1.5072290860713058e-14
6387.404865019878,376.92342514078996,-5.84017843840118e-14
6392.228866615876,377.4912331704707,-7.855992441890674e-15
6393.708055203486,377.6654266061669,2.7268223314060156e-15
6395.751090163591,377.90608646479825,6.810121832416573e-14
6396.173369516167,377.95583856439106,1.3628448766371533e-14
6396.784144987502,378.0278047070088,3.5756210123516456e-14
6399.611958185247,378.3610884054388,2.794037493829489e-14
6399.624809553919,378.3626033932387,-4.335808703517493e-15
6402.929509009494,378.75227994727743,-5.84851701882717e-14
6403.294594675689,378.79534168582734,-3.923032093238751e-14
6404.062375316738,378.88590918004445,-3.241687677103159e-15
6409.336739441318,379.5083673085348,9.317343751839447e-15
6409.486066804623,379.5259977513803,-2.623582052356211e-15
6409.805044363865,379.5636594427924,5.3985908339766035e-15
6410.012386405441,379.5881413298943,5.361936490791274e-15
6415.205702432508,380.20159983260874,5.077309639587389e-16
6415.8958840175665,380.28316467305694,-8.439720442298348e-15
6416.495573909472,380.35404243703465,-2.195611735441125e-15
6420.824746853658,380.86590691723666,-1.0082224537987262e-14
6421.914954095453,380.99486317535076,1.785541370355078e-14
6423.267027747091,381.154824978522,-8.470588961838097e-15
6423.291826955565,381.1577592501234,1.0633881374328828e-14
6430.637391753206,382.0273937853496,-1.1628114040245151e-15
6431.340300901458,382.110662647023,3.725172031918918e-15
6431.673895618615,382.15018452686695,7.679119740629345e-15
6433.571873248786,382.375082145358,8.508656764409406e-18
6436.5106247777585,382.72343540514004,-1.0061812613940124e-15
6437.247694193163,382.8108309757826,-4.986260026175137e-14
6437.708362577789,382.8654582893309,-6.039233091485748e-14
6438.276478983671,382.93283246547355,-5.282251230483507e-15
6440.898715929059,383.2438863740954,4.707507818388223e-16
6441.0420900067065,383.2608972868131,-6.207299544176341e-15
6446.572408523911,383.91734231269936,5.813371299540837e-14
6447.437372598665,384.020063905581,-7.237337006240806e-16
6451.396410119835,384.49040805272585,3.3519201463511334e-16
6457.03930895205,385.16129842670114,-5.4386689673419416e-14
6457.507613874593,385.21700206695795,2.1936352407317243e-14
6458.3700737051995,385.31959996904277,-1.796935855891282e-14
6458.9134321710935,385.38424472638354,-1.8581793948148883e-16
6459.631738200655,385.4697117933227,-1.5355000880384662e-14
6459.811735521109,385.49113011940267,-5.733236072445039e-15
6461.508406932333,385.693050571027,1.5177175081541016e-14
6462.736855957995,385.8392810866075,-8.105630155106902e-15
6469.50235650988,386.64512205557986,-4.4675723719366335e-14
6472.018828686255,386.9450750076854,-2.7539426874829894e-17
6473.719811399361,387.14789110185893,-6.564858422232338e-15
6474.474781940217,387.237926834594,2.2606933007828056e-16
6475.063427521173,387.30813438969824,-2.997127575481591e-15
6477.635368863175,387.61496381455237,-4.8744991284373076e-15
6479.618705892706,387.8516566842833,-7.023193335578736e-15
6487.608344168332,388.80587975535593,-1.5847344622961628e-14
6488.376124809366,388.89763970247725,1.4062564179494946e-14
6502.525620459257,390.59063572607204,3.8066749084777544e-14
6502.674947822561,390.60852250466144,1.6027188213100757e-16
6504.634347903981,390.8432620554051,-2.5461459114777634e-15
6506.812216874888,391.1042575496684,3.709153339920389e-15
6509.6844549272455,391.4485997286001,1.1124029247464888e-14
6510.597210361204,391.5580584791656,-9.079571746751912e-15
6514.658563609795,392.0452870031802,2.0555249272209784e-14
6517.3200931160545,392.36474761956026,3.3194818845288194e-14
6517.959896560748,392.4415620152062,-2.937516256030351e-15
6521.730314157626,392.8943891127357,2.0482790476536472e-15
6521.975182970873,392.9238069093554,-1.5440702243636016e-14
6522.006715188398,392.92759517461536,-2.5837719118898934e-14
6522.515174932231,392.98868380949386,-1.7485304067544006e-14
6528.1170979511635,393.66203924353664,6.219161445997352e-16
6528.756901395855,393.7389808885244,2.5863596457300428e-15
6528.792744915268,393.74329159062853,3.1423389777977038e-15
6529.791639471997,393.86343264149315,9.246010576974594e-15
6530.505675468149,393.9493238769742,-3.083415623179244e-15
6533.220046090403,394.27592064293253,-1.5448553446919312e-14
6533.404313444249,394.29809686109564,8.330082801468231e-15
6534.230971023916,394.3975911923051,-1.001386409208075e-15
6541.552640141746,395.2793575056853,-6.32610076290514e-16
6542.719666716105,395.41999658008785,-1.7670715988372912e-14
6549.42202029582,396.2281870255896,-1.2324632265963136e-15
6551.488171212056,396.47749673339047,-1.1256028279280666e-14
6551.837859996929,396.51969930651615,-2.901529015231629e-16
6553.654872066529,396.739023654068,-2.3095591040451716e-15
6557.760608901278,397.234834894957,-5.0297775577689545e-15
6562.368810925705,397.7916939799559,6.355592361028547e-15
6562.949696163256,397.861916412675,2.2888458169198323e-15
6565.691411506603,398.19344258454294,-9.308260188631924e-16
6566.397769696342,398.27887732182876,-2.7109491948909886e-15
6568.503048099525,398.5335673920177,-1.7875565553125942e-16
6569.731497125155,398.6822190751324,5.622414611014139e-15
6572.908219384256,399.0667555394026,6.068355548177473e-15
6575.994573755678,399.4405311714315,-6.729766005888697e-17
6576.334080489989,399.48165814251723,-3.1787017280380103e-16
6576.741004229729,399.5309546334982,-5.980110696591093e-14
6584.930224203341,400.52368031067147,-3.373276303783979e-17
6585.645081191371,400.6103963817776,-2.4907651256714655e-15
6586.566417960593,400.72217346660676,-1.2356133637359451e-14
6588.9609487632015,401.0127523934397,1.0959116691882548e-14
6593.0555587499975,401.50988250848275,4.819488630715808e-14
6596.7006272001,401.95269323844883,-2.037753740676544e-14
6604.958167707971,402.95674221270525,1.0610166106038495e-14
6609.176526126183,403.47014460345935,-3.7043970802975455e-15
6610.642863345042,403.64868441002034,-1.5654241354202514e-14
6611.1342429552915,403.70852317797176,4.475034816850358e-15
6611.266490185017,403.7246286173926,7.869275003714015e-14
6611.7484674681,403.78332789255296,3.687829843497972e-14
6615.126537214585,404.19485793178393,2.187880235962696e-15
6623.084602003936,405.1651722814327,-3.6928529587194384e-15
6627.862536761198,405.7482988330158,1.8137805047420827e-15
6630.378229214085,406.05549735957635,1.2160214886053567e-15
6634.641709673373,406.5763895712726,2.5089102278242446e-15
6635.6551801195055,406.70025993361537,3.541695586917121e-14
6636.454451709547,406.7979634100414,2.8776260711739336e-15
6639.7446578124855,407.2002842605624,1.6862675121252507e-14
6642.014619191752,407.47796755485973,1.0546404461037632e-15
6644.159190155818,407.7403990962432,9.521860830523421e-15
6646.842069828962,408.06882286032044,5.188369508297645e-15
6647.004987015835,408.0887705801784,4.406479556866084e-14
6647.7420564312015,408.1790241002122,3.3349484773700244e-14
6650.519532756922,408.5192136101073,5.80138568974047e-16
6650.788255981273,408.5521347773432,1.429548662990047e-14
6652.143778674343,408.7182195609058,-4.433026337239934e-14
6652.566058026894,408.7699660554144,-6.678528268107998e-15
6657.121336398233,409.32838283152824,-1.1906204015312647e-14
6657.894166796027,409.423159524825,1.134008122915924e-15
6659.19422032347,409.5826174820809,-6.3678344497271756e-15
6663.319541535842,410.08881455263133,-2.089999207970972e-15
6663.7631297868675,410.14326366529366,-1.1008616520608015e-16
6667.972085877859,410.6600806222446,-2.0857607223206544e-16
6668.870389227832,410.77042538389986,2.686588090677688e-15
6672.438679613769,411.20888976113554,-1.397152264889293e-14
6675.740012564598,411.61475982383536,-8.392842332901846e-15
6676.483814989012,411.7062315497548,1.3290222394087313e-14
6680.396785671506,412.1876107463857,2.7601085361582206e-15
6684.72177111901,412.7200047386737,-4.694769295407454e-15
6691.861759663873,413.5996719429232,-2.1061093483359247e-14
6694.4618667187415,413.92024589400967,-5.582771873077799e-15
6696.301912207514,414.147185130029,-8.40498156445289e-15
6698.55647670544,414.4253334688801,-3.0508964433149006e-15
6698.827745442428,414.4588065305774,-5.720359635197014e-17
6699.900092827182,414.59114153693923,1.1905711150064383e-14
6703.962308335973,415.09263883881687,-4.473786466220381e-14
6717.63750450849,416.78313243740286,1.8437327824713946e-16
6718.336184891793,416.8695940586164,2.4627100137942854e-15
6718.707265112111,416.9155188516001,4.9261454587308547e-14
6722.687611531506,417.4082850293739,2.0092423630401492e-14
6723.600366965418,417.5213251247906,4.066106128612689e-15
6725.046298814632,417.70042780606485,4.147011874313953e-15
6725.1486145421095,417.7131027677291,-8.257744661067853e-15
6727.954297849272,418.0607484122734,-2.624612819866463e-15
6737.235490853563,419.2117925123106,-2.309352939595158e-15
6740.490715697394,419.6158780442626,-3.5445402086192076e-14
6746.466346985983,420.3581677667425,4.17121799196907e-14
6748.539230911177,420.6158139611885,4.2545684256005065e-15
6748.907765618853,420.6616287517558,-3.1796158866007215e-14
6750.683801875191,420.88245369951534,-1.0393416684330757e-14
6751.0830478085045,420.9321022742213,4.63303556998473e-15
6751.17863052693,420.9439889817884,-2.0313631544936576e-15
6751.789405998214,421.01994925307804,1.1128199353788923e-15
6752.807926201102,421.1466347698218,6.3357863958989135e-15
6756.0844599434,421.5543060027631,3.6126491055596875e-15
6756.821529358748,421.64604052974613,4.5382626792346615e-14
6756.898266154356,421.65559164860264,-2.4101463539522e-15
6757.9347700196895,421.78461172382845,-6.051358090152811e-14
6760.472551094373,422.1005886444566,1.0580383712606398e-15
6761.639577668671,422.24593393298755,-5.1393730324112956e-14
6773.980601314946,423.7844605839714,-1.2823603492790765e-15
6776.67452529895,424.1206788539763,-1.3484220130112244e-16
6778.203188497902,424.31152486828955,4.776223820747285e-15
6778.297087964063,424.32324915392536,1.417540412044895e-15
6778.775616205621,424.383000704379,-2.255174072049521e-15
6779.316470427327,424.45053968218224,-1.0819032245003722e-14
6785.450707600849,425.216927490832,-1.2187797093670324e-14
6786.25687727388,425.31769873727495,4.052092192958406e-14
6788.009017850597,425.53675767599105,2.2173869877356036e-15
6790.816425678477,425.88786783218285,-8.886326109863315e-15
6800.602629384932,427.1129204273691,-3.665316278979271e-14
6801.577669530487,427.2350741494278,-3.1050046012519603e-14
6806.401671126016,427.8396861515289,-1.2096116798025276e-14
6812.453997941635,428.5988555059516,-5.17364394459204e-15
6813.711392403593,428.7566605494277,1.307257500106754e-16
6820.553753556012,429.6158984174076,1.596711422380123e-14
6825.428954283751,430.22863385476734,4.848498428516952e-14
6825.6182713943745,430.25243684490823,-1.3707792247224004e-14
6826.908142871213,430.4146309794629,-1.6829178932852313e-14
6828.198752802956,430.5769486446686,-2.8526133253998075e-15
6828.452120414476,430.6088178316584,9.508517946155454e-15
6829.032184660109,430.681784158985,-3.751192160757127e-16
6829.373457183647,430.7247157526858,-8.411090737756947e-14
6832.82489722105,431.1590225225319,2.6759360713735712e-14
6834.163298512002,431.3274972824638,-2.750871201516201e-14
6834.23239876969,431.336196353755,-1.870824148839177e-14
6834.7245993718,431.39816231597683,4.6960816032321825e-15
6835.492380012772,431.4948315428909,-4.547505021936107e-16
6836.018699613538,431.56110532303904,-2.840459695508202e-15
6837.2624629834245,431.71773937633543,2.0006745258001538e-14
6842.50188711693,432.37788211784573,5.24432447328194e-14
6842.686154470764,432.4011081406686,1.619196279831347e-14
6845.258054544057,432.7253491907516,-2.4800891805231617e-15
6845.513105407841,432.7575102534012,3.230014495227715e-15
6848.013400979296,433.0728526315174,-2.2298030974432474e-14
6849.095971683068,433.20942438134216,5.208736689114974e-14
6850.401978496114,433.37421245398673,3.919097663504191e-14
6854.792615159635,433.9284403557541,-2.845317443559058e-14
6856.491914620327,434.1430374034047,-6.56289675877545e-14
6862.609071660174,434.9159866226609,-3.943302802090064e-15
6863.422877871112,435.01886916450775,-9.722820890639121e-15
6864.075491415935,435.10138231395484,8.635551535261354e-16
6864.2827921889975,435.12759401503473,-5.037989308566793e-16
6864.873983282544,435.20235025114425,-4.7393037258200627e-14
6865.569214624317,435.29027063554133,1.2040469448090192e-14
6868.995855453223,435.72374076604024,4.425037750453739e-15
6871.41169515416,436.029474533804,-6.521250075213459e-16
6872.768038839051,436.2011721460279,-7.878833823800583e-16
6874.242177669709,436.3878197080859,3.8309375269417856e-14
6880.975242474571,437.24083326597327,1.5103335269674435e-17
6884.158862816468,437.64445765239884,1.372008262055133e-14
6884.412230427988,437.67658801663146,6.09872861835601e-15
6884.5964977818185,437.69995629699355,-2.0686890532178235e-15
6885.1424017603,437.76919001338774,-1.3724838034510996e-14
6890.572046533242,438.45809801534926,-2.2866162732381813e-16
6893.707054524034,438.8561120535635,6.140519991201943e-15
6894.072961182075,438.9025785938266,1.5613589160007426e-15
6895.403725935093,439.0715934010823,-2.2227581070980455e-14
6895.936943618864,439.13932427986936,5.002504006824707e-14
6896.632174960634,439.22764247624843,-1.0095852429080986e-15
6901.187453331734,439.8065391644647,6.206518122510215e-14
6908.263515180841,440.7065416579542,1.8497154418067226e-14
6912.629393904328,441.2622967486191,-4.3863838574905355e-14
6916.504796546465,441.75591078622125,-3.917500688729821e-14
6920.65487569859,442.28481741776534,-1.1583934323780343e-14
6921.576212467742,442.4022801717266,-8.67886961735379e-14
6923.968977480933,442.7074107916127,-4.114093257115283e-14
6924.314478769365,442.7514785840999,2.4383796653799135e-15
6927.308699463634,443.1334757634121,1.5183598937200197e-14
6927.337644900028,443.13716937501647,1.1823116732766927e-14
6928.681261021705,443.30863985101854,2.303948052973804e-15
6929.581165086908,443.42350298848464,4.273448485972498e-17
6931.096197193746,443.6169143450771,-8.388125769349635e-16
6932.235016786514,443.7623256626543,3.5137012698635334e-14
6934.585164002749,444.0624820791308,1.2570644155591785e-14
6935.875035479558,444.2272653009036,-9.89133383953416e-16
6938.735284423349,444.5927761804257,1.7335758483808076e-15
6940.419187002704,444.80803237167436,-2.56325742292851e-15
6948.105162062636,445.7912072100777,3.2265844262422495e-14
6948.75009780104,445.87375560967274,1.0979132628932797e-14
6950.361492349687,446.0800391668503,-9.061628813715074e-16
6951.159984216281,446.18227626444076,1.8129114850646946e-14
6951.521620840925,446.2285832663358,1.9858509700213005e-14
6952.381535158796,446.3387036191964,-1.2448895017887947e-17
6952.959053891775,446.4126681295759,-4.344452258944426e-14
6961.716472807516,447.53500928509686,-3.65984081886789e-15
6967.431058677904,448.2681460205317,6.180117551663088e-15
6971.191294223855,448.7508830150547,2.354071724598433e-15
6975.520467167503,449.30698243354755,-4.830022397673946e-15
6979.292650553248,449.7918158024926,-3.1784001424624176e-15
6982.893376685345,450.2548565288602,7.503822090069473e-15
6983.261911393001,450.30226227008546,3.052662356316056e-14
6983.336964936342,450.3119169424589,-2.474173732652434e-16
6984.688258864416,450.48576126660856,6.946705094801392e-14
6988.956009356775,451.035029375606,-1.1228951334106897e-15
6989.623937245909,451.1210234076361,1.3465495121326806e-15
6992.012514762657,451.4286139837839,1.2715832882707701e-14
6994.82246810306,451.79060203861275,-3.9799534944229465e-14
6995.737810318049,451.9085510429664,-1.238553261037246e-14
6999.8324203044895,452.43636250749256,4.887175429321026e-14
7002.931584775807,452.83606243934156,-3.46988532032488e-14
7005.455693489806,453.16172803143655,5.22549098205261e-16
7005.71678017622,453.1954206593316,-1.4955426463516723e-14
7006.342869991799,453.27622120557663,1.3699948162484165e-14
7010.928859588434,453.86829008974354,-2.6684721968489635e-15
7012.042141517806,454.01207750461674,6.551458543586585e-15
7013.843756705917,454.24481588941234,-4.732614322183807e-14
7014.173902381524,454.287471640848,4.509643981383759e-16
7014.1994813133915,454.2907765947163,2.1560962801765474e-15
7014.327458509715,454.3073122093384,3.9389587939282753e-14
7016.06001470863,454.5312011676633,-6.833288235415083e-14
7022.161036412067,455.3200437146393,-6.763419001931042e-14
7030.745273553288,456.43111912834877,7.63789489145867e-15
7034.146335450213,456.8717009817136,-2.897627404152923e-16
7036.566445184462,457.1853376534854,2.6986618353138015e-16
7037.25740649282,457.27490331132685,-3.2018851252175147e-15
7037.633619006883,457.32367344641733,5.9357114653205845e-15
7042.376613773186,457.93875300764876,2.2861603411667194e-14
7043.207417580686,458.0465356973372,3.8649770559769045e-15
7044.538182333662,458.21920632590343,2.2925644078094704e-14
7046.4370634924435,458.4656482082492,-7.30361135294266e-17
7049.1830488689,458.8221470201246,4.611509024780314e-15
7058.516261996692,460.034874051185,-2.3388694940448367e-16
7059.460632185049,460.1576718029808,-1.8364221983154643e-14
7061.914860917941,460.4768753565812,1.0338677069274693e-14
7063.578316859156,460.69329197275545,-7.504620524436449e-15
7066.316583160702,461.04965307483116,-1.889103976644554e-14
7066.738862513218,461.104621284204,6.9069958648927555e-15
7072.381761344672,461.8394740679326,-5.7662961083090385e-15
7072.688873601049,461.8794849337421,-1.5547457962053584e-15
7080.8909449424755,462.9487011107428,-4.3770749599566464e-14
7082.367546748728,463.1413215002961,2.1407522745659236e-14
7084.146169786079,463.37339341191455,1.9741649908542088e-14
7085.766145669961,463.5848160035825,4.1216063663221896e-14
7089.417988397228,464.0615942749601,-8.190539183416266e-15
7090.598646063514,464.21579144803184,7.41482830969076e-15
7096.148548957653,464.94096823564394,5.43208678270537e-15
7096.248360440977,464.95401527396916,-3.0305170817713503e-16
7097.777023639829,465.153860173247,-1.7148037214209232e-14
7097.922901961606,465.1729333594641,1.0297362223641196e-15
7103.718577197818,465.93101899272955,-9.723251337586211e-16
7105.416110869184,466.1531768655928,-8.877406081620457e-15
7107.465961375001,466.4215135331665,-1.1340525227239265e-17
7108.018763436473,466.4938916046194,2.533368043390979e-14
7108.75583285177,466.59040445638925,3.884753458611772e-14
7108.940100205592,466.61453423299207,5.179561416512942e-14
7114.1906099182415,467.30235034901096,-2.7793694560758264e-14
7118.268139771016,467.8368565686241,5.197751607123132e-15
7121.32546616871,468.2378295235009,1.7082066302021924e-16
7125.8918713875255,468.8370410752454,6.682529242425954e-16
7128.770883717047,469.2150274557793,2.2473621844996196e-17
7133.100180466035,469.7837095330839,-7.347462286854752e-14
7133.699829089355,469.86250461192,-1.6703589983499684e-15
7134.321731408507,469.9442308697282,-1.1193638339000512e-14
7138.182599429544,470.4517598192977,3.5691153367529435e-15
7138.796823942287,470.53252778753284,6.81648145453006e-14
7141.684417607076,470.9123274753624,4.161277680154166e-15
7143.265921921917,471.1204048195666,-1.9685399880528632e-14
7148.440557099309,471.8015497124717,-3.6004072902497414e-14
7151.247061398118,472.17118033358446,1.0311803015936506e-14
7153.737133650374,472.4992567489876,2.5035827678901846e-14
7155.477326387163,472.72860151029687,-1.4130100972893314e-14
7156.582930510097,472.87434108090685,-9.662946960552414e-16
7158.246386451283,473.09365851519715,-2.5592654081752514e-14
7160.06331598367,473.3332688334144,-6.605469526057666e-15
7164.279087620266,473.8894643084604,6.151022032707501e-19
7166.497028875181,474.18221331530424,1.7388769399999466e-14
7168.00951546931,474.3819003929456,-3.0566080303143166e-15
7169.446044991229,474.571598204362,-7.55942445498168e-15
7169.906713375785,474.6324388251484,7.395236001159899e-14
7180.636383740974,476.0506156927772,-1.0643918766689014e-14
7182.459307827505,476.2917684974691,-3.097695164120326e-14
7184.378718161317,476.5457515299077,1.2536189977882935e-14
7196.940714940166,478.2096740149691,2.9535244769766187e-15
7197.618866148326,478.2995824837855,1.0814954830961114e-14
7203.179895890273,479.03717666064483,2.6182956123046104e-14
7204.3016353494095,479.18602902892314,1.87172551633646e-14
7205.396153892906,479.3312915831918,3.182677030865321e-14
7207.875920289109,479.66048340338017,1.877961760820619e-15
7210.145881668114,479.96192267112013,-5.138987833656181e-16
7211.497175596128,480.14141266703126,-8.748051113654355e-15
7212.263190447803,480.24317601073267,3.8644759997542e-15
7213.646796316732,480.4270123204631,-5.605647407849027e-15
7213.990573084391,480.47269456370105,-4.57483320373832e-17
7215.136249491622,480.62495171516315,-5.854295648278291e-15
7216.976294980202,480.86953915234864,2.5281249690910713e-14
7220.5744755994965,481.348006344887,-6.430587063694426e-15
7226.294111226394,482.1090643615967,1.5331004831614452e-15
7226.608942557661,482.15097349835713,1.9415484675531876e-14
7231.1795352728,482.7595988937727,6.366478870379631e-15
7231.819338717398,482.84482656195064,3.715155019645863e-15
7236.078631679758,483.4123955141086,3.56529938965179e-14
7238.181364570011,483.6927168520433,-2.9194128845870594e-16
7239.601758755703,483.88211975562103,7.46482491748141e-14
7243.204989131771,484.36276034747044,-3.252352201852527e-16
7246.4065105989075,484.7900170057964,-7.166525826327838e-15
7247.599033567981,484.94921253091155,-3.038155939369011e-15
7250.260563073833,485.3046071554903,2.318461324922934e-16
7254.297199650315,485.84386916162146,3.562116339256111e-15
7255.195503000182,485.9639160555405,-3.403012493040242e-14
7255.732045919949,486.0356253289488,7.932318422663784e-15
7260.54582419601,486.67922681109695,2.5378533691128717e-15
7261.498693182624,486.8066758708428,1.0861125151891562e-14
7267.402596163298,487.59671329662046,-5.3609139316343635e-15
7268.692467640027,487.7694043639687,2.80636758691913e-15
7272.832323472829,488.32386516172517,-4.117043612518416e-14
7274.311512060163,488.52205298161664,1.4290289147842435e-14
7275.463921476431,488.67648550528776,-1.5946013555295943e-14
7276.776826372386,488.8524555801663,7.142170381190603e-14
7277.905340109046,489.0037368829875,5.56302346633798e-17
7280.228266409494,489.3152073054696,-2.272235506591714e-14
7283.1072374704445,489.70137312809624,-8.31540697563499e-17
7283.537194629352,489.75905779429223,-4.427253706984473e-15
7284.297297463851,489.8610443748393,-4.197209694148574e-14
7284.665832171487,489.91049624486095,-1.6988447419554544e-14
7286.498158585145,490.1564043074362,-2.1665293249841217e-15
7286.715682677237,490.18560131768425,-1.3297546601370519e-14
7290.089523658364,490.63856422491267,-1.3749164407174477e-14
7290.807747150818,490.7350180680751,4.418400251668993e-14
7296.49934087012,491.4997068114354,-4.4229159983612656e-14
7298.7693022490885,491.80485179960414,-7.430403953477609e-14
7299.327154067329,491.8798568939844,-2.75657833477032e-15
7303.409036490342,492.4288544490345,1.2630524535313939e-15
7303.895283806753,492.4942733094778,5.5727718028770067e-14
7305.366753319177,492.6922687672367,3.068060387634492e-16
7305.980977831903,492.7749283294868,-5.389168415570313e-14
7312.277352468261,493.6226667633279,4.024292590240559e-14
7318.815064339324,494.5036714324251,-1.157463160670222e-15
7319.406255432818,494.58337758969367,-4.447746445643487e-14
7320.1714080241,494.6865473166989,6.118589004197623e-15
7321.6455468546355,494.88534395651055,-3.252964444652573e-14
7325.029528617807,495.3418460159361,1.174369442087623e-15
7325.137059176025,495.35635543898263,2.030829299956774e-15
7325.7896314523,495.44441355602925,2.077504822996792e-15
7329.832262582874,495.99010110929595,6.230308583535152e-15
7330.502694716115,496.08062733100957,9.580296220202033e-15
7330.924974068613,496.13765055778913,2.605314245876836e-15
7331.999866965874,496.28281541178995,1.7565827864076352e-15
7332.818722933527,496.3934166256415,6.184582963277277e-15
7342.97177809434,497.76579520003617,8.509071339961128e-17
7343.0041725722385,497.77017696902635,-5.1959123734095184e-14
7343.340312801973,497.8156453911683,-4.247759609183803e-14
7345.077056497197,498.0506013238079,1.079586306600675e-14
7346.10838680015,498.19015147114175,-2.0237151495894292e-16
7346.305505522634,498.21682599709,3.144514064146649e-15
7349.213504556926,498.6104257951112,-1.999549243269321e-15
7355.666884362924,499.4844518958861,-1.570639110274328e-14
7356.02338869377,499.5327581168026,2.4586745684010933e-18
7357.006147914122,499.66593379403474,3.536198281243101e-14
7357.752578388055,499.76709597580356,3.772288984756382e-14
7358.241329948608,499.83334102645466,-1.7236891918947295e-14
7358.333463625518,499.84582925463843,-4.3875490720583684e-14
7361.881348641368,500.32684507905026,-1.4217941662109307e-14
7362.154300630585,500.3638610208798,-3.4591243011817437e-15
7367.413309141294,501.0773208933552,4.0104061757267656e-16
7368.979581648723,501.28990666642204,7.369424416582579e-14
7380.313991662113,502.82964108842197,-6.566282460494507e-15
7383.278404659363,503.23273518249346,8.398932757250243e-16
7384.982753876675,503.46456197648166,-2.3651435099102806e-14
7385.41693980048,503.52362880696836,-2.908100041935202e-14
7385.601207154296,503.54869766269206,-9.89969048365264e-15
7390.1881002794835,504.17292817187536,4.875230717803382e-16
7390.714419880193,504.2445798187344,7.28588562327076e-15
7394.916560424558,504.8168302341122,2.2585184652061722e-14
7396.460537967659,505.0271718803736,1.7061887036210517e-14
7396.583382870201,505.04390937177163,-1.2632142654464141e-15
7396.733489956874,505.06436168503416,-7.520464566883816e-15
7398.563353394838,505.3137166630556,-1.5393756201960663e-14
7402.6323844491135,505.8684234586268,-4.478010733489592e-14
7402.92151304303,505.907850245371,1.0976428100579063e-17
7403.720004909558,506.0167439413799,-1.7966382883610493e-14
7406.158878029482,506.34941605232774,-9.420832953833628e-16
7410.510304668624,506.94324030450224,1.2985684706053707e-14
7414.8344278551385,507.5336840663022,-5.247632572813734e-15
7428.500262967124,509.4019699676828,1.6784552863691367e-14
7428.93789793243,509.46185683896493,7.643169001620326e-14
7430.740334112293,509.70854311090807,-4.3913437079496363e-16
7431.016735143014,509.74637739288437,-3.769882937795105e-15
7431.262424948096,509.78000904718425,-5.849584450580186e-15
7432.09162804026,509.89352408966556,-5.898534786663626e-14
7435.056820760875,510.2995523694954,-1.415147837536491e-14
7437.027306421356,510.56946349878865,-1.0456881437204298e-14
7438.579044307837,510.78206617204967,-5.687483974894584e-14
7440.899301290106,511.10004592967977,3.8389400085538494e-16
7448.34471883803,512.1210733046254,-8.06830844590916e-17
7450.33495395019,512.3941771698153,2.946313282151808e-14
7452.632998505114,512.7096099996803,-8.1636968025295e-16
7456.208145705038,513.2005331303379,2.354961009991646e-17
7457.277906308509,513.3474736097006,-8.096183650579586e-15
7459.9607034442515,513.7160707407538,-2.467071338664615e-14
7463.279116528156,514.1721803745286,1.06267931480925e-14
7463.355853323753,514.1827301022767,3.9981103794450274e-15
7463.945361164971,514.2637788973301,-4.713350124910808e-14
7464.254156673589,514.3062363648315,1.5945371407318112e-14
7466.90878809633,514.671304179256,-2.5807267023073975e-15
7467.208222546276,514.712490879054,1.580659948223538e-14
7469.564405584923,515.0366374826608,5.742864039559184e-14
7474.851538540045,515.7643751567566,-3.3237866766274337e-16
7480.143886325912,516.493346306264,-2.4444046793115802e-14
7480.911666966795,516.5991437252932,2.141083264354323e-15
7487.514250330455,517.5094042426142,4.0902456408566325e-15
7488.213710437051,517.605881860565,5.1142331867850405e-15
7488.651345402355,517.6662501138326,-3.4197214051429566e-15
7488.786138144697,517.6848444083105,1.538901329860713e-15
7489.019880109974,517.7170892740422,6.879565199728976e-15
7489.779982944449,517.8219529433483,-1.9411866110334445e-14
7494.211512883651,518.4335380284871,-1.1134598068727303e-14
7494.580047591274,518.4844149347848,-3.7948053502944e-14
7496.356083847366,518.7296351454171,1.7923639573524773e-14
7499.938950122167,519.2245041521675,-4.262284078888692e-14
7500.980503744142,519.3684089231576,-6.056328301463755e-14
7510.981686028763,520.7512252062639,6.372173858418335e-15
7515.989913708984,521.4443815621622,2.344520042577065e-14
7516.547765527204,521.5216188177689,9.927038980320782e-16
7518.984134402936,521.8590129452791,2.4132614047968196e-14
7520.50680304753,522.0699312252514,5.1245278132875946e-14
7523.721914338091,522.5154249777398,1.3997562796896746e-16
7524.827518460955,522.6686642104661,-6.659527044601477e-15
7524.91197433145,522.680370910897,7.650850922430777e-14
7527.752638897221,523.0742011138491,8.045045196847029e-15
7532.094621940623,523.6764615999249,-5.387893958912319e-16
7533.16951483785,523.8256096650305,-3.4996417680310954e-14
7536.9186648039995,524.3459940856748,6.000145775094785e-15
7543.651729608059,525.2811978423773,-5.378668899647498e-16
7554.869330541224,526.8411456749309,8.806502481036606e-17
7556.3434693717045,527.0463154525102,-4.397928710313054e-14
7557.75519968506,527.2428367728515,-6.560843346150941e-16
7564.188912576139,528.1389130605066,-1.7508090778081308e-15
7567.17286868253,528.5547720802881,1.09071829081769e-14
7569.364368745048,528.8602949334153,2.4580181222929492e-14
7569.855748355207,528.9288116140478,5.824765636828689e-15
7573.433399799213,529.4278040032715,-1.0410633674725317e-14
7574.446870245164,529.5692004944746,-3.4334833005465746e-15
7574.700237856652,529.6045525735711,-6.42104972968529e-14
7574.88450521046,529.630263919289,-2.5678757337898548e-14
7575.305881034071,529.6890620317945,-7.218839681831816e-15
7575.579736552146,529.7272771489833,-2.0011101128987764e-16
7575.830476114012,529.7622677658728,-8.06464871813519e-15
7576.291144498535,529.8265568939177,2.5734748969165832e-15
7577.161240866869,529.9479948991205,2.882649488275069e-14
7580.5035496303135,530.4146054408028,6.238649731674669e-14
7581.975019142673,530.6200984956349,6.287039628193857e-15
7587.530957858986,531.3963537701262,-2.018713123293738e-14
7588.6953151149955,531.5591055426318,5.481644879418475e-16
7592.687609373554,532.1173308981167,4.21211472191201e-14
7593.363256337519,532.2118327588549,4.67611962696401e-15
7593.685682938192,532.2569331114295,-2.6611414184353917e-14
7594.386908834022,532.3550257214246,5.496901077059711e-14
7594.665814108883,532.3940435501199,4.3873926418866364e-17
7605.649755613668,533.9317962412473,2.1730340078161652e-14
7608.281353617125,534.3005501849431,6.800061655050073e-15
7609.095159827954,534.4146109988395,2.5444608741800645e-14
7610.00023745531,534.5414784892326,-1.0862978924482715e-15
7610.737306870541,534.6448069042937,-2.6855800905977125e-15
7613.836471341532,535.0793826136845,6.568191350986041e-14
7624.392959931548,536.5609781837532,6.590983898362436e-15
7631.40246703472,537.5458915166718,-1.6857690190537853e-14
7631.782087321758,537.59925820442,-1.0644239563985868e-14
7634.15863446146,537.9334114508366,-1.204763062581022e-15
7637.348166820097,538.3820375986465,1.265926889503003e-14
7645.508441355678,539.5306803818945,-2.973172114821492e-17
7648.899362470181,540.0083482548873,1.1814380511388238e-14
7651.136067110749,540.3235413938488,-1.734586856127413e-14
7653.183372103737,540.6121253930272,-7.266368641963465e-15
7653.774563197202,540.6954728687745,3.968183337539024e-14
7657.549250826657,541.2277887696176,-9.120663223710724e-16
7658.900544754573,541.4184154201365,7.42776553556399e-15
7662.578007681842,541.9373643979876,4.728506782893215e-14
7662.885119938188,541.980714131929,-4.0072542660629503e-16
7673.155805170256,543.4314500322113,1.6055144151753404e-15
7673.424528394557,543.4694333151778,-1.5928386297956767e-14
7673.697480383759,543.5080156841037,-1.1905051240593788e-14
7673.770029682942,543.5182709192816,-1.5934787662275754e-14
7674.192309035414,543.577964310455,-7.0472136648087735e-15
7675.597223802715,543.7765866451908,5.525331830793295e-18
7676.1500258641345,543.8547499917646,-3.3653765647554497e-15
7676.359009889427,543.8843007161723,-2.894892389569414e-16
7686.987144249664,545.3881992362127,-1.4397395978495842e-15
7687.005127912102,545.3907457174495,-6.338174904492993e-14
7688.100384910416,545.5458450117251,-1.7766621030013436e-14
7689.090821937124,545.6861197807831,3.6442340594666084e-14
7692.686374506521,546.195506759666,1.378259318636104e-14
7693.777444008426,546.3501272037571,3.8506224094596706e-14
7694.698780777456,546.4807111237102,-6.702127857580256e-14
7695.219926815878,546.5545816931078,2.211279771631284e-15
7697.709999067914,546.907609505186,-3.838208116126912e-15
7701.953936417133,547.5095532246162,1.1057225678692455e-14
7711.4679678562015,548.8601923571996,5.54725651067231e-16
7715.466215400342,549.4282926143477,5.594917516080909e-16
7715.727302086723,549.4653999629352,-1.3880284542033702e-14
7716.095836794333,549.5177806646512,-2.3827955924521015e-15
7721.192749109794,550.2424733290941,8.328879794606344e-15
7724.337980419185,550.689909516888,3.0732694946842644e-15
7724.964932495062,550.7791206207422,8.317568564847888e-15
7724.97778386373,550.7809493606227,-1.1160195213809953e-14
7732.7728901961245,551.8907475752893,-1.0992989522640725e-15
7733.393109262954,551.9790969459888,6.54054778057951e-15
7734.438974186777,552.1280950447239,-9.459977574354518e-15
7735.918162774004,552.3388605660081,3.283564349486676e-15
7736.609124082277,552.4373275568811,-7.793920721674432e-15
7737.208772705537,552.5227889567839,-4.1616553173694385e-16
7737.497121576044,552.5638865451897,-2.9351679144039784e-15
7738.383477086043,552.6902260002119,1.6410979967771782e-14
7741.834917122898,553.1823256954315,-5.221044104912908e-15
7746.172671401256,553.8011055692713,6.3088792630725e-14
7746.272482884568,553.815347739001,-3.903528357971083e-15
7747.765302563851,554.028381111346,-7.387941564951173e-17
7750.836260053292,554.4667522952119,5.3233141548804025e-15
7751.696174371047,554.5895339574923,-3.159217302788358e-15
7754.139276255741,554.9384431644171,7.225842144950082e-15
7758.105991582337,555.5051799167167,-1.0162752490101571e-14
7759.134693835601,555.652201084359,-2.6888943641237493e-15
7765.501934518432,556.5626349217224,1.2804814691024083e-14
7768.281094095851,556.960253253766,-3.00875023495556e-17
7771.311158309091,557.3939309939575,-3.4781174926811152e-15
7771.544038013986,557.4272688850168,3.542658516590066e-14
7772.432897768126,557.5545227746536,2.084223307946636e-15
7773.8840031793325,557.7623020167975,9.246787670645564e-15
7776.749384416484,558.1727009050301,7.81179892159264e-15
7777.235631732859,558.2423594780782,-5.289892271732273e-15
7779.505593111656,558.5676060859153,-1.9403709658296082e-14
7781.304662786897,558.825449397494,-4.979693941285357e-14
7783.108823487417,559.0840822312847,2.92794888403414e-15
7783.252197565029,559.1046379854669,-7.47446079334866e-15
7784.33977675692,559.2605781579041,2.1522027439992525e-14
7793.511755949001,560.576549104522,1.5714490581318982e-15
7793.606517675525,560.5901533504951,4.036159379589071e-16
7794.1566916873135,560.6691410657626,-1.3470224051464227e-14
7794.425373643118,560.7077173856752,-7.469363068891849e-16
7794.85533080199,560.7694517444556,5.503225272396091e-15
7800.025654676954,561.5120868811775,-6.740429860686354e-15
7800.7627240921665,561.6179953322064,5.05300399409538e-14
7803.718514485456,562.0428091639191,-2.359686529170422e-14
7804.887224311803,562.2108235565732,3.104433838586825e-15
7804.94696351081,562.2194123738839,-9.760198854901554e-15
7807.42590891489,562.5758729930404,3.887962219954839e-14
7807.787545539481,562.6278840898536,-1.8359849294698197e-14
7809.284717789128,562.8432351770783,1.2071782359028963e-14
7810.528398621823,563.0221558218724,-1.160718082095494e-16
7817.273535070884,563.9930330568739,-3.608893869053294e-15
7817.9925795551635,564.0965798651197,2.237735090462166e-15
7822.796996772125,564.7886897754097,1.1239011787022857e-15
7823.388187865576,564.8738843676791,-3.0083125178216913e-15
7829.507110693655,565.7560402536867,2.6890999481182037e-15
7830.5862323557385,565.9116871399439,1.6932853737212097e-14
7835.090270325406,566.5615577206556,1.4123246367260408e-14
7835.226746320004,566.5812551581284,4.3584800559945174e-16
7835.494648552412,566.619922204753,-3.13720877790522e-14
7837.252742414466,566.8737054061313,-1.1883847730517677e-16
7840.08063814842,567.2820353852953,-4.663433223178112e-14
7841.245036672879,567.45020986817,5.125908871811442e-15
7841.820830885017,567.5333812546958,-1.421473313283233e-14
7842.319929570057,567.6054791915171,-1.9175894579683816e-14
7844.885055365371,567.9761001028111,1.9298319623248194e-16
7847.868149211261,568.407263356873,5.533449319310582e-14
7856.531668659551,569.6603796539035,-8.637183575274712e-16
7860.170004099772,570.1870511644306,-3.537029768577558e-15
7867.458416477552,571.2428273387104,3.66172731752574e-16
7868.0726409902245,571.3318466497831,-9.226450999269952e-15
7868.256908344023,571.3585537982768,8.732248044830941e-14
7870.6496733568365,571.7054106576466,2.4842926975533124e-14
7876.341267075629,572.530891785877,-6.489372278283882e-14
7876.44107855894,572.5453732829966,-1.2057469372478046e-15
7877.367465084729,572.6797900584595,-1.1201523462897851e-14
7878.173593489119,572.7967704918116,-2.0829474777503282e-14
7881.907346573771,573.3387460708375,-2.7210548517231994e-15
7883.250962695235,573.5338424558429,3.301966363585371e-15
7887.345572681078,574.128595046513,-5.503070542791997e-14
7888.302670432504,574.2676604787481,6.8130476673347e-16
7892.039872558657,574.8108341285226,-2.3639684506837176e-17
7893.306669347547,574.9950117052043,-1.9735777873592136e-14
7893.698278742865,575.0519531559409,-1.3553000309082778e-14
7894.04796752765,575.1028015827977,-1.8045642378730775e-15
7896.919343318902,575.5204150054516,1.2305380011658192e-14
7909.0829976919795,577.2911835278012,-1.1793136034239837e-15
7910.713155626206,577.5287068424348,2.7790547868505233e-16
7911.348730305834,577.6213269638798,4.001806518599085e-14
7911.941604651542,577.7077312199335,6.769688711951653e-15
7912.937050166512,577.852819911025,-8.255766672474178e-15
7914.111754546987,578.024059513052,-1.321156314699472e-14
7914.239649206307,578.0427045725195,9.85938859288893e-17
7914.312157236998,578.0532752536403,2.003932714321831e-14
7915.4177613597985,578.2144692396575,4.5514962194511576e-14
7917.836146572951,578.5671415274492,-4.467528061632481e-14
7929.35654845996,580.2486367914697,1.569094305503288e-14
7929.574072552031,580.2804096979036,3.899693392330536e-15
7929.70549878984,580.2996070447294,-6.642593351742077e-14
7930.311141967228,580.3880770693049,2.4439076200980317e-15
7931.171056284962,580.5137016508836,1.3195221958380627e-14
7937.980940421207,581.5090362999857,4.997332112662101e-15
7941.751358017118,582.0604890544761,1.7581790270618894e-15
7946.2674263635,582.7213436746354,-4.67083444083577e-16
7947.342319260664,582.8786924684861,3.618810617914575e-14
7949.973917263992,583.264010241652,-3.227369299345302e-14
7950.833831581722,583.3899462856632,-6.350349190874302e-16
7951.38663364312,583.4709123639377,-4.460194108356696e-15
7956.570588610035,584.2304535259103,-4.8835668833408506e-14
7959.662854997855,584.6837610004394,1.1971024928488754e-16
7959.971650506451,584.7290382198252,1.7613074838752515e-15
7960.0253951513105,584.736918721402,-1.2025936166481654e-16
7960.952726474449,584.8729003865845,-4.9641563939882664e-14
7964.591800369524,585.4066786017579,-2.266379916072103e-15
7970.741434423119,586.3092594265163,-3.5946839567262804e-14
7972.5883367260085,586.5804650134813,1.4641053031231418e-15
7981.276572845639,587.8571189994827,-3.49037255817249e-15
7981.52057939844,587.8929935248888,2.945691973791892e-14
7983.9534992325025,588.2507481836712,-3.195888038283771e-14
7984.3220339401005,588.3049497818926,-5.094273582225041e-15
7992.324482313727,589.482512880274,1.752661047936305e-14
7993.697043871559,589.6846043138411,-1.3296448138981713e-14
7994.776165533618,589.843514993138,-8.040932757058575e-15
7996.355124335604,590.0760699857153,7.724682592657674e-15
7999.969481559172,590.6085789979089,4.250642515530529e-15
8001.163770317353,590.784588358904,5.5731534377108154e-14
8003.259687661331,591.0935395439059,-3.599143301918218e-14
8005.158568819823,591.3735162424011,-1.164341255995329e-15
8005.666125034653,591.4483630932505,-2.137914262226506e-15
8005.973237290982,591.4936537510597,-6.846221090480375e-16
8008.779824126401,591.9076290326952,1.2347646718568803e-15
8016.784776744151,593.0891672805722,-9.55301606191039e-17
8017.9501200659415,593.2612714357693,-1.0104831683048594e-14
8018.693922490179,593.3711332480881,-2.0660616395039084e-14
8021.527771509717,593.7897944875449,-1.0062075286457941e-14
8022.287874344134,593.9021141255365,2.180175147286225e-14
8025.2863238027685,594.3452958114373,2.185086018109113e-15
8026.834571379119,594.5741972440535,-1.3999141049390212e-14
8035.040050492329,595.7880775231783,1.2572746716976797e-15
8035.953709454907,595.9233167039478,1.4156643111178825e-14
8036.098684247795,595.9447771881505,-4.256397038826045e-15
8042.110200322969,596.8349972134754,1.4334068592911624e-14
8049.1708240209655,597.8814252466727,-2.0711546467379175e-15
8050.399273046276,598.0635827643733,-3.4907871518680425e-15
8052.275941777419,598.3419136050599,-2.8715440827921497e-15
8052.346725287355,598.3524128562923,3.946301133662072e-15
8053.47536282936,598.5198350659767,2.7387217900672604e-15
8055.929591561871,598.8839765980493,1.5059644120280808e-14
8057.593047502827,599.1308518044411,-4.0668637548279506e-14
8061.239840472754,599.6722544600924,-5.5764783000795315e-14
8062.711309985013,599.8907780980726,5.0406325840642464e-15
8065.843689925586,600.3560915133456,-1.0549748605431228e-14
8066.496262201792,600.4530535355841,7.104946334764237e-15
8067.256406304695,600.5660089375954,4.992789920616291e-15
8071.8193212128435,601.244269724314,-5.1373835626241734e-15
8076.681711839403,601.9674685981473,3.044336413582407e-14
8078.49100483362,602.2366816969511,-1.6182678890743513e-14
8083.784173610917,603.0246230953286,-9.448657973749429e-17
8084.613376702997,603.148105071742,8.696277300393074e-16
8085.477519785613,603.2768036647541,2.2511850812178922e-14
8085.702680415598,603.3103395559357,-1.72314133457207e-15
8093.388738011106,604.4556769587051,-2.4456213772541924e-15
8100.724941747864,605.5498959482743,5.683987028017496e-16
8101.177932325946,605.6174934854735,-3.369013162142506e-14
8104.005745522817,606.0395594722307,-5.235454579573166e-14
8107.007602754438,606.4877636256722,3.414735106514812e-15
8107.392396603712,606.5452287941181,4.348334028656476e-14
8108.087627945346,606.6490616577852,7.546180319750103e-15
8113.730526775893,607.4921585195592,1.225775292045622e-14
8114.198831698298,607.5621535990796,2.218214623398546e-14
8116.322956023729,607.8796860346073,-6.419440713298738e-15
8118.884632777444,608.2627381396187,-8.385259706743965e-16
8120.507195442198,608.5054253666202,1.7065951105122792e-15
8120.520826534263,608.5074643789254,1.2050700249637081e-14
8123.000592930121,608.8784581653523,9.805492658332738e-18
8123.983352150362,609.0255185028742,-4.470026976035647e-14
8127.660815077398,609.575972827474,1.8945658704291495e-14
8130.411029218296,609.9877964260052,-8.63945894038634e-15
8141.718218314803,611.6824257622872,3.198979975993433e-14
8142.102149903699,611.7400076408305,5.690106116221514e-14
8142.515806652377,611.8020507235598,9.345981823878466e-17
8148.61177859796,612.7167319903939,-1.45624409314567e-14
8156.826577501223,613.9504192943441,-2.6704625786610858e-16
8158.177871429047,614.153473833261,6.886098956425852e-14
8158.871336981433,614.2576917039836,-4.307244444760628e-15
8159.270582914654,614.3176966275615,3.381843131652464e-17
8161.81694532403,614.7004728818663,3.5347058501064337e-15
8166.762108568759,615.4441847395173,-1.5298184976930056e-17
8169.971225304884,615.927050504936,-2.6411298477444748e-14
8170.777394977731,616.0483821498749,-8.61987549125264e-15
8172.828970003967,616.3572061027843,-3.2050076285968863e-15
8173.85775479416,616.5120984477096,-7.61818722473024e-15
8173.883333726024,616.5159498229663,-1.1487211122609396e-14
8176.105503745502,616.8505841001895,3.1005546017003564e-15
8177.149685416998,617.0078577479042,9.345377654627502e-15
8177.702487478382,617.0911283983181,-5.47462415571598e-16
8182.699588310222,617.8441158962377,1.8029231107118743e-14
8184.012493206003,618.0420271045541,6.6169863607817976e-15
8186.098187230886,618.3564961430114,4.323263940568724e-14
8192.227292109228,619.2810713220889,-6.950948843064572e-15
8195.477467195497,619.7716408499023,-2.1216481563754122e-14
8197.678328316497,620.1039412658112,2.7870630831952444e-14
8198.305280392336,620.198618922445,2.1360462723844693e-15
8206.919407765752,621.5001937841286,5.00767022552587e-14
8207.779322083454,621.6301998979222,1.4494966593254538e-14
8208.529077793331,621.743562802318,-3.8182522926060285e-16
8209.028135209852,621.8190259180584,4.770599770840229e-15
8209.949471978818,621.9583544926425,-4.820015729299984e-14
8210.248906428733,622.0036396461392,5.325395683178316e-14
8211.728095015866,622.2273698750128,-1.8484477509659288e-14
8212.41983604749,622.3320109193437,-1.612177428087281e-15
8214.19340932775,622.6003431551987,-9.23838272091219e-14
8217.644849364387,623.1226938347936,2.9391279894267526e-14
8222.082415125777,623.794610001131,2.1974453969894306e-14
8226.12410145847,624.4068995350348,8.4154562724897e-15
8226.422714916498,624.4521494942485,8.050705822904067e-15
8226.908962232843,624.5258357942713,1.647348715340638e-14
8227.506106611918,624.6163334807835,1.7784423219648244e-14
8232.782153987057,625.4162078912598,-1.4218580524273912e-15
8233.724758385997,625.5591652853558,3.1948352367639188e-15
8233.915923822806,625.5881598395617,5.720988580061576e-14
8237.613833387884,626.149163766425,3.455014904141515e-14
8238.842282413169,626.3355855359752,-1.2153720069453498e-15
8241.311866758439,626.7104383825144,-7.20829234085179e-14
8241.828742763431,626.7889080865793,-1.3255160152017019e-15
8249.693935418814,627.983572153929,-5.205341843152988e-14
8252.661673651734,628.4346455496549,-4.803968466684366e-14
8254.560554810165,628.7233460012959,-3.8523013104752655e-15
8256.142059124742,628.9638440827471,8.452172996112339e-15
8257.063395893701,629.1039722583794,9.044753333546163e-15
8257.587990973594,629.1837660869883,1.0456851453258662e-14
8259.062129803931,629.4080179373311,4.207628905009807e-14
8261.908706386579,629.8411637465878,-5.114532498092326e-15
8262.70719825301,629.9626920822732,-1.659205573771638e-14
8264.088258609092,630.1729135146846,3.9923186858268777e-16
8267.251349775222,630.6545234494961,-2.514170669477536e-15
8267.957707964757,630.7620982018384,7.655312307228937e-14
8269.232962283386,630.9563362103693,8.744108987504145e-17
8269.416449913784,630.9842862554848,-2.2720870965681217e-15
8269.962353892146,631.0674456145359,1.9836744505319955e-14
8270.791556984208,631.1937713668489,2.5539957089431868e-15
8270.891368467514,631.2089780984832,2.773518804469493e-15
8276.93347196267,632.1298617336372,-3.9679754567269004e-15
8279.599230233029,632.5363666819471,-2.7023474992282745e-16
8280.019826333206,632.6005158847192,3.9688552181463184e-14
8280.75689574837,632.712941370392,5.494325127069433e-14
8282.630115437954,632.9987093363081,-3.3841241685093194e-15
8287.069446988551,633.6762071458961,-1.9104777817644225e-15
8291.757752311747,634.3920956229516,5.6097447681992185e-15
8293.083467307688,634.5946012832933,2.031555707360775e-14
8300.541612417926,635.7344514900666,-1.518317309544471e-16
8300.850407926508,635.7816677040016,1.2529443651180657e-14
8301.0944144793,635.8189786392729,-2.6804796413067823e-14
8303.92658024648,636.2521241106912,-4.405676300327336e-15
8306.39616459173,636.6299377346676,-9.531991209054187e-14
8315.03665062029,637.9527015642708,2.932843869626332e-14
8315.660277460089,638.048225218391,-7.413437566172212e-14
8316.451050251617,638.1693616514029,-2.0373313828718922e-14
8318.94444773948,638.5513941668752,-6.503296868105362e-15
8319.105681674047,638.5761019943764,2.72385894586251e-14
8320.211285796793,638.7455399974409,-3.9514222178749656e-14
8320.694987600493,638.8196762042318,-1.086354923345323e-15
8332.957549927358,640.7005792386561,-9.031787613201878e-15
8334.260107698594,640.9005358560156,3.735465003196219e-16
8335.979936333972,641.1645959109418,1.991084252590818e-14
8337.947917750058,641.4668238370825,-1.490928414688282e-14
8339.035496941871,641.6338767553194,1.0307153797426495e-14
8340.123117402176,641.8009578021714,9.861613079501059e-16
8341.424074458131,642.0008403926977,4.339884997841895e-15
8344.335522533525,642.4482761736199,-5.924375174291822e-14
8347.665800919844,642.9602698880074,3.2490925482629165e-15
8348.552977421656,643.0966979900116,-2.1293626600396936e-14
8348.70230478491,643.1196626576166,-1.3754357037348512e-14
8352.25101079216,643.6655298129905,6.787435031261043e-15
8355.304888147793,644.1354674129722,-1.6436996221618912e-15
8361.42803974036,645.0782294706556,-1.954263383402518e-15
8361.515123660469,645.0916424842408,1.1216156335312304e-14
8361.64301831978,645.1113415842968,1.7496116789029056e-16
8362.986593172674,645.3183052249258,-7.30940257785123e-16
8363.347450073847,645.3738971177298,-4.9510064541017624e-14
8368.081863503938,646.1034804483738,-4.411815008965619e-14
8369.508210975056,646.3233646078107,7.629278642652022e-14
8371.181027974617,646.5812919885185,-3.0833508265331534e-14
8372.95538097824,646.8549312813785,9.194058408219672e-15
8374.443889355518,647.0845325786577,-1.7870305168062113e-14
8376.218242359137,647.3582785174572,2.305453024226244e-15
8380.969735922792,648.0916212067294,4.887238851180006e-14
8382.859214754037,648.3833578163599,7.907813085892443e-15
8387.75153688265,649.1390407320721,-3.810791194931956e-14
8388.747023666052,649.2928606241933,2.774506679211194e-14
8396.25554691654,650.4536451822507,-2.770207541420294e-14
8396.936243637221,650.5589292331232,-5.3487139028623865e-17
8403.358008687783,651.5526102211563,-2.1231723732710454e-16
8406.980988514939,652.1135523616838,-7.427822107931953e-14
8407.375019617395,652.1745743595314,-1.367528173937435e-14
8408.35609558534,652.3265220389794,4.21435875337395e-14
8408.94896993101,652.4183541865392,8.314076437327399e-15
8411.321288305564,652.7858747318036,3.6290738195570275e-15
8412.340670768564,652.9438297294297,2.618131403011173e-15
8414.530405041598,653.2831973966505,5.6766849944291476e-15
8415.87656667561,653.4918709957335,-1.4932890388757028e-14
8419.369762248734,654.0335201338106,2.0524579897241703e-14
8422.031291754145,654.4463633789863,-3.453995877003467e-16
8426.581437830417,655.1524616813746,-1.2257721008036927e-14
8426.897131422007,655.2014656213464,8.203817578859552e-14
8427.196565871915,655.2479474117926,2.5107114833797507e-14
8432.593774897194,656.0860498181848,-6.6694453535189795e-15
8440.892208678782,657.3757139694368,-5.7854170103392344e-15
8445.928684608361,658.1590540347622,-1.170381167564394e-15
8446.647729092583,658.2709275620642,3.978013332739764e-15
8447.507643410263,658.4047310221152,2.0023508343287434e-15
8447.661199538421,658.4286259304798,-1.999853372938298e-14
8448.398268953571,658.5433275367836,-8.241637961371768e-15
8452.933018148524,659.2492384027189,1.7477283521231578e-14
8456.18319323469,659.755416496426,-1.048253596253641e-15
8458.268887259508,660.080342306975,-2.3775903558259606e-15
8460.478247178731,660.4246211625433,-8.078281439516334e-15
8460.97726332675,660.5023940093057,3.4948689418496676e-16
8463.535573575833,660.9011847511237,1.0620553969434221e-15
8465.050605682321,661.1374055888062,-1.6343651843085946e-15
8467.187498839352,661.4706576585097,-3.0937131259248545e-14
8468.812524479696,661.724139435779,-1.2542927077480255e-16
8470.586097759904,662.0008481302808,4.526325003917836e-14
8474.926397550498,662.6782558100891,3.118227103235501e-15
8482.443419599207,663.8522879759596,2.231064095959463e-15
8483.599360593773,664.032918816851,2.1537697040151613e-14
8483.894525010286,664.0790460474848,5.008795099787242e-15
8485.9921256064,664.4068977318843,-4.453247930138353e-15
8486.17126066642,664.4349000172784,4.204279066958466e-15
8490.117446817574,665.0519154129327,2.485613138409831e-16
8491.31518461719,665.2392473234387,-3.884392188381868e-15
8492.285913460606,665.3910933370348,1.5049192846020973e-16
8492.402805077474,665.4093792495578,2.9163736023319583e-15
8492.709917333787,665.457423482301,-1.1871971926504292e-15
8493.760052290903,665.6217183251454,5.688089060421854e-14
8504.996416608506,667.3809322096387,3.4525329113659806e-14
8510.56249610622,668.253243118966,-4.837127887244667e-15
8517.920132546564,669.4072009934779,-8.06872096540048e-14
8521.838152984712,670.0221028539041,5.84254877672155e-14
8522.846491136768,670.1803991853806,-1.2811460327011203e-14
8525.625650713924,670.6167890231817,6.802976654827685e-18
8528.102912865521,671.0058941863789,-8.579708158096812e-16
8528.776876577143,671.1117736620859,3.880557114279816e-14
8530.012058611434,671.3058420695606,2.5677809026660836e-14
8532.961074726916,671.7692970278438,7.657417759678705e-15
8533.106049519796,671.792084787299,1.3378634769989843e-14
8538.289183494464,672.6070463612012,4.4600099309036375e-15
8539.184037802666,672.7477974056844,-2.7091129197377864e-15
8539.517632519704,672.8002720733443,2.495171535693285e-15
8540.696524396502,672.9857289608949,8.18011461339851e-15
8541.287715489898,673.078741581234,-4.655845283924792e-14
8543.06633852688,673.3586127466168,-2.810453090263685e-14
8553.29859345727,674.9698177851925,-1.1468162350897635e-14
8554.795765706778,675.2057292709134,-3.691450594798592e-14
8562.784582987802,676.4652361483636,-7.739946929239172e-15
8563.664861406578,676.6040916435575,-5.8544087319933165e-15
8567.279259898394,677.1743780383933,4.476382189054168e-14
8567.73992828286,677.2470804275428,-6.386478215728176e-14
8567.816665078446,677.2591913592572,-3.9936976588490765e-14
8568.100743915531,677.3040268493937,-5.64544308565417e-16
8569.198670231837,677.4773239351384,1.3766388269202423e-14
8573.389642659135,678.1390326875684,-9.894076591062921e-15
8574.065289623015,678.2457402451914,5.154267007040314e-15
8575.337136168584,678.446630739017,-5.059582548481684e-16
8580.39147195505,679.24526684111,-1.814988320859199e-15
8588.680544677838,680.5560427543103,-2.1377664588462946e-16
8589.536188962109,680.6914204169296,-1.8050068716876912e-14
8592.000641013514,681.0814145379816,-2.737710423083998e-14
8596.317127661436,681.7647586488586,-9.606362008634857e-15
8597.110404697085,681.8903798740306,-2.5911123372908643e-15
8598.4880572801,682.1085687907656,1.4797387528870466e-15
8599.962196110378,682.342077659937,9.438579937385075e-17
8600.27099161895,682.3909970450646,1.8418406344171284e-14
8603.708800563376,682.9357333755845,1.3072306258429461e-14
8604.22994660174,683.0183303182598,-4.738692119652192e-16
8605.09499321317,683.1554434416776,8.951480906850362e-15
8605.581240529495,683.2325215117844,-5.845791208138219e-14
8611.11406328888,684.109870201097,-2.034327207985107e-14
8612.068656796073,684.2612986818433,-3.061753413465918e-15
8619.247075639338,685.4005588539356,-8.034750709180959e-15
8619.79297961768,685.4872360827848,-2.9323728172862998e-15
8624.421710815664,686.2223947168302,8.197099421063171e-14
8634.871531106513,687.8835395873315,-4.378551662972472e-15
8638.978951192164,688.5370220825874,-2.3545845631698622e-14
8639.251903181335,688.5804592219258,6.152257851375334e-16
8645.150797672612,689.5195350990147,2.6325664503755074e-14
8645.61914386348,689.5941210454334,1.5201574708640452e-15
8653.512419694518,690.8517637073451,3.0816110602566013e-15
8653.83394276628,690.9030165912604,8.393542179813962e-16
8655.301183513538,691.1369285511432,-8.025716127248414e-17
8656.40678763624,691.3132135052606,7.339724317890596e-15
8657.352841076645,691.4640765030246,4.0917990197477866e-14
8659.622802455202,691.8261245376389,-4.9670212681919176e-14
8659.823205145194,691.858092372495,1.251680393066737e-14
8659.984439079755,691.8838126231424,-3.4545668009561795e-14
8663.034087670385,692.3703867910112,1.8022707452277904e-14
8668.357146681072,693.2200961207126,6.397311518833738e-15
8671.658479630887,693.7473435744366,-9.946681866745628e-15
8672.137007872308,693.8237847570908,6.953238491138761e-15
8672.751232384922,693.9219085506884,-6.645631811609389e-14
8681.0018748071,695.240641507577,7.014893117242621e-15
8683.589254297984,695.654450927933,-8.159022627305132e-14
8683.686437731661,695.669996246197,-1.305436178151291e-14
8687.28716386288,696.2460857078717,-1.6776663780229805e-14
8687.423639857463,696.2679255519067,-4.599606955895321e-15
8687.655698570446,696.3050619993384,4.014394652822657e-14
8688.515612888103,696.4426830755381,3.7845154994759355e-15
8698.233496057515,697.9988842577053,1.5284480094785736e-17
8698.995282144135,698.1209485931383,3.22414826272288e-16
8700.262120201392,698.323963297343,-4.422828028256455e-14
8701.741308788443,698.5610452400026,1.535165560071076e-14
8703.28528633128,698.8085544423076,1.260554730307374e-14
8704.206623100195,698.956271376499,7.67262143061883e-14
8705.012668967522,699.085516668332,5.9689553524343166e-15
8706.519202275678,699.3271135921069,5.262747076573786e-14
8707.658063136643,699.5097760549278,-2.4409900682259477e-14
8709.03567445115,699.7307637520224,-9.829932618160022e-16
8710.11056734822,699.903215554645,1.4085159021947865e-14
8712.095628897792,700.2217473626233,-1.8250098453887457e-14
8714.65221462606,700.6320954253628,6.841124070213612e-15
8717.369951751898,701.0684413223898,2.718976127973687e-17
8717.519320383639,701.0924271261581,-1.4770201564064554e-14
8720.269534524354,701.5341334382567,1.1786891544306509e-14
8723.547792786438,702.0608298680611,6.172019015632523e-14
8723.92913759418,702.1221109113425,-4.7513513690527585e-14
8727.002599327405,702.6161054071281,-4.795161367963511e-16
8729.149715803422,702.9613125769675,8.612072767898745e-16
8730.032663540296,703.1032949986825,-4.525061755920473e-15
8730.928338840367,703.2473387490595,2.6851556832469823e-15
8731.325080529414,703.3111480232255,5.986566369895701e-14
8732.398207637234,703.4837571227646,5.867339728160245e-16
8739.208091772844,704.5795998702067,-8.181376572489889e-15
8739.707149189338,704.6599415060946,4.3230864517650505e-14
8739.734411373462,704.6643304889074,-9.155926435351622e-15
8746.217598875051,705.7084580129728,-3.767438659679171e-15
8746.701300678727,705.78638998564,-1.5611570191320596e-14
8748.931969496356,706.1458416039003,-4.293824693918892e-14
8749.075343573952,706.168948143475,-3.4944695627273604e-14
8750.454638140716,706.391258190049,-1.7066376528531905e-15
8759.429663683251,707.838678458131,1.8869825631585514e-15
8763.854419344201,708.5528137158944,1.729493243447891e-14
8768.92743597942,709.3720190958379,-7.257995090820092e-15
8770.421159187388,709.6133201773937,1.4304051516846408e-14
8770.770109517234,709.6696967120648,-4.563060835878661e-14
8777.159397552667,710.702348801539,-6.335704137977308e-16
8777.266928110865,710.7197345832174,-1.7030874521574817e-14
8779.73651245599,711.1190811340103,2.479848815562439e-14
8780.551098390095,711.2508291886847,7.852793069480252e-16
8781.770966080028,711.4481488428765,7.337297327426505e-15
8781.902392317825,711.4694093249467,8.485799111646455e-14
8783.096681075898,711.6626209065166,-1.687211564898472e-14
8785.962842036102,712.1264145268451,-4.670948628697594e-17
8786.761333902488,712.2556510509958,2.8149913598449196e-14
8787.526486493623,712.379502607241,-7.656287043630974e-15
8788.765117569388,712.5800166997258,-1.7631518512080885e-14
8794.777454635936,713.5537171649474,5.9245294823275295e-15
8795.488041590332,713.6688410148403,-1.5355840901945102e-14
8796.409378359236,713.8181227819653,7.916318476536433e-14
8800.54233610819,714.4879674240391,2.2308873561473995e-14
8802.170810789989,714.7519871054777,3.833557388544349e-14
8802.930913624336,714.8752370041277,-1.7891195203567888e-14
8806.97604899828,715.5313306047113,-2.3968768958013603e-14
8807.743829639032,715.6558934668119,5.744516890631269e-15
8809.691281879946,715.9718920798889,-8.922037387902647e-16
8810.708201367246,716.1369278181281,9.022150979723318e-16
8812.168544031469,716.3739599688921,-1.8586668564922896e-14
8813.757849957832,716.631969134957,8.392019321552522e-14
8817.061645883257,717.1684588398872,-2.0661118634113584e-15
8818.584397064587,717.4157997752611,2.6174337294770937e-14
8820.670091089323,717.7546490051708,1.2963025601119429e-14
8821.947069928632,717.9621510548025,-1.2039313906793597e-15
8823.121774308984,718.1530605922396,2.576662453252705e-15
8824.048160834673,718.3036321617684,-3.698292017651706e-15
8825.993150099928,718.6198152339607,-1.6535854124634993e-14
8826.179921697854,718.6501810314448,4.76375634590591e-16
8835.674327489434,720.194652059846,3.4739090857565518e-15
8842.26422455727,721.267617987656,-5.636911729155051e-15
8844.521375835606,721.6353109001024,-2.2389445302977425e-14
8847.045484548964,722.046602684143,-3.207640570904924e-16
8848.765313184245,722.3269079922011,-5.175042491594269e-14
8850.761377776234,722.6523037777333,-3.767361037040497e-16
8851.72874011509,722.8100282983761,3.4239842364555796e-14
8859.521424739272,724.0812227766468,-6.33603388668981e-14
8859.87111352402,724.13829255857,2.646267408107942e-14
8860.797500049706,724.2894912434606,-2.504010033554713e-15
8869.962746231582,725.7862340244127,9.681464457275192e-15
8873.471297417353,726.3596122196009,4.940857041251409e-15
8874.300500509362,726.4951562604704,-6.964087600664193e-14
8877.265693229441,726.9799592413144,-4.922655936345766e-16
8877.76475064593,727.0615700376031,3.164809298203078e-14
8882.102422386724,727.7711021838014,4.962142001139739e-15
8883.167912956613,727.9454422116172,-3.894932395020263e-15
8883.300160186292,727.9670825158972,8.112693727429196e-15
8884.021832720107,728.0851792342854,-5.189919597200205e-14
8884.758902135225,728.205805448703,-4.679695205629327e-14
8886.85309495824,728.548588365351,-4.0730372575050106e-14
8888.676922573226,728.8471830182225,-6.273168266617856e-14
8896.10870902774,730.0645388397758,3.3719415194830964e-15
8896.994202277236,730.2096539464335,6.168679087111885e-14
8899.58909450051,730.634989450539,-4.224110526653527e-15
8904.543618803513,731.4474428608185,7.424665596763282e-15
8908.126485077688,732.0352506053565,-1.9237572758875627e-14
8908.254379736996,732.0562374707737,-4.803370811184518e-16
8909.34803601987,732.2357132287189,1.4160531757420056e-15
8915.482273191508,733.2427878402287,-1.649550029861784e-14
8915.942941575957,733.3184450192942,2.1978425761182642e-14
8916.215893565119,733.3632747228977,9.737751804104498e-16
8917.209779633187,733.526522418285,-2.0850942729001046e-14
8917.610626281656,733.5923673993624,1.35810112241132e-16
8917.789843878649,733.6218074935556,-2.4080855334294385e-16
8918.040583440474,733.6629975016489,1.2530762642927593e-14
8918.384360208054,733.7194729925228,-1.878666848571846e-16
8921.73861681076,734.2706229866603,6.587607085458633e-15
8923.313305579191,734.5294372613537,-2.9483521893061577e-15
8931.002729678517,735.7939194384869,-1.82828077395341e-14
8935.844591129542,736.5906949251553,-2.041394477473502e-15
8936.875921432287,736.7604661658703,2.727080879254482e-16
8937.899573928626,736.9289929081591,1.8183096243235152e-14
8938.411482713778,737.0132771075431,6.844481197037164e-15
8939.366814675846,737.1705824727267,1.0525486301333463e-14
8947.773682544064,738.5555858100143,8.034357870938067e-15
8959.704457210839,740.5233758275094,-2.819228985395427e-14
8960.599311519,740.6710734078307,-3.75898648210411e-14
8964.655532472309,741.3407461512923,-3.522113669280682e-14
8966.603067250175,741.6623873527261,7.931207045000245e-15
8967.322111734358,741.7811573626346,-1.0100532689601921e-14
8971.79638327517,742.5204206109054,1.0039051718490593e-14
8972.533452690284,742.6422385685167,5.543866772482779e-14
8972.717720044062,742.6726946215797,-1.539351732760166e-14
8973.515267113076,742.8045219057398,-7.272270818566622e-15
8974.252336528189,742.9263632011873,2.719709794606644e-15
8975.506281948254,743.1336697044823,-1.5223495328278526e-15
8977.50756137097,743.4645879977373,-6.085350776100309e-14
8977.707143069072,743.4975935494062,-1.8668200190027554e-16
8982.851929279963,744.3486588104739,3.357778791346156e-14
8983.773266048853,744.5011204520105,-4.72377667346733e-14
8987.930981737707,745.1893284750922,-5.820802491206735e-15
8988.691084572043,745.3151793155126,3.9521870117977546e-14
8990.162554084152,745.5588419554434,4.586926358977948e-17
8993.431410018991,746.1002789785589,-2.5482358171868826e-16
8995.634036929048,746.4652221338721,-1.4858115712962376e-15
8998.656423335457,746.9661329319252,7.210947935909522e-14
9007.933346303324,748.5046811121819,6.700782458886724e-14
9014.736332355744,749.6339422523554,5.049777310382722e-16
9016.402416346149,749.9106336942206,-8.479970674256262e-15
9019.267797582892,750.3866155284506,3.813324015534047e-15
9021.432815184304,750.7463570033806,6.557142545198589e-15
9025.89595987718,751.4882300227199,4.0079387385855675e-14
9028.302397250232,751.8883852121363,5.833200807917321e-15
9031.236878744641,752.376490735105,1.228173088322826e-14
9033.079552282412,752.6830719996838,2.3339681619648025e-14
9034.896481814358,752.9854312568862,-2.1413839019437656e-14
9036.943786807018,753.3262006688883,6.109192219722311e-17
9037.212510031277,753.3709347906259,2.5394998228771473e-14
9038.295080734713,753.5511628688806,-5.5223915227245134e-14
9038.594515184604,753.6010169998211,4.356405116653602e-14
9043.185554536776,754.3656057046428,1.0089841113197158e-14
9045.891426359714,754.816421690064,-1.1487732831950043e-14
9046.997030482375,755.0006613974723,-5.015455355214259e-14
9047.365565189926,755.0620796369888,-8.011998193986081e-17
9049.944322076954,755.4919129823625,-2.2852041691641167e-14
9050.244536250235,755.5419613570092,1.3820835317224158e-17
9050.7282380539,755.6226022451058,4.664639908325578e-15
9057.676322704638,756.7814355531096,3.477409137695257e-15
9059.211883986109,757.0376634650926,-1.143237016836689e-14
9064.616729548961,757.9398761225915,1.7011404983862046e-14
9065.46896606018,758.0821862059579,-1.1197164741486722e-14
9067.18789116656,758.3692603495731,-1.3428773140449778e-14
9070.028473194827,758.8437793959271,6.125714242877633e-15
9078.013061710542,760.1784004888528,3.470084950608639e-14
9079.518732758268,760.4302044703475,-7.357647177787872e-14
9082.529951048247,760.9339170014437,5.544821404018729e-15
9082.906163562207,760.9968610605798,9.731905193289545e-15
9084.707778749822,761.2983251644547,1.229528236349576e-14
9086.330341414408,761.5698795982236,7.977610010847234e-15
9089.994994240895,762.183379652146,-1.3014830386341302e-14
9091.748038345915,762.4769444914006,-1.3758859179429398e-14
9096.287919834347,763.237456367081,-7.358792429834145e-15
9098.1433209353,763.5483787403738,-3.4099404035318414e-15
9099.956021702332,763.8522067650115,-1.0278867468039391e-15
9101.237311843492,764.067001201021,1.4892819830636812e-15
9104.85856714964,764.6742290066071,6.13628187260651e-14
9107.026171532165,765.0378178875948,4.216240366162462e-14
9109.354927312259,765.4285343672556,5.427813132710879e-16
9114.434924567304,766.2811982281305,-6.807247756531549e-14
9118.959491711403,767.0410348895565,9.39946199117952e-15
9120.538450513199,767.306287311738,4.597964616066394e-15
9121.429076056449,767.4559255218951,-8.556018303358388e-15
9127.051445711313,768.4009037098137,4.525691559471741e-16
9128.341317187742,768.6177806115203,-5.3575614869479825e-14
9130.324654216485,768.9513154808361,6.256436071998199e-14
9136.835103901958,770.0466775400595,-2.4700453073871616e-14
9143.52563344479,771.1731509231046,-2.559096089314995e-15
9148.356368047811,771.9870063232628,-8.968442881658146e-16
9152.738505911659,772.7256564709285,1.8032737192002482e-16
9153.047301420213,772.7777201712369,2.3571110619480077e-14
9157.026785577867,773.4488283965624,-3.3518732600045012e-15
9157.671721316081,773.5576191281413,1.3639985460876721e-14
9163.87078871185,774.6036971378492,1.2498532590939682e-15
9164.325545079128,774.6804640720912,-2.1300495800097917e-14
9165.214404833127,774.8305225328793,-7.79985906040491e-16
9166.598010701719,775.0641336359163,1.5247141601692946e-15
9166.61931960019,775.0677317536267,-7.207034079103251e-16
9167.672903598741,775.2456452912472,-1.0005152382931484e-14
9171.164415919337,775.8353859314313,1.0955525387978436e-15
9171.717217980666,775.928778624182,3.2355345283378112e-15
9171.87496160522,775.9554295243275,-1.2832723969563283e-15
9172.408179288828,776.0455204333438,5.047172493901522e-14
9173.602468046856,776.2473229906757,6.775544983528109e-14
9174.160319864966,776.3415938898557,-3.653079024810849e-15
9176.553084877438,776.7460102185764,-6.685691994495703e-15
9179.462849700323,777.2379500582971,-7.385663691907287e-16
9183.864571941878,777.9824243273375,-2.454585991616287e-17
9188.53846644919,778.7733224595997,3.4086838678261134e-14
9192.320010892505,779.4135151043115,-1.0405322958424466e-14
9193.045132467805,779.5363039076764,-4.495476804219977e-15
9198.605299947985,780.4781593620031,2.0847706061260275e-14
9201.676257436926,780.9986032985656,-1.7810535070260553e-14
9204.478615507087,781.4736785187046,-1.1189125175697209e-14
9204.6654283735,781.5053534776125,-5.6810786398782755e-15
9205.957804094069,781.724499181347,3.8837490754824076e-15
9207.110213510061,781.9199370130027,3.126740840219434e-15
9207.724438022642,782.0241137254355,1.5530070722126748e-14
9208.2081398263,782.1061577778019,-3.3023026399591985e-15
9208.423118405703,782.1426231844812,1.9410623642535255e-14
9211.87455844199,782.7281848762032,-6.17534769776383e-15
9214.638403674639,783.1972493670206,2.5270855402096985e-14
9216.31212420293,783.481372343847,-4.6170035514437985e-15
9220.046698278924,784.115522217568,-5.781390139365916e-15
9220.630211565875,784.2146289798746,-6.652745055930015e-15
9221.73581568852,784.4024274139853,-3.736637111919053e-15
9225.461069974337,785.0353666026984,3.9728178503271644e-15
9227.954467461972,785.459150020233,1.3933028555656117e-15
9228.14563289876,785.4916456524284,-1.2020182536167199e-14
9229.305761389649,785.6888668111026,-7.202979257762605e-14
9233.576057393393,786.415028194529,1.8255259913282554e-15
9235.541575833648,786.749376364225,1.51450614471271e-14
9236.71451442471,786.9489351699209,1.296424026933123e-14
9239.666897044517,787.4513532261404,2.6837452266234615e-15
9240.943917152268,787.6687182869151,-3.543805596038977e-14
9241.988837278557,787.8465993260045,5.5236030150586994e-17
9243.923644493181,788.176022593663,1.0936702330384072e-14
9248.760373650302,788.9998332356217,-9.370402791431695e-15
9250.860602295888,789.3576865865176,5.5721284291554626e-14
9253.076860297957,789.7353980351322,9.585366276706131e-14
9253.29183887736,789.7720411242676,-8.840419554482481e-15
9260.40879400044,790.9856064082556,-9.596964335539178e-15
9261.657607126706,791.1986471040153,6.906079899318073e-17
9263.64615898618,791.5379424788028,4.773737722497726e-16
9269.749726200482,792.5798145928469,-2.0593148607717794e-14
9271.293703743238,792.8434785892176,2.260907295562712e-14
9271.566655732391,792.8900949827535,-2.437558328125668e-14
9274.986604819636,793.474290919271,-1.1543722788223098e-14
9277.827186847853,793.959683127788,-4.2740592379024817e-14
9278.778331313479,794.1222457517665,-2.3058898299267588e-14
9280.191047692406,794.363727613593,6.012441938762467e-15
9282.962529462955,794.8375760633135,-1.3685578901419774e-16
9283.453909073014,794.9216034580874,-2.60555469676422e-15
9287.313176377733,795.5817044469125,-4.268330562929102e-15
9288.093684581647,795.715238332791,-7.04195520826518e-15
9291.92474490488,796.3708411495544,1.9004553461176916e-14
9295.533107573809,796.9885813403231,-4.014233602300987e-16
9297.081396418444,797.2537169920862,5.536726345349281e-14
9297.280978116542,797.2878974348262,-4.194360477016907e-16
9297.490824402175,797.3238365863243,-2.2197304106057353e-15
9298.93170649409,797.5706299794249,-1.4501914313173646e-14
9299.938278856827,797.7430577609002,-9.675919822031183e-15
9300.62587366046,797.860854802206,2.0026753053851897e-14
9301.550494396866,798.0192722698821,1.513869587094309e-14
9302.235502419368,798.1366464773633,-7.473455460002613e-16
9303.771063700808,798.3997920108726,-6.968848121387356e-14
9308.200869118324,799.1591607575108,1.9438558427991834e-14
9310.465780739956,799.547557444383,3.036759493032985e-15
9313.488946869671,800.0661300855746,-4.763695433142885e-14
9314.924696667818,800.312467464869,2.282422644930875e-16
9315.105514980083,800.3434938836762,6.980864465797601e-16
9317.063231808446,800.6794549591623,5.701781507647324e-15
9318.470733356617,800.921037977137,-3.74561823450886e-18
9321.009417959283,801.3568690846794,1.323386219921132e-15
9321.708098342338,801.4768365404791,-9.507344725453938e-16
9330.209645399804,802.9373216538564,-4.183224875518543e-15
9334.310167402176,803.6422283689564,-1.8124762151921094e-15
9335.90715113487,803.9168441845928,-1.599686061588486e-14
9338.77852692568,804.4107214277203,4.2973955795460124e-14
9344.791602446832,805.4454637316088,-2.3361517883822724e-14
9345.0356089996,805.4874669391072,-2.9824974084459614e-14
9345.772678414689,805.6143524852608,-5.4488495674804527e-14
9346.48071985641,805.7362503273621,-1.4260157583151197e-15
9350.63929780551,806.4523858921189,5.029092869678864e-16
9355.529854144423,807.294980748235,1.6328994723736247e-14
9355.657748803722,807.3170216542403,-8.522305999899682e-16
9361.671769122226,808.3537965129548,-1.1476207759548199e-14
9363.737920037638,808.7101401828186,-1.6028725944890813e-14
9368.18221880757,809.4769033179766,2.785685387404247e-16
9369.413213345353,809.6893479019105,-5.028191692927657e-14
9369.449056864749,809.6955341815088,3.057212111438364e-14
9374.772115875092,810.6145105863495,3.886026707268044e-14
9375.608872968001,810.7590163532052,-9.809836508038677e-17
9380.97377005188,811.6858265220482,-4.956288143917636e-14
9381.98124594348,811.8599316568952,8.00621759700779e-15
9386.224279763046,812.5933891065885,1.0152437418442256e-14
9391.380931276572,813.4852223705761,3.2172834504819142e-15
9391.530258639814,813.5110555572167,1.1477205250416617e-14
9392.609380301717,813.6977525826616,-4.199607275459754e-15
9393.599776059747,813.8691181664595,1.3552878442515887e-15
9397.249894265207,814.5008445671924,2.1765774189283475e-15
9399.613713841247,814.9100820409939,9.077565900415383e-15
9401.210697573932,815.1866189255016,1.5605233170692103e-14
9401.295933167803,815.2013798113587,2.1941282081758282e-17
9402.103786092815,815.3412883950166,-5.044857641208921e-15
9403.513874422108,815.5855243509701,2.984157090299709e-14
9405.495486930053,815.9288137066086,-2.157262848669884e-14
9411.751830549034,817.0131209689581,-5.470318510818834e-15
9418.554816601218,818.1929868785365,-4.313255347848198e-15
9420.121089108272,818.4647517880155,1.3065974187058647e-14
9421.426274928992,818.6912499037843,-5.2747506095121e-15
9423.772110842592,819.0984182654777,-2.1257329808140687e-15
9425.994280861793,819.4842153454775,-5.87141193645979e-16
9428.002375830461,819.8329245039239,-3.5138931884751987e-15
9428.928762356101,819.9938181615616,1.21949650080126e-15
9429.3587195149,820.0684979564323,-1.557072283211604e-14
9432.09698581564,820.5441907473195,-3.387214631352961e-16
9432.212152911747,820.5642006511434,8.810375992624634e-15
9440.196741427219,821.9520922831684,-3.082207322183665e-14
9440.834779082401,822.0630474951801,1.9781391600181383e-15
9441.855927334549,822.240641523326,-2.0704699421272702e-15
9442.412999429253,822.337533376079,-4.4636970189493707e-14
9442.627978008652,822.3749262461282,1.7314694411403093e-15
9449.7176709475,823.608567796983,2.3410565419199345e-14
9450.297735192935,823.7095428140011,9.07817275576676e-15
9450.684950749324,823.7769510342938,-1.5611790383876344e-14
9451.790554871948,823.9694347587496,4.3533794813230185e-14
9452.467885088034,824.0873678754491,-2.352358260383053e-14
9454.063020494486,824.3651377124365,-1.1804963097776295e-16
9464.81580681291,826.2388033461575,-9.509179178607816e-15
9467.930203090607,826.7818825346511,3.2189141183340403e-15
9468.518848671316,826.8845488821468,-3.5257910422024e-14
9468.941128023704,826.9582030377305,-4.730886045784779e-15
9470.522632338092,827.2340789228487,2.2853629982662382e-14
9473.496406393295,827.7529455874377,-6.649642091650959e-14
9475.569290317739,828.1147205148445,-1.9458638400591376e-14
9484.347155868767,829.647575334404,1.0838878662187859e-16
9485.698449796415,829.8836741890042,4.687332938775265e-14
9487.98976134176,830.2840903367336,-1.194976884425907e-14
9488.669637070483,830.4029200310982,-5.9878436047992e-14
9492.2123485232,831.0222582064154,4.772494901124459e-14
9503.774505944895,833.0451675413832,8.779544137549156e-15
9508.112301490926,833.8047413453472,-3.101286816138016e-14
9508.972215808519,833.9553586240528,-1.84033500054913e-17
9510.215034380615,834.1730671156473,-1.49693294501952e-17
9512.149841595197,834.5120500899567,1.6950927097490353e-14
9512.18133254422,834.5175679518513,4.102391821014794e-14
9512.480766994095,834.5700359381347,-2.736281299912541e-14
9520.124082986102,835.9098845347079,-2.9658556255553364e-15
9522.386366558072,836.3066619321115,9.185365237615472e-15
9524.948125848408,836.7560775993633,8.487435484448435e-14
9526.822249066636,837.0849361660343,-7.342428390466163e-16
9528.607728917976,837.3983003712176,-3.617452173306911e-14
9533.198768269958,838.2043295278852,1.319503504513203e-14
9533.828307126845,838.3148852446117,-7.166382434830383e-16
9534.058682587549,838.3553441814203,2.522135842519207e-15
9535.118178603232,838.5414272909109,-5.4304653815807234e-14
9536.34399957874,838.7567484551968,3.244699568716836e-15
9537.296047573216,838.9239992171656,5.904193260296952e-15
9539.927645576117,839.3863913115966,-1.3330179099749313e-15
9542.99782334158,839.9260064890026,7.557585624873766e-14
9546.214617883677,840.4915773350768,2.660816743918725e-14
9547.338123131745,840.6891548554248,-1.109120377803975e-14
9550.739185027614,841.2874009370466,-2.3725024556031904e-15
9552.26193620885,841.5553216105491,-5.2083301650342146e-14
9555.133229462625,842.060627914198,1.4201378514530335e-15
9561.562672318898,843.1926681221474,1.2409961663645463e-16
9561.754658747566,843.2264831260369,-7.485612767204087e-15
9563.42837927581,843.5213080689365,-2.8920082329322068e-15
9563.859937149884,843.5973351171866,-2.56156880954746e-14
9567.68927295228,844.2720950268633,-1.0675323510328811e-14
9568.610609721123,844.4344823233747,5.101354540845536e-14
9568.63282214846,844.4383974974961,9.68448228623345e-15
9569.531946489968,844.5968852564919,6.109558940758421e-14
9574.454814769702,845.4648983591374,-3.5131066323506002e-15
9581.346609262648,846.680827662992,-9.085632265492575e-15
9590.452937236849,848.2888121233143,4.446234738534697e-14
9590.546836702977,848.3054007350847,2.0180576485548174e-15
9590.641433355515,848.3221126785024,3.886772198205536e-17
9594.769423884383,849.0515457946137,-5.289873255935915e-14
9597.239787952725,849.488219544171,2.138037382393718e-14
9598.414492333,849.6959055278057,4.811439644476174e-15
9602.536364502246,850.4248474624396,4.91187959675897e-16
9611.442289786453,852.0009048653108,7.1045877097586284e-15
9614.02268865713,852.4578240313224,-1.2786350804999815e-15
9615.10694261278,852.6498528111955,3.652175568731098e-16
9618.651419854707,853.2777550446636,-1.721986543342562e-14
9619.431928058602,853.4160527436301,-2.193430052924989e-14
9619.81154834556,853.4833214512348,-4.2838659387740633e-14
9622.433785289777,853.9480542876495,-4.989687377866661e-14
9626.721243963932,854.7081832797439,3.2149847727914994e-15
9627.247563564513,854.801518485183,1.0303133366663656e-14
9629.279554212748,855.1619106582481,-2.2981039877162533e-15
9630.858513014477,855.4420059925521,9.04296225377584e-15
9633.477383454168,855.9066750309286,-2.008129875388214e-14
9633.967859535347,855.9937147832707,-8.712861959253916e-15
9639.938358527916,857.0535932063489,3.914523567996229e-16
9640.352918805398,857.1272100100151,-2.890647857888795e-15
9645.807321516437,858.0960870193595,-4.717791606930902e-16
9646.145144998343,858.156113336309,7.216266909396692e-15
9647.527150151604,858.4016974332596,-1.8208901874231298e-14
9647.742128730997,858.4399025659652,-6.473544356210115e-16
9650.999036825859,859.0188113842148,6.557249444706168e-14
9652.839041045425,859.3459547857284,-1.6325638017296988e-15
9654.338758807424,859.6126431153025,1.768695514892111e-14
9661.888175333219,860.9557524469575,-1.6781610387766766e-15
9664.056641976018,861.341736321247,-2.240635198456001e-16
9669.68849649478,862.3446027582833,7.290167174886701e-15
9671.392845711654,862.6482120207783,-2.086482220459085e-15
9672.866984541795,862.9108552340299,-1.6554791720601186e-14
9676.470214916852,863.5530012657155,2.3208982858047673e-15
9677.81896333184,863.7934286065189,1.7139455344157247e-14
9688.347286206543,865.6713548488857,3.007821441509078e-14
9690.912412001375,866.1292030694642,-1.654447429706962e-14
9692.697768047216,866.4479420548043,4.134706425701211e-15
9695.182708004964,866.8916752441357,-2.2039513568873573e-16
9696.493847111307,867.1258498563258,-2.606709660115005e-15
9698.221353552874,867.4344376633331,2.74205608268215e-15
9701.271002143229,867.9793364541893,-2.235793717229534e-14
9704.267685812123,868.5149385702231,3.5148167188362483e-15
9704.731803238048,868.5979058217816,8.39827021705898e-15
9706.322709879569,868.8823319596273,1.453286880086031e-14
9707.09049052026,869.0196143193726,-1.457782177787992e-15
9708.881923657233,869.3399722130937,-1.4370793326751348e-15
9709.06097618025,869.3719950161721,-5.36076850829792e-16
9712.994393499284,870.0756194198491,2.64157640768303e-14
9721.422570265435,871.5842427926339,-5.514699451899271e-15
9722.89839234783,871.8485460195877,5.794408264838552e-14
9723.087709458385,871.882453499918,-2.7149661942689123e-14
9724.377580934753,872.1134924084098,-2.0112403945681984e-14
9724.943069290752,872.2147910876986,-1.3077307505558972e-14
9726.842895246285,872.5551592885096,-1.0051990680552019e-13
9728.205971939738,872.7994057598406,1.131624593848601e-16
9730.29433528243,873.1736810079835,3.197964797844601e-14
9731.596893053498,873.407165325335,4.465955811096872e-14
9733.372929309158,873.7255713245853,3.0750003941478506e-14
9734.731901043187,873.969245654166,2.3909585926947973e-14
9735.880902686116,874.1752972346719,-8.239487813172764e-16
9738.128651637126,874.5784585583511,1.548038824619455e-14
9740.155592528556,874.9420950536287,1.9350503022272227e-14
9740.931009707165,875.0812261716953,3.2793976603072132e-15
9741.229540628168,875.1347937630378,-3.4361418692359952e-15
9743.090074022793,875.4686799055073,-7.959104112856007e-14
9744.684347168833,875.7548344548319,-7.441237869100775e-16
9746.565409738536,876.0925247721829,6.224748314601441e-14
9748.305602474797,876.4049840305287,-4.306115892763647e-15
9753.531395514334,877.3436334335388,4.365090315803925e-15
9753.961352673121,877.4208841148767,-7.84297945963583e-14
9756.000979859251,877.7873916458906,-3.383601815775598e-14
9756.740512249973,877.9202996607653,-8.816224350638217e-15
9757.869149791793,878.1231566805645,-2.5774302219918984e-15
9760.738759793265,878.639035143737,4.991387395058542e-15
9762.343421332314,878.9275761259984,-5.6636400149697505e-14
9766.736562238391,879.7177680691049,-2.768077164323744e-15
9770.890049162079,880.4651805279942,2.9158939544065244e-14
9771.71161571611,880.6130575890728,4.578057521700326e-14
9771.752508992293,880.6204184587988,1.6299733887427344e-14
9773.966221481634,881.0189370075695,-5.209148557167937e-15
9777.917457389118,881.7304736083785,-8.416029284588943e-15
9782.065935824512,882.4778390268642,-2.4720995141576442e-15
9782.385734375488,882.5354652096088,1.5533111385867464e-16
9782.884791791941,882.6253967539212,3.028680737123284e-14
9788.445862800729,883.6278277222326,6.328762028474622e-15
9788.944920217176,883.7178149771677,1.2041393017771881e-14
9791.01780414157,884.0916349694796,-8.811737843454055e-15
9791.563708119857,884.1900954344234,1.9796650621353592e-14
9793.406381657513,884.5224847013748,5.977949161826406e-14
9803.187370529527,886.287868084369,2.1712582238125324e-15
9805.732953215114,886.7476126138453,2.2103610309057756e-14
9807.98755898063,887.1549049851988,-1.7627952730964995e-14
9809.943510019668,887.5083215194361,5.129036944746843e-16
9811.717083299667,887.8288455360897,9.002399991677235e-14
9816.583702690315,888.708649201031,-5.698979883395168e-15
9817.136504751614,888.8086141921041,3.750504464135644e-15
9819.04565049731,889.1538945047538,-1.0370852552833085e-13
9823.17860824591,889.901594384284,-2.483428566351441e-14
9824.730346131988,890.1824029690312,-7.079566251823771e-14
9828.377139101298,890.8425155625706,4.206562474453731e-14
9829.788869414317,891.0981211943158,-3.36306126331121e-17
9830.113882796044,891.156972796113,4.629360011260173e-15
9830.702528376734,891.2635663926284,3.131501715464393e-14
9831.248432355014,891.3624259240979,-1.0164014654576401e-15
9832.054602027742,891.5084278581083,2.489414244957294e-14
9832.44617015449,891.5793474028105,1.414633367302322e-14
9833.344473504098,891.742055853818,-1.1819487341657798e-15
9835.785892136013,892.1843417528954,4.5243068381861e-14
9841.832224395203,893.2801642619045,1.0233239485197729e-14
9841.889418081559,893.2905331212737,-5.0650858918108e-15
9842.99502220415,893.4909841083048,1.0870337003760596e-14
9844.653263314072,893.7916728723128,-1.689501452395054e-14
9845.29819905225,893.9086327132519,1.1665044607911369e-14
9845.628303459254,893.9685004931785,2.688104969832387e-15
9848.629422235477,894.5128758799931,2.1662688074507743e-14
9853.632476352193,895.4207527847916,1.663171160845484e-15
9864.900496691444,897.4671875414728,7.384548198550605e-15
9866.756636247184,897.8045135801943,-2.781775568874712e-17
9868.419312464464,898.1067343917503,2.363346118644295e-14
9870.78736080532,898.5372569754828,9.01183977708892e-15
9874.707064495267,899.2501049676516,-5.096819624559324e-15
9874.802647213657,899.267491436085,5.6299562228933426e-15
9876.332131403902,899.5457270540087,2.1634621864725693e-15
9878.289930769162,899.9019423700754,5.771425699501481e-14
9878.988611152186,900.0290821198478,9.829697756657958e-15
9880.499290688113,900.3040131195037,-6.9261761139370714e-15
9881.620209155022,900.5080380437494,6.3248767105063494e-15
9881.727739713211,900.5276115260309,3.0010043513717503e-15
9882.157696871995,900.6058775356896,8.300361078523011e-14
9882.525286782164,900.6727934035646,-1.0600820538352773e-15
9883.612989779298,900.8708128465101,-1.1253160801687354e-15
9896.621079049295,903.2406615208122,-2.8524375263028543e-14
9899.87125413505,903.833273850443,1.9964960646348403e-14
9900.401022777125,903.929886299313,-4.1459461362391924e-14
9902.141215513366,904.2472768405066,2.9181452556536906e-14
9902.699067331445,904.3490342113133,-3.99739155077058e-15
9912.730960839153,906.1799235468708,5.999336229120405e-16
9915.968325824731,906.7711605020252,-1.3837053332918436e-15
9916.468121696074,906.8624549602162,2.068834260444242e-15
9919.630474406831,907.4402080082521,-8.080992800710124e-14
9919.950272957803,907.4986445709008,4.522379059122544e-16
9922.225366629888,907.9144252001196,1.1520891388125917e-14
9924.648925404828,908.3574431830772,-1.7232048511699243e-14
9926.107667353637,908.6241482190752,-5.108720161803263e-14
9930.794289423875,909.4812790262581,-4.5308012892346547e-14
9930.890651865657,909.4989068851288,-1.3280356916755885e-15
9932.426213147022,909.7798346110695,3.706238396584493e-14
9939.846051761111,911.1378905776538,2.7314577513554664e-14
9941.020632335882,911.3529674970234,2.0912306763523413e-16
9942.007620320857,911.5337140715994,4.5394516001636676e-14
9947.305100399113,912.5041453554276,1.0765771064888683e-14
9948.884059200805,912.7934906204747,5.96471984060839e-17
9949.480300050916,912.9027641035673,-3.1882875520951024e-16
9953.93416622178,913.7192344762738,5.921604956506478e-15
9954.114984534037,913.7523893055223,-1.1241328821975276e-14
9958.209594519058,914.5033378571969,1.4286121105665488e-14
9961.04775483996,915.0240356619033,-8.966137478262882e-15
9964.720044204112,915.6979856033378,7.063995839084488e-16
9965.381156546984,915.8193413787163,-1.059896175169757e-15
9966.54818312082,916.0335839461584,6.496893005294933e-15
9970.785222386055,916.8116298850618,6.318098604390222e-16
9972.351494893048,917.0993276389596,-7.203367915929912e-14
9978.838911158875,918.291437440545,-6.933770277852439e-14
9979.248339142583,918.3666988105331,-4.77387346291596e-15
9980.382888701544,918.57526872565,-2.5155328500919326e-15
9980.538210618926,918.6038241751622,6.841273334247296e-14
9981.231676171195,918.7313210728262,5.562542547869616e-15
9982.22556223918,918.9140671388698,-3.9625950156345827e-14
9983.235583643374,919.0997986546244,4.924152638621596e-14
9983.308009137068,919.1131176060487,-1.9619616756089073e-14
9984.782147967175,919.3842307635049,1.0356320746391905e-16
9992.886132343325,920.8753730032685,-1.5145876594117055e-14
9997.48998179533,921.7230253309253,2.0673066873770066e-15
