f0,sigma,gain
9.68924477214633,1.152157226737427,4.808250208646723e-12
13.390307711216154,1.1529439636627699,-1.9502925077025055e-12
19.557624078646548,1.1548155077644595,-1.3073021782776167e-11
28.191057250323944,1.1586123328816733,7.025477169593268e-12
34.157418427298495,1.1620385198605756,-8.902129567601125e-12
37.85728110451615,1.1644925643866872,3.610826223365882e-12
39.290712530542905,1.1655111023892588,1.775485401263548e-11
44.023668892208576,1.1691429544896583,2.420375749329387e-11
52.656543672801014,1.176830164008666,-1.3007163417321522e-11
52.85669043881041,1.1770246691977357,-1.3180473165626822e-11
63.75588476226538,1.1887308563185581,-3.287182575993377e-11
68.88905457797155,1.1950020757532933,-1.786983256722644e-11
74.93268926098125,1.2030077595964481,-2.1657662420842806e-13
77.32168577594658,1.206357884329854,2.440268767983859e-11
78.63244743739976,1.2082406501238412,8.784645278911697e-14
84.79870536712018,1.2175224502289481,5.888441827797345e-13
87.38784233813901,1.2216285540377927,1.7845196262393466e-11
93.3539478147912,1.2315602904887433,3.3084690216102806e-11
93.43145687267277,1.2316936337509454,-3.1644637774753777e-13
104.53069643370482,1.251930864064682,-7.997261118000885e-13
108.3530757784677,1.2594255255687652,1.4009021159115644e-11
111.85267468320562,1.2665233067770867,-3.303907165093452e-11
118.09642009975488,1.2797469940806763,5.936835443590636e-13
131.784768258784,1.3112506013994136,-1.8863079138331366e-11
132.01729481034144,1.3118155727409824,1.3512256989576218e-11
132.81787055091297,1.3137683547124162,-2.5936669334928192e-11
134.12862556715365,1.3169910662451183,8.049044042173772e-13
135.71703326664147,1.3209388476701696,-5.480756500537983e-12
141.88326290728781,1.336704621778266,-3.6738092496613886e-11
150.51598234152723,1.3599533689044496,1.9743141297585504e-11
152.6273118194554,1.3658483125398688,-8.037943148584991e-13
156.2495390784906,1.3761530453479338,3.49235912733823e-11
157.68292813309986,1.3802975821186112,-8.101819392308308e-12
161.6151900733232,1.391861752423568,4.9895029794326146e-11
173.59247867744875,1.4288401544824596,-6.310025939570624e-13
175.18088473793392,1.4339426252461402,-3.703999171157654e-11
182.1476832147033,1.4568711792725133,1.4999913432527496e-11
186.04756079438616,1.4700964578509024,1.528539695913015e-11
191.21306523984688,1.488045029818356,-5.021806877937734e-11
197.0241264285501,1.5088242031260928,8.496413939967229e-13
205.41156712677494,1.539912836808491,-1.2807987993543282e-11
209.1112999508218,1.5540380345399845,5.195094760750999e-12
209.71173079454687,1.5563541981220763,5.014878806983992e-11
210.51230524716155,1.559452746610699,-2.82997625111415e-11
215.27752101637094,1.5781403466519255,3.48232649546074e-11
216.87866982918885,1.5845134082565022,2.7010693343829823e-12
222.92225557557825,1.6089942590596422,3.6492643718767995e-13
223.9102299150412,1.613060246983491,-1.8714103312569936e-11
230.67688090432688,1.641391551674833,3.9368279859828996e-11
235.00942616577933,1.6599743989095288,-4.729442040451754e-11
241.34340692326967,1.687763927022706,-5.000825088830842e-12
248.5751092752113,1.7203956553405582,3.510939302918662e-11
250.17625768808333,1.727750802531297,-7.73478580574658e-12
251.28686668697307,1.732880312407652,-6.884924078943823e-13
254.10851530220177,1.7460147015298277,-5.300913468733021e-11
264.60727878621555,1.796173058722769,4.760057888513798e-11
274.6409895722554,1.8460070897044203,1.4320364627485765e-11
280.0066338890514,1.873417448275935,-2.276774984238408e-11
282.1179603169783,1.8843485428303373,-1.2166279832089453e-13
283.1059343090626,1.8894918410380221,-4.753488229987525e-11
285.9403260867131,1.904347199406843,-4.800587256410191e-14
295.1155921871569,1.9534506800316616,-3.972416678597643e-13
298.8153229438708,1.9736893389659742,1.6112662054371565e-13
304.0710755352622,2.002873423803849,-3.731626264035075e-11
304.98154076587775,2.007980753082614,1.0800483841873189e-12
308.371236677772,2.0271297820376986,4.295499232755693e-11
310.4050542072271,2.038720793387398,8.887917072248005e-14
313.6142455075149,2.057165396220757,-5.804203176443633e-13
315.4155369686846,2.0676013195235843,3.483934379936487e-13
324.17087625270136,2.1191773471503685,-1.7937446681995544e-12
324.71343698820897,2.1224199317552523,-1.4668419127161768e-12
327.5027022378524,2.1391754180734517,5.024607065437132e-11
338.27911501009686,2.205257212596618,1.088921327449359e-12
339.20232374957635,2.2110178824753337,7.590527748191677e-12
348.63560160446025,2.270779786338869,3.320978617779183e-12
351.17959708114915,2.2871772012189497,2.1622983630780196e-15
353.4008142630574,2.3015916244357046,2.1580979687592783e-11
354.3112793745079,2.3075262811910453,1.4763358160789956e-12
364.8679090818407,2.377452183564773,1.2542450993079885e-12
372.49989522260614,2.4292841187847265,-2.1736208563900865e-11
372.809929895254,2.4314123695203933,-1.4742972092678339e-12
381.7654115177623,2.4936520330151515,-4.0715925693928804e-11
389.33263236299575,2.5473950063617306,-2.322136197988811e-12
389.41014102896327,2.547950936183661,8.079443017925606e-14
393.775066407752,2.5794368991021948,-1.1573652019678558e-12
401.1294000565349,2.6332804813615565,7.606990359120254e-12
404.8291299161403,2.660744139899201,-3.0854981927503374e-12
408.0314252393989,2.6847188359886243,1.0623641628678424e-11
408.26395123085,2.6864670496974323,-1.3490531965157343e-13
410.9953463061613,2.707077220021393,-2.0682407514660432e-11
412.596493956042,2.7192228234720073,-7.194858034236732e-12
417.2066887739628,2.7544574809896525,1.5583822853509906e-12
419.62804916656523,2.7731201955673104,1.1114765899423517e-11
430.1071691275735,2.8551334622206177,-5.64940526468751e-14
430.7272384205521,2.8600497299118004,2.8089293159666366e-11
432.49614694881075,2.874113580794551,-1.96688286146161e-11
443.10479688379604,2.9596679157716386,6.693336090180713e-13
444.2929139804475,2.969378675965382,-2.0852289367519093e-11
445.8940615666919,2.982506365002159,2.0603149130869318e-11
446.49449191083414,2.987441423480682,-5.040742147185479e-12
453.6614252273486,3.0468606212961635,-5.895707176507058e-12
460.3250757537117,3.102956076174247,-2.8271059633990736e-11
471.4693906539247,3.1985981935726993,-1.262802195243938e-12
473.27068164073006,3.214271906668389,-4.785124246146113e-13
478.12614572741154,3.256818826511573,1.0915428437618548e-11
478.8237236483947,3.262967162520254,2.8231998251973557e-11
481.6581143626891,3.2880412163371617,1.2787286999482032e-13
487.19151739377753,3.3374181779373733,3.5246448953312018e-12
499.7888575775804,3.451933356520934,2.216290027466419e-11
501.75790942992955,3.4700970458973033,-1.6331844555496354e-11
502.3004700249764,3.475114494053047,-2.2314786829070778e-13
518.9006787882225,3.631249586401214,2.6555542124725803e-13
519.8886523728336,3.640702125744245,4.777968811528194e-12
523.2204774625937,3.6727122692294927,-2.9842123544311605e-11
523.4530034284554,3.674953870467615,-2.900800041270281e-12
526.2226289879069,3.7017302499227083,3.023708395687769e-11
527.1527328493382,3.7107540670091037,1.1766035147104187e-12
530.3550278014033,3.741944440406073,2.985419809541996e-11
533.3189485314648,3.770981377137702,7.886890280659305e-12
535.5980349579255,3.793419186408571,6.39004001280604e-13
541.9516504472055,3.8564762746925885,-4.238428259174694e-12
549.118583234961,3.9284977012347997,-1.2817338552534154e-11
552.3208781451214,3.9609838057376248,1.21648962034361e-11
553.0508385604733,3.9684154230486124,-1.0711371473620061e-11
560.5856756354331,4.045700031026309,-3.3409013749837924e-12
566.6165128289391,4.10831167511629,7.951658356256998e-12
566.9971607530522,4.112286007829008,7.356206891737405e-13
571.3620854302874,4.158050829370824,3.965955183098195e-15
575.9850232440805,4.206903527761024,-1.6567878110804815e-11
576.7855969608643,4.215403546973539,-2.2522305825365355e-11
577.483174837265,4.222819642661403,2.4181876889472917e-11
582.6486732064191,4.278014073341813,1.0780668705865974e-11
601.1473196452033,4.47970784970704,-1.0765763162862129e-11
603.7491841937277,4.508582059521919,-2.8297829269657628e-11
605.3503316067709,4.526412786298382,1.7592505072216505e-11
608.3142522231198,4.559544273169516,4.273137101211671e-12
609.5926214325115,4.573884171207039,1.481876728750712e-13
617.5601276877134,4.66393686689735,-5.47931800861757e-13
622.1124520981448,4.715914425729504,-8.451413096528903e-12
624.0815038203892,4.738514946412138,-4.5894976949251125e-11
629.8150498316336,4.804730603145314,-3.257106005085847e-11
641.6118153565147,4.942873961955023,-1.2236494573948501e-11
645.5440705203799,4.989491412462408,1.1379729578383873e-11
649.3791780927028,5.035231528105316,1.5704134098680146e-11
650.2896429647857,5.046130149720112,-1.036171780615471e-13
660.8462700003987,5.173612062596497,-1.7526753110609247e-11
662.0864084057399,5.188722727737648,1.0307204581730086e-13
665.7861375919601,5.2339710006834945,-4.180739922415669e-14
670.5895797195252,5.293094049087493,-7.924012580806078e-13
671.4421748706202,5.303632610494626,4.887643247576769e-12
671.9523528927159,5.309945104819352,-2.8023905142331816e-13
674.6444696175026,5.343334392305,3.418512750102579e-11
677.3758642107658,5.377347267749483,-7.594523997466881e-14
680.5850542941397,5.4174855139844045,1.5060086787616502e-13
685.3109877503572,5.476939493454964,3.2449307359862356e-11
691.6842417778572,5.557768891553501,3.8059882216266593e-13
693.4531500343464,5.580335892248613,-8.776483178894552e-13
697.4756573769575,5.631867943186416,4.3502239992496094e-11
699.8067651120083,5.6618680099507,-9.22127597034527e-12
705.2499153219056,5.732308090437151,-2.8253986286353765e-13
715.6063987672643,5.867838938820123,-2.8376844431445014e-12
718.8086934746598,5.910145899184569,-1.4626725898246883e-11
721.2820749017626,5.942952153081555,-3.830604502158188e-13
726.0855169550721,6.006985629416361,7.894384656876944e-13
727.6739207120019,6.028253750920856,4.9437363819859633e-11
730.6378412125779,6.068063790490848,-1.6294729551556075e-12
739.0831426532953,6.182384715666776,4.870579711082804e-13
739.7807204913962,6.191886311468565,3.8253041429940397e-13
743.2734108395471,6.239594482455079,2.7080135163428228e-11
748.0386220893523,6.305047000710799,-3.240283391281515e-11
756.3034190141748,6.419559912969843,1.984188823746717e-12
760.7458520642693,6.481631987115719,3.0029627992307867e-13
763.935403145377,6.526422321310957,4.666127619814777e-12
779.2376021497655,6.743914750150859,1.9641793686604557e-11
783.1698571708838,6.8005010972766335,-4.925245208758752e-11
784.0479394838634,6.8131758724365525,6.588146555064565e-13
784.177469594234,6.815046791076215,-4.043449045839055e-13
787.1796208368879,6.858496126384525,1.3492036193820847e-12
799.4669249451807,7.038057317537211,1.6806254403083413e-11
799.6994508883329,7.041482161142577,2.8960053235568767e-14
801.0680722702108,7.061660586159716,-4.6859795524795006e-11
803.7023191998642,7.100596024233926,-3.636508287122408e-11
810.0755730562764,7.195324523938931,-1.7366763112726385e-13
817.0296182159541,7.299539184277844,-6.703339867374554e-12
820.7293472676062,7.355347072028561,2.7189635816722694e-12
826.8955623485583,7.448920534172535,1.822546929588675e-11
835.5282634513485,7.581100044548949,-9.794387848303686e-12
837.7425846022236,7.615225820347437,-1.0049583187917935e-12
837.9299844239324,7.618118058252941,1.0820866724324936e-12
838.4401624270953,7.6259951758284075,3.2764963444085816e-13
841.1322790526182,7.667640695924932,-4.110287732294783e-11
842.132996123751,7.683155259119307,9.09743523902419e-12
844.4768473813289,7.719565232236333,-8.847010822591837e-13
845.09691655834,7.729214469396469,-9.326746790054744e-12
846.6274505659865,7.75306226653265,-2.4752379276799874e-11
856.5640079569079,7.908936774550092,4.66844453058017e-11
860.1931236803678,7.966320053034156,1.8375063975622476e-11
866.5977129145618,8.068180762415443,-1.6843103996958914e-11
869.2712376855065,8.110924926404861,5.78981983202508e-14
876.2252827807481,8.22272244649966,2.4912424407896342e-11
878.6270037387859,8.261540950444948,-7.566238812541796e-13
890.7720339672752,8.459465683036758,-1.4533311464266744e-12
893.1933938550819,8.499250874957527,-2.5836049242027097e-11
894.7239278522468,8.524454678911017,-2.487792361552427e-11
901.5611864081712,8.637573000954012,5.5195656853951157e-11
902.5687988126909,8.654316144864179,-1.6579585475648566e-13
907.3722407112655,8.734390352439634,-4.0976385026433597e-13
907.4948754771948,8.736440259249513,-1.7223797296740486e-11
914.5264291837166,8.854439830434524,3.8959717480853757e-11
915.689058879347,8.874038171785765,-1.952978769239425e-11
921.7905088231296,8.977297965057163,-6.408656897636237e-12
931.9595920529247,9.150921530159234,3.188832980957759e-11
938.3328457922993,9.260707389937911,-1.0290003247564661e-15
939.1206758463659,9.274330536177098,2.6296556745961187e-11
943.7563568393541,9.354722230165972,1.9244014841637587e-11
946.2679689501881,9.398443789469425,1.4478897437184523e-12
964.4565792819578,9.71853465598781,2.5564737519866673e-11
965.0187787378734,9.7285255726739,1.1294449393226583e-11
967.4204996703129,9.771272418963836,3.556520052562101e-12
972.7341195278332,9.866224066206062,7.757875423413986e-13
974.9553359818237,9.90607020790128,-5.231758342709113e-11
975.32324027681,9.912678773236774,-3.4881925563529553e-12
976.5633786104454,9.9349734098933,-3.844830889155482e-14
988.2826346954197,10.147055621912765,9.919243649885037e-12
991.9823636654833,10.214534662868859,-4.023375755622327e-12
993.3833675390456,10.240153271400708,-2.130860769753379e-11
996.7858055169178,10.30252042050305,2.7829871102862325e-11
998.1485786126806,10.327560047021809,-2.6969055212888694e-11
999.7879566729554,10.357727350160589,6.458074004273657e-12
1004.2303895687871,10.43972440419802,1.2083093732385023e-12
1006.7812795327591,10.486972248210776,1.44931918763596e-11
1015.5169762762971,10.649683818574864,9.851902648111839e-12
1017.2603972556078,10.68232514253323,2.6884020370016915e-14
1017.880466419984,10.693947929810626,3.662716884269355e-11
1024.2144422359454,10.81307981201774,-3.765386568286685e-12
1029.8184577126997,10.919098494185931,-4.8400496941886314e-11
1031.4461392673347,10.949999944731866,-2.7190352495238876e-11
1037.85072837945,11.072064550574288,-2.423166577431897e-11
1040.5624838771841,11.12397539623091,1.5711351463562273e-13
1045.618090578202,11.221116013312011,1.0522666821529585e-11
1047.4782980667399,11.256977335420691,-3.686391651354232e-11
1052.2817398947768,11.349873520985687,-2.772560542363894e-11
1057.5120028157278,11.451507563720881,1.0782445004181272e-11
1060.4239017184739,11.50830971519628,2.2770895316834615e-13
1064.659295840249,11.59120798131082,-1.6225909064986966e-12
1065.97694280933,11.617065333858958,3.681281559029574e-11
1066.0799386391918,11.619087859835851,-7.338183527814228e-12
1070.0828068234796,11.697843434650435,-1.9481754846445476e-11
1086.942073485698,12.0327853615642,2.889893086534437e-11
1093.2760492667767,12.159975085241685,6.692033251301374e-14
1097.6468217341874,12.24817353824367,-9.802116521520081e-12
1103.2126064020322,12.360995691613153,4.5876563927127464e-11
1106.0538919917387,12.418810444756678,-1.263680254916816e-13
1110.2441599807253,12.50434579616648,-2.3137827358820645e-11
1110.3736900861538,12.506995029589621,-3.891189774343791e-11
1110.8573337987925,12.516889554745102,-4.739560600602339e-13
1118.3794264280139,12.671333381241864,1.9041761207480258e-13
1119.1093867588318,12.686376428228025,-1.0612138373771096e-11
1127.5546877808913,12.861131164431756,-7.515253056395495e-13
1131.506581578777,12.94335712484739,2.5004532918196367e-12
1136.2717926009593,13.042888138524097,-1.6712744939332084e-11
1142.84414254582,13.180851185395413,-3.52540524326757e-13
1154.1503680698886,13.420046837624348,-3.5005061103871543e-13
1164.6363810205396,13.643994678492165,3.1530939710763135e-11
1167.9416713759433,13.715005000391947,2.9569478797901905e-11
1170.6730657829964,13.773837700133697,3.107079083991409e-11
1171.0409700724358,13.781772653713174,9.290947790839524e-12
1172.2035997427324,13.806864620340884,-1.7483749509910114e-12
1174.605320636413,13.858777598768325,1.0572349611887298e-11
1175.8454589511373,13.885624673185355,9.198685252329644e-13
1179.5451878694294,13.965886405747344,-3.7311067059750956e-13
1183.6186693265465,14.054547943515278,-8.576666330881717e-15
1185.7114027315185,14.100216275910116,-2.50099369930516e-12
1192.9165654060541,14.258066786720423,1.422820643462341e-12
1193.6072478655992,14.273248468328624,-1.2578533131267683e-12
1194.3441035348642,14.289454757512841,1.3440351085411859e-12
1195.4674553356645,14.314180829154047,5.571734986876991e-12
1204.7133299489722,14.518574589744874,2.6073421534818424e-13
1205.4432902760198,14.534778513930371,3.3966401924170815e-12
1215.3671037509416,14.75604469906074,-1.4808779051218262e-11
1218.071963875121,14.8166681936978,2.3287967998650554e-12
1219.0089629507327,14.837700398073226,-2.521509275571148e-12
1228.7650155375916,15.057648959705624,-1.5955010697898245e-11
1232.5677402741721,15.143855636009347,8.822908351127703e-12
1233.568457309994,15.166585876511267,1.4390824239466316e-11
1235.041121554067,15.200069452387593,-3.4185871877231767e-12
1240.7030066638058,15.329174282397405,5.350857064718689e-13
1241.3358194111747,15.343640649105279,-2.8027405210375705e-11
1253.5397660805374,15.624070908855334,3.413843379489379e-12
1257.74277762638,15.721285586599496,3.7706048980991594e-13
1258.8464904896439,15.746868153843725,5.665529530877219e-14
1260.7449287300446,15.790923870872131,2.8814971274227675e-13
1260.9970935969393,15.796780677881198,8.218168922052023e-12
1264.5290616181796,15.878937628878456,-9.902317045942079e-14
1271.3015549243453,16.03711505541025,-6.283865353933835e-13
1274.5048965242486,16.112226188993976,2.679943388782749e-12
1292.996645675124,16.54951099403935,-1.1847866669044447e-11
1295.7662708414161,16.615548240395572,1.1633974928302578e-12
1297.9365128790382,16.667392903856726,-3.6084896064972265e-12
1298.9303345700941,16.6911631584588,-2.724526025532406e-11
1302.7595935699644,16.782921584939768,-3.699953752707306e-12
1309.0935692754147,16.93529206321217,2.2764984154383134e-11
1313.238711100636,17.03540790320515,-3.756455458688402e-13
1314.0971544366364,17.056181079556097,-5.071793982937459e-13
1315.930827620426,17.100598975562328,-3.5346349231481206e-12
1323.834615138612,17.292764854032463,-1.5498510106856879e-12
1331.039777766122,17.46894762911779,-8.692404338468133e-13
1336.5407973133297,17.604103966568406,2.8303259993364673e-14
1343.456611386206,17.774811765692462,2.5870859696319833e-12
1351.462347632724,17.97352311286037,-7.974574648773106e-12
1352.19920329667,17.991872029645727,2.924005024864239e-12
1355.8920368428371,18.083980316482272,-5.487469559439806e-12
1359.6565307821138,18.178134550999236,-1.695637907724153e-11
1366.7586975714996,18.356478568671584,-5.517694989836806e-12
1371.2011303712043,18.468505804114432,-3.134851968700345e-13
1375.9270634704862,18.588081295862345,1.476414918266466e-11
1379.7180916825484,18.684299221356916,-1.3922233431738677e-11
1383.030277347019,18.76858061035672,5.166906503881653e-13
1383.4178205667185,18.77845518392532,5.647037672058681e-12
1386.620115060909,18.860155298475103,2.1912614452723635e-11
1389.3249751652916,18.92931153636792,3.350285491513376e-12
1389.5840353725953,18.935942104098768,3.785257119235481e-11
1393.6251342657001,19.039532860724684,-1.7657926824455874e-12
1398.2167360985984,19.15760045571644,-2.0341973370272117e-11
1403.8011125265218,19.301719463224057,-1.5729591625371515e-14
1409.3159227425742,19.44460690215319,-5.1408105782715633e-11
1412.6859781137339,19.532200026723658,-2.4521364211916017e-11
1416.3278372836712,19.627092965361356,-1.4795720485942527e-12
1416.7015898195052,19.63684535206295,3.5918332724965075e-13
1421.2539137812566,19.755836436497717,1.0389053086837985e-11
1422.881595301849,19.798474296319537,3.81629664845462e-11
1431.6300354383152,20.028479743415588,4.2096298302493286e-13
1432.2501045888196,20.044835500161945,-1.2160420429039184e-11
1434.0896260151349,20.093398800588304,4.7375832871084576e-12
1437.0535463221386,20.171777319380553,1.6644780282792996e-11
1438.9137537732965,20.221051680661667,5.174014286446435e-11
1452.0918831009224,20.571947653391167,-9.182789496698877e-15
1457.4123981534108,20.714524287161442,-5.166826417503212e-11
1458.5543417845572,20.74519352000745,-8.771167170227748e-12
1467.0192816118931,20.97328580037871,1.6736935051979698e-12
1468.1819112678152,21.004716565402344,2.442925845959056e-11
1473.785926617138,21.15656590825809,-2.2408799508841635e-11
1478.3775284383855,21.281413537336395,-4.0560670300198384e-11
1479.0289330224923,21.299156964493196,1.0390499740913213e-13
1480.346579965405,21.335071877162875,-3.3685219733490164e-11
1489.082276494559,21.57398837678099,2.103977975036509e-12
1490.3224147934156,21.608019422713387,-3.4310954231154516e-13
1494.5254263028148,21.72356636473258,1.9497291843142716e-13
1499.3288680272362,21.85601847023667,-2.1338531164419508e-13
1501.8091446241951,21.924577042239722,5.4614013778295766e-11
1509.8148808295973,22.14664081235233,3.0119946423402947e-13
1519.183390092581,22.408004468039003,1.4608708137926444e-11
1526.1443302426346,22.60324843158791,2.0386724275950796e-11
1527.7072467066757,22.64720860246031,2.345673869308455e-11
1530.909541186821,22.7374201254235,2.509016853808333e-11
1531.019432356187,22.740519211130916,2.3990868861452983e-13
1543.6481058028653,23.098147262275834,-2.7046555602454838e-11
1547.180073789658,23.198693841962104,2.1239962313339254e-11
1556.071834681599,23.452838208122696,-4.425422551016922e-11
1556.4132046901848,23.462624278071885,1.3312698232764644e-11
1556.7232392643493,23.4715139137632,5.1907401173666413e-14
1559.3771249870347,23.547681349562986,-6.3468758959334886e-12
1559.8873029660306,23.562338501224993,-3.6912757536640494e-13
1574.1829357846955,23.974994145982333,2.0320193769002036e-12
1583.9389882498626,24.25877213042506,3.628385660789622e-11
1584.4226319531706,24.272885670534514,-6.579887510770472e-13
1585.042701101078,24.290986638889226,-1.9896273241569046e-12
1586.5732350371022,24.335696079368606,-2.7376165723013063e-11
1586.9029085447462,24.345332038887086,-7.819988109643897e-12
1599.9005333491327,24.72683240040714,1.1840360129787912e-11
1603.6002622100796,24.83599413138246,-4.802601341246043e-12
1606.7436398832226,24.92893865419312,-1.0984573311038721e-11
1609.7664769776352,25.01849066556744,-3.219222478041742e-11
1618.3991776507823,25.275162476801263,1.730008923200347e-11
1619.8129250748382,25.31732754414186,-1.1276665164689226e-12
1620.2004682919696,25.328892463949376,2.2392901846894308e-11
1627.7156654296605,25.553705175588128,-7.475495905294671e-14
1629.4983642281284,25.607186228458772,4.3720630896377276e-11
1629.8073517104347,25.6164618210274,-1.2618279367457784e-11
1631.2083555421264,25.658541061648148,2.0336815835327738e-11
1632.1384592630045,25.686496756610374,-1.1485093103390375e-13
1636.8840312615314,25.829380281407662,6.587274968810348e-13
1639.434921151919,25.906355967184478,-3.614742575362351e-11
1641.5069684984874,25.96897031961099,4.105056642810629e-11
1643.0640367079382,26.016074773450494,-3.245610520893434e-11
1649.468625650668,26.210296152368375,-1.2679474002416767e-11
1655.9645139192482,26.408058042041123,1.3897848219849145e-13
1659.0961950881688,26.503677154222608,-4.4002895973244295e-11
1662.7370071433747,26.615068579829185,-9.939466912754629e-13
1667.9094002229565,26.773738912019436,-3.1237037798040205e-12
1671.9828816118936,26.899045491937162,4.947534278852524e-13
1677.5948393665142,27.07217860275698,4.3941691299478956e-11
1694.1950454227342,27.587703521429557,5.192832547343479e-12
1696.7703754028244,27.66813608756699,-1.7003956563008847e-11
1697.3973398909159,27.68773590025436,-3.016565352934488e-11
1698.0105136956731,27.706911600052916,2.2550545776113995e-13
1698.5599695404492,27.724100540571143,3.4495082137752134e-11
1707.366279326747,28.00035218922543,7.586656000006259e-13
1714.8305020832343,28.235621483746822,2.4004993791927385e-11
1714.9011153848505,28.23785208701957,-3.890917942003687e-11
1718.4723612258265,28.350783945560607,2.326656748833714e-12
1719.5113090226673,28.38368222733592,-3.9133693958798317e-13
1721.2350910169184,28.43830964664072,3.1481060316770356e-11
1721.9915856072791,28.4623005787183,-4.644673811687648e-11
1729.0672180541355,28.68720257185609,-3.086658551609255e-11
1734.8920627987886,28.87303983991756,-3.6309142575213158e-12
1742.8977989628668,29.12947660554584,-1.261357103318794e-11
1747.889687564187,29.28997251778732,-1.9948843323630276e-11
1757.8262444652592,29.61081238372295,4.050755527283296e-11
1762.0096170162194,29.74643266296092,7.658690893204279e-13
1770.7718477662333,30.03153917638599,4.080653706840657e-15
1771.501808080648,30.055354530246657,3.364653728412643e-12
1776.2542754082806,30.21064634790274,3.763602091662531e-11
1778.0555660440111,30.269614124843727,-3.075362151326031e-11
1782.6588643350763,30.420581096199225,4.8614207395455665e-12
1785.0605851824491,30.499501428246116,3.790007104602112e-13
1789.2635966651237,30.637867686212555,1.6921356796181462e-11
1802.4613648224479,31.07446317891925,2.925636342137688e-11
1804.6050725556338,31.14568210099291,-1.2067057800742e-12
1807.0853491366388,31.228188248724805,6.650492650783655e-12
1813.7283122399976,31.449723935305506,-3.132810581266248e-11
1819.0939533678586,31.629255763323506,-4.7780796780141594e-11
1820.721634873783,31.683822061214215,1.8761289962605546e-11
1823.6855551552578,31.783309693082273,1.7066616036020465e-11
1825.52507656552,31.845136875948505,7.493444934077602e-12
1826.9977407850215,31.894678741094495,-3.3519877268935667e-12
1836.3927842627993,32.211677595034075,8.82256936732603e-13
1840.0925131075005,32.336956632816836,-3.578545544797412e-13
1840.382908746351,32.34680058944939,-1.9043938559822234e-11
1845.9996676436317,32.53750549588963,-2.6955272183981235e-14
1846.2587278482122,32.54631534501421,-2.3987265277322925e-12
1852.9537124067735,32.77442020195653,-1.4664872212296876e-11
1854.5028381774378,32.827318101657745,-7.621468219533169e-13
1854.8914284842601,32.84059420546537,1.289073615374881e-12
1865.2213768341699,33.194534444046056,4.809647081489768e-12
1865.9906150147172,33.22096987754517,3.2577317485067814e-12
1871.7820301296545,33.42034605104314,4.72753548060434e-11
1876.1469542345542,33.571021928808015,-1.1819321089313414e-13
1879.556287438425,33.68895521416413,-2.418380991194333e-12
1884.2233036821385,33.85074055771755,1.500732912092572e-11
1884.9601593369243,33.87632084265674,-2.797279173411208e-12
1886.083511115693,33.91533776588774,-3.5519024157599306e-11
1892.165321867621,34.126978441359334,9.073362004694161e-13
1892.4881000318044,34.1382298252428,4.5288083333256165e-11
1895.588445754013,34.246399257768466,-3.2787544273240726e-12
1908.6880192225672,34.70539103523023,-2.778445866361012e-11
1910.6188399568962,34.77331174048212,2.310630131475405e-11
1911.5871744491974,34.80740081206517,4.7548468284262305e-11
1914.087089959923,34.89548724033999,3.274187946747035e-12
1914.3774855984693,34.90572701506795,-4.416190079704548e-12
1922.3449909645997,35.187278894671884,-3.521238166371004e-11
1923.693973330234,35.23506433940182,-1.3465776417867419e-14
1925.715046299149,35.30672020278536,-2.6536822631042493e-13
1935.0522200544403,35.63874058339628,2.5702958832750318e-12
1945.3890637346817,36.00818128902162,3.7562721513767324e-12
1947.8486542858145,36.09637739653459,-2.857293410784517e-12
1949.4625451055274,36.154308915615346,-6.759362582839265e-13
1953.9118731905198,36.31426852043883,-7.193173403249119e-12
1955.0745028354243,36.356126786032064,3.087861463083289e-12
1958.4838360357196,36.479016897990505,-3.460829081929713e-12
1975.3744376577656,37.091000109449766,-5.092153635502095e-11
1981.6494964644128,37.319697999205204,-2.0074466167902592e-11
1982.1920569651863,37.33950597695147,1.4045279057431062e-12
1984.381937901815,37.41950998471154,-1.4864200006412815e-12
1984.9813210206346,37.441422944042124,-4.5067747570521885e-11
1998.1790891421701,37.92559973812739,-1.7373831051920374e-11
1998.23800594288,37.92776836903896,2.6153893759173945e-11
2000.9428660132162,38.02739868998801,1.7529147182229663e-12
2003.8547648284364,38.13480567729616,-1.7088445964619652e-13
2006.114211974492,38.21825424353815,3.71656818905298e-11
2006.5468813066595,38.23424482566883,4.2169907478823475e-11
2008.2844539769374,38.29849672381308,1.7397288796752976e-12
2012.7465256507123,38.46374983368395,2.8043118379522065e-12
2024.206721098068,38.88985953709837,2.1698685216315398e-11
2030.870370207092,39.13873777039371,5.072960607985239e-11
2032.9424175411148,39.21629263515662,-8.810526536712783e-12
2043.5775992803547,39.61560262456794,4.955358726585272e-13
2043.8679949184454,39.626535080962846,-1.4513952096577374e-11
2046.8887378093268,39.74034840195701,9.041597884940756e-13
2073.646330062624,40.75583998019072,-3.293651758298173e-12
2074.685277854312,40.79553562582128,-1.3976897470478438e-12
2076.8751587886713,40.87927072655939,-1.4189811444371247e-12
2078.6371715501327,40.94670944440246,8.756817153431062e-13
2079.941027795893,40.996649642904984,-3.9969683172203936e-11
2081.5421750212354,41.058019497334605,-9.98145010828969e-12
2086.4820421406334,41.24765566948197,1.0151778208558252e-13
2088.2058241261443,41.313935597400594,-2.6894036905978355e-11
2088.8327886107754,41.33805614205631,4.233433463600459e-11
2089.194844641302,41.35198844065422,-6.057784297017901e-12
2091.9644697598924,41.458646428213676,-4.0204173949241735e-11
2092.8945734743634,41.49449632364492,2.4571128472629852e-12
2096.968054838381,41.65169221763305,3.9264656082482227e-13
2099.060788195822,41.732569777855524,1.6470205162601392e-11
2103.973073947838,41.92273110125773,-5.6408049702049564e-11
2106.0068905044905,42.00159304688829,1.8479545993631155e-11
2107.6934888052187,42.067049277125236,-8.851066311833876e-12
2112.639204173603,42.259292698389885,-8.806652290777983e-15
2118.792675301921,42.499111484828866,-2.2368284940068853e-11
2120.5026666036247,42.56587869889287,6.62468270518068e-12
2132.358347685135,43.030269253876966,1.6605098820489625e-11
2141.4746919909344,43.389120080849885,-6.67013885946142e-13
2142.5274304651616,43.430658106736985,2.99453730177222e-11
2146.7814162966893,43.59871604734176,4.495661890349924e-13
2148.3905059539184,43.66237162671572,2.251256080082334e-11
2149.2616928672587,43.69685567852584,-5.6847548660465135e-11
2150.869735433124,43.76054328832662,-3.2905192533160587e-13
2158.797962911163,44.075242436402284,1.1112587627301261e-11
2166.8891501071957,44.39760383532697,-2.2481162549325037e-11
2169.6449845404586,44.50767449555647,-1.2395786477125268e-12
2171.575805269189,44.58487666540423,3.1303075221728586e-13
2172.1958744116932,44.60968415334514,-2.5936497421675684e-12
2177.367220363849,44.81685321895462,5.346478746840953e-11
2180.6990449132695,44.95059023635368,2.6762989562180466e-11
2183.901339360809,45.0793207283004,1.884831012296452e-11
2187.854280143776,45.238487301228275,-1.7648074139042587e-11
2191.566752565262,45.388233434172506,2.300767531454808e-13
2195.5568770323703,45.54946200201404,4.330456764789674e-11
2203.8657523795323,45.88613912549092,-2.8047134871595128e-11
2208.366054820286,46.069023121475354,-3.4895515752580715e-11
2210.5294014767096,46.157070316259606,1.0254712451939822e-11
2211.285896062369,46.18787963547281,2.3762562705783485e-11
2211.7695397612865,46.20758223802144,2.0120805972866666e-12
2212.157082975214,46.223373023426234,-2.6328974166203187e-11
2234.730255568116,47.147910263266084,1.9487199710827567e-12
2237.1839978616063,47.248974638649486,1.0205950956336528e-11
2241.4252400976457,47.42392382589687,-6.601648966133679e-12
2249.1405805746076,47.74302752796429,-8.489286851226172e-13
2249.8901798184047,47.7740891250726,-1.295670011181819e-12
2251.05280945981,47.82228618906178,-4.3141126582562215e-11
2259.1360542164166,48.158067204043576,-2.3536832755220063e-13
2265.548585540058,48.42530230088279,-1.9254708190077964e-11
2267.071177028607,48.48886588328036,1.6580958806091976e-12
2275.658751507672,48.84817076257443,2.3735375450499017e-11
2277.2598987301662,48.91531315885008,2.6583608558698e-11
2277.518958933528,48.92618100991707,4.9845691698291334e-11
2280.360244439871,49.04545709248164,-1.0814260041970362e-12
2284.5308733733023,49.22080785347201,3.6409211670884854e-14
2288.7269894904007,49.39755355783291,4.2892910269825645e-12
2296.3796590962556,49.72072880183299,-3.402391785864132e-12
2303.022622163549,50.002138405308806,-1.0204695794133054e-11
2306.224916607836,50.13808457456307,5.296207721171636e-11
2309.015227745947,50.25669493243279,-3.600148501988408e-11
2313.1917049287417,50.43449633302964,-7.941129007719373e-12
2326.519003110966,51.00401596233112,-2.0356116124844313e-11
2328.4567191788087,51.08709342822908,-2.995575038978882e-12
2329.677218528705,51.13945651069596,9.74281193572823e-12
2330.050971059044,51.15549710318904,-1.6442234343730917e-11
2345.347320741285,51.814188660693674,1.0094441948983527e-11
2349.162788984566,51.97916201391633,-3.6433774174103603e-13
2353.9662306493233,52.18723470955488,-1.9318929741187185e-13
2358.306714640385,52.37561882340232,1.0358374175257839e-12
2359.7586928267797,52.43871451850398,-2.405017522686287e-13
2362.006443464932,52.53646709000148,-4.201483979946326e-13
2365.4412638359054,52.686023986203224,6.0466788692855e-14
2366.9638553233076,52.75238927565193,8.24430600935361e-13
2368.1726581722937,52.805107850226186,-2.816283153199754e-12
2369.4441318894173,52.86058868621533,4.834337931123915e-11
2373.0849439131625,53.019620473186016,-3.174898062553727e-11
2376.8053587621507,53.182381577915635,1.5134653458629024e-12
2379.019679783313,53.27937496645395,2.2311903239011512e-12
2379.619062899967,53.30564513878605,-5.0198307863471065e-11
2387.904545234061,53.66946493644463,3.824802647861273e-12
2396.0191254164683,54.02700604119813,-1.3116952182452711e-11
2397.982328667139,54.11369007362822,-9.050226256273457e-12
2401.47021758747,54.26787077872374,-2.839338342595383e-12
2403.6717950163675,54.365305976622054,2.259273133345379e-12
2411.050566638225,54.69251931420448,1.2052462228319554e-11
2412.678248134247,54.764834247603815,9.767771596642615e-12
2414.079251952535,54.82711738468569,1.5305709815000486e-11
2415.642168397748,54.896641187986944,-3.0450204456131136e-11
2417.502375821715,54.97944814719915,-3.849459889869919e-12
2420.483840835971,55.11230073681718,2.4284501706081115e-11
2432.049126251884,55.62919359263755,3.2265494278525666e-12
2432.339521889019,55.64220409403336,2.2390133827497948e-11
2436.001019936037,55.80638227385267,3.844083057649456e-12
2437.4529981216656,55.871556013955214,-1.201430579528229e-13
2441.656009575808,56.06043201307445,3.6255876746427705e-13
2444.368812068625,56.182513419755324,-1.5797020261514435e-12
2456.966149929594,56.75119458020191,3.017659908458652e-12
2461.258366526421,56.94562564737956,5.907846661321009e-13
2469.323019428717,57.311860348865885,-1.5567812135269323e-12
2472.977622133272,57.47821885484754,-1.5786008335825565e-11
2480.3977658014664,57.816742677300006,-4.063171049915812e-12
2484.4447128778897,58.00180102449281,-1.1423480667972335e-11
2487.532314991248,58.14319344294161,-1.3379808318988177e-11
2487.545058583132,58.14377738179677,-3.2143540916327715e-12
2488.403501902345,58.18311999356357,-5.510023164249425e-13
2495.4085209902933,58.50466861834104,1.210572920240269e-11
2497.701397743706,58.61011398904644,-4.238847255543716e-11
2497.7720110447276,58.613362907761825,3.0118639089232514e-11
2504.1059866237697,58.90516282147695,2.3692292486447628e-11
2505.777747144766,58.98230242319781,-4.2218851921577816e-13
2506.295867550675,59.00622036573588,-1.7451149631568445e-12
2517.6137892580373,59.529922310199346,-1.524622697540191e-12
2518.3427024756274,59.563731399681195,-3.6857071032806027e-11
2530.242462547434,60.117060577639656,7.81631752026805e-13
2533.162303782854,60.25322936305515,7.424978008246913e-12
2534.660455176189,60.323157635634026,3.2923509412465106e-12
2536.615715992234,60.41448430910569,3.215402888877011e-13
2545.5074767757856,60.830690598484225,-2.6823791416143924e-12
2563.631321254646,61.68354266872576,3.63963314741655e-12
2565.4915286769424,61.7714206666547,5.817709033065957e-13
2565.5297594525787,61.7732273939499,-8.584198386761719e-12
2571.016988210911,62.032824586240054,1.9015221972436944e-14
2574.1486693486345,62.18123096865254,-3.54270711565608e-13
2575.3367861712604,62.237581583753695,2.9808755028809463e-11
2581.2587784421185,62.51884068650586,2.0567256323977548e-11
2585.332259791266,62.71268162264379,-2.264598314056033e-11
2591.7368486681407,63.01806887123642,3.4933497036239886e-11
2595.3011991356543,63.188353526106354,6.019096139684497e-12
2596.59920712608,63.250423190756806,-2.3576467540942265e-11
2598.7890880518435,63.35521182799379,-1.665905528254952e-12
2600.2410662360826,63.42473956714578,9.05720570914941e-13
2605.936380828689,63.697833696788166,3.6019208138290677e-12
2618.002854680432,64.27840313816924,4.290579711576974e-12
2628.101324124489,64.76634507579493,-1.1862927271642179e-12
2631.8217389677807,64.94658310923933,-1.5319001422937244e-11
2634.0419082358417,65.05426219913322,-4.300950710558149e-13
2634.5531332997857,65.07906967838281,-1.0339063636142836e-14
2635.8246070148734,65.14078952097462,2.5894339418346283e-11
2641.3256264543556,65.40816299431154,1.8181728776957002e-12
2642.467570068019,65.4637362898344,-7.94348813024956e-12
2643.728394373827,65.5251228801316,-4.071568755533302e-13
2647.428123192029,65.7054230687397,1.6514776416340655e-13
2653.594337888879,66.00648369897938,1.106995828864941e-12
2662.2270384641492,66.42914524468972,-5.948968940761544e-13
2668.8317707407996,66.75344332033252,1.6682116381542711e-12
2672.7836644196636,66.94786896608903,-3.863057526164311e-13
2673.326224917526,66.97458436924566,-1.5034108385709267e-12
2675.3589943746842,67.07472512076599,-3.5054356020771544e-11
2680.162436030142,67.31166052563474,6.783432214489976e-12
2681.4408050865372,67.37478919027791,1.083370774528785e-12
2683.242095707293,67.46379196047367,-1.932456056612482e-13
2684.8511853586488,67.54334851673678,-2.215285624380718e-11
2685.334829056078,67.56727013423938,2.7927443695970943e-12
2686.8918972486117,67.64431392555765,1.116053696832934e-12
2691.5589134608563,67.87550560011302,-2.0908989864423686e-11
2697.660363105699,68.17836047311886,-1.1365813328325833e-11
2701.495470274539,68.36907292381855,1.1243762150131885e-12
2702.9240554569333,68.44018295607192,1.513097493453705e-12
2708.585940429955,68.72238177188736,4.685599252215182e-13
2713.4806814103763,68.96682062891534,2.7010686730212733e-13
2721.4226995419444,69.36437669277029,-1.5109807031982703e-12
2721.4864175012885,69.36757094069453,2.307256667075382e-11
2732.694448028067,69.93060480998548,8.60592907769574e-14
2733.9345863085414,69.99304516981618,-2.1384656502192182e-13
2734.1936465111867,70.00609230227691,-3.158198482277505e-12
2740.3264315888237,70.31532077688297,1.2055880464640567e-11
2740.3471176136068,70.31636498401515,2.206899612652713e-11
2742.3878295030395,70.41941655717036,-1.1861383912328907e-12
2756.644184270841,71.14147179420026,2.2877482686647946e-12
2757.159163402115,71.16762449727453,-1.5932815598965448e-13
2765.8194453395513,71.60816016032527,1.5970884245434412e-12
2767.8522147958347,71.7117643201804,3.488275435101387e-11
2772.8950777183763,71.96911255046084,-2.099829539785336e-12
2783.8137596972992,72.52792173799023,-3.095040411691771e-12
2787.454571712703,72.71474373575674,-2.0743846602033428e-11
2788.985105629459,72.79335334666881,2.7967869310697096e-11
2791.199426645608,72.90715925854367,3.486943548858484e-14
2791.7175470507673,72.93380130282391,6.859406772325923e-13
2797.9336890196223,73.2538243939535,-3.876056129834944e-15
2798.3095357316165,73.27319677562707,1.8416469024839853e-11
2802.0220081390266,73.46468966531663,-6.39570596278885e-13
2802.2741730000016,73.4777057788181,-1.2695543203088397e-12
2802.4860129027415,73.4886413251088,-2.586448553599529e-12
2804.1136943953625,73.57269266778403,-1.3706441108581208e-11
2813.7205777005584,74.06977361657655,-1.1426605169474133e-11
2820.082134635935,74.39986997479085,-1.2940980078737042e-12
2836.293750212149,75.24444889734923,4.0380244406850155e-13
2849.852527191802,75.95454025205522,5.167989030445202e-12
2850.3706475968343,75.98174208917878,-3.5166579517005098e-12
2850.913208094268,76.01023235588629,-2.286711875837489e-13
2855.018024872265,76.22595512681842,2.418121820857283e-13
2858.738439711716,76.4217443456608,-2.4729628554367373e-11
2861.5080648164953,76.56766320012134,-1.5461114056119228e-12
2862.811921055591,76.63640632847473,3.093585591430813e-11
2862.9218122233915,76.64220154432648,-3.2503624436796677e-12
2872.316855623595,77.1384806216826,1.929259128865486e-12
2874.317242553664,77.24435801336858,-9.567882434905939e-12
2884.2107674249587,77.76909081530604,6.547991333358219e-13
2888.8777836332156,78.01724591708322,1.3905749028960886e-11
2889.207457136581,78.03479052502502,-4.226282374560904e-11
2897.213193221518,78.46145545892132,-6.67659422117654e-13
2900.9336080603534,78.66013642122782,2.619278970755705e-12
2903.4245340287644,78.7933016077872,-3.5436323807487403e-13
2909.7781485289506,79.13348413734231,7.909358598266294e-12
2915.0917681515552,79.41855470008817,-2.327622204039611e-13
2919.974812627183,79.6809839117818,4.0638445142680855e-15
2921.6338295530245,79.77024433774021,-1.1453327905992659e-11
2928.412170949362,80.13546757338352,-2.291896160301203e-13
2941.119399948388,80.8224252474626,9.189029218186806e-14
2941.668855787221,80.85219612865426,-1.961996899711554e-11
2945.078188964265,81.03704657314144,3.4909831108721963e-14
2945.459883926309,81.05775499841359,8.517952484234567e-12
2949.159612739705,81.25861864743118,-3.4549831687546867e-12
2953.963054389617,81.51978066044651,3.7877249970935385e-12
2955.325827428588,81.59395171168661,-2.3158951037861197e-11
2955.4150325715837,81.59880803388822,3.2344274988062606e-12
2958.20534370011,81.75078639358074,1.5183960690116205e-13
2960.2381131548304,81.86159444277223,-4.137951909978391e-11
2963.9585279927937,82.06459466501911,1.2445551007043566e-11
2969.4770921753507,82.36617846732277,-3.57558071417856e-12
2972.176103978106,82.51388093900987,1.4521096006791658e-11
2975.057714432093,82.67172417080349,3.1452089073380183e-11
2976.767705725022,82.76546305139806,3.177665130485692e-11
2986.995705254738,83.32726958502495,2.1682880233269787e-11
2988.6233867461974,83.41685308195025,-2.3348348546798417e-11
2991.2369474734114,83.56079898755095,-2.6257790230033108e-11
2993.941807526224,83.709905841061,6.619730399520097e-12
2998.902360642907,83.98370919850571,-1.0616647896747114e-13
3004.6555449347634,84.30183044090562,-3.165462054241212e-11
3009.438300558969,84.56675612946587,6.785104939867484e-12
3009.4589865837315,84.56790288185178,-3.773362942888107e-12
3018.1161272386817,85.04851286188152,-7.1076250769944e-15
3019.5367699863477,85.12751315462094,2.5456841623468844e-13
3020.3060081604995,85.17030511099547,-2.305927786522855e-13
3023.1541889973914,85.3288414796514,3.1610262723443023e-11
3024.296132609245,85.3924466834983,1.165530952212012e-11
3034.7163331063985,85.973951881822,1.6104085909085223e-13
3042.065863454747,86.38529945389529,-8.992030858112983e-13
3044.1193189336364,86.50040761970519,2.481437851754169e-11
3045.570250023831,86.58178760764804,-1.3763047154815591e-11
3048.411535518894,86.74126227542243,-2.809987293142678e-13
3050.3747387634553,86.85153912673385,2.8684385886879786e-12
3054.824066816131,87.10172911021034,4.390994863578568e-12
3060.130791094434,87.400608149732,-2.0573933948567828e-11
3066.794440160831,87.77664497541964,4.918725077123946e-11
3067.4214046418547,87.81206734999618,-3.148832352244222e-12
3067.55093474301,87.81938647212016,-3.341148043848174e-11
3087.6958521348197,88.96144047662376,4.989976247680088e-13
3091.568142982067,89.18182464826835,-1.2603417886185653e-11
3091.8006689093368,89.1950672164017,-1.0046660929809765e-11
3093.4490364249846,89.28897183748519,-1.4349999887909779e-11
3096.062597151287,89.43796442380233,-5.975247753703794e-12
3098.000313211845,89.54851001608263,-1.151905440443528e-13
3109.3898952824093,90.19967721409843,3.593802600533665e-11
3116.0328583230084,90.58057317283193,2.3333587211638003e-11
3121.813623979002,90.91269370592482,2.707266167088817e-11
3124.1298937272595,91.0459423712635,1.3609125301269654e-13
3125.1189142365492,91.10286812552724,-1.3245299413580395e-11
3127.850308563197,91.26017451896801,4.2282223265056715e-12
3131.7618772768265,91.48568881128212,-2.58704281993593e-12
3135.274206277815,91.68842583423529,-4.268175468029698e-13
3135.792326682329,91.71835177310102,1.3822125408181335e-12
3147.8009307995317,92.41333811998658,-3.836768044024859e-12
3152.6446974044757,92.69441825709924,4.783805864759057e-12
3156.8073838871505,92.93632113163521,5.676444340998684e-13
3158.1701569252136,93.01558422603033,-9.044089472328603e-15
3159.2876604442013,93.08060721514157,-4.8945724098877645e-11
3162.489954875273,93.26706312554866,3.884883044857684e-11
3165.194814926597,93.42470272231442,9.522157347590936e-12
3178.161104117924,94.18225125877656,-1.4617426652219767e-12
3185.9422567008014,94.63834786020442,-1.3698353613222845e-11
3186.355287096503,94.66258903927265,-1.0294940442400538e-12
3190.745698347024,94.92046103239123,1.95825320545179e-12
3196.9501438066263,95.28548625943525,-2.7020932899352734e-11
3197.880247515415,95.34026803274237,-2.396710767949549e-13
3203.3547326680377,95.66303028110335,1.827206473206947e-11
3213.891719668681,96.28581915147414,-3.541284235628947e-11
3216.1256796149723,96.41812017690741,9.662126480966335e-12
3221.706301867357,96.74902107397182,-8.501496936923737e-14
3239.384733376597,97.80104416061991,-1.4887362958034125e-12
3240.59039494692,97.87300139069687,-1.7888146371319692e-11
3241.2879727284258,97.91464699772277,8.172326588950276e-12
3246.4534704021517,98.22330773119891,-5.188893007292812e-14
3247.6936086803616,98.29748450030547,-1.907629577587648e-12
3254.2473665753773,98.68995687815163,-4.340696103826178e-11
3254.898771148421,98.72900952779288,2.9529838681089967e-13
3256.107573992653,98.80149972342535,-3.707241956375627e-12
3259.936832903512,99.03131264666868,-3.1764446908011135e-12
3260.788380878432,99.0824549989866,8.683461297997971e-13
3263.501183361908,99.24546981653825,-1.0623721963099236e-11
3267.200912171611,99.46800846436587,4.3091062787334065e-12
3267.315604498207,99.4749112359525,8.840410568208599e-12
3270.3952641688065,99.66035153362367,9.190965252627164e-14
3273.1080666522125,99.82384642315792,1.5831064999180426e-12
3273.3671268543676,99.83946652663795,2.8884163743833823e-11
3281.364920496527,100.32230383154332,-4.3517034439988956e-13
3281.999827410058,100.36068447719381,-1.552224538677169e-11
3286.97687818187,100.6618085480252,-4.182550216796115e-11
3287.2858656600697,100.680518109863,3.356392708557592e-11
3293.0990138385114,101.03283897940813,-3.9227377268517226e-11
3294.880665521897,101.14094521215972,1.483081587867381e-12
3300.633849808631,101.49043351609797,2.2209634601364496e-12
3306.664686139517,101.85744288619154,2.9120254121236654e-11
3313.1133540248097,102.25062080425575,5.88091678526482e-13
3322.69684431282,102.83634523999024,3.947982141924156e-11
3323.9359354994617,102.91219961476578,-7.507469532918202e-13
3338.4492562586124,103.80277812624261,2.7148285281059832e-11
3341.1954883581234,103.971731272786,-3.942440121213045e-11
3343.1497020768097,104.09204262479156,1.609568722774128e-11
3343.79735258208,104.13193080959819,1.8810893531883534e-11
3345.8821434931265,104.26038358615766,2.6774392750206738e-12
3350.0527724065055,104.51759394388519,3.602061904966609e-12
3350.802371646496,104.56385707761191,7.908200940488214e-13
3351.673558554636,104.61763726157308,5.805983085058943e-11
3352.8430835317217,104.68985645844468,1.2376076949098497e-12
3360.912537564354,105.18883901178808,-5.654083560108682e-12
3362.1606182750966,105.26612240609641,-3.0948470703351645e-11
3363.61154936397,105.35600272777991,-3.1159294596070866e-12
3367.614417400598,105.60416806620744,-2.979899258259826e-11
3374.6077399640803,106.03844053620959,-2.7033408667869403e-11
3376.9898218525773,106.18656913503446,1.0408700276803675e-12
3379.47009840816,106.34091499792008,4.161977021894935e-11
3385.086857251052,106.6908608220755,1.843441408220599e-15
3385.592234063375,106.72237625097468,4.1670638820401974e-11
3389.4273412232287,106.96168784404362,-1.0438728868719877e-11
3394.230782866877,107.26180591864338,2.2645869365476485e-12
3408.388942937002,108.14887755309789,-7.249275325277717e-13
3411.490335722565,108.34368660800968,1.7897189745674546e-11
3411.843402226447,108.36587515230912,-2.5730766794605536e-11
3413.271987405426,108.45567835356299,-1.6618359448808769e-12
3425.338461222699,109.21569642759677,-5.976379314565637e-12
3430.9631624978783,109.57088996647802,1.0035248089802637e-11
3433.4423919618253,109.7276355592704,-2.01308444765032e-12
3437.5238157314575,109.98592412584414,-2.8914876091266977e-11
3439.8549232522455,110.13358346732593,-3.376465093211787e-11
3451.5662363822885,110.87692785206498,2.8866928405113227e-11
3454.8784219785316,111.0876183164561,8.196757597420296e-13
3465.4732786813943,111.76292171225874,4.522477256594111e-11
3466.9921160943804,111.85990003682483,4.097691818387802e-14
3470.685996651975,112.09593300858367,-5.966272380110562e-12
3472.640210370063,112.22090575300774,-1.6035906302926858e-11
3474.4298044855705,112.33541271670778,3.690969946366957e-11
3476.1673771424025,112.44664754113866,-7.696546947024817e-13
3483.0035882367924,112.88482360593957,-1.9929449521996433e-11
3483.2361141638207,112.89974280396949,2.155765271678403e-12
3484.366361273714,112.9722752711216,-8.7007123123628e-13
3488.086776106159,113.21119535094536,2.1536125703021798e-11
3497.104925686435,113.79138696045052,2.9688276983171996e-11
3501.54735839219,114.07774603797549,-7.979477157492573e-13
3502.24493617325,114.12274490479453,1.1069787743855856e-13
3503.9835559212947,114.23493760097877,1.708425249792353e-11
3513.590439206029,114.85587124966547,-5.961372693546041e-12
3523.4691262843994,115.4961456468412,-3.116010814979257e-12
3537.8794512108234,116.43335605738577,7.222325336604943e-13
3538.867424627751,116.49775142120448,-4.2863242841281856e-11
3539.74760105973,116.55513580324278,1.060280923682405e-13
3540.030054262756,116.57355377499955,-1.1986796836649678e-13
3541.1162223467436,116.64439340482855,3.114286857798092e-11
3541.529252742082,116.67133685433127,1.4570505662221712e-12
3542.2199351815048,116.71639956061236,-2.7066376898143057e-13
3553.9254000586648,117.48144432582197,-5.450720516143078e-11
3562.1705573970085,118.0218456732841,-2.5064948461292367e-12
3571.8559964142073,118.65824500151143,-4.936884901967218e-11
3577.9781320668,119.06140236364297,3.961545397023802e-12
3594.963786939091,120.18356367060946,-4.505650531839632e-11
3596.5914684279087,120.29137587502589,8.841876454213753e-12
3596.6121544526386,120.29274636251061,-3.1024360768683824e-11
3597.8522927298313,120.37492222351395,-1.6663970098732445e-12
3598.6842017706686,120.43006327661924,-1.83809997132497e-11
3601.552021536658,120.62024740855202,6.759098301688127e-13
3604.597204496988,120.82235951217855,-1.5122479119377447e-11
3605.327164803143,120.87083315224791,7.59856954589544e-12
3607.561124747357,121.01924216219278,1.5278152493123962e-11
3607.718236214642,121.02968303284166,4.530654881811021e-12
3609.357614203934,121.13865531583617,2.950623241113931e-13
3615.962346460765,121.57818476692191,3.1006554009627954e-12
3616.350936763692,121.60406957022197,-2.4347546522189433e-12
3618.6751489420144,121.75894821998224,-2.769889250581035e-12
3619.914240127832,121.84155827084398,-1.3520535597797638e-13
3621.869500936624,121.97197278472493,-7.658613259430956e-14
3627.450123183683,122.34458368406786,-6.153033203004277e-12
3628.571380769023,122.41951780816765,-1.3292438658982962e-12
3629.061919806607,122.45230802404879,2.7997154316091337e-11
3641.0157954744564,123.25273822728985,4.567665836955041e-12
3654.574572423295,124.16381848854408,-2.5889140179733337e-11
3657.047953635818,124.330382242334,6.192604880024427e-12
3657.1881331459786,124.33982565987273,-7.1979662598509235e-12
3658.7510495841157,124.44513854857436,-1.2403405924445021e-11
3661.83865168488,124.65332049959906,-2.3459995606583146e-11
3668.3579328658298,125.09346067763586,4.2703592583742054e-11
3669.8364453200443,125.19338929502973,6.810907303315002e-13
3671.748674194213,125.32269133899013,-2.4545609526263554e-11
3671.9291786625054,125.33490025917101,-8.067093316231509e-14
3675.546597667548,125.57970096118234,-6.1838959707966115e-12
3679.652461527466,125.85784813788423,-8.90031830090662e-13
3686.2444501915697,126.30506458632001,1.3819981979060123e-11
3696.511727569397,127.00321580535231,-4.85439365061497e-12
3700.0750309329906,127.24596613789329,-1.7156962431624624e-12
3707.4686402949073,127.75040251936775,1.3018576097968697e-11
3710.9220524908824,127.98636002710032,2.7497313141101577e-12
3711.28306142744,128.01103897179559,1.7733965936013383e-13
3715.0034762581868,128.2655102370173,3.476317757216948e-11
3719.943343341088,128.60378438589714,6.536187990627782e-12
3726.9207810335915,129.08235395191744,-4.248973859178924e-11
3729.8847012832725,129.28591515463052,-5.825116508450842e-12
3734.5851470975526,129.60907225209934,2.545063523645101e-11
3739.0206844596446,129.91439004246266,2.0142862596316968e-11
3743.9605515423314,130.25484965434714,-2.699463378892245e-13
3745.8414449823226,130.38460050340566,2.807227748117196e-12
3752.413794712225,130.838496722242,-1.6104678748419628e-14
3755.56511477161,131.0564137856982,3.606072293985579e-11
3758.061888984697,131.22919820669773,1.3242864822621609e-12
3763.4853997631035,131.60491739716082,-3.729164069954168e-11
3766.0431849590063,131.78229857558821,3.7928154640876306e-11
3774.107837825759,132.3423674053386,4.6347154098571364e-11
3774.2060324927816,132.34919414800248,-5.296065520357994e-12
3776.2711844685487,132.49280990728414,2.139145428435687e-11
3776.8126978733185,132.53048108516063,4.979861793221913e-12
3777.898865956814,132.60605825155415,1.6099922987952026e-11
3782.7023075966536,132.94054932166964,1.0191885289022405e-12
3784.1542857755844,133.0417425084541,8.197905268844324e-13
3800.314926942386,134.17065287222607,4.027070303790697e-11
3804.259925266542,134.44696340618825,-9.071969373352995e-13
3805.037105872127,134.50143149934777,-9.358199332803983e-13
3806.128075114507,134.577909994536,-2.6858252588393607e-11
3808.3482443747494,134.73361472449974,-3.677888619771204e-12
3827.641613757797,136.09051866021198,1.0637486046374384e-13
3828.4411402730534,136.14689737483917,1.064900159966759e-11
3838.334665120008,136.84551492663743,2.6796814939276193e-12
3843.260741518703,137.19403536531428,-3.047887425611447e-11
3856.9087236054643,138.16196638266902,-9.703526217193417e-12
3859.1575213231295,138.3217830313624,-3.883879345751171e-11
3861.3442609666295,138.4772786963412,5.6595157519617205e-11
3864.075655288768,138.67162763674608,-2.5355572300330197e-11
3867.7960701185366,138.93657017161792,3.1424851000380877e-12
3868.5180879914524,138.9880168956764,2.0694125622554258e-13
3868.764404601459,139.00557015756345,-2.128583127181653e-11
3874.09871023606,139.38598298860305,1.6630525559653912e-14
3875.801806183709,139.50754865166516,1.2206971158750096e-12
3875.910650259906,139.515319673554,1.0718694841689894e-11
3878.933487309037,139.731225066287,1.0546441004677352e-11
3890.01888304071,140.52443718418849,1.2488336637554063e-12
3898.845878736801,141.15766904500646,1.6442218708799515e-14
3898.903748445684,141.1618252433435,1.755258800111424e-11
3900.375365557737,141.26753740948058,-1.984410883698048e-11
3905.3359186638036,141.62416773263197,5.313721045411918e-14
3908.240922112393,141.83322834577908,-1.828584804362054e-12
3911.0891029434088,142.03835060099306,-6.172119762628249e-12
3912.329241219909,142.12771043351182,6.213657979391472e-13
3914.6534533970203,142.2952609711944,3.86907151356089e-11
3934.7384068589863,143.74731414513363,-5.363924244081443e-11
3941.149891052032,144.2124007205555,-4.827482098211471e-13
3948.0657049654706,144.714920087101,-7.367373019389608e-12
3948.513212068371,144.74746735906723,1.3985885557313062e-11
3952.2129408729306,145.01669061971631,-5.672833276252344e-12
3953.026258071174,145.07590819916658,-4.344528434242222e-13
3955.356318498394,145.24562722671882,-2.3626930351630456e-12
3958.379155547152,145.46595637002434,-3.802522972212617e-11
3963.7241105901976,145.85595244474584,-1.887656715241282e-11
3967.0118560909646,146.09610508383034,2.0434570788894127e-11
3972.6158713357327,146.50590807858444,3.228629406197356e-11
3978.111042504274,146.90831342450926,5.164150237052159e-11
3981.38395023051,147.14824917082123,1.861753917847347e-11
3985.496709429902,147.45003390987557,6.7428128433327e-13
3986.22562264426,147.50355237710153,-3.2249456369266396e-11
3986.3992317708853,147.5163005974503,9.667217750106891e-12
3988.0269132586036,147.63584921114264,-1.240479474932862e-11
3991.6767147869605,147.90409424497167,-3.833567115136359e-11
3995.542110285015,148.1884520802645,3.447218835482991e-13
3996.0326493222933,148.22455826675568,-2.391076828776363e-11
3996.1897607894725,148.236123412906,-3.67964183232703e-12
3998.2342267397926,148.3866602335748,3.0115976669822864e-11
4007.708872938876,149.0852965876636,-5.1973396315280005e-11
4010.600085703874,149.2988165671331,3.4527089126353296e-12
4015.267101899482,149.64380692468214,-2.0114482247380138e-11
4016.003957546699,149.69831268223678,9.873234606687662e-13
4023.4612848639304,150.2504995164367,-1.3455731082239867e-11
4024.4423629384496,150.32322088079852,-1.6633966931084876e-12
4026.2075169598525,150.45410568456697,5.190016341299219e-11
4033.044775138841,150.96162480762098,-4.335274001754968e-11
4039.7318171921634,151.4588265802377,3.7238993402193094e-11
4041.8197493744187,151.6142393916043,2.0419181971777874e-12
4045.383052736019,151.87965521548873,-3.657090773356121e-12
4047.1726468497013,152.01304295719942,4.074179954820602e-11
4054.1452833796184,152.53331247656556,3.368719273563635e-13
4061.1503024346875,153.05690006595435,2.5247993109817172e-11
4068.123986055787,153.57904335185225,-4.005446670764402e-13
4070.156755505391,153.73141230106154,-2.5967655177381046e-11
4070.6042626082094,153.76496601661404,-5.48565209464423e-11
4071.628372617072,153.8417668260526,-2.8542926029831437e-11
4080.506342678083,154.50835975736086,9.059119197662829e-13
4089.9162238256276,155.2164756416713,5.6559604690895085e-12
4095.940164805932,155.67064780192774,-2.0077852269939876e-11
4095.984243831657,155.6739735825839,-1.0379208100582676e-12
4096.502364235148,155.7130686633997,-2.3560240897704678e-11
4102.718506184071,156.18249687789358,-2.487956978563188e-13
4115.425735149274,157.14433125429213,7.85666660608238e-13
4118.356225780627,157.36656774959704,9.116301631257836e-12
4124.866951730272,157.86088088768105,4.444814324580993e-11
4125.032618423976,157.87346896919826,-3.4342943465269677e-13
4129.373102390373,158.2034581095283,-2.2250903026277233e-12
4130.456129199333,158.28585028228665,3.1848001301108815e-11
4135.628522205807,158.67964242308918,-6.830604715134673e-13
4137.59067835454,158.8291570828477,-5.6514619899633897e-11
4137.876272831236,158.85092505597945,3.6389955898812305e-12
4140.47918414272,159.04938785905279,-4.2125650793444076e-12
4150.485307128881,159.813481475992,-2.2414316578974507e-11
4153.217748541183,160.02245840800686,-1.2349951387772338e-12
4155.698025093322,160.2122688691182,7.85399471491833e-12
4157.090039379943,160.31884650461276,-5.076937002025808e-12
4161.042980134889,160.62169250784828,1.2552748145217988e-11
4161.302040336614,160.64154989466445,3.800918933088435e-11
4161.332328679195,160.6438716262217,-8.851348953534202e-13
4181.554754667904,162.1977796181978,9.399185482131955e-12
4188.995584324023,162.77143497690702,-2.248947783338847e-11
4193.508630325317,163.11986792922977,-6.091600069562445e-12
4194.714291893473,163.2130153987359,1.990650447872843e-11
4207.067407262439,164.16893985054742,-1.111483798029857e-12
4208.209350871465,164.25744911707116,1.0547302486163618e-11
4210.984824217966,164.4726694342124,5.3562457614482605e-11
4219.876584960494,165.16312446532677,-1.4939551833657383e-11
4222.329280146142,165.35383522537006,2.286531621586536e-13
4222.717870448698,165.38406046252223,-2.4024269552184048e-12
4224.759629422094,165.5429177697791,-1.3957251171437973e-13
4229.130401730514,165.88324010852642,7.696975707393399e-12
4232.835978783904,166.17204385577895,3.227076758730302e-12
4240.777996885849,166.79187761732007,9.285275378760284e-13
4249.004562373054,167.43514392721934,6.068327961020779e-12
4252.77970563571,167.73075397926766,-1.2142394949307982e-11
4256.989612409239,168.06071751310034,-3.238555779886556e-13
4257.71957271465,168.1179634600442,-2.4075486716567745e-12
4262.990160387242,168.53159199600177,-5.214814117856406e-12
4263.402143690786,168.56394544662217,-2.370167182701411e-11
4267.346094921002,168.87382601303318,1.6947013623173156e-11
4279.413615812217,169.8237639529257,-1.4264303811072099e-11
4279.975815241303,169.86808488309615,2.233009253684184e-11
4287.228197995507,170.44034766999647,-1.4103961137118065e-11
4299.425248987278,171.40496365574452,-2.3216887247724284e-11
4300.688780264129,171.50504793968773,1.6609983401587664e-12
4301.37946270272,171.5597693116467,1.545511651431203e-11
4303.687177219171,171.74266859337774,3.64612491364047e-12
4306.966980285569,172.00278011757413,5.063804955071451e-12
4315.48394140769,172.67916061364323,-1.0625576725874536e-11
4319.183670210444,172.9733934883039,4.309851585662258e-12
4321.738314130362,173.17670695167595,3.315959841927557e-11
4322.900943763937,173.26927560443667,2.1153883282631547e-13
4325.349884881666,173.46434192863114,2.888908129897568e-11
4325.844177986349,173.5037274216617,-2.8612782178639934e-11
4330.2621705939055,173.85595491201022,-4.3162678263690026e-12
4330.804731089569,173.89923570830828,1.437204492802433e-12
4332.476491602267,174.03262843662498,-7.73191915980495e-14
4333.982585421302,174.15284640846403,-1.5524829172013198e-11
4339.50114958825,174.59370097638634,1.0335532145526505e-11
4345.081771829281,175.0400835911776,-3.923371558761887e-11
4346.850679917577,175.18169468924572,3.088102457956513e-11
4352.807761662901,175.65901667837878,1.3519118552837195e-11
4358.64744410551,176.12756632968225,2.91247857292921e-11
4366.6187034575305,176.76815802288397,-6.960589359488896e-13
4367.395884062512,176.8306769543822,-6.799416699559369e-12
4368.227793102384,176.89761074800631,-5.393274585720769e-12
4369.855474589301,177.02860772778496,8.378117143540264e-12
4372.186582106573,177.21630193808542,-4.2008999578560003e-13
4374.679602249874,177.41714366642415,3.9485686983480766e-11
4382.277109073725,178.02991717511702,1.8455809892916648e-12
4389.66967133709,178.62718161615643,-6.4611870427817366e-12
4391.413092241658,178.76818385212934,4.313538410069084e-13
4392.480668482156,178.85455360047993,-1.7136478894445852e-11
4393.178246262245,178.9110008333852,-3.942993803113882e-11
4406.702546488335,180.0071439782247,-3.180169253234746e-11
4411.932809201933,180.43195968837188,2.105720283322147e-11
4414.143376142477,180.611659252083,-3.095253200188599e-11
4423.297951152159,181.3568035990232,-1.4300774751385003e-12
4423.703039114058,181.3898117421095,4.342280631208283e-11
4430.154848261157,181.91593771133248,-2.1459295529455357e-12
4430.291273703547,181.92707108126763,-3.148970164384e-12
4437.574991890406,182.52197653357067,4.167567806077122e-11
4440.059022509326,182.72508585808882,1.2702234535003708e-11
4440.577142912603,182.76746483349027,-4.7466428645074e-11
4442.511717694352,182.92574452996217,4.1923233453007234e-13
4444.701598610119,183.1049956109377,7.857052804063832e-13
4447.414401088087,183.32717254685136,2.7747305680325997e-12
4448.135371869136,183.38624243362096,7.341878251751194e-13
4451.228822216664,183.6398007209685,-3.303469190732664e-11
4454.949237043564,183.94498237335765,2.583188300235556e-11
4461.592200067719,184.49053160355282,3.6428748279544284e-11
4463.473093505853,184.64514647843706,1.789915036299796e-11
4472.600087148783,185.3963370784665,-1.3592343219279505e-12
4475.519928369712,185.63697646726672,1.6491474176913412e-11
4491.140103208614,186.92698408422234,3.5352782249595904e-11
4491.8376809886295,186.98469907680678,-3.376792893125934e-11
4495.653149208347,187.30053533139,5.9612307629101964e-12
4497.097184953005,187.42013945685258,-4.1154161988280247e-11
4509.301131283525,188.4324811398595,3.0742773292443875e-12
4513.374612613474,188.77099523773958,-3.306581041773336e-14
4518.257657073464,189.17718839705296,-1.2681844268299298e-12
4522.6687543385315,189.54450050834004,-5.966770771903436e-12
4525.1087059315305,189.74782926288043,1.3860274501228311e-12
4528.303057922032,190.01419031597933,2.2952932820927407e-13
4529.026122885655,190.07450917949274,1.212456809362522e-11
4532.514011785594,190.36560792994032,4.051824526402856e-12
4542.509485358067,191.20107014569533,-1.9421412503046106e-11
4544.169549369885,191.34000323815727,5.112166436091381e-11
4546.356289011471,191.52309203197782,-2.8046533450290486e-11
4548.525483902302,191.70479888662683,-8.026626969044766e-12
4555.966313555346,192.32875314223267,1.7085429641886753e-11
4559.393191472404,192.61645860933362,1.5758085550894158e-14
4559.683587107895,192.64084888097233,-8.787606913568547e-12
4563.481510576601,192.95997872744456,1.2071558097010311e-12
4570.458948261208,193.54696753823626,2.0627639167647346e-12
4583.185816152965,194.6199466572362,-3.115131031326698e-11
4585.2785494928185,194.79666684920514,5.307519008397401e-13
4586.149736399268,194.87025772884135,-2.7925288882436902e-11
4586.801140970882,194.92529229534594,-1.276197265395884e-12
4591.73035863885,195.3419955372163,1.0603373158193194e-13
4597.357766880398,195.81826914790778,-7.238754574621789e-12
4599.66548139612,196.01375037031212,-5.092594721337093e-11
4605.269496636629,196.48886205654605,1.7587543024674747e-11
4615.683848853344,197.37333339952036,1.6961976640260368e-12
4621.82248215638,197.8956118659843,1.3401405368941604e-11
4629.960889588816,198.5891024415581,3.961689542529844e-12
4632.536219532602,198.80880577331416,-3.006073967812818e-11
4633.776357808013,198.9146464816623,-3.641186648712238e-12
4637.339661167176,199.21891743356406,9.219748256137031e-13
4638.791639344518,199.34296911535827,-3.0626659836812064e-12
4643.8530940893315,199.77570485747086,-1.9549850793077675e-12
4657.6278992870275,200.95578974523949,-4.2495540146687156e-11
4662.597007615092,201.3823501473091,3.260123702756009e-13
4667.65950945111,201.8173954238797,-4.3071365884630596e-13
4670.657906405007,202.07528479306094,-2.7699405012214744e-12
4670.849060282241,202.09173137804228,3.0601729745788673e-12
4676.551270189283,202.58265024522123,9.462119994194842e-13
4681.774637559906,203.03286986556705,-3.097256349883914e-11
4683.246254670571,203.15980424360794,-1.4923815059484817e-11
4687.896773203135,203.56119708775776,-1.0447340068055092e-11
4692.814907163797,203.98612163654053,2.4433931006712274e-11
4697.5036564717675,204.39164232815887,-5.393352163194004e-12
4698.764480771803,204.5007576284056,-1.2018561389662759e-12
4702.464209573103,204.8211116554782,4.874858703486638e-13
4706.5376909023,205.17411999580983,-6.588353227204547e-14
4708.630424241913,205.35559534982556,3.2676310907759362e-12
4713.173758583263,205.74985692380383,-4.651605883236764e-11
4713.821409087186,205.8060897190635,-2.3459984718289887e-11
4715.576526491691,205.95851809308482,8.432927456074082e-13
4717.2631247781865,206.10504918528656,-1.7560040710474908e-12
4717.609295939826,206.13513090063773,4.1490689555770977e-11
4718.056803042321,206.17402181702755,5.706031934755766e-11
4719.681343254718,206.31523461867815,-2.0337749250907306e-11
4725.029439566989,206.78046017426627,2.991132144414107e-11
4728.362311181871,207.07064982523627,-4.437694038936464e-12
4733.557050094668,207.52335832367604,-6.062407232195389e-14
4741.927983452892,208.2539101225851,3.294273952361182e-12
4744.63179640588,208.49015427746974,-2.819166799350392e-12
4749.046647737621,208.87618892141523,3.611461972548449e-13
4757.960141591162,209.65667911977914,4.4661731578688185e-12
4759.451397635107,209.7874005364399,1.3018309029026973e-11
4770.7486332571625,210.77903105223623,-2.8880266958863023e-12
4772.990535630816,210.97609670596034,-3.2211463619187646e-11
4773.511363010224,211.02189125112326,-6.686038371211506e-13
4776.458785596583,211.28114204880046,-4.459854260310029e-12
4780.952192661723,211.6766832293004,2.642573559547413e-11
4781.765509859194,211.74831686118944,4.3516182753465344e-13
4793.075489072847,212.74571615760576,1.9275019365760724e-11
4796.175834760924,213.01953952154489,-6.545967033187596e-13
4797.423915469038,213.1298203311665,-3.5009773099159673e-12
4806.332173865622,213.9177901938886,2.374245385425379e-11
4807.547872048529,214.02543675160018,3.605922107757602e-11
4809.482446829605,214.19679388459627,-1.0870881863555302e-13
4812.1952493066365,214.4371995280011,-1.0816762674306107e-13
4814.285888463421,214.62256221850058,-1.6264903014268666e-14
4815.138483527628,214.6981791101059,-9.315432792220969e-12
4817.935689988413,214.94635815394082,-1.592238910023271e-12
4819.989145461064,215.12864045613932,2.6524869256927108e-11
4820.855531208399,215.20557157793047,4.7138326492048935e-12
4822.602706179858,215.36075484249173,2.8004408257413998e-11
4839.5708162736655,216.8707793158028,1.160694207915915e-12
4842.664266620059,217.14664294952692,4.633985970275855e-11
4846.314068144963,217.47234681521743,-5.00253707107467e-11
4846.753632814528,217.51158958968117,2.024520139078834e-12
4854.390417501703,218.19394270645907,-9.072928598047405e-14
4854.499261577777,218.20367578086694,2.2077356385981733e-11
4858.110832327206,218.5267540604898,-2.685653728232933e-11
4859.459814678444,218.64749085863906,2.1736874225363595e-13
4860.550783919461,218.74515945013448,2.4217547180718883e-11
4871.370224095563,219.71495245034325,1.0146557395158713e-12
4875.118220287276,220.05140435654326,-3.8193735648920595e-12
4882.779445066583,220.7399458923246,5.977148607537526e-13
4903.202014441832,222.58067741058719,-2.256050383089181e-12
4905.172113021898,222.75865309065193,3.846546290454631e-12
4905.949293626481,222.82888205817684,-6.748774588225143e-13
4911.140278470893,223.29824434859012,-3.883540806013971e-11
4914.142429491782,223.56992159747404,-1.013009214617254e-11
4917.415337214686,223.86628991605647,-3.547659778303724e-11
4918.266885187505,223.94343163078494,-2.3071461477597915e-12
4922.761339343439,224.35080544781877,-3.623024234232589e-13
4927.666729711317,224.79585089032727,4.176706215201899e-12
4929.353327997514,224.94897126214022,-6.494966653179626e-12
4933.356196025308,225.31258743748856,3.9548112924567905e-11
4939.246852831979,225.84822506377796,1.9324539709737034e-12
4939.620605359813,225.8822319585325,2.758198841919004e-12
4944.76436990445,226.35051282416538,-9.616313899403183e-13
4950.577518068878,226.88032004879662,3.748381713810182e-11
4953.771870058177,227.17171659642972,3.3091633743132894e-13
4961.894392622548,227.91351946352057,-4.4251118689149014e-13
4964.425643539923,228.14493853739492,7.0680326304542775e-12
4966.615524454658,228.34524315486945,9.219539620548989e-13
4966.63621047935,228.34713569091792,3.868639923557081e-11
4968.4412551594205,228.5123071077579,1.0160507519823349e-13
4974.621260510002,229.07826575663333,4.3696977973679167e-11
4975.0108979035895,229.1139719320779,1.199291657976477e-14
4984.437276701931,229.9786527883012,3.0555439651194357e-11
4988.7932112326835,230.37877520178577,-1.1443632306154089e-11
4993.855713067325,230.84423981715346,-4.14275529313297e-11
5013.2414288411355,232.63099741134423,4.4808308344118464e-13
5017.308014827731,233.00668804067692,-1.7637555771296785e-11
5022.24788190308,233.46346632077882,-1.638404449849056e-12
5024.59862835234,233.68099235202598,3.2281870350018785e-11
5025.525590784643,233.76679668967535,-6.338420442995766e-12
5030.053474556715,234.1861480299845,1.1078153871572334e-12
5034.468325887447,234.59539446819983,-2.9819845808839346e-14
5042.062078639147,235.30015756029925,2.046740207613702e-12
5042.824421469202,235.37096795495668,1.7685535445734965e-12
5043.070738078892,235.39384941999853,-3.7297043882767326e-11
5048.977892544501,235.94292653352085,4.4932108837977e-12
5053.938445644425,236.40451243937954,-3.1328941368627144e-13
5057.1986097751715,236.70812178946542,5.528634025305737e-13
5059.823866993978,236.95274646140305,2.435143256259079e-12
5062.846704039224,237.23457535745388,-3.939783861457383e-11
5081.307117264768,238.9593522465737,1.849022339675521e-14
5084.288582260582,239.23850262957563,-4.508259997621616e-12
5085.027532089625,239.30771478600238,-4.334564904426987e-11
5097.10194831327,240.44006414352262,-2.6533833722824016e-12
5098.354830180023,240.5577142952358,4.282358438111683e-12
5098.919736584979,240.61077051359356,6.0071559423759814e-12
5100.527779137461,240.7618306472173,1.571939168826533e-14
5102.054558980144,240.905301013121,-1.7369699030808121e-12
5107.341644308039,241.40245629482308,-5.051503808599112e-12
5108.220773646992,241.48517252548925,-1.164294467339187e-11
5108.715066751324,241.53168622661835,-2.1515325605150747e-11
5109.044740253434,241.56271148528174,-5.8199089605883175e-11
5111.116787567686,241.75775571565867,4.362817243157046e-12
5116.853474180535,242.2981693061796,6.2568350644760176e-12
5119.6671783000975,242.5634505061953,3.330141333650968e-11
5125.063107703977,243.07259666106063,-1.0967035998708039e-13
5127.952660580728,243.34546801856698,1.581196119526955e-11
5132.426428711273,243.76824619226903,-3.651631741499652e-12
5135.678650408959,244.07581771826304,-1.0455794054759667e-11
5138.030443949346,244.29835467132807,-3.307398954269118e-11
5139.812095628204,244.46701014523995,3.565237213313219e-14
5140.482092041581,244.5304487613975,5.70916135898972e-13
5141.518332847513,244.62858151556182,-1.173781101228004e-11
5142.7319368474755,244.74353584064758,1.4723927908307794e-12
5147.922921690981,245.23553963647123,-2.007401344640432e-11
5157.550490980824,246.1493588396103,-1.5913356616100562e-11
5169.848443606203,247.31912606561184,2.9458655829763465e-12
5171.068942947706,247.43537053462302,1.5836255333451032e-11
5176.04913498058,247.9099852226944,1.5890792779526845e-11
5181.418530109314,248.4222029804078,-3.8406098566317506e-12
5182.147443322795,248.49177918265394,6.84153084252325e-12
5188.623692558019,249.1103797077455,1.8627868342788758e-13
5190.828411246845,249.32114703716445,4.07832754746376e-12
5194.803697907628,249.70140390440704,-3.715042738740234e-11
5194.901892574498,249.71080041964584,3.7978260561901596e-12
5197.014264846692,249.9129820863316,1.2474199163010632e-11
5198.465195932075,250.05190279498078,1.1102379373367951e-12
5210.120733510022,251.1692797775502,-1.8240146900316726e-12
5213.284797156181,251.47303973659206,3.800083065173791e-11
5218.912205394934,252.0137441093777,1.0342003966649598e-11
5220.445880579057,252.16120704157504,-1.6795612228393953e-11
5224.492827631693,252.5505291783419,7.57739512583256e-12
5235.4566356801,253.60677909990844,4.423537120646744e-11
5241.391371511179,254.17945342901868,-3.0374718564670934e-12
5243.376920658872,254.37119450438345,-1.914645754825733e-11
5245.934705850683,254.61830246516618,-3.096726755858253e-11
5246.34398217757,254.65785388901375,-7.213431352364929e-12
5249.75017406804,254.98713931433105,-1.5497967628825507e-13
5252.037202557883,255.20835222792243,-3.622800026054975e-13
5255.470975814594,255.54066499799904,-1.0220245419372663e-12
5255.541589115208,255.54750107186993,-6.483941179222974e-12
5262.80566836368,256.25122733342806,-2.1765671864589785e-13
5274.708569642106,257.406452618772,1.3608488279942454e-11
5279.968073603135,257.9177403824963,3.182745516549183e-11
5281.11315848501,258.0291241090601,7.695053696218606e-12
5284.151446097907,258.3247789139234,-4.657657729228391e-13
5284.928626702283,258.4004334237636,5.878185205821993e-12
5290.281524171212,258.9218125156823,-2.3144708311859706e-11
5294.4208176402835,259.3253469016918,-4.392243732095844e-12
5294.637458701043,259.346475651082,-3.5663759245840155e-12
5295.626479207244,259.44294464746235,-1.2139195065228093e-11
5299.338951598689,259.80521972383724,-2.934634389679402e-12
5305.539642972544,260.4108694105103,2.404586661027389e-12
5318.089760456624,261.6388638030347,-7.680510725390174e-13
5323.241467432792,262.14378405974327,-9.693109218166768e-13
5329.227177630778,262.731059218507,4.947926429874075e-11
5331.784962822447,262.98221211238257,-2.3169156099255295e-11
5335.349313271028,263.3324021923987,2.1991778296653966e-11
5338.837202168747,263.6753066334244,-6.885290293455133e-12
5341.235781710791,263.91124796479386,2.9055606396783988e-11
5345.2455450790085,264.30591345694114,-2.0106235791785703e-13
5349.916749633957,264.7660555302001,4.375352116978786e-12
5351.408005677258,264.9130379661063,-2.3210372812107703e-11
5366.728795345741,266.4254709019047,-7.265597699660888e-15
5372.90880069465,267.03677056657483,1.3748078485338552e-11
5374.601247230577,267.20430284624587,-4.273023856681465e-14
5377.421846691232,267.4836262252282,-5.8488200056009055e-12
5380.467029645511,267.7853545795623,-8.22300884424299e-12
5385.2911573020665,268.26369721551606,5.810790307668042e-11
5401.439054850472,269.86798206467904,7.73171774483443e-15
5404.693370730229,270.19187812890914,1.0076185268779014e-11
5404.9317449069795,270.2156107398015,1.5223474129305338e-11
5407.8791674920085,270.50914357909693,3.6509792039778815e-12
5412.831778157887,271.0027327972418,-1.5964902907594024e-12
5414.629927495853,271.18205253450895,-2.7536808400134538e-11
5416.961035011135,271.4146099732728,1.359638514802904e-12
5422.650501323238,271.98262644359016,-2.0219889523542924e-11
5424.169338732724,272.1343627094975,-4.1995869523026516e-13
5426.723982650297,272.38967489769044,1.5118571480715505e-12
5431.295945446848,272.8468988802556,-2.7671949658662382e-12
5437.708476722022,273.4888396249937,-4.152204250852797e-11
5440.18081083848,273.73654046321604,-2.7069474998270026e-12
5441.543583872301,273.87312355311934,-7.45633214799371e-13
5445.706270341975,274.2905380913976,3.7033240569761044e-13
5451.259311211704,274.8478677168186,3.849388272443674e-12
5453.528794950528,275.0758074242153,1.1162218083312954e-12
5458.002563080154,275.5254162796724,4.2387339247124735e-11
5466.117143208922,276.34186362944735,2.6327187176985928e-11
5467.5308906099535,276.4842316966064,2.9505507660764376e-12
5468.308071214244,276.5625115024701,-4.902210761211073e-12
5472.3815525411965,276.9729859316275,-5.186503436422918e-12
5483.886873991782,278.1339989805959,-4.3625376286112334e-13
5496.692297608346,279.4290738545049,9.453696546754644e-12
5499.397157651211,279.70301593053557,2.7737716244383508e-12
5502.790605949355,280.04688726114637,-2.310215089094169e-11
5504.333883451071,280.2033437513014,-8.538915560641537e-13
5514.254989648025,281.2101867567343,7.271122150976632e-13
5517.954718447179,281.58611770383243,-2.9492421998166727e-13
5524.120933112423,282.2132295982226,-1.976880941744261e-12
5527.114094607896,282.51789044509707,1.466536486371674e-11
5531.203460800474,282.93439594394385,-2.270263706153413e-12
5532.753633643727,283.09236291374333,1.0623600636985643e-12
5542.322286131184,284.0684154049848,-5.245924420602326e-12
5542.534126032983,284.09004326342335,-9.447783429808037e-12
5543.852820041059,284.22469431377004,2.6847381367728007e-12
5544.488339746459,284.2895982865431,-1.4863490294214382e-11
5545.562811327554,284.39934819395614,-3.1867278136070824e-11
5552.141009295811,285.07172968409355,2.0142525215938046e-11
5553.7686907812085,285.23822393488945,7.576611768769047e-12
5555.594421485281,285.42503455470535,-4.82973714581223e-14
5556.382251498703,285.50566508625684,-5.026817546754826e-13
5557.418492304372,285.6117366512127,-1.9929769756210266e-12
5564.738347077704,286.36157415753996,2.0749667744276958e-12
5565.71942515087,286.4621496750254,3.685474504729885e-12
5568.953055005638,286.79377175041645,2.751712724466617e-11
5569.8077442520425,286.88145584008464,6.936683063523279e-12
5573.450650433612,287.25533896851795,-2.7019403342636267e-12
5573.5828875106145,287.2689154811721,-1.4675218711688036e-12
5575.946377550863,287.5116245412177,-1.490530754406638e-11
5576.18475172759,287.53610912656217,2.1894444166182438e-11
5577.091462432538,287.62925141005877,1.3855011387135404e-12
5590.418760518883,289.00005158206494,-1.453037970527118e-11
5591.949294428717,289.15768649766727,2.6981005334106686e-12
5596.565336250511,289.63336973667725,4.2976460136414116e-12
5603.511438496016,290.3499054669399,3.01791517473526e-13
5605.473594642305,290.5524756564579,-4.940048490722751e-11
5609.727580436885,290.9918946080692,6.6939092721368e-13
5610.347649574159,291.05597299412227,1.6347848598053372e-11
5612.914424289615,291.3213006601787,2.117988781389706e-12
5614.286799641162,291.4632129788344,1.4015446584258017e-13
5635.589545436694,293.67050103794213,-4.932276782456679e-11
5636.346040016225,293.74903906710483,-2.851707994127056e-12
5640.981720771281,294.23053808169084,1.0821898541926619e-11
5649.826261203832,295.1503011629541,2.8887770194817234e-11
5657.252253076525,295.9236591184408,1.7580245311720534e-11
5662.244141608461,296.444095519035,-1.2247548362185724e-12
5664.393697564179,296.66834190336624,8.702509171204015e-13
5665.888707674829,296.8243548158777,6.789228277974999e-13
5666.811916039154,296.92071748629763,-4.1757916636653484e-11
5668.460283549137,297.09280988156576,1.5194826354843778e-13
5669.700421823651,297.2223154372587,3.4485495133289e-12
5671.40351776847,297.40021305221023,-4.4640342820114775e-11
5684.098003125095,298.72790431959527,1.8993002301659953e-11
5690.608729066228,299.4100000060936,2.310548044674686e-12
5691.762369174376,299.53094245755835,3.4561599558571452e-12
5694.011166888218,299.7667667893437,1.5648538512312078e-11
5702.609390710939,300.66929443784085,1.9609601405092983e-12
5710.537618120468,301.502701526486,3.1400480476021935e-12
5710.976135698473,301.54883183444224,1.4880075475526123e-11
5712.216273972958,301.6793086303892,5.2129154431249925e-14
5721.439802389424,302.65061870794074,4.0826601279401955e-13
5725.60248885847,303.0894955534171,1.063629661899945e-12
5727.6352583052285,303.3039287799861,7.435894289684516e-13
5728.082765407422,303.35114572968223,4.907570498039112e-11
5732.671225862646,303.8354918926409,-6.2323228147644896e-12
5734.688544741299,304.04855765624137,-2.624883685942692e-12
5735.440850955526,304.1280341403501,-2.7547784910731766e-11
5739.879529583008,304.59716521559085,-1.0442625930717806e-11
5740.206061811043,304.63169126261556,3.957474701549463e-11
5747.296531931171,305.3818900083042,-1.2467610214132373e-11
5749.507098869534,305.61596578004065,-1.558821324157612e-11
5754.737361577941,306.17015399377243,-1.1690216036457377e-12
5759.584882234495,306.68423756838735,9.296569455217154e-13
5763.509194526758,307.1007311837994,-1.3817581886294222e-12
5771.902473788968,307.992475708044,-1.2997959891121286e-11
5772.059585255906,308.00918039934413,-6.5110138251219824e-12
5776.21537638329,308.45120506806063,-6.701348157402481e-13
5785.618362176065,309.45251420655717,9.123409481019092e-12
5790.501406631669,309.9731444223201,-7.254924560787519e-15
5807.4498777817,311.78359839706934,-4.749298496022315e-14
5807.469516715067,311.7856993183341,-1.300733981076447e-11
5818.159426784078,312.9303321246923,-2.1204397784071926e-12
5818.521482811224,312.9691364902539,-2.5295374205820348e-11
5821.252877128569,313.26195912435776,-3.442886058789157e-12
5823.042471239606,313.4538893767644,4.3517798812001684e-11
5824.973291951822,313.66103205095374,-3.219572501908031e-11
5828.731937550489,314.0644647418512,-2.7105722049636277e-13
5829.910017750854,314.1909670652562,1.2271621888604918e-12
5833.299711980808,314.5550952443696,4.1804155905764834e-11
5841.965842127237,315.48699168793127,-3.679506193635458e-12
5850.160025079172,316.3694106220432,-8.15295987606071e-13
5867.159470595946,318.20399929557595,-3.389136622195174e-12
5867.898420424658,318.2838678583124,1.746492502237743e-11
5869.428954334283,318.4493258901686,1.8951436378079576e-13
5871.3046123139675,318.65215232724535,2.2138186277988525e-13
5871.809989124914,318.70681291406055,-9.446393486062678e-12
5876.885234548719,319.2560025920718,-1.4814721109959445e-12
5879.930417502195,319.5857480169171,1.4943622743336826e-11
5881.790624913773,319.7872632704394,-4.6448488843518694e-12
5882.6776966852185,319.8833817171525,3.1368110475241966e-13
5891.58595507575,320.849437583287,3.795002808117917e-11
5894.226050067732,321.1360234327306,4.955197181181338e-12
5904.395132757274,322.2410907032603,-2.7665383488458446e-11
5905.242926661976,322.33330591280776,-6.31129474321501e-12
5906.693857746793,322.4911555467915,-3.961836661004994e-11
5912.5335401828215,323.12685816351035,2.420478312212837e-11
5912.592456982921,323.13327499461053,1.6050554099226775e-12
5915.1980752670715,323.41712577840934,6.893172576330393e-14
5920.468662933118,323.99167527631147,-5.8201999473703234e-11
5930.793809998152,325.1187080435995,8.088099655936013e-12
5935.923783856652,325.6793962731703,-2.3493817566878804e-11
5945.1696581818,326.69116226502916,-6.729936137459291e-13
5946.464959188635,326.8330314062192,8.938326208012727e-13
5950.164687986994,327.23841812093116,-3.6254749533172516e-13
5953.209870940371,327.57227410856103,-3.2463542776659335e-12
5955.411448354328,327.81374852576323,-1.3458919192591558e-11
5956.330902650913,327.91462296134387,-2.4301579442502315e-12
5958.222445496281,328.1221953720517,-8.906497669962627e-13
5960.372001451694,328.35816139732856,1.5668201308591014e-13
5964.963603180369,328.8624864012963,1.3059454772105165e-12
5967.381821654998,329.12825093991563,2.0904776581982117e-11
5976.062789575338,330.0831851041636,3.3003072324360412e-12
5977.184047158161,330.20662824436937,-1.3579738755295708e-12
5983.788779399952,330.93423613406253,-9.286144943900177e-13
5984.177369701995,330.97707007070704,4.5297169371905986e-12
5986.501581875043,331.23332382384683,-1.894436802646382e-13
5989.628461835781,331.5782319228562,-2.44992989371061e-12
5996.155685435393,332.298792707355,-1.5310736782994943e-11
5996.397813679684,332.325537103559,-1.2285071128594135e-12
6002.253993774896,332.9727133290202,4.198232348465162e-11
6002.560274275865,333.00657828177697,3.7462578964232434e-11
6005.660619961656,333.34947589982016,-3.3214358808334595e-12
6006.318919874229,333.42230652890163,-2.466938165696411e-12
6020.361340487846,334.97778291498304,-2.8934512132631077e-11
6024.159263952913,335.39910226703756,3.3167046213485675e-12
6026.247808925536,335.63090642904154,-1.4392822244573182e-11
6027.3339770068715,335.7514901927979,-2.2243093694593804e-11
6032.859436508751,336.3652498703253,-1.7601471432942563e-13
6038.341864076276,336.9747854692437,1.8026219765519493e-12
6038.412477376859,336.9826398585572,5.013251661587852e-12
6040.532792080979,337.2185274079716,1.9880697310202963e-12
6045.124393809494,337.72963244602585,2.603578519037875e-12
6051.3511851582325,338.42337581716197,-1.9829109181804137e-11
6056.881880116637,339.0401641611062,1.837303675254105e-12
6058.247360126337,339.19253051602726,8.956445774283022e-12
6063.984046736229,339.833030872274,-3.1003092948298753e-12
6068.556009531334,340.343924047838,-3.505502169518097e-12
6069.3534418624195,340.4330724191082,-4.305784484768078e-13
6075.648139535381,341.1371947727473,-3.978701236355343e-11
6075.815900411472,341.1559704223406,3.67099034953154e-11
6087.633350609874,342.47987355032694,4.323513688564084e-12
6093.935990715663,343.187007080052,1.4577166160995699e-13
6094.454111118364,343.2451708730633,-1.5055400730366104e-12
6094.767899754543,343.2803989453529,2.5253673834552586e-11
6095.053494230817,343.3124633238054,-3.727439656028858e-11
6102.4115797776985,344.1390912936229,2.3519392518712084e-11
6103.659660484839,344.2794031111546,-1.1374564789399639e-11
6106.674555095481,344.6184621814827,1.3527374908374418e-12
6109.911326223372,344.98266015414646,2.6567290705762175e-12
6116.590425832984,345.73479518216897,8.930097966786688e-13
6119.070702381498,346.0143089647884,-1.0428624373410962e-12
6122.720503903686,346.42582796897364,5.462881808228531e-11
6122.818698570508,346.43690291182605,2.8402458645254335e-12
6123.1600685729245,346.4754059089906,-1.1808932997535003e-12
6128.078202529259,347.03035867453536,2.8265596400345313e-12
6134.278893900513,347.73066775058766,9.351160278062134e-12
6151.891513210754,349.72370842854315,1.7049562461057433e-11
6153.6497718876835,349.9229863437864,5.018590298726818e-13
6165.352095461819,351.2507577244435,-1.2337287586067803e-12
6165.407258194301,351.2570225830394,-2.64646183935109e-12
6173.674761421962,352.19660072344305,-5.57070262694818e-11
6186.947331069804,353.7076235381404,-1.4370055374436176e-12
6187.5642589329655,353.77793694354614,-1.777126278148333e-11
6187.802633109625,353.805107151934,1.1443222926112023e-11
6190.013200047558,354.05712039718344,-3.305252731699643e-11
6196.880746557718,354.8406216742151,-3.1814097671929597e-13
6197.500815694826,354.9114065798543,2.1289793524406506e-11
6206.161097589657,355.90077405444407,-1.4811860430053959e-12
6207.040226928103,356.00128474406273,1.691919239205758e-13
6208.253830927392,356.14005924983064,-3.640769884739105e-12
6222.711376116778,357.7953530536194,-8.917969883664645e-15
6223.284224954276,357.8610197789284,7.868449868600954e-12
6223.369676029292,357.8708157123377,-2.2082762973798935e-12
6224.523316137167,358.00307977934915,2.300378143956795e-12
6224.735156038901,358.02736974665294,-8.966119329656443e-12
6225.238438667137,358.08508040790525,-1.1270012708823674e-11
6225.975294313105,358.1695829518758,4.647237593427418e-13
6227.546153180538,358.34976230401327,1.2429681461562876e-11
6236.590837012006,359.38808245778876,6.373294439023512e-12
6238.631548891184,359.6225623840059,1.2754985144926207e-12
6247.06890717732,360.5928379236771,5.279375487588866e-11
6249.7031539186655,360.89603847032015,2.0864292993599292e-11
6260.941907028512,362.1910496384908,-3.331893288453694e-13
6271.365861552567,363.3942535630597,2.361918261613618e-11
6273.22606896384,363.6091818557543,6.514100591286007e-12
6274.834111515339,363.79502639718675,1.3425931198700414e-13
6278.915535273638,364.26693819159493,2.839764957034904e-11
6282.268045818854,364.654799444001,-1.1174627846434664e-12
6283.798579728213,364.8319399961294,2.9650163408188164e-12
6287.43939172597,365.25349279903446,4.420477371288462e-11
6290.477679337369,365.6054689922087,5.075459505435671e-13
6295.81407914425,366.2240859694722,2.7370966200527727e-12
6301.638923804908,366.89992423055753,2.3295339495181717e-13
6320.852690323918,369.133667617756,-2.9704123694644765e-14
6334.8382883183185,370.76387397536826,-3.800412671457057e-11
6336.772863097734,370.98965791110385,1.6370355913381846e-12
6339.253139646037,371.2792314731026,8.865305876627588e-13
6344.802426445861,371.927523957158,1.9729385452783055e-12
6345.375275283335,371.99447901964845,2.7730574486985974e-11
6346.693969290935,372.1486320780388,1.373099832275477e-12
6347.562014922508,372.25012260036715,-3.16611961881518e-11
6351.823943148569,372.74862187883963,2.068304054187522e-11
6359.055639868002,373.5952476593817,-1.692656476924734e-11
6359.962350572636,373.70146563124104,-5.581593710885443e-13
6363.3685424612595,374.10062434303677,3.1848151960986903e-13
6363.879767522345,374.1605513148574,-4.316252181897372e-12
6373.055028545328,375.23691499209775,-1.6986891872623385e-12
6380.880260126849,376.15612996137133,-1.9399032074507918e-11
6385.063632619409,376.6480054122261,1.97351943113715e-12
6385.840813223376,376.739420796432,4.236237931206109e-12
6387.332069265949,376.91486001601737,2.1975602012049694e-11
6390.432414951271,377.27973213516657,-1.0947801361711828e-12
6393.689437805834,377.66323391826523,-9.004083820521878e-12
6394.984738812437,377.8158048877281,-1.0153745867341899e-11
6398.684467610134,378.25175890845406,4.1184585292457805e-12
6401.592178029431,378.594563151412,2.0973867123090882e-11
6404.8506822729505,378.97890925889016,2.7606019293185584e-11
6408.40604319554,379.39849324304026,-2.82876857862723e-11
6412.055844717325,379.82946479122506,-2.5992423795280136e-12
6413.483382800872,379.99809641287555,-1.48352076529012e-11
6420.956160673081,380.88145017230966,3.000527279969145e-11
6424.0565063583645,381.248242579389,-1.323584409156073e-12
6424.582569193876,381.31049703378517,-3.74905707448496e-11
6426.056893279364,381.48499620946353,-3.882907069764029e-11
6429.84792140227,381.9338814587928,-7.030581651468487e-12
6438.010768918399,382.9013205833966,-1.7834638280071811e-12
6438.148241451933,382.9176239745296,2.783045034801759e-11
6438.528889321031,382.96276827099314,-3.0323159003743366e-12
6440.123141189316,383.1518732761561,-7.08214607506791e-12
6442.78662918169,383.4679120646744,-3.134007277298893e-11
6444.596909316952,383.68278722784027,-1.222998194771289e-12
6454.180399575006,384.8213262775546,3.7730377085623875e-11
6466.8314186954485,386.32688505741316,-9.445552940004213e-13
6469.932811471999,386.6964222153301,-2.1255421795363226e-11
6472.679043563057,387.02378917484236,-3.767650101899889e-11
6478.334033164649,387.69833464876143,-4.214896003905529e-12
6479.884206007262,387.8833471583839,-5.263208732682742e-13
6489.091849555031,388.98318806058336,2.2583599253145274e-12
6489.6912326673955,389.05483772432694,-4.14896343593826e-11
6493.4085062157,389.4993447143568,-5.537516112475715e-12
6493.644173416039,389.52753408791045,-2.9575543991816136e-11
6505.702704765508,390.9712828656174,-1.0892794317354672e-12
6509.944994057971,391.4798423354518,-9.037935319418643e-13
6510.660116587868,391.5656028362689,9.304013245315317e-13
6517.075789133901,392.3354186278121,3.982083802832099e-11
6518.31173904271,392.48380721388054,-2.0704956880282753e-11
6522.750417668769,393.01694853865564,4.206665077151478e-12
6523.076949896698,393.05618351172603,-3.05935417002388e-11
6523.915754277003,393.15698032205705,5.892200437748755e-11
6527.636169099212,393.60420854393783,-9.21424158690246e-13
6532.322824219741,394.167950670448,3.198269102184463e-13
6540.363036976486,395.13602353350154,-2.6672064154565127e-11
6542.121295653165,395.3478833894183,3.265542384656529e-12
6542.973890716584,395.450636595136,1.7102136473309237e-11
6546.618456781618,395.8900240252112,-1.5690373713635345e-12
6550.179053160615,396.31952439174586,1.5874708853242381e-12
6556.822016176367,397.1214624957664,1.2426681976628999e-11
6557.635333373058,397.2197019543099,1.2337053362865789e-12
6565.11020542753,398.12315201405795,1.1947330065339079e-11
6571.338478164027,398.87671798000673,-3.2263514693270967e-11
6573.293738967959,399.1134346340487,-3.737440716251609e-12
6575.745387058505,399.41034668805,6.602684885309641e-14
6580.412403245598,399.97586159948264,5.817909957405018e-12
6588.936259697028,401.0097558094189,-2.985601930187301e-11
6594.516881930219,401.6873777896934,-9.439974555879548e-12
6596.956833520264,401.98382693752507,-3.5402306389568524e-11
6597.309900023106,402.0267328809095,-5.584000194759006e-11
6597.617227615322,402.064082332515,-3.252889734471273e-12
6602.169551476166,402.61752896208463,-5.70078909755605e-12
6604.877118494041,402.9468811915712,-1.077071876709234e-11
6607.844180010872,403.3079537681844,1.2969234398164093e-11
6616.67388266547,404.38343197119593,-1.7811842850362557e-11
6622.940386177267,405.1475778930778,2.8721982114711937e-14
6635.467110652927,406.67727191056537,1.632333764975838e-11
6645.651643907679,407.92308092958274,-2.620075181916894e-13
6649.301445429174,408.37000293329805,1.695780323229102e-12
6649.992127866751,408.4546053299298,3.315494695555348e-12
6650.030358642157,408.45928851328824,5.976480994279158e-12
6655.579645441391,409.139349154426,-2.714267035531447e-12
6670.719930633204,410.997664049417,4.998411850029284e-12
6671.231155694239,411.06048538418077,1.0130097233422384e-13
6671.513608896505,411.09519640301994,2.4920400742145817e-13
6674.786516616509,411.49751520313794,3.5520840577862544e-11
6676.858563929223,411.75232148286057,9.083641316489892e-12
6679.726383687868,412.10511692297695,4.347841691331881e-12
6687.013855932632,413.00229386220315,-1.7314712923177952e-12
6687.266020792368,413.03335595071417,-2.0792195364440072e-11
6689.564745781208,413.31657074100906,3.062559475493873e-11
6695.404428215514,414.03648750372327,-9.750006172091402e-12
6698.168205057097,414.3774252536821,-1.896977463317897e-13
6701.809017054336,414.82676826738276,2.8862532812683812e-11
6702.735979485887,414.9412114403134,1.6344138248826006e-11
6703.743591833513,415.0656296396427,-4.2436740998753765e-13
6709.4616866000215,415.77204413119773,3.7847359518063015e-12
6710.639766799989,415.91765920541667,-2.835885134510591e-12
6716.008549131266,416.5815843092397,3.644362041741053e-12
6726.44734142813,417.8740069473203,3.5264611939556804e-11
6729.900753615929,418.302014379614,-4.1241574377675497e-13
6738.997458904354,419.4304892067602,6.790095110688964e-12
6750.158703370197,420.81715908941953,-2.6461242614862684e-12
6750.491083848346,420.8584891326835,2.373656161051111e-11
6761.699114316093,422.25334949345375,-1.7465559326928633e-11
6770.612608160285,423.3643023815252,2.484830112816815e-12
6775.862509799989,424.0193202543964,-9.475048936201882e-14
6776.130125227812,424.05272360127736,-1.5489149054712704e-11
6778.903938684835,424.39902444057986,1.687685838117166e-12
6785.431162282583,425.21448447378845,-1.5089977109006778e-11
6786.1638295631465,425.3060671579802,3.23339963147954e-11
6788.671687477311,425.61962176300943,1.4962188778922633e-11
6791.124382659008,425.9263914944018,4.279516850648438e-13
6793.027622004285,426.1645146448889,3.314747399983577e-11
6793.322206004681,426.20137738618445,-2.2410484016165343e-11
6796.748036826178,426.630185795632,1.5747829594373415e-13
6804.283919862797,427.5742068714122,-3.332552720334207e-12
6809.118696925601,428.18041090541163,2.537931141909378e-11
6811.567638039675,428.48763340219705,9.287999673906398e-13
6811.676482115642,428.50129058164293,1.8898661587928572e-11
6826.9383549745,430.4184303500545,7.865514041783861e-13
6828.547444617017,430.62080824504744,-4.531290949758232e-13
6838.952194503389,431.93058233836695,1.2435431942094578e-11
6844.265814101991,432.6002423816061,-3.1947078335633887e-12
6856.023300405833,434.08385286559457,-1.2022148090443114e-12
6858.4043351956025,434.3846121953382,3.3249927579075987e-11
6858.519027521809,434.39910214088826,3.0754261268253834e-11
6858.686788397853,434.4202970725345,2.7588148219560614e-11
6859.8143285282185,434.5627640960158,1.0964772565275204e-11
6863.514057325361,435.0303969611565,-4.447415687163513e-12
6865.834081132413,435.32376854070714,-4.802800196987432e-13
6869.680271987258,435.8103453856169,-2.981098277469776e-11
6872.97177154911,436.2269653065678,-4.691248200037888e-12
6877.127562674775,436.7532675569649,2.8388192814441936e-12
6877.630845302902,436.8170264233497,-2.4118075295611336e-13
6877.924382211973,436.8542155964319,1.501372287294784e-11
6878.312972513895,436.90344984323656,1.602010684089248e-11
6884.0226905495765,437.62718969647284,-4.906519251319699e-11
6886.522606030798,437.9442575000601,4.4510149862079795e-13
6887.048668866232,438.01099345237685,3.4443279506227735e-11
6889.412158905253,438.3108869973899,4.048488356878793e-11
6902.97783116131,440.0341697009878,-3.005314541649674e-11
6908.2962519187395,440.7107075786793,-1.0349864360147223e-11
6912.094175382626,441.19414715501387,-6.468888166160905e-13
6914.512393856445,441.50210184317314,4.2900967958906506e-11
6915.351198236648,441.60894685863656,-1.2636113789195015e-11
6919.009989282037,442.07514699647624,-4.0743608721060037e-11
6923.792744886162,442.68493362847295,-9.437220199946388e-12
6931.307941897833,443.64394937116816,-5.550487806961607e-12
6935.413805747538,444.168338917064,-1.3025557012202206e-12
6937.508633267401,444.43600411583714,4.0685283862377685e-11
6937.611629093121,444.4491664241595,-2.5651873961282767e-11
6938.650576874519,444.58194924718606,7.140833308918615e-13
6945.4523112413335,445.4517367641963,-1.1122815715182258e-12
6945.970431643884,445.51802754009566,-1.5524363535878209e-12
6951.032933473924,446.16600818824634,-3.5458779520974505e-11
6957.4168362875935,446.98379607475005,4.649825184740522e-11
6958.473763117364,447.1192624805879,3.1937267847267964e-11
6969.9170264870845,448.5872640395608,2.0591634100180876e-12
6970.673521066229,448.68439611577867,-2.017712516173917e-11
6971.8478471984945,448.83519763755413,9.194459921326982e-12
6972.8840880035905,448.96828797924167,1.3312786305880755e-11
6977.797420799596,449.5996046902755,-1.0673634782570016e-12
6981.905378831884,450.12777970178195,-4.3000493396637524e-11
6982.389022526638,450.189983973034,1.9510990013275985e-12
6982.7028111627205,450.2303444869421,2.830280923169156e-12
6990.6410751839685,451.2519931391966,-3.709171797979699e-11
6992.827814822692,451.53362882173735,-4.428019814981098e-11
7007.803480410916,453.46474958000806,-1.8467632652460133e-11
7010.6915518963015,453.8376432496988,5.009070907843361e-14
7023.744339205944,455.52487174861557,2.201500957411012e-12
7029.939795118774,456.32680669455794,-4.080582639468501e-11
7030.387302220752,456.3847590425097,-3.6474485215293887e-11
7032.574041859456,456.6679957520705,1.567899730971084e-11
7036.168067854407,457.1337021053908,3.483935805117386e-11
7038.48433759374,457.4339655700841,-1.8925017570585615e-13
7045.610944303268,458.3584240849032,1.8901075788765663e-12
7046.081844406215,458.41954187351354,2.8507082044213683e-12
7046.13700713868,458.42670167250463,3.694761849235567e-11
7047.120792187582,458.55440061311793,1.4417854420715997e-12
7053.984584628216,459.44584238383356,4.488238037912392e-13
7055.15035553392,459.59733423743313,3.530061244597604e-14
7060.7984497929565,460.331658183331,5.5287996400972734e-12
7066.999141162306,461.13850345759045,6.155889880885843e-12
7067.7758874684505,461.23962502140637,-3.124652124021375e-12
7070.310279657337,461.56964491934053,-1.7804083545484346e-11
7081.000189721537,462.96295054500985,-4.294474655515495e-11
7082.169714694841,463.11551228912197,-6.186728742549772e-14
7085.089555911667,463.4965085879144,3.2633863642761307e-12
7092.855870691396,464.5106627317135,-8.94831305773591e-12
7094.17142342474,464.68256252148757,-3.5049783964881253e-12
7097.65931231997,465.1384700302292,7.744053962510062e-14
7100.296700334552,465.48335600580265,-1.7626335179661353e-11
7104.099424957166,465.98085628863646,3.082939235305945e-11
7111.304587400005,466.92421890886374,-1.6550183891604872e-12
7129.717780309419,469.3393791562125,-2.3558599633927197e-11
7130.378174404374,469.42611553951355,-2.331439262362556e-13
7131.6719940217135,469.596069532118,1.0023441619929262e-11
7134.694831064219,469.99326455897494,-3.64671664066662e-11
7136.060745371087,470.1727983087592,-1.0938648282871797e-13
7139.324663566469,470.60194205452484,-3.0545425698096484e-12
7141.170033202805,470.844660232198,2.9611632094074897e-12
7153.134558248439,472.41985469052815,-2.7601256557135137e-11
7154.944838383315,472.6584175365163,2.7956612944659497e-11
7155.64241616235,472.7503620404388,-1.136236143951766e-11
7156.136709266249,472.81551795672146,-1.8556330948535162e-11
7164.528328639337,473.9223574416804,-4.139319890749549e-11
7170.202957173126,474.6715659033877,-8.850688306503543e-12
7174.291276271847,475.21170511472724,-4.086790794004882e-12
7192.755443548162,477.6549832585236,5.212840570357127e-12
7194.848176885247,477.9323012442856,1.0501434185930656e-13
7196.9112346734655,478.2057657489238,-4.513953688987169e-13
7201.331321456609,478.7919254564469,-2.561413662875304e-12
7203.827048572353,479.12304957474674,-2.319062805684656e-11
7207.165768433497,479.56619835919446,-1.5026541870391884e-12
7208.072479137899,479.68658166011323,-1.1644941322894306e-13
7208.9277811774455,479.80015335158635,-2.917739830959549e-11
7214.988293036765,480.6052873615098,2.8572854114233166e-12
7217.502611994541,480.9395111382562,-3.782368265371258e-12
7227.423718185097,482.25944177526014,-1.9168757557016687e-11
7230.8739890984725,482.71890001030596,9.181705638792261e-14
7231.392109500983,482.78791488794747,6.098828848015559e-13
7232.804809809751,482.97611507289514,1.244925040053689e-13
7237.145293768105,483.55458511034556,2.7235467543486043e-11
7249.954471443822,485.2637280318507,-4.312397789966705e-11
7251.814678854538,485.51218892247647,-4.83691483134614e-13
7253.9955702428715,485.8035635355217,2.815786123551105e-11
7258.151795665772,486.35909217644513,2.419864151406494e-11
7269.074231655798,487.82052171799216,4.420121083511102e-11
7272.562120550874,488.2876666075778,1.6709418485602786e-11
7275.266980591946,488.6500920424816,7.859594949843378e-12
7275.4581344689395,488.67570993664987,1.0521652460139184e-11
7281.9688604064,489.5486606322504,4.65618897165378e-11
7288.233269734398,490.3893225696056,-1.4775140901956487e-12
7292.78559359436,491.0006821225356,3.6285088526139686e-11
7293.824541375661,491.1402623094172,2.5484291130335385e-12
7298.4130018283795,491.7569489833094,-1.2970787768043262e-11
7301.182626919751,492.12937283912316,3.650382063351195e-11
7303.7817841587985,492.4790028764078,-1.3427549954569585e-11
7307.073283720274,492.9219430937272,-1.0669957980446624e-12
7320.358162657609,494.71173010716274,-7.03587569313458e-13
7327.178923163449,495.63191073690484,-6.9420085041830945e-12
7327.389715973794,495.6603621940295,-2.668442547461082e-11
7336.887755154426,496.94319573468175,-1.7577133424278193e-12
7340.953728343326,497.492866176556,2.3968692984446626e-12
7344.653457140003,497.99328942451183,-9.72192184417736e-13
7344.822877901004,498.01621121940525,1.3025444860387069e-12
7350.819671801124,498.8278884869974,-6.516586392246808e-12
7351.878258515771,498.9712389678076,-3.7190870363067175e-11
7359.452372326679,499.9975038378524,3.5019385274632092e-12
7360.6139548670335,500.15498750620185,7.347188202034045e-12
7370.551558716653,501.50331214045104,8.849832195740377e-12
7370.860546193781,501.54526442790035,8.775906240352896e-13
7371.187078421634,501.58960073752036,-2.7157809646642334e-12
7377.387769790505,502.4318988976413,3.801698445130171e-12
7380.180787882788,502.81153214371943,4.3155416297225465e-11
7383.080990166041,503.2058861804489,-3.0422378011451767e-14
7383.9012027041035,503.31744241197975,1.2935748786193787e-12
7384.1172309710255,503.3468262477043,-6.56947841602648e-12
7385.5974033063485,503.54818015767313,3.1685178547484083e-14
7387.74800635209,503.8408074228833,-8.0929872861055e-12
7388.784247157075,503.98183657536214,2.259674886285075e-12
7391.3898654399745,504.3365405239221,-2.149553345728483e-12
7397.358030882484,505.1494607686926,2.7697881329365093e-11
7400.149389089774,505.5298952020581,-8.906335491771916e-12
7402.441218736616,505.84235614658985,2.7697889600004664e-11
7408.436531247686,506.66019606281696,5.22008328725485e-13
7410.8971688618585,506.99605121584256,1.1154326953842674e-11
7411.459368289986,507.07280209079886,-4.637907252048149e-11
7414.091520847787,507.4322182318711,-3.73712177974951e-13
7417.0936718654075,507.84231285267947,-8.27400629290796e-13
7418.648033072874,508.0547042354949,8.893552924943583e-12
7421.375239023503,508.42746328689054,5.7216794121267245e-11
7421.764876416685,508.48073076011167,-2.139670689346078e-14
7430.908802003026,509.73160313848945,-2.2159762867040785e-11
7439.613162920287,510.9237747695313,6.981260990504437e-12
7442.6817388731815,511.3443875487624,-1.976499778729524e-12
7455.470664821261,513.0992462982365,4.004977310166508e-11
7455.954308515957,513.1656695844424,2.7055482675896012e-12
7459.211331369529,513.6130990349942,6.700374397213847e-13
7459.967825948583,513.7170494983479,1.031172842670607e-11
7463.044778631988,514.1399644152212,-9.39955962710745e-12
7464.068888638822,514.2807629481686,-3.693318441234479e-12
7470.136908632989,515.1154137498802,3.665560096657595e-11
7484.679904891946,517.1185508288443,-1.162320891257965e-11
7486.210438800769,517.3295915514055,-3.02196389397936e-12
7488.942880207933,517.706466973153,-4.036853930878168e-12
7503.670135002256,519.740110421166,-4.0092406227488964e-13
7510.9665967696255,520.7491374977635,-3.989375185440284e-11
7511.510817149361,520.8244369888088,-6.94023677549936e-13
7516.075884600886,521.4562842701879,1.8730632813054338e-12
7517.307467648083,521.6268124334516,7.615518481335136e-12
7521.915567033924,522.2651096010873,-2.1229200604798996e-11
7523.107437916755,522.4302668904227,1.5839335197061154e-11
7533.123597499436,523.8192379139876,-1.2751720241533279e-11
7535.975532391689,524.2150623270911,1.2848364410477675e-12
7537.2363566900885,524.3901018230699,1.9001384510580573e-13
7537.6748742678255,524.4509878240029,2.718465967496319e-12
7538.922954974428,524.624297056848,-1.2846094139868036e-12
7543.416362034056,525.2484918627848,-4.372776258261814e-11
7543.514556700835,525.262136578212,-2.033912971254975e-12
7548.138540952393,525.9048669757773,1.3456046637971653e-12
7555.186591927624,526.8852985480646,-3.394913483637658e-11
7559.001013050307,527.4162919532764,1.1969942084176746e-11
7567.5248694995125,528.6038394867655,2.2166128016549814e-12
7567.743604742721,528.6343313927758,4.0000463800413476e-12
7568.929014581636,528.799594009724,-3.328729529286032e-11
7569.034717383637,528.8143317072979,2.4293931942527594e-11
7576.750057795275,529.890604975425,3.1254317942689695e-14
7578.897953864632,530.1904269455329,2.6478773637896084e-12
7581.436100120815,530.5448329693256,-3.852882452984725e-12
7586.103116306662,531.1968067242055,-1.502239432160661e-12
7594.43852585513,532.3622466459884,-3.740229127020394e-13
7595.2624924607635,532.4775214828576,3.251632876199703e-11
7597.844717742577,532.838861791632,-2.3798399295607927e-14
7603.425339974279,533.6201984115442,6.929357960390088e-12
7605.77984048869,533.9500214501815,5.807742730992526e-14
7617.200145153301,535.5512489728284,-2.3910258528332757e-14
7623.989135927195,536.504264014226,1.8636297681499306e-11
7629.357918257218,537.2585162882068,4.4692787099888356e-11
7633.541290748333,537.8466001377257,-3.1477643000116366e-12
7633.834393359698,537.8878155606072,-1.9496141025684662e-12
7641.557676204105,538.9744162744402,-4.863379981750416e-11
7645.431014126786,539.5197759369289,-6.037871116878179e-12
7648.939589046238,540.0140161112173,-3.535665973252134e-11
7655.430676049796,540.9289897345528,-8.933048318936054e-13
7656.592258590073,541.0928064924287,1.3225275996554535e-12
7658.547519393445,541.3686109868798,8.88575526693624e-13
7677.839841638596,544.0937160883663,5.823169130810914e-11
7684.812478154158,545.0803110832779,6.360733292362918e-13
7688.462279674679,545.5970977699575,2.8360620229952946e-12
7692.253307796291,546.1341409768348,2.0696509601285954e-11
7693.858209073203,546.3615736617903,-2.0506244388072115e-13
7696.127692810245,546.6832661923014,6.245501951398792e-13
7701.942500853126,547.5079308024948,-1.6124155654995657e-12
7705.129957497296,547.9602448660709,-1.34386166461237e-12
7706.629155972206,548.1730524122992,2.7297235997181033e-12
7706.663632679994,548.1779467834108,3.8001799930769624e-12
7707.22853908438,548.2581449601519,1.8475737906911398e-12
7711.793606535713,548.9064504676948,-1.1117953259585134e-12
7726.034510658373,550.9313311810357,3.131755073116907e-12
7729.079693610114,551.3648034193733,-1.7621669987508452e-12
7729.59467273862,551.4381259687931,2.4878676015846816e-12
7736.753049178493,552.4578390322265,1.6780022872833055e-11
7739.291195434593,552.8196254734132,5.2893334060216454e-12
7740.287724075136,552.9617027447546,-3.593150181180342e-11
7745.248277169837,553.6692118357973,1.7486125810713955e-12
7746.563829902981,553.8569212966174,1.109470301168225e-12
7752.787914272315,554.7454361357006,1.5470456977148393e-12
7757.615183198779,555.4350409087682,-3.917651681398585e-11
7770.369198140558,557.2590948911943,6.051848011280701e-14
7771.616231755783,557.4376039820165,-6.050785857100845e-11
7778.430096919395,558.4134940601697,3.5217138902990563e-11
7780.638569673705,558.7299777426888,3.1313545522330356e-12
7784.064400494373,559.2210918725857,2.14450879492926e-13
7784.921183922782,559.3439508947625,-2.9349638156309126e-12
7790.476931764338,560.1409491350662,-1.8654394817118327e-11
7793.28792890475,560.5444165543914,6.45244252540736e-13
7796.932494968608,561.0677443022911,5.728667315155828e-14
7814.729807103602,563.6267970972378,3.098006391854722e-11
7815.444929633258,563.7297455855327,-2.76381673914362e-11
7819.380325629813,564.2964507248361,-9.966580274819041e-12
7820.994216430874,564.5289368157295,2.776858470517027e-12
7821.355225366479,564.5809478649844,7.620440592372875e-14
7825.443544464608,565.1701251067022,-7.932554753237811e-12
7827.453533702715,565.4599022600701,-3.7750667858749404e-12
7833.017658274748,566.2624619627587,-8.129018627359011e-12
7834.11718274097,566.4211229523969,4.238064341176448e-13
7838.40293826395,567.0397685255413,-1.3633864962790803e-11
7838.967844668321,567.1213375762939,-3.9727463387201176e-12
7842.102667060233,567.5740936947128,5.5300165007929535e-12
7848.268881720698,568.4651959592245,3.706755174886395e-11
7851.164895638402,568.8839512565062,1.5894452614836603e-11
7852.946547315452,569.141649732124,-8.707436109758262e-13
7856.901582245337,569.7139157929158,-1.991963996653206e-11
7868.000768634137,571.3214298591614,-5.0339280133686186e-11
7878.0499235349225,572.778823485604,-3.621672529785649e-12
7881.5664408870825,573.2892510108721,3.736815284556711e-11
7883.580618490431,573.5817143733477,6.054022675844462e-12
7889.537700225506,574.4471341192291,-5.321942622455574e-12
7893.101003579586,574.965108275226,-3.1846904718563418e-12
7895.7383915937,575.3486387828679,2.3924953093068762e-11
7897.5985990041545,575.6192282904938,5.0660368478345936e-11
7900.580063996806,576.0530511327731,-1.972715371054587e-12
7900.847679424558,576.0919989529355,3.57746337716297e-12
7901.215583701713,576.1455446174982,-7.864171935823527e-12
7902.946261011561,576.3974649659765,-1.0966483757740581e-12
7904.474087943958,576.6199039197022,-3.072575456099169e-11
7905.1961058151555,576.7250387062887,-2.399996864551158e-12
7910.38709065337,577.4811933985666,3.3203241387748676e-11
7916.097242985332,578.3135469300086,-5.0587465167058605e-11
7918.420408065762,578.6523603389302,-3.713551224017289e-12
7924.040920957475,579.4724744490244,-2.288099956853925e-12
7925.680298942097,579.7117930230613,1.455877482288944e-11
7927.850540920952,580.0286839767846,-3.330372666714789e-12
7936.610064569772,581.3086000120107,8.75372290074462e-12
7937.062372830586,581.3747283509337,-3.970997437009267e-11
7938.513303914535,581.5868827041184,4.575049023332022e-12
7939.007597018348,581.6591668284993,-1.3940488513642843e-11
7950.436456908736,583.3317483361682,-1.6782467856870404e-11
7954.086258429065,583.8663934086284,-5.812322282643697e-11
7959.431213460119,584.6497976545252,-1.8731311667993177e-11
7960.493988539892,584.8056301643223,5.3465191331587485e-11
7966.454824342486,585.6800407835306,3.5414745605523573e-13
7968.499724585981,585.9801633390315,4.328545360014423e-13
7972.750569103414,586.604290784676,-1.505243615326329e-14
7986.392090113215,588.6094461707637,2.2961714688176314e-11
7990.551635305423,589.2215360980223,1.1092357416313484e-13
7991.798668920595,589.4051030454215,5.142952059673209e-11
7992.034336120846,589.4397971558055,2.3097900840550684e-11
7992.105996512704,589.450346953765,-8.719523914282383e-12
7995.589697041985,589.9633292390158,4.287292811181845e-12
8002.853776283479,591.0336993770059,-7.928211622173499e-13
8010.338684950788,592.1376257499048,-6.347874204831063e-14
8014.501371416923,592.7520142591237,6.922120548567478e-13
8014.756677550524,592.7897063603822,-4.331698271822609e-11
8018.313085562965,593.3148812372968,-1.845999049836101e-12
8023.539159902515,594.0870385257016,-2.209117025636185e-11
8025.269837212323,594.3428585808772,4.1802846931476757e-13
8032.220127817771,595.3707714492325,-3.997048614811425e-12
8036.293609141306,595.9736323496761,-2.5276070473834195e-13
8043.727543441379,597.0746163664955,-2.85871838272068e-12
8044.810570248148,597.2351002665672,-4.421541258164142e-11
8045.587750851783,597.3502769128382,-7.653735028848623e-12
8050.068414319162,598.0145194631625,-7.275474799769218e-12
8051.937176956103,598.2916662166456,-2.0581297910569975e-12
8058.137868324108,599.2117203037565,-3.1645380943544575e-12
8059.588799408025,599.4271106584465,3.1877233690735332e-12
8078.885310016949,602.2953601973275,2.191485966096867e-11
8082.061070160406,602.7680651616622,3.5746623584262884e-11
8095.909195614989,604.8314997313039,-1.4666999167526084e-11
8096.5654013445455,604.929365074282,-2.123410346429664e-12
8096.933305621688,604.984237127089,2.093469651089802e-11
8099.767695762903,605.4070633111781,6.698218981703978e-12
8110.260603697524,606.9736531864944,2.0617882406023295e-11
8110.497317989086,607.009017994292,9.768210198249909e-12
8111.603737796809,607.1743293641473,-2.1207340269853866e-13
8114.64935504598,607.6294947725809,1.3599845637874126e-13
8120.67224892242,608.5301151870245,3.484977788442133e-12
8121.42184815982,608.6422516460981,-1.4278142107072332e-12
8122.563791766636,608.8131008401236,6.449496389961357e-13
8124.232411002405,609.0627905579827,-1.2400245671308434e-11
8127.6937656219525,609.5809060956379,9.784793203241757e-13
8130.85198101466,610.0538385557977,2.4851398493553956e-11
8131.72316791979,610.1843282866491,5.0376300580342985e-11
8152.879885938837,613.3575553868667,5.08096192271781e-12
8154.678035275199,613.6276341069573,1.820449372637621e-11
8157.009142788403,613.9778508204388,4.951650577116663e-12
8161.710635681511,614.684489732606,3.981193335664874e-12
8163.90322356992,615.0141770273815,-1.4847054427110977e-14
8165.006936401338,615.1801697205204,-3.0163943475812896e-13
8170.618894066266,616.0245262059075,1.4264264210170479e-11
8173.3927075224055,616.442079190777,4.523443576269441e-12
8174.554290062568,616.6169788553243,-3.556420341383826e-11
8178.522681377681,617.2146876573743,1.250981336791422e-12
8180.228918595161,617.4717658563795,-1.1151656261400663e-11
8181.700535703715,617.6935369938655,-2.3522716494939927e-11
8185.516003917255,618.2687098045111,2.491547095828614e-12
8186.637261499391,618.4377877159254,6.491007886995435e-13
8193.576902695473,619.4847529779878,-3.552302431109126e-12
8201.58263874123,620.6936591482121,-1.8115600935292638e-11
8218.888977541077,623.3110375113841,8.094091187891146e-13
8222.091271959365,623.7959514255878,1.881571206536651e-11
8225.49789814406,624.3120140538432,7.92866769168593e-13
8228.290916235872,624.7352819676886,3.829732377934671e-12
8228.543081095519,624.7735033626919,3.2008063794513035e-12
8236.740405315839,626.0166346732817,-3.008428073076488e-11
8237.255384444297,626.0947730273025,1.2932815008651044e-14
8238.75458291906,626.3222758857777,-8.562334368864729e-12
8240.198618661374,626.5414469635655,4.463840600995014e-11
8269.513995827265,630.9991453443798,-3.1533437409764305e-11
8282.370393799885,632.9590837896237,1.6693112615537502e-11
8284.209915185547,633.239765032748,1.0759681066896717e-11
8292.651027534905,634.5285416711615,-1.2425630647605917e-11
8293.667629406355,634.6838435070329,3.753448885235611e-12
8295.48541767603,634.961586550699,-1.783060016676072e-11
8297.823420530729,635.3189035791138,1.910948284030798e-12
8298.946772295476,635.4906212671075,-1.4471443557653157e-12
8300.786293681129,635.7718642047307,1.3312537049488571e-11
8304.739234428069,636.3764370116129,1.4122332711805588e-11
8304.786454727646,636.3836607440023,8.546903010193763e-12
8306.582944178983,636.6585171019888,-1.7336982929233941e-12
8313.630995153206,637.7374174327833,-5.34359166393365e-12
8315.4763647891,638.0200537643301,3.207841095901744e-12
8316.232859368027,638.1359364051707,-1.4471669125321217e-11
8318.846420083328,638.5363724365951,9.651165998279263e-13
8321.056987020052,638.8751620996904,4.413118355251092e-11
8325.251008919799,639.5181818311771,-2.4645117047977244e-11
8330.466868147565,640.3183198334234,4.6234732620697096e-11
8332.790033227826,640.674865893019,-2.4239970526459457e-12
8337.204884553374,641.352705950642,-1.2427665583690264e-13
8345.010477197802,642.5520265309983,-1.2521478380695044e-12
8351.905605070418,643.6123888083274,-4.281663976262993e-11
8352.161958295323,643.6518287898821,9.179125336738852e-12
8354.41346298372,643.9982751248505,7.764256897972829e-13
8355.861687091268,644.2211674186694,-3.723131658688813e-12
8357.5223638941,644.4768052897163,-2.87473399179007e-14
8362.027901751175,645.170625449208,-2.4956018266305973e-11
8366.025534317363,645.7865449597845,-5.994972939745265e-13
8366.940187454427,645.927507925952,4.216955921828126e-11
8369.303677492699,646.2918316491501,3.3170239784779014e-11
8370.660602275033,646.501043355337,1.341102809526489e-11
8376.87779130211,647.4600480516415,5.228840599991213e-12
8381.029828358822,648.1008985006258,-3.4432591654179924e-11
8381.759788662834,648.2135978004311,3.3891169383673466e-11
8385.189373550751,648.7432262240867,-5.528511254006988e-13
8386.954527568229,649.0159021932498,2.12001391839489e-12
8395.325460914564,650.3098016374008,-2.515822052741389e-11
8399.963848642168,651.0273153711568,-4.246524936589425e-12
8407.11114137436,652.1337082905338,1.0621788592918032e-12
8411.357619030208,652.7915039086927,-3.410712706301967e-11
8414.974603727445,653.3520506224672,4.736398692476275e-12
8423.10986987351,654.6137042173492,3.739535717562049e-11
8428.09110899228,655.3868189126714,-4.998208384603565e-12
8429.856263009748,655.6608898462882,3.405790965711204e-11
8431.810476721534,655.9643825381773,1.4234044658136445e-11
8434.059274433608,656.3137116767131,-4.9786738677582247e-11
8442.548654173659,657.6332949493537,-7.799870011368244e-14
8449.63912428838,658.7364501365026,9.459973720201435e-14
8450.821392853159,658.9204808717046,2.6734540471535712e-11
8456.863925662617,659.8614575363991,-2.493510395844899e-11
8462.87992419716,660.7989702928081,1.113596132289412e-11
8466.832864943994,661.4153460866993,2.0962013103717143e-11
8472.719333377932,662.333747249555,-2.26892188926185e-11
8474.038027384859,662.5395761357112,-5.370385322865605e-13
8474.253008560421,662.5731345959958,-3.599499009381936e-11
8480.254169320522,663.510256548242,-2.6152988262198868e-11
8481.09297370045,663.6412943842348,-2.627810350077955e-11
8486.50958912288,664.4877889316274,-1.3412517778892725e-13
8489.555206371868,664.9639874367017,4.959166031982788e-11
8490.099426751507,665.0490971903425,-1.4273617374268564e-12
8491.203139582867,665.2217218247017,1.0583045973902553e-11
8491.360251049688,665.2462964445123,7.761666256204019e-13
8496.504015587807,666.0511104813859,-3.543727446891382e-11
8500.151110131508,666.6220448197502,-1.545869525005964e-11
8501.696047516814,666.8639708896189,-2.890471482932076e-11
8504.271377456653,667.2673467453149,-1.3470143618601575e-11
8512.465560402663,668.5516205403848,1.868666099767685e-12
8513.96475887736,668.7867236736537,-1.2572615607712205e-12
8524.866943137726,670.4976409478742,-6.247593513498997e-13
8528.51569756639,671.0707415330925,2.916245446388834e-11
8528.73609269454,671.1053662898033,2.4936837703592746e-11
8535.658801933181,672.193400783552,-2.726414084987326e-12
8536.17692233556,672.2748686977291,-2.0897231939602912e-11
8546.89065969524,673.9605774230113,-3.8589229433790736e-11
8547.517624173546,674.0592900451443,4.13782372848662e-11
8553.607990076152,675.0185664502302,-1.682181655562498e-13
8554.773760981509,675.2022616571847,7.924576425801809e-13
8559.346770865037,675.9230909156829,5.152718598727171e-12
8561.300984576785,676.2312449999906,-1.4177275389111205e-11
8564.98107443926,676.811738279215,-2.659001812178313e-12
8569.192028295907,677.476275502817,-3.957247387709958e-11
8569.510618090815,677.5265659484812,6.065913537413651e-13
8573.851102048053,678.2119118565691,-2.4131304253997775e-12
8586.20797145972,680.1649148801265,-1.0987509855852474e-12
8588.39785237169,680.5113189265181,-3.1882552423963503e-12
8592.644330027417,681.183295336717,-1.4753619984403778e-11
8596.129077647669,681.7349812523655,-1.8924537832232156e-12
8602.56124785009,682.7538742665943,-3.1203715514467564e-13
8607.169347235029,683.4842924715194,-3.389108862286264e-11
8607.94652783859,683.607519956129,-5.5554620894590206e-11
8613.52671577164,684.4926249822137,-4.034001815620298e-12
8626.594953645188,686.5676963481446,-3.7837685842459986e-11
8628.408375053494,686.8558933549272,-9.155678728990351e-14
8634.274157462622,687.7885244958048,1.8036415978651553e-11
8639.383879590507,688.6014622270386,3.83916135730808e-11
8646.741965132738,689.7729511402925,2.6176825834899665e-11
8647.982103406222,689.970493132102,-8.3758470541172e-13
8659.913198831904,691.8724482254638,-7.288112117579236e-12
8666.638905943233,692.9457597185797,-3.420573628684415e-12
8669.46535365132,693.3970626403845,1.589038161712747e-14
8670.841917366946,693.6169138132799,-2.5725788428105642e-11
8674.017677510104,694.1242480400349,-9.002950732747673e-12
8677.662243573423,694.7067039211672,-1.322896910655433e-13
8682.722038425405,695.515740063036,-3.9589531126272085e-12
8683.718567065787,695.6751356452138,-2.763630373425656e-12
8685.38552641643,695.9418080685338,1.6679807600815464e-12
8687.86580296338,696.3386859439117,1.04231640062852e-12
8690.38221610309,696.7414619724593,2.0287245628168886e-12
8692.221737488635,697.0359687925227,2.1032838954544103e-11
8693.257978293374,697.2018980800651,-1.3365968945475308e-11
8699.989099357257,698.280208366308,3.5856218395819676e-11
8704.337525747284,698.9772601258937,4.9884663219488574e-12
8707.335922696597,699.4581053654781,2.3914380942148004e-12
8708.551186580138,699.653041285557,1.0934562816073622e-11
8710.222947089698,699.9212465696214,-1.4445641293226971e-11
8720.68661377211,701.6011318568286,1.4503916339803618e-12
8721.878484654686,701.7926082519891,2.4566326570785817e-11
8734.343585348355,703.796719056069,3.403976771477726e-11
8734.687662326849,703.8520795705527,2.6742688460637532e-11
8736.203792758555,704.0960444497566,4.86951604781617e-11
8750.204841313265,706.350994181194,4.490138797615259e-12
8750.499425313543,706.3984774229609,2.025278814632545e-11
8752.160102116275,706.6661875770108,1.4327015674864564e-13
8753.925256133656,706.9507957236609,-1.6095548596810817e-12
8765.349314863617,708.7941644971097,2.3513636476947683e-12
8772.151049227969,709.8928238065118,-2.030132739215892e-13
8775.462187721912,710.4279683233021,6.505165926655702e-13
8781.309812586534,711.3735517536196,2.7523776034949784e-11
8786.623432183047,712.2333307123624,9.539639704194748e-13
8789.693055226524,712.7302531312039,1.11173208184219e-12
8796.129413794031,713.7727592079019,-1.1237721313846458e-11
8798.295467407317,714.1237695861189,3.2594436279724646e-11
8804.032154013366,715.0538208882544,9.859639104459966e-12
8807.070441623004,715.5466440489251,-3.5563571629102052e-12
8814.545313673854,716.7598238482436,-8.017128460363572e-12
8815.696246804739,716.9467129749809,2.6283171286410008e-11
8827.681457871275,718.8943279185597,1.7798137449917616e-11
8831.76977696873,719.5592912072258,-4.55204051735126e-11
8832.546523274612,719.6856634546651,-4.0577435605195434e-11
8841.19990982254,721.0942722766373,2.1875710149582416e-11
8842.021169451704,721.2280295882413,-6.509613018195935e-12
8844.22588813802,721.5871702267112,-3.112467335899645e-11
8846.160462916338,721.9023791614732,1.2587495336617903e-12
8847.710635758149,722.1550055206523,2.415434421066643e-12
8850.443077164664,722.6004099182593,7.248724353490364e-12
8859.272779815083,724.0406448883678,9.478271618296133e-13
8871.281383882506,726.0017032367468,-2.5613287292643343e-13
8874.327001131323,726.4994883410043,-2.973627444170895e-11
8879.804193238482,727.3951275102712,-1.6171249671412216e-11
8881.53487054806,727.67824551233,2.0009291424596194e-12
8882.230788441893,727.7921048672063,1.3228373277761713e-12
8885.930517237553,728.3975684940108,-5.365536823187794e-13
8891.068433525143,729.2388108883722,8.856341660713456e-13
8892.096731896982,729.407234854577,-3.596495220438963e-12
8894.788848345464,729.8482661753344,2.3179360595232164e-11
8895.706821252414,729.9986820217832,-2.1281137808217717e-11
8900.729432420174,730.8219444227449,1.9327043978085515e-12
8903.147650893048,731.2184833266056,1.586521276286554e-11
8905.940668984582,731.6766158421572,3.845225135451463e-11
8906.247996576647,731.7270348760625,-6.598240542386113e-13
8907.10329861593,731.8673617401985,-9.312765909148574e-12
8910.564653235064,732.4353935235824,-1.7241977843248135e-12
8911.828618807118,732.6428738618888,4.884148380013912e-12
8918.641002580498,733.7616355038804,1.911972842123437e-11
8925.394291057808,734.8715360249198,-3.625608534539291e-12
8929.025066437887,735.4685998968318,1.245294478344549e-12
8931.662454451569,735.9024581671675,-2.2627242036769805e-11
8938.00332532849,736.9460748654661,-5.448996324940446e-12
8941.42644917223,737.5097799542839,-4.915238416086386e-12
8943.105717816954,737.7863934996549,-3.539557997042431e-11
8947.08833411237,738.4426282097726,-5.379780018759286e-13
8947.818294416325,738.5629389392533,3.351509661223795e-11
8953.178700014638,739.4467319276772,2.8473013482033146e-13
8958.37073194331,740.3032690509231,1.829215404363525e-12
8959.925093150365,740.5597908819624,4.908125505891131e-12
8964.571423310463,741.3268568451681,9.468232374859543e-12
8964.783263212064,741.3618391246197,-3.2623423464996174e-11
8968.625265700062,741.9964334200336,2.827003001851804e-12
8977.20114360575,743.4139160049228,-2.4057468880745736e-12
8980.890222992197,744.0240902294735,3.852728256188631e-12
8983.880243210873,744.5188239104764,-8.609953475160616e-13
8987.117014336578,745.0545710355004,-3.4868541475487304e-11
8990.449885946407,745.6064262842541,-3.830778978505186e-12
8995.644624851351,746.4669766140098,1.1922136096971368e-12
8998.643021800546,746.9639114766974,7.0245576694916964e-12
9003.293540325885,747.7349858786308,-8.997750046463003e-12
9003.314226350549,747.7384165934837,-3.3383377519731314e-11
9004.321838697708,747.90553560787,-5.187229460566407e-12
9018.030397434279,750.1810466677156,8.111688683208813e-12
9022.316152956455,750.8931580858621,3.5528802055703896e-12
9024.95310667245,751.3314764686255,1.3929165099486061e-12
9028.030059355036,751.8430940672463,-8.432640397235843e-12
9028.33904683208,751.8944803239652,-2.3250827077156717e-12
9030.219940266872,752.2073208177409,-2.227736121286369e-12
9034.021617796827,752.8398356120897,4.271527474803815e-11
9035.626519073388,753.1069354954203,-1.7635955307552966e-12
9040.964578762,753.9956773631409,5.37062544484381e-11
9054.836531513205,756.307694747261,-7.913099214878368e-13
9058.584527699673,756.9329758492111,4.2025438849590645e-12
9061.276644148098,757.3822634025794,-2.7854040891501358e-11
9067.367010050275,758.3991777569169,-1.4987261127620684e-12
9075.154010851857,759.700376198245,3.8740379196427025e-12
9078.356305269748,760.2357998536013,1.3772560114153842e-11
9089.415600996079,762.0863668819403,7.425430614604086e-13
9100.010457663524,763.8613317501105,1.7744636109647186e-12
9101.658390874387,764.1375971491748,-2.2821533309047703e-11
9101.717307674438,764.1474750978109,-1.7005447685011072e-12
9103.927874610918,764.5181433791198,-1.7762627882721173e-11
9108.121896510198,765.2216451619296,-1.8507626820091787e-11
9109.15813731488,765.3955132602637,-2.2680240174015288e-12
9110.311777422012,765.5891027448198,-3.737750666890614e-12
9114.358724469987,766.2684047351626,-5.0893142200083735e-11
9117.985132988708,766.8773733482677,-1.804192452585036e-13
9120.523279244251,767.3037384416517,8.389300807439704e-12
9121.705547808922,767.5023798206279,3.739648464761659e-11
9122.713160156063,767.6716962851247,-2.1260849345065184e-12
9129.525543929258,768.8169215638549,1.1593998984480848e-11
9132.646575637433,769.341881660014,5.1086900288140916e-12
9133.737544876898,769.5254259049641,-3.2755223536126077e-11
9137.205794837491,770.1090685820736,-1.8192699926447992e-13
9138.847267004445,770.3853754077214,9.717757053690811e-12
9147.056900517831,771.7680369696956,-1.2838184628193405e-13
9152.896582949299,772.7523084380849,1.7819218127264526e-12
9153.990259165059,772.9367160928733,-2.1463455171613178e-11
9156.66378377142,773.3875989493889,-2.8808506795510636e-13
9157.73136000992,773.5676796447946,2.982534626449577e-11
9158.477205179599,773.6935026174955,-1.3193776504642158e-14
9161.004267728315,774.1198904945801,-1.9813553730867547e-11
9180.171248233522,777.3577391728911,2.2513028049401286e-11
9184.600937332973,778.1070024912532,1.7317030545965156e-11
9194.764784557898,779.8275407257677,-5.22095377034384e-13
9196.707736066655,780.1566606273203,-4.929170550797118e-13
9204.062680334398,781.4031571547741,-1.5779316112962198e-12
9208.99189799413,782.239105642071,4.9418771934496835e-12
9211.17278938173,782.6091069218367,-1.2550382471676416e-11
9214.446744191415,783.1647174414917,-4.891049152056404e-13
9215.482984996082,783.3406150962704,7.43819741694718e-12
9223.981967053078,784.7840290773208,8.698746613661507e-12
9235.143211513572,786.6816061106921,-1.0831060320835398e-11
9237.404752817198,787.0663812524019,3.4461179003633367e-13
9243.581616885516,788.1177834268327,3.0200324959981303e-12
9245.750811772628,788.4871822291807,-4.481972786813786e-12
9246.139402074377,788.5533656093297,-2.970845946092786e-11
9249.962812720209,789.2047042476152,-3.277815006171246e-11
9251.849120107538,789.5261460893344,3.2566547835223814e-11
9262.798524666401,791.3933065141135,-1.3371061845175041e-11
9265.919122076872,791.9258545497635,1.276399462977388e-12
9271.239637014613,792.8342449087545,2.2668019041128933e-11
9279.374903159729,794.224215932825,2.7370358085326454e-11
9279.920604928284,794.3174967899753,2.9674858011563027e-12
9280.568255431193,794.4282116200786,2.918445973050054e-12
9286.428189589584,795.4303093323042,1.793192434463341e-12
9294.06497426571,796.7372126560282,-2.379930543712506e-13
9295.336447972917,796.9549076636879,-3.292399248147042e-12
9299.13437143514,797.6053453729874,-5.113114446925581e-12
9305.158312401874,798.637558910347,4.345369320069497e-11
9310.076446354735,799.4807860009266,3.0204726890968695e-11
9311.606980263106,799.7432909979092,1.8725452845924323e-11
9312.909176610476,799.9666673282252,-9.946693334644842e-12
9317.79117397058,800.8043941124092,-6.636717546624039e-12
9319.286184079854,801.0610183175845,-2.3708065411782512e-11
9325.243265813653,802.0839830610877,-3.086052549563023e-11
9326.198243908615,802.2480350472256,-1.6193499351783752e-12
9337.358006980003,804.1663727144847,3.686570670149903e-11
9338.20955495163,804.3128460623076,-1.266182781540995e-13
9342.876571136178,805.1158489548453,-2.137711860708592e-11
9347.892286962107,805.9792961232232,-4.1219242295713065e-11
9354.767775900433,807.1636531688474,7.491303855054537e-12
9355.898023006574,807.3584304617156,-9.559104821983107e-13
9362.615353386776,808.5165242788366,-3.089306333984025e-13
9365.613750335839,809.0337278570156,-5.332677662708184e-12
9367.341286371362,809.3317915555081,3.957442356079453e-11
9374.294718249415,810.5320710402514,-4.485001865487924e-12
9380.471582317638,811.5990488343251,1.6065551545057116e-12
9388.086021084035,812.9153172978654,2.0015770883100962e-11
9390.040234795571,813.2533042936511,1.3639753725664569e-11
9395.733455169238,814.2383644679189,1.4680163952398011e-12
9399.858957950473,814.9525459462142,8.808198129831389e-13
9408.115811763182,816.3828629744766,9.6263851026762e-13
9409.411112768988,816.6073591407212,-2.9555150734481057e-12
9412.801854087382,817.1951746241751,-4.9441941117112155e-12
9414.947221675839,817.5672027692599,-9.568168093982425e-13
9424.857678453563,819.2868752951022,3.340061129984895e-12
9428.609428707472,819.938354905862,-2.333514400016857e-12
9432.309157502885,820.5810550690834,9.464918025748805e-13
9432.400022530428,820.5968429032895,-1.151283151044049e-11
9435.45253512059,821.1273065391998,3.09846812328711e-11
9438.117070202677,821.5904880018535,-8.943696668208366e-14
9438.475372161904,821.6527823236783,6.344283090171758e-12
9447.108072684521,823.1543771434862,-3.4093190509374227e-12
9458.207259070732,825.0870161918818,-8.615687923274743e-12
9460.847354060536,825.5470552057513,3.6211248691669356e-13
9465.200147311418,826.3058138385464,-6.004583643008349e-11
9466.937719962425,826.6087968729073,2.5365625476105685e-12
9468.088653093217,826.8095173526118,-5.133650519803302e-12
9468.123129800993,826.8155303992172,9.711522548650558e-12
9469.791749036449,827.1065787119451,-1.9305033703337262e-11
9471.772931320527,827.4522123217757,6.3955909044792706e-12
9476.858826149257,828.3398197152153,2.6397192609211072e-11
9477.887124521025,828.5193396972599,4.8293462047457606e-12
9479.04556578703,828.7216033134965,2.4691373945900558e-11
9480.284656969065,828.9379757508651,2.1443075110978254e-12
9482.859986908574,829.3877751951005,-2.7692091186817228e-11
9483.307494010362,829.4659479096532,-4.28419239546752e-11
9487.805089433894,830.2518145756139,8.670472497724509e-12
9491.422074130618,830.8840820997642,-1.9264350138260154e-11
9506.303733410823,833.4880081853785,-8.657888783608104e-12
9515.161017426755,835.0397526603153,9.333363078644624e-12
9516.178232091697,835.2180552470141,1.022388164606575e-11
9517.55854987479,835.460034884828,2.0080141404735455e-11
9519.828033611213,835.8579680019687,-3.0138625043627582e-12
9520.960987693625,836.0566565928021,1.8315192066954187e-11
9524.702088538328,836.7129094276086,-2.26412945558889e-11
9525.479269141802,836.8492724905605,4.794970880855904e-11
9527.268863251295,837.1633145725868,-6.7961451095211294e-12
9531.82869524481,837.963751017774,-2.451390626331396e-13
9533.383056451754,838.2366923217402,-4.810307081265028e-12
9536.07517290003,838.7095254273689,-2.3914017171564253e-12
9536.796143679745,838.836176660369,6.477478073761459e-13
9538.594293015765,839.1520950252329,5.68999193676144e-11
9541.368106471387,839.6395454409466,-2.7862529996249026e-12
9550.700478955296,841.2805913482922,9.150132909753136e-12
9558.694084201446,842.6874980716876,-6.47321416027025e-12
9571.033408860867,844.8615797422506,4.088661922970201e-13
9576.598580522807,845.8430323130832,3.929643227001938e-12
9579.486652006917,846.3525865055731,9.347066807452344e-14
9582.814722457593,846.939962045707,1.9472718647878875e-13
9583.158799436049,847.0007002823954,1.198352119915344e-11
9591.011612378772,848.3875120412374,8.687025475168077e-13
9591.345474245718,848.4464974330966,-4.013517522472432e-12
9592.272436676774,848.6102802471653,5.585366565868152e-13
9601.416362260003,850.2267471318102,-2.0230091389345027e-11
9604.96316795381,850.854167457085,-7.413082299162852e-12
9613.769477602475,852.4129817435567,-1.194350591606283e-12
9617.972489025695,853.1574648953566,-4.770235429442705e-11
9619.986666628547,853.5143533023754,2.123302370670065e-12
9623.933324826907,854.2138710514386,2.9149525260620373e-13
9628.298248875846,854.9878576627677,1.7641424832105897e-12
9635.794241248284,856.3178629599576,-1.3098005027660892e-12
9639.509420611701,856.9774265820814,6.810233914336581e-12
9643.28456386648,857.6478961613843,-6.980942058618616e-12
9649.795289801468,858.8048250251228,4.287798188786811e-11
9651.774377902875,859.1566554854172,5.388426004050841e-12
9655.399305032408,859.801260476677,-4.594045252407891e-11
9661.650970766232,860.9135356385307,-7.604571244669844e-13
9668.970825532157,862.2167743392741,-1.5049011337269835e-13
9669.091800406202,862.2383211908962,3.750255168547229e-12
9670.42280370707,862.475404173507,-2.566338421320008e-12
9670.81034691748,862.544440865437,-3.836384191661167e-11
9675.791586035457,863.4320418308095,3.710000569899084e-12
9681.017660373815,864.363761005613,-1.8182304157433755e-11
9686.018538425136,865.2558026067061,-6.38447037905411e-12
9686.256912601622,865.2983345789023,1.7997041675997633e-11
9688.811556516408,865.754213277119,-2.969503164509088e-11
9689.974186147652,865.9617254741263,1.6406027224406748e-11
9693.930268167822,866.6680141246871,-1.515274005179789e-11
9697.464943063462,867.2993118335062,-3.0685610572992927e-11
9699.972800976331,867.7473582145941,1.168973921629522e-11
9704.855845427539,868.6200807086328,2.3272647231400322e-14
9712.932194772224,870.0644908611766,-4.2293456351828434e-11
9714.669767423187,870.375403122326,2.4951606859110988e-12
9725.976605345404,872.3999486489163,-2.657548111265084e-11
9727.278801692717,872.6332646056226,-6.49107421433149e-12
9727.914321397464,872.7471427146439,-1.4343197487032877e-12
9728.440384232641,872.8414129901843,-3.368895307753865e-11
9734.312014891218,873.8939531301021,-3.3768536294543233e-11
9743.086376312276,875.4680162614353,8.694542190854318e-13
9748.894289011878,876.5106979142198,-6.026902635897309e-13
9754.411806076494,877.5018210224341,1.7229584213825543e-11
9765.70633470452,879.5324296748612,-8.421481306780201e-13
9776.557544596028,881.4855487306705,8.99943940720484e-12
9776.978083125245,881.5612854987531,1.9068719035505528e-11
9780.031642806613,882.111313176982,-4.722840187715286e-12
9781.917950193832,882.4511733553938,2.4791784193059316e-13
9783.783393060381,882.7873387871056,-6.078535704984502e-13
9784.630752666704,882.9400598959187,1.681815433307091e-12
9801.442798359294,885.9728588579061,-3.530083872115628e-11
9805.940393782674,886.7850826423113,2.3142014452384063e-12
9810.358386381342,887.5832936851432,5.655557398468464e-11
9812.681551461166,888.0031706400041,1.9735460622990613e-12
9813.396673990621,888.1324382341245,3.869635381623483e-12
9818.749571453189,889.1003424576501,4.3049129649139425e-11
9819.597365357167,889.2536879088219,-8.085021403294074e-12
9826.946895671826,890.5835954129831,-5.147735454683038e-12
9834.219530138056,891.90056795169,-1.2740257375636895e-11
9837.037422619216,892.4111108148571,-2.0885462005155e-13
9837.707419031734,892.53252159957,3.1842271738231666e-13
9842.217323749242,893.3499815410247,-8.586782193438867e-13
9844.115761934581,893.6942022301331,5.341869728996224e-13
9847.860004053113,894.3732946720817,-9.562371751680996e-13
9850.278222525725,894.8120237254819,3.2520937183501294e-11
9856.63559106139,895.9659330569057,1.2870933847436164e-11
9857.930892067136,896.2011310514237,3.3552239110409396e-11
9860.123479955058,896.5993269207337,-1.4841666129337737e-13
9861.651306887046,896.8768479109514,2.774224694294011e-11
9872.576884146583,898.8626694559415,2.8562797950069338e-12
9874.29543065783,899.1752308163892,3.881350986057296e-11
9876.374373310915,899.5534120882536,-2.751914634856527e-12
9881.218139895342,900.4348524048313,-1.953750724734263e-12
9890.992784024114,902.2149010443939,3.260220150283065e-11
9897.229611983368,903.3516020051104,3.929992182007858e-11
9899.301659294897,903.7294041749054,5.356062287981753e-11
9907.982627207986,905.3130890385308,-2.558815870961174e-12
9910.251063853002,905.727152853915,2.8111445947496454e-11
9918.154851162644,907.1705928198545,2.8838844176495658e-12
9920.67335848462,907.6307804223904,7.910754380247973e-12
9926.466433409692,908.6897482210045,1.221480462247582e-12
9936.861146675074,910.5914403059369,-1.6113941741681043e-11
9941.68841560007,911.4752563208718,-2.8488606549839597e-11
9949.211555040834,912.8535102045098,-2.085357417170738e-11
9949.262529408012,912.8628523644176,2.121799732969112e-12
9950.129527947673,913.0217560076621,-1.022510367567395e-11
9952.038002748497,913.3715903877599,-3.702236315311369e-12
9952.696302660526,913.4922761011478,1.0989792964114915e-13
9954.392503262115,913.8032762857276,5.910165220341783e-14
9971.236318685907,916.8944840082761,-5.891212334526993e-12
9972.695804995994,917.1625776370623,-5.0753803203466246e-11
9980.71637881436,918.6365803888099,9.840174455724204e-12
9989.750413230016,920.2982536710066,-7.199616454474404e-12
9989.887885763457,920.3235512661514,3.162992353190889e-11
9990.17033896556,920.3755291904303,-5.710698080324531e-11
9990.916184135169,920.5127890220679,5.217254638835517e-14
9991.297879095331,920.583037304914,-2.3095051729896433e-12
9991.862785499537,920.6870092954052,-1.988508672584145e-12
9994.997607890531,921.2640855429534,9.367526565959816e-13
9995.268977385815,921.3140493235665,-4.570865498860807e-13
9997.728567907727,921.7669640099472,1.5363855281076284e-12
