f0,sigma,gain
2.3421388212310426,1.1513430708714878,7.503489050968198e-12
3.242344033289425,1.15138937291567,-2.949850937277018e-12
4.667548076905949,1.1514932030188811,-1.8729361439817246e-11
5.781867489290423,1.1516004480988782,-1.4098555353088283e-11
6.606595856966468,1.1516945512254828,9.2823715558293e-12
6.608340705856953,1.1516947635981318,5.542573114291924e-12
7.976948133163306,1.1518786161264625,3.51912205677904e-11
9.065027059552039,1.152049403597581,2.0922411127234372e-11
9.882128286279967,1.1521919957282314,-1.744095681175129e-11
11.24127272503579,1.1524564223254685,-3.521558362738609e-13
12.049239826161326,1.152629742215026,-1.3234145035692457e-11
12.053825621522684,1.1526307602498418,1.384432246955839e-13
12.321649653583972,1.1526908884655445,-3.931181438721577e-11
13.406594923370841,1.152947983486705,8.790115964517358e-13
15.295320483580696,1.1534472764182524,2.4866075328312748e-11
15.298179707199422,1.1534480820804192,-4.3564283871030834e-13
15.563662929708588,1.1535235451754131,-1.4252415717759629e-11
17.727545411487505,1.1541870420930904,-9.819363986803772e-13
18.80372025888228,1.15454913768395,2.6779337858274663e-11
18.810573207921323,1.1545515118226695,2.2899646089113827e-11
19.611064018362338,1.154834786594082,9.940240556107986e-12
19.61962839164569,1.1548378811422098,-9.002550900349906e-12
20.694125599934264,1.1552368456045696,6.211085566857737e-13
20.96770494161543,1.1553418233710182,-5.7159507971226626e-11
22.847562166682746,1.1561004463779772,-1.867704844335733e-11
22.854409316081593,1.1561033285534559,2.832855705747596e-11
24.193148958216117,1.156683436604117,3.898111865519017e-12
24.197712846894255,1.1566854707124514,6.688983096753084e-13
25.27937008096439,1.1571783827516289,6.385240066652351e-11
27.427468431332862,1.158221172633418,-7.324291931347077e-12
28.238309625033107,1.1586368915320757,-4.665181075893521e-13
28.242301341205835,1.1586389680453877,-4.038883995214641e-11
28.51675104654388,1.1587824421704542,-2.3132531348642207e-11
29.31098454152656,1.1592054613563465,8.969921925808676e-13
29.32466927370726,1.1592128518552096,9.09410518527161e-12
30.671094430230195,1.1599568613593763,5.774080932758583e-11
31.743018536944927,1.1605730625323274,-4.3496464805591863e-11
32.5439244038872,1.1610472826011013,-1.6853884290530203e-12
32.55589609820665,1.1610544607273157,-2.861665289244056e-11
32.81601585231261,1.1612110781965266,-1.8294725670771951e-13
34.96525403292812,1.162552823019344,3.557592752305451e-12
34.978934361966054,1.1625616360211335,-6.450176634874525e-11
35.78142423376423,1.1630846403277875,3.033628265563193e-11
37.93096284169937,1.1645439968566331,-4.20978831713474e-14
37.94008201877475,1.1645503693206805,4.079958559579058e-11
38.197292481801504,1.1647307384496006,-6.6844791559118176e-12
40.35748331876926,1.1662936715648526,1.1896514884152312e-11
40.36888142954691,1.1663021462573613,-7.950563531304325e-13
41.15640666132411,1.1668934797794277,-1.4351912488375114e-11
41.17635291458439,1.1669086052773794,3.1256095434394315e-13
41.43923738214277,1.1671086387235516,4.3938813690492447e-11
42.522100540800125,1.1679460303403173,1.9845297563935343e-12
43.58328062840195,1.1687876096809682,-1.6696591369778785e-13
44.38783915592133,1.1694394983652336,2.696628471965307e-11
44.40607432478873,1.1694544114905363,-9.835435167222292e-13
45.47119947811866,1.1703361223943511,2.737499838445856e-12
45.47632800593729,1.1703404183450867,-3.064479506224554e-11
46.82821645563356,1.1714897347901423,-2.2169012423681735e-12
47.884745460174265,1.1724113858406597,-4.4808693535903424e-12
49.77308458899548,1.17410987485585,6.735678576591707e-13
49.788469024983016,1.174123982318986,1.4022662601584893e-12
50.05130825022786,1.17436567831837,-1.2017499242429853e-11
51.115760050278936,1.1753575165520627,8.419254073773458e-12
51.12259744453846,1.1753639549848567,1.0857295408069285e-11
53.286779897317906,1.1774451321746624,1.510160311286908e-12
54.370558303503685,1.178519764280492,1.843909852895893e-11
55.15047982224555,1.1793064914248472,2.3155791520494257e-11
55.164153922981654,1.17932038479423,-2.7653394186873066e-12
55.17782802164201,1.1793342816058208,-7.2489732124902215e-12
56.50047179929537,1.1806947465853412,2.1029737328532812e-13
56.523261636581566,1.1807184705109428,-4.6025591905951597e-11
57.31171128743448,1.1815451275226871,-4.38001080794842e-11
57.323106113280346,1.181557158472511,-1.0532499273371812e-12
58.38119949259409,1.1826847432318952,-4.350818441601453e-11
58.40683758506923,1.1827123210402197,2.2810528226262598e-11
60.81485635236028,1.1853564999412403,-1.0967710706004798e-11
60.828529709327476,1.1853718192557574,5.141479435162305e-11
61.8974150308169,1.1865800313456165,-4.1303685966320714e-13
62.953757670557216,1.1877947427715418,3.776279266417681e-13
63.765521733532324,1.1887421750912484,-1.0867538465407854e-12
63.788310142108685,1.1887689472374061,-3.252162467465186e-11
64.03857743243059,1.1890635942119048,-1.3675010437318698e-11
66.18426486724263,1.1916371246442825,-7.095376241191936e-13
67.00341716133457,1.1926419819457188,4.424554036920769e-11
67.00968383861576,1.1926497169448074,-9.504365737647894e-14
67.28615184292426,1.1929916830827614,-3.50239232259697e-11
70.52340721616265,1.1971006437455132,-1.2031884659674349e-11
71.2946856298535,1.1981080821380397,-2.2256817179137352e-11
71.30323089172293,1.1981193052743169,7.066835701411323e-11
71.32203046651416,1.1981440009071629,2.442717070957379e-11
71.33057572718253,1.1981552283462,4.730101581808865e-12
71.56829856702889,1.1984681066131235,-1.77229351006318e-14
72.65989815058849,1.1999181774386567,-3.7695600850010384e-13
72.67584919693219,1.1999395293769193,3.003262899740175e-11
73.72984420428439,1.2013607850117278,1.3814080293750308e-11
74.52503687757184,1.2024466030465206,4.1819070810024367e-11
74.55921739159905,1.202493536882032,-1.4884330529683092e-11
75.89592546768047,1.2043458708436945,9.579228394644117e-12
76.98066749313,1.2058732369236445,-3.3549191546838765e-11
78.84805025606049,1.2085533710134828,1.5207021983096482e-12
79.1057034848773,1.208928206949475,1.1524695111587882e-12
79.90885381263061,1.2101044834082624,1.0445628798864117e-12
79.94018526644989,1.210150611581607,2.1221016394316187e-11
80.17334197505309,1.2104944477993815,3.5041282373811022e-12
80.99414866477342,1.2117128593610746,-7.138702626942021e-11
81.00782051922334,1.211733259043185,2.2042702799212505e-12
83.40357682454703,1.2153611167136507,-6.584022502050715e-12
83.43775618307136,1.2154136389535148,2.2853816156922544e-11
85.5741374006954,1.2187392518733482,4.74784608712951e-13
86.6577034124533,1.220458127674208,8.742433970550751e-12
87.44602320804714,1.221722241494675,-6.792480100618576e-11
87.47336636439711,1.2217662931547075,-1.5939221024262088e-11
88.78722876479603,1.2238992437517062,-1.644566757579745e-13
88.79634311717001,1.2239141512333105,-1.1641896337532633e-12
88.82824334873743,1.223966339466654,-2.900087521650688e-13
89.58978513059492,1.2252177740483525,1.2056136235648459e-11
89.63535679421562,1.225293000312747,1.140113031077173e-13
90.98054214445476,1.2275307617524762,7.238870187703075e-13
92.04700326950017,1.2293285443182693,-6.2506393282088615e-12
92.81993177290516,1.2306445999384579,-2.2652673040975224e-11
92.83816029426146,1.2306757702400595,-2.4535444558044667e-12
92.84556563084128,1.2306884349230813,-3.5268407392205596e-11
92.86379415110898,1.2307196138302032,-3.58762248198458e-13
95.28510609117912,1.2349155426080336,-8.086479360162453e-13
96.32421421931778,1.2367493471849578,1.069412562703406e-11
97.13644031029926,1.2381966028857319,6.86155648991597e-11
97.15865611179126,1.2382363585950291,-1.4383306733094256e-12
98.20345657748697,1.2401163219362399,-5.658217640241269e-13
98.24447027655457,1.2401905301658185,5.114975928787583e-13
99.54405936692986,1.2425579911954827,-2.1514801809225006e-12
99.5714017626643,1.2426081349938676,-1.1011292259532543e-11
100.6401219151098,1.2445788723531686,-4.0012745458713317e-14
101.7418785754356,1.2466325546011525,5.50853522877042e-13
102.77413823766439,1.2485769830314717,4.042487201997563e-12
102.80831603328213,1.24864169815356,-5.704613710307536e-12
105.74029712353213,1.2542734583131088,3.679369548093518e-11
105.77732288803239,1.2543455900293754,-3.8418860648895433e-13
106.01445245639651,1.2548081525933794,-1.0802879563401398e-11
106.83520887437068,1.2564171781083735,5.690305336709027e-11
108.15756395669214,1.2590356482723934,1.0097383140401024e-13
108.98002660710175,1.2606805004699715,2.358290213175717e-12
108.99597608958862,1.2607125211801802,2.3013343038246364e-11
109.2855099342038,1.2612946135667085,-2.2958065497423826e-12
110.03619869300175,1.2628110255690463,1.8247109872103284e-12
110.09259141993965,1.2629253596282553,9.025517080447742e-13
110.35079553641589,1.2634496065835714,-1.5066133568000972e-13
111.43772521662189,1.2656699297604077,5.73053232359678e-12
113.26622483550123,1.269454192320967,-3.428509718168491e-12
113.3209084554608,1.2695683140075267,-2.840082186032636e-12
114.63698592126636,1.2723315105061508,9.279828946960078e-13
115.43039085586287,1.2740127346490384,-3.7167867639590146e-11
115.46228954857399,1.2740805704145695,-3.4668583571134054e-14
115.69428937769125,1.2745745051896575,-6.566025777087478e-12
115.72163110566233,1.274632781878952,7.1850886758052685e-12
115.7421374010503,1.2746764984317187,-6.401527925182325e-12
117.85787942937044,1.2792285928655092,-3.71290742373055e-13
118.64957250839903,1.2809531490884412,-8.563781077943504e-14
118.7014076894294,1.2810664651128343,4.049186173431871e-12
121.06622956397648,1.2862887995150627,-5.409787853534986e-12
121.11179883484947,1.2863904436909428,-1.375002788202483e-13
122.19871458249855,1.288826192148468,4.360740759734797e-12
122.97673323537467,1.2905830744444955,-5.469389432734871e-11
122.98527745707699,1.2906024304716825,-3.7130379859056636e-11
124.29621420910883,1.2935881501529625,1.0164628855254352e-11
125.38426573527728,1.2960902793632385,6.632798472129793e-12
126.18620572127614,1.297948414142879,5.568770112834868e-12
126.23405321382286,1.2980596536539601,-3.041365423663609e-12
127.2736857081377,1.3004870838325666,-1.2774450038632135e-12
127.29931826816619,1.3005471845990093,5.546985467140148e-13
129.679499799778,1.306180746730402,2.5389356091061065e-13
130.7869128204197,1.308837413197923,-6.055273580366312e-13
130.8074188059531,1.3088868197623946,-1.192685445056626e-12
131.85445210459065,1.311419808198449,8.611041788129288e-12
131.89546403927625,1.3115194354770348,9.229114255503891e-12
132.63417279613967,1.3133192313972948,-1.209548421729117e-11
132.70252597692175,1.313486275724083,-3.628246801760165e-12
134.02484368696733,1.3167347473428315,1.7318466226086066e-13
134.04762805605495,1.3167910028320715,-2.3036669396392228e-11
135.86412443746838,1.3213067748912215,2.2726603945181454e-11
135.87608621459665,1.3213367130642544,-5.625401054103048e-12
135.91880684632943,1.3214436566246,-2.7444807278304494e-13
135.93076862297167,1.321473606845361,1.1417095222612135e-11
137.21605858410746,1.3247071075187917,-1.6509936579226786e-11
137.2274507415231,1.324735903681674,2.2796666558445253e-13
138.35194549787465,1.3275900738260578,2.5734062408626554e-11
139.12653592351296,1.3295696723149701,3.5688855537198904e-11
141.24736019021594,1.3350463595620397,5.676683659718819e-13
141.27014444149145,1.3351056460607955,2.9626733040876e-11
141.28837184226467,1.3351530821442164,-8.949662597913516e-13
141.31115609292226,1.3352123858540121,-1.627767745407741e-11
141.56821321599364,1.33588212640915,-1.0884980238798605e-12
144.7400449418756,1.344246235597251,1.5118821346798712e-11
144.8083975424921,1.3444285210268196,-1.7530122390849873e-11
146.9058603481068,1.3500639580981049,1.6677831659114617e-11
147.71917961555596,1.3522709787411054,-1.933428039032395e-13
147.75563427149157,1.3523701873023626,4.3911782958466184e-12
147.96997007957415,1.3529539809172528,-2.84072512586222e-11
148.0041463145927,1.3530471460978646,-5.6188759600762615e-12
148.78385845130592,1.355178503681159,-3.691376947628209e-11
148.84366683437906,1.3553424534598197,1.2226249854790317e-11
149.08990030904903,1.3560181352427154,-1.4595232382772378e-14
151.2238125319352,1.3619205183420657,-5.287043379616163e-12
153.35316548122455,1.3678939019648624,-7.095603682674667e-13
153.41696093214,1.3680741532860965,4.794579929864879e-12
154.48106688481872,1.3710917935082998,1.3709873424043016e-12
156.6582627966582,1.3773309819375545,1.152895063429368e-12
157.3838592909419,1.3794297225141843,1.432362001285244e-11
157.41974416043215,1.3795337688393912,-1.9332031080843362e-11
157.429427379078,1.379561848895625,8.60220599317011e-13
157.46531224778673,1.3796659253401522,-4.5323827140211967e-13
158.47359520378095,1.3825999328285534,3.728915622738563e-11
158.52827688123182,1.3827595866564786,1.1032776190035502e-12
158.748877098314,1.38340423135688,5.732104305208892e-13
158.81039397743913,1.3835841577073895,-2.877725976569281e-12
160.61376295442716,1.3888896786303084,-2.691312082895336e-11
160.6935069886008,1.3891256690836276,1.4262161901025695e-12
160.8896141793166,1.3897065170114895,4.614057861194514e-11
161.71545885034843,1.3921603513705338,4.484040357644655e-12
161.74450844887673,1.392246895248769,-7.0848499046645825e-12
163.11464995465678,1.3963464455309724,3.214682439762606e-12
164.17761189442714,1.3995507157395397,4.375747411273692e-12
165.99692542525017,1.4050832843381225,-6.722397464606392e-13
166.07382128105655,1.4053184691292746,-2.033396882284672e-12
166.30695194801814,1.4060321613779858,-1.3543366535819546e-13
167.37333007694312,1.40930947085008,3.4499004644643055e-12
169.54595685688813,1.4160514387633218,-1.1554069522942245e-13
169.57101917503556,1.4161297179761294,-2.1898514101208977e-12
170.31654758724886,1.418463579892761,1.2816133720921632e-12
170.36496341473753,1.4186154987215978,-1.7652476638686588e-11
170.5656266091565,1.4192455985650914,-2.0421851512973748e-11
170.57929695925486,1.4192885516371085,-4.660979315843511e-11
172.74508592833826,1.4261370674922185,-1.3293996395325392e-11
173.53333326420113,1.4286510579090357,4.3713728979669604e-11
173.6062417180682,1.428884166186876,1.5272950622168756e-12
173.79551272948893,1.429489774447386,3.837128791833043e-11
175.72247340595231,1.4356930069825828,-4.659664420868787e-13
177.0903291563726,1.440137889806715,-5.511349999064065e-12
177.86490499166646,1.4426701784582057,-2.925924889780458e-12
177.88541046396938,1.4427373663092542,6.809790786976586e-12
178.17948693614065,1.4437017838945991,5.989357319615196e-13
179.17864812507872,1.4469904130988174,9.584434395781668e-13
182.42219509154847,1.457792938730257,-1.601959836286415e-12
183.2229710015005,1.4604897249230224,-4.415826205393377e-11
183.29075286380368,1.4607185372501275,1.3782069816925237e-13
183.5740065206065,1.4616756369967538,-2.1348877771104543e-11
184.28535568997063,1.4640857661847144,-9.462841283070245e-12
184.31269626452465,1.4641785850708837,-2.972339910348252e-11
184.35370712593846,1.4643178392166984,2.8480995870246502e-11
184.3810476999363,1.4644106925249487,8.39289600284894e-12
185.6759915368576,1.4688243160199466,8.315410398105141e-14
185.7261159028438,1.4689957784348477,5.32886475056641e-11
186.71502206666867,1.4723880327907948,-6.232469181152922e-11
186.7628680380438,1.472552616161607,-1.0721376090986587e-12
187.51522736870817,1.4751461708032272,1.778004312914447e-11
187.60921050475673,1.4754708847708125,-2.6410134540645994e-11
188.89447003525035,1.479927814009787,8.674594548992441e-12
188.9400375991033,1.480086388422034,5.466153918194933e-13
190.03033066847485,1.4838919975949487,-5.952827770284939e-11
192.1550956270815,1.4913712931910998,4.644719176162633e-13
192.89834034850884,1.4940071906816885,4.441124103818457e-13
192.9894753778833,1.494331098987107,3.765367576117074e-11
195.06582323668962,1.501752218268621,-1.5177016037368484e-12
195.12733934770722,1.5019732955966372,-2.2051352397757436e-12
196.1675064299998,1.5057220148183508,-7.052453991582419e-14
196.17832870588907,1.5057611226131653,-3.68874390003998e-12
196.40462202294117,1.5065793591032928,6.295847988401219e-11
196.41829226536572,1.5066288184880374,3.7152927106469905e-11
196.4866434767992,1.5068761670448827,4.055084004426221e-11
198.54305377095983,1.5143581238255392,1.667935395462637e-11
200.4346859994531,1.5213093440915086,-2.8879291952307658e-11
200.46202645795603,1.5214102958685873,1.9395101973478517e-11
200.49449325220368,1.5215301939872152,-2.737525795584155e-11
200.5218337103284,1.521631175883615,-2.8281870939994172e-11
201.7729134766383,1.526266766150318,-3.133938508573955e-11
201.85265645567034,1.5265632129779991,-6.884740031139369e-13
205.09504476620086,1.5387160956363886,-1.1090864248076552e-11
206.1317918986547,1.5426428159744594,6.582752319333158e-13
207.15600777733704,1.5465415155392228,-7.827995299582455e-13
207.19701840428746,1.5466980257238148,2.090866173899673e-13
208.24743528230653,1.550717324924849,2.1638573443348328e-12
209.06187620872885,1.5538476781429322,3.5198793133268206e-11
209.11598743121925,1.5540560907879266,3.5578258992342194e-12
209.37189886483668,1.5550424798800857,4.30997692452799e-12
210.12425411027635,1.5579493566126608,2.917296768968214e-11
210.20627531386518,1.558266892454032,-2.5521111607948067e-12
212.56757556698335,1.5674615384161152,-2.4243013004492983e-11
212.64276163405611,1.5677559920116821,2.2096652409561884e-11
213.33872685160728,1.5704865659577978,2.767406935892383e-12
213.44979716105297,1.570923168635522,-8.68686897061892e-12
214.69232968270097,1.5758228902636628,5.090309260162516e-11
214.79485609589275,1.5762284563714961,-5.515515631150578e-11
215.855524039589,1.5804355285051186,-1.0122014850148632e-11
216.56857656496842,1.58327545495889,-5.19977153537733e-12
216.6232572998429,1.583493622573763,-5.582953995773719e-13
216.67793803416896,1.5837118452639654,2.733518551654163e-11
216.91733095661237,1.5846678752659717,5.802149939395603e-14
218.76452794536263,1.5920802671001018,4.674865071858773e-13
218.7873115759151,1.5921720851624959,1.4828693202399765e-11
219.09904243059887,1.5934293213750363,6.161333499265658e-11
221.951655205291,1.6050172821416508,-1.298806140336883e-13
221.96703414738246,1.6050801611336838,1.0026629649193237e-12
222.04278967635565,1.6053899619759662,4.083384848847144e-11
222.05816861820824,1.6054528667845593,-3.897254455446809e-11
222.24345022377167,1.6062110704525654,-5.018454284849506e-11
224.38187082441922,1.615007615903613,-5.1420727091768634e-11
225.21111868062053,1.6184414520516233,-2.2967900333972814e-11
225.25668589155535,1.6186305086694308,-3.4196973286276326e-12
225.55531583077217,1.6198704595901292,-4.197118398921242e-11
227.65272479762106,1.628625464757096,1.6551981160162476e-12
228.67237993813472,1.6329109830694644,-4.477592486196408e-12
228.74073071667968,1.633198940144976,-2.646255962485419e-12
228.76807102789394,1.6333141470706376,1.2748896529685316e-11
229.48795707258347,1.6363525657774898,8.445744232562651e-12
229.59048322716666,1.6367860739070863,2.927247744633065e-11
230.870035654457,1.6422126533287202,-5.843372434862456e-13
231.90222126061553,1.6466121277169181,8.413095007154508e-12
234.13405126984085,1.6561919292733438,5.38399135663103e-13
234.16366991628752,1.6563196798685142,1.1479334455069508e-11
235.96301628223964,1.6641108978516788,-2.325392596772467e-11
236.03136698667336,1.6644080340109393,-6.588244487236604e-11
236.22462243881503,1.6652486253476109,-1.767309229434685e-12
237.28528669615025,1.6698743809769478,2.1014344579294739e-13
238.3926570956786,1.674725943192108,3.27463919459152e-11
239.1774752712016,1.678178031446381,-8.531628650991605e-12
239.22019444245709,1.6783662608882213,3.700775875283719e-12
239.2321558103641,1.6784189711558006,2.244338404237937e-12
239.27487498130156,1.678607243625242,2.6415016096035533e-12
243.5135422076544,1.697455094808923,-5.536027337077957e-13
243.54942629088842,1.6976160713704969,1.8523892274869568e-12
243.83267654610424,1.6988875690364234,-1.0744196057484421e-12
243.8645735076754,1.6990308456479535,2.1094067703714597e-12
244.54401723384728,1.7020872616662597,9.795468577876516e-14
244.67160506773357,1.7026621523374859,-8.29272221305868e-13
244.82157156770046,1.7033382611209635,-1.3664993215925748e-11
244.92409750218854,1.7038007273458426,1.0476548629974982e-11
246.01665748397642,1.7087409901829478,-5.265261666006552e-12
247.7738514694313,1.7167326709301227,-1.8405025976519406e-13
247.8997304869072,1.7173073492287,2.6094913064178173e-12
250.22057619753414,1.7279550587927583,4.0987725682346765e-11
250.26158654426453,1.7281441005409885,-6.653868748135406e-12
250.32082371141084,1.7284172155368491,5.8817766884766815e-12
251.0202024808313,1.731646612036862,-2.932285443294853e-13
251.1113365757775,1.732068089216635,-4.226409204435488e-11
251.32566641042595,1.7330599253486472,-4.625803989666001e-12
252.11219206520383,1.7367069142723124,1.517363834217823e-11
252.17199880747611,1.736984694404386,6.332462189904741e-11
253.15690571069513,1.7415686985508345,-4.597232572912715e-15
253.27993670806393,1.742142571187245,-3.720425054617717e-12
253.50281030773448,1.743182865271419,-3.305682750692429e-13
254.5110701631894,1.7479004937289395,1.3803951101440037e-11
256.6950483240713,1.758183497957707,7.892968016201901e-13
256.7770689565263,1.7585713942774834,-4.006683144483245e-12
257.8365913327466,1.7635932834416803,-1.319543742121253e-11
260.69317609716984,1.7772358627998053,2.989441262144769e-13
260.81221988029785,1.7778076589229037,2.7944300032081766e-12
260.95364228837497,1.7784872842716482,-1.0414847291113083e-11
261.0493329823604,1.7789473483898677,-9.969864294308105e-12
261.8290227432954,1.782702246664303,-1.4877055509081543e-11
263.96914097209986,1.793066368537626,-4.382499123887183e-12
263.9942028128238,1.7931882373043855,2.8036101003570476e-13
264.1834705059219,1.7941089671219679,1.9568796445722644e-11
265.0161316288864,1.7981674477460354,6.80060393364162e-12
265.0998609513163,1.7985762602427862,6.819002725291062e-11
265.3853888621061,1.79997133525659,1.0958483020036995e-12
266.3537763436969,1.8047140116894125,4.744360480323525e-13
266.3697247839977,1.8047922637447216,-2.6745284517675673e-11
269.56651520913886,1.820572117386775,4.887920572808659e-13
270.38265787331017,1.8246308892570084,-3.0198403834130004e-13
270.4145547414897,1.824789765209814,3.6573503963685004e-13
270.46467839129224,1.8250394652856536,-3.430181447207711e-11
270.49657525922504,1.8251983894293713,2.521648682690129e-13
272.9011446675921,1.8372329658595046,1.1120518584172184e-12
273.93446434572354,1.842437323907253,1.859565052854176e-11
275.02360342271135,1.8479441098154146,-8.311960204142827e-13
276.14577841810507,1.853640783609821,1.000119515718014e-12
277.10277319365406,1.8585172533374785,-3.178466710113915e-11
277.15061846665867,1.8587614968721557,6.248329246574638e-12
277.23947397313526,1.8592152038797463,-2.1953372669505438e-11
277.90125811562115,1.8625989294268388,2.925580579538962e-12
278.0465026836537,1.8633426496050192,8.630541140614026e-12
279.3915504092081,1.8702483858433816,5.479751450126533e-11
280.34968408871924,1.8751879551994857,-1.1003196747677068e-11
280.4180344595591,1.8755409754022738,6.121332495729087e-12
281.13108119674627,1.8792288948336635,-5.496968696455878e-12
281.1652563799656,1.8794058860795666,-4.437525281461397e-12
281.2404417827033,1.879795342549131,-6.554260175389809e-11
281.27461696560914,1.8799724026391949,-2.7157934974791264e-11
282.22534587082083,1.884906710810982,-1.0379064763292043e-14
282.3329976878069,1.885466475984257,-4.034643597808611e-12
283.6957021023359,1.8925706860545655,-6.121380939563226e-11
284.67206219809214,1.8976817950177298,-6.446500441377706e-13
286.51411773418954,1.9073725160259785,-1.3730402597910756e-13
286.5779113814502,1.9077092426690903,1.761756715180165e-11
286.5910118625442,1.9077784011682697,-1.8584297832222884e-12
286.65480550941624,1.908115218169343,3.871982783972173e-11
286.79224048113434,1.9088411005540529,3.21078778587046e-11
289.0582324318619,1.920859420756741,-1.259671741833199e-12
290.1177516670209,1.9265113285867064,1.0319063185115961e-11
290.15192682565544,1.9266939770811233,4.169901872017465e-11
290.8700992807047,1.9305372127869775,2.895276747722475e-12
290.909400710878,1.930747805068003,-5.191613618968982e-12
294.050365054018,1.9476703112751932,8.928464486205446e-12
294.18706564781746,1.9484109369052458,-2.9082654719458263e-11
295.3868672876762,1.9549260716907855,2.0479998968078602e-11
296.2212349518418,1.9594724676588284,2.407129085673851e-13
296.32148203831775,1.9600195681490808,6.509601730294869e-12
296.4987879097351,1.9609876717648245,7.17979743725132e-12
298.61668596383197,1.9725963286241628,-3.8480536602780896e-11
298.6349127037869,1.9726965919250352,1.1035342082560623e-12
298.6964279509629,1.9730350257444598,2.3229533850035603e-12
298.76022154034735,1.9733860677747947,-1.1404893206739142e-11
299.46757141910865,1.9772834818516862,-1.0695906200225311e-13
299.53307376182806,1.9776448582650161,3.5503246582740825e-11
299.7593639529715,1.9788939093668123,-2.511816734551393e-11
301.93877675965837,1.9909718766288593,1.5391755237273983e-11
303.7398198126867,2.0010190061612816,-9.019255309911152e-12
303.8713940452286,2.0017553358405986,-2.624371624180524e-12
303.99971547873446,2.002473769027399,-9.611719988653632e-13
304.1227459278537,2.0031628644008284,1.061594232600571e-13
305.1275838312035,2.0088014147345774,-5.103257422908302e-12
309.48640757886255,2.03347586189459,-6.335733374212504e-12
309.52058269160426,2.0336707032712313,-1.0408607230487267e-11
311.3398515858677,2.044073893943237,2.2007717254238686e-12
311.53595358982886,2.0451989111719024,6.250209725061141e-11
312.3703203573371,2.0499935073062128,-1.5706978423180658e-13
312.4620235599625,2.050521251769279,-6.25687011967288e-12
312.6307854655391,2.0514928676475286,-2.5593337121279893e-11
312.7674858894509,2.0522802799898017,1.564307611986343e-11
313.41047201012066,2.0559885816401873,-8.883935248247911e-12
313.47882221898004,2.056383226435161,-1.1638957162604842e-11
313.5061623024445,2.0565411084486067,3.4413654452914385e-11
313.57451251090805,2.056935873720863,-6.149770808969811e-12
314.8010831073552,2.0640347161996586,1.7305688655872336e-13
314.9195567926242,2.064721856635539,-3.9046467987007474e-11
315.58247830512,2.0685715335727815,-3.099879717023723e-13
315.70778700484,2.0693001282530106,4.198999843760436e-11
316.6402868915374,2.0747311390701646,1.6692314668444062e-11
316.80261860586756,2.0756782187781915,1.935163334696788e-11
319.2236977749748,2.0898609462109268,4.361845455976881e-11
319.92307255196124,2.0939779971851875,-8.467222845507392e-13
319.9777526981608,2.094300265803703,5.37345022586365e-12
321.2253974746245,2.101668480637649,-6.313765748696638e-11
321.33931443728903,2.1023426685294737,9.85084950910924e-13
322.02331034125666,2.1063957469677344,4.16942855318771e-13
322.18279408165574,2.107342021013594,-2.7590162966489836e-11
322.43300651477483,2.1088275649899986,1.3109859205725822e-11
324.52128273132786,2.1212709121815987,-3.1377399884828347e-12
325.61155710901886,2.127799414908754,-4.3015509622168476e-11
325.6799072701841,2.12820942128379,-2.97130107883874e-11
327.7362863804581,2.140585092326622,2.0514994493872666e-11
328.7798546350336,2.1468952752271986,1.6700140920462592e-11
329.5595404695075,2.1516229236043056,-2.711252662721033e-11
329.57833675991685,2.1517370337067954,7.189288576591743e-12
329.6962407629743,2.152452963704002,-6.774777165708636e-11
329.71503705324994,2.152567121136854,2.07231059197852e-11
330.6725979368137,2.1583913845673663,-3.785901311431634e-15
330.75461810828017,2.158891048974198,3.3892330142246213e-12
331.0071087646154,2.160429992338373,-1.593085033876267e-11
331.9720741828051,2.1663223258694853,-2.1047749548094825e-11
333.06804397877175,2.173035410313174,-2.170014265818143e-12
334.2881831182361,2.180535090705869,8.126658180536219e-12
335.2018857812439,2.186169192766111,3.9547299693667115e-11
335.256565883082,2.186506850626783,1.3699737114733966e-12
337.49748930886955,2.200392270634574,-1.1048392639199851e-12
338.2407214057865,2.2050179828942866,-1.4539283710005932e-12
338.25496101354094,2.2051067064085528,-4.075299336017639e-11
339.2489748835523,2.2113093945598523,2.7388221679368693e-11
339.3993451336779,2.212249296141665,1.8700192210614866e-12
340.58490397141946,2.219674316441427,9.878176690155793e-13
340.70793416834874,2.2204463234139817,-6.048256427447176e-13
342.53175666905287,2.2319234015114278,3.4038064590640353e-12
342.57447548362074,2.232192959862364,-3.5618985180640004e-11
345.04852275568084,2.247861699612815,7.416744554924859e-12
345.72739158559403,2.252180854068989,-4.691147467513911e-12
345.8367517347354,2.2528774280390094,6.511748803389993e-11
347.06388985808536,2.2607088403955835,5.032729848155755e-11
347.0821165485536,2.2608253694782747,4.0252858173638734e-13
348.12112715360814,2.267478215166844,-6.423477689448972e-11
350.44862601110844,2.2824534945694257,1.1285612647209383e-12
351.0716754492158,2.286479166990869,1.1961775881027138e-11
351.0916108884119,2.286608092722913,9.413213734309083e-13
351.1280642628978,2.2868438615650817,-2.99704026270467e-14
351.19926225977537,2.287304418177099,5.129635118774066e-13
351.23571563409234,2.2875402593056373,-2.9920339655693516e-11
351.25565107314765,2.2876692452763225,-4.436718827280621e-13
351.4363739059985,2.288838889365001,5.810338095952223e-11
352.4981676716127,2.295723004533787,2.562714830065929e-12
352.60069278103464,2.2963888231507257,-2.816986215756905e-12
354.30148419597845,2.3074623523241904,-2.2475368322173608e-11
354.48375104298816,2.3086522182369955,1.3961130311009955e-12
354.67985261613495,2.309933082757185,4.452211190380692e-11
354.71402764951404,2.310156374192349,-1.0252130592147762e-11
356.9048257334226,2.3245154165972384,3.1468294895331113e-12
357.81055329115986,2.3304776145223354,6.488794648829147e-11
357.865233337484,2.3308380444775536,-5.507265815146448e-12
357.96092341825846,2.3314689294241937,-9.341543598991603e-12
359.6844978077333,2.3428613400606664,-5.613926908994594e-13
359.86391669571003,2.3440504003113043,-1.990477087659965e-12
362.228602070583,2.3597772556095693,-1.5208001224655158e-12
363.21293198551086,2.3663541183905394,-3.283951512822631e-11
363.3610237455337,2.3673451474767893,-2.143628654755187e-12
364.02963954843267,2.371824549473592,-1.130721411967132e-13
364.1293166915397,2.3724930433873785,-3.527295272987817e-11
365.0874456859166,2.3789281582905897,-2.183126511301793e-11
365.15579572416385,2.3793878662128405,2.6923244535373925e-11
365.2241457622321,2.379847660190292,4.827425562120755e-11
367.220714924433,2.393316648471707,3.650565606705678e-11
367.29362162598414,2.3938098715703306,4.2520040446793643e-13
367.3232399734321,2.394010271422087,4.218034537309019e-11
367.396146674702,2.394503632209033,1.4950568678574999e-12
367.53756812192216,2.3954609125235513,3.1865442281007446e-12
369.65318007366994,2.4098254473964387,2.2301705460947974e-12
370.7092772368039,2.4170269636342683,1.3052239109349666e-11
371.9692852552817,2.4256458246411188,5.862931598213545e-13
373.025382329338,2.4328923978434824,7.872626001957454e-13
373.7367166517354,2.437784907730717,1.204803769100186e-13
373.79595333260767,2.438192754075155,-3.4002798156673073e-12
373.9390834970832,2.439178476374334,-2.4524274368430256e-11
374.08261853025243,2.4401673659346272,6.2946345844737335e-12
376.91013380578585,2.4597250031372853,-3.687685999411537e-11
377.08043924390734,2.460907690923876,1.3491146858736434e-13
379.32209310881444,2.4765246764553828,-6.125705071787018e-13
379.4132264461748,2.477161535404556,-4.745528621713894e-11
380.5046374117675,2.4848004322740684,-6.013841148588148e-11
381.23647654877243,2.4899349387685468,1.4245312095357613e-11
381.36463279603964,2.4908350846410627,-4.6400013357352336e-11
381.5151675061257,2.4918927991122732,-7.915406242853852e-13
382.6270833930355,2.4997184744918934,-6.879625233980795e-13
382.72960838612335,2.5004411932258783,5.350767520489856e-13
383.6490050812194,2.5069308539862574,-5.172244095388486e-11
384.4850778784391,2.5128458820433988,-8.951148888891906e-13
384.573932867015,2.5134752681623707,-5.338592086706405e-12
385.90131581897623,2.5228948279553656,4.250194490114593e-12
386.85830491096107,2.5297060821488246,3.9833591053183175e-11
388.7527524645024,2.5432393369459403,-1.267441546113782e-12
388.91679242063327,2.544414289733443,-2.1585854124488115e-12
390.14620688478084,2.553235873794385,-1.2809837589648273e-11
390.24189685508645,2.5539236588580727,7.305240851764592e-12
390.2829068422722,2.5542184755184874,-3.298366337431529e-12
390.88488079011955,2.558549570447361,-7.717391312023757e-12
391.089930721398,2.560026392171268,1.296688473148001e-12
392.43497047488574,2.569732913288811,8.233006452383756e-12
394.11468487450196,2.5819014195642174,1.4500455838076663e-11
394.2086660838099,2.582583791410381,-7.873682744807969e-12
394.22404482712557,2.582695467747871,-2.7866207817106064e-11
394.31802603612044,2.583378028915476,-4.0803207232208635e-12
395.6032594351582,2.592728672416626,1.5827500519912115e-11
395.6419910833413,2.593010934650632,-6.739401303651685e-13
396.54771741093117,2.5996194190346347,-4.0238631539301693e-11
396.7390973137401,2.60101772511337,-9.197015410146865e-12
398.4985531171781,2.6139046998041953,1.505029415588115e-14
398.54468934117693,2.614243387649453,4.026642813434042e-12
399.497690979439,2.621248180273252,3.6219425091482624e-13
399.53870095512747,2.621549988971017,3.4335895738504807e-13
399.6571742179509,2.6224220547872976,2.5134032084892014e-11
399.69818419344807,2.6227239839623433,5.817425954701552e-12
399.7980259309238,2.6234591817974553,3.374986367743757e-11
401.9705939354015,2.639502644683579,-6.2660853912145795e-12
402.74856880225263,2.645268790094774,2.9394686126812105e-11
402.9052041110939,2.6464310781992544,3.4827171829440866e-12
403.1952865402269,2.6485847835599916,6.2650307934256926e-12
407.03389810989927,2.6772303708458742,-2.3552385541568365e-11
407.0937043116134,2.6776788212097666,3.5983415558811902e-12
407.1705979993865,2.678255497061159,3.538789948588737e-11
407.2304042008747,2.6787040980216537,-4.369495931774124e-12
408.39032889386465,2.687417620001349,-1.3829840291627549e-12
408.4814621501801,2.68810327629598,4.91173579428538e-11
409.5421146764772,2.6960945247182893,1.273939925471927e-11
409.6104646165894,2.6966102027392678,-4.485292894301891e-12
410.70643124504966,2.7048906666188595,5.679658056355306e-14
411.5984871981753,2.711646838095569,-2.1654596605157106e-12
411.72607374588324,2.712614339574415,-5.740964391174715e-12
411.8035370067795,2.713201897480414,-1.7135170151805846e-12
414.82828937191744,2.736231032559264,4.068751995258604e-12
414.9080309574809,2.7368404300307,-1.6001924631771514e-12
416.7233049811692,2.750744716862058,2.3791871664977025e-11
416.91468477684,2.752214148087102,-3.9429605042347577e-13
418.100240393453,2.7613319856442633,8.134827992695448e-13
418.89758073321985,2.767478710089452,-1.9180582035818745e-11
419.0456722336291,2.7686216421667447,-3.3475002499096303e-12
419.27594835467016,2.770399656477476,-4.423325084512018e-11
419.9941166783624,2.775951071020792,2.7181374517953464e-12
420.10176780457954,2.7767840290422585,3.804056471066013e-12
420.21129239234483,2.777631702179697,1.0162980591108147e-13
422.38613753554614,2.794509825246071,3.207436028377127e-11
422.56384732044774,2.7958928120102904,-1.563830209429984e-12
423.2768893415539,2.8014477523886283,8.149448777146156e-12
424.5792092053711,2.811617624535815,2.5189517024697937e-11
425.41357228591164,2.818149621834001,-2.7869493674532186e-13
425.44546891166453,2.8183995861649924,-2.660177983081551e-12
427.74749540350854,2.8364893652282777,-6.608675342621218e-12
427.92292683501563,2.8378719431179507,5.270320069048366e-13
428.5659101088696,2.8429441512103413,8.177160602635978e-13
428.75102444044563,2.844405847436297,6.308741161307178e-12
431.13108355769924,2.8632554560422863,-1.1278010183415145e-11
431.85551708299494,2.869013543712618,4.495012515225632e-13
431.9193103247468,2.8695210610648303,-4.190666348364888e-11
432.2703378664632,2.872315058045422,-4.15014366227309e-12
432.8500974171591,2.8769346132620557,-3.5029588220469567e-12
433.07736083525924,2.8787471496141346,1.6315481126336591e-12
434.4223990834012,2.8894939622582294,1.0359115624134116e-11
435.47621593598814,2.8979372085691844,1.969675760992223e-12
436.07989790770864,2.9027831620426383,6.581822117384325e-12
436.30545256175685,2.9045954860220684,-5.134031292691883e-12
437.1997862848231,2.9117906517442025,-4.623150907216575e-13
437.3381948191997,2.9129055037652622,1.8132786689881803e-12
437.43689729584065,2.9137007472849787,6.675873327920063e-12
438.5351415067386,2.9225613822744676,-2.092911672957057e-11
438.55564647421306,2.9227270276494757,6.439784560306788e-12
438.6103263874333,2.923168786513789,-1.3185578555083652e-11
438.7265212028068,2.9241077069677575,-1.1572071440718433e-11
439.70287474569136,2.9320070258736726,4.68886512115853e-12
441.4628982065486,2.9462910888578833,1.6440158386346108e-13
441.68560492185946,2.948102607175146,7.319729526707094e-12
441.8230389915491,2.949220965280981,2.9631676990117606e-11
442.56171190303235,2.955237814087826,-1.896458374079781e-11
442.6027218343715,2.9555721543492295,-1.0926847256131433e-11
442.69841167402177,2.956352402103116,-2.521592223357052e-11
442.7394216052401,2.9566868456307596,-1.0178682763568618e-11
445.1006837603401,2.9759956172402195,5.974818968328451e-11
445.18270361854144,2.9766681647418305,7.88292423983579e-12
447.2914759695735,2.9940022544192093,-3.2358853636462716e-13
448.9990975747449,3.0080989119791983,-1.0690531297824465e-11
449.217817178516,3.0099083537831497,-5.497882467716642e-12
449.27949678060173,3.0104187812383385,2.294467772042313e-13
449.34101166890696,3.0109279154089026,3.1466488670619854e-12
450.5406412478607,3.0208707048605747,-1.6599519002078086e-13
453.79094547537693,3.0479431444321903,-2.156018576836745e-12
454.48177329557166,3.0537222651771847,2.884557740701333e-13
454.4982911805172,3.0538605531706864,7.779664940321945e-13
454.6397122893774,3.055044738647731,-5.066663754991917e-12
454.8037519736004,3.056418781606257,3.1518740283630204e-11
456.83733906016965,3.073493845900766,-5.044604500998986e-13
457.6551836705465,3.0803823771818224,-3.659830423026046e-12
457.78277008409896,3.081458121408067,2.744411327124703e-13
457.8695112925034,3.0821896507152493,9.519917383491944e-12
458.6884950508554,3.089103356986562,1.0799233267476938e-11
458.71070875636406,3.0892910530001783,1.2374741984267575e-11
458.7705148865328,3.089796433600439,-8.323669596325115e-12
458.82006853719156,3.090215227438385,2.76853813220818e-11
458.8798746672337,3.090720728515925,9.783491496558471e-12
458.9020883726605,3.0909085028397767,-4.96119691693444e-13
461.1642424598952,3.11007827724445,-2.5887774686314703e-11
463.25250918279363,3.1278581830087173,2.377896867316769e-13
463.2752924685156,3.12805260728546,-5.3213606835939666e-12
464.5512457259221,3.138956391174486,-1.96767602328936e-12
467.36451489341005,3.163103415696253,-1.3649704000200676e-12
467.44710429782054,3.16381450495096,2.986090711022395e-11
467.7571216724189,3.1664848548718525,-1.5403172550933556e-12
468.8120769760791,3.175585027077854,-8.136444281842229e-13
469.83171817099964,3.1844000585440084,-1.2587276206728757e-12
470.5310895127432,3.1904573567685075,3.7116477310243327e-13
470.7384173848193,3.1922547676226345,7.937918898342737e-12
470.78870532015884,3.192690853799548,-1.546273371704239e-11
470.89123009168856,3.1935800709022772,-3.066947221938997e-11
473.07746455398876,3.212587790111813,-4.8798611924320524e-11
476.2560000742995,3.2403799013513273,-5.826827014974743e-11
476.41092638077976,3.2417392846672266,-1.4644999726926484e-12
476.9673325591252,3.2466250529712557,1.634249148473927e-11
477.0128991193394,3.247025422761628,2.9827187783759096e-13
477.1723820798086,3.2484270182211414,-5.299533895463961e-12
477.21794863986264,3.248827560121919,5.757396189839439e-13
477.2927285954896,3.2494849782477617,-3.9934655601055615e-12
477.46360319515526,3.2509875863882844,2.478327165895932e-12
478.5629857135292,3.2606680125759784,3.655517779930279e-12
479.4242829445814,3.268267572932008,3.4722858758192194e-12
480.19713024393985,3.2750983372957556,-3.070643161104324e-11
480.2637713345803,3.275687855833668,1.4712425144850435e-11
480.3793964745741,3.2767108897923327,-1.8191853490008436e-12
480.4460375650102,3.2773006320737688,-1.8116934594150944e-12
480.47809886888473,3.2775843886677145,1.5619958352404375e-11
480.6284685084881,3.278915478554223,-4.257401197872569e-11
482.86710414368946,3.2987814046773956,-4.083544491641796e-12
484.5268797435128,3.3135700515221385,-8.608102538667918e-12
484.72680300083647,3.315354797693243,-1.280723624273747e-11
485.5801259966276,3.322980823350861,-7.669890496668617e-13
485.7031556914032,3.3240814284993583,2.7536688928395176e-14
485.82618538593255,3.3251823124667093,2.582980904624831e-12
485.9260269351893,3.3260759111691076,-3.2338732808333945e-12
487.1256557144876,3.3368271488743213,9.457278475604091e-13
487.8386968162642,3.343230082230277,8.615189110053715e-12
487.8728717302563,3.343537199730734,-8.096559875620911e-12
489.32328121610897,3.356591333539304,2.7817204716309316e-12
492.3206888491565,3.3836917205017545,5.368508605426585e-13
492.48472842450457,3.3851796239330127,2.2738973846429694e-12
492.528016645707,3.3855723477770634,-2.0886192960996475e-13
493.11631926091394,3.3909130294079843,4.987494103861325e-11
493.35839154777636,3.39311244201052,-1.9400885519086038e-12
494.2794946656895,3.401491239110346,2.527592091113579e-11
494.34784448672303,3.402113604850788,-1.9727418057645427e-11
497.4682815578929,3.430618685494969,2.3612123926136588e-12
497.616942411302,3.431981173159668,-8.020882919131812e-13
497.72646683290486,3.4329852329922126,8.369346737767966e-14
497.93151628499464,3.434865608013442,-7.608141189809926e-13
499.8329588860359,3.452339390969021,5.480978153801983e-12
499.9013087013066,3.452968748746812,1.6053626926581978e-11
500.67586449504955,3.460106788753121,5.61694467921441e-12
500.86724397523017,3.46187217889704,1.2309986892888568e-11
502.11260373271216,3.473376545560203,-2.9277816958142707e-12
502.8057093081767,3.4797916810470984,-5.038206346361773e-11
503.0426553237324,3.481986797698899,-1.7507030534431824e-13
503.06275539912895,3.4821730565205518,-1.029838539654771e-11
503.20629000426374,3.483503346783125,1.3100000382521206e-11
505.0255479714323,3.5003972644396595,1.8378601386114134e-12
505.128072686487,3.501351139899146,2.154293745813498e-12
505.3241735217116,3.5031761737201395,6.030898440542016e-11
506.31647419251453,3.51242198949877,-1.2450714619888728e-11
508.44574924950706,3.5323228446207073,-2.5723433195878633e-13
508.6052321317132,3.5338167822931403,3.477179538125419e-11
508.64624201565067,3.5342010134231994,2.3779764476750913e-12
508.6918085533311,3.5346279732354615,-6.943518108709391e-13
509.74448483799637,3.544502229328214,-1.938089512898248e-12
512.840998776521,3.573666313471937,5.988342913871763e-11
514.6482952805502,3.5907697111567405,-1.7316084030961158e-12
514.8789758579909,3.592957092809451,2.8011256261813202e-12
515.9819399522275,3.6034292735409017,1.6727156954432275e-11
518.1818428477764,3.6243833495888698,6.625432434699283e-13
518.3094291364474,3.625601344107731,-3.071470949402423e-12
518.9780425440125,3.6319891232756856,1.35386750028595e-13
519.0600623001674,3.63277328826775,8.224265232616728e-13
519.0777193309946,3.6329421177747045,-2.865834909450918e-13
519.1597390870404,3.63372643336337,-6.668086938638154e-12
520.0768547924756,3.6425048106315594,-9.492010148253699e-12
520.2135543840207,3.643814588028679,5.316793099577335e-12
521.6041571182425,3.6571581106249296,8.745497355877943e-13
522.4654537959348,3.6654405431644266,8.124318297024363e-12
522.7046780734586,3.6677434052094626,1.8516465445071268e-11
523.2365918563645,3.672867583395174,-2.3635288545270754e-11
523.3476602699054,3.6739382159485614,-2.6161147096997276e-11
523.4006313593835,3.674448905351512,5.7692596238164635e-12
523.5116997726872,3.6755198735201815,-7.279387362712774e-12
524.6630781762746,3.68663533413784,2.005401198332793e-12
524.8567359192771,3.688507314067619,-4.62186869930278e-11
525.6713268701928,3.6963890688611047,-1.6897235118557963e-11
526.4663873252213,3.704093639143783,4.440909923054774e-11
526.7397864853448,3.70674571689614,2.2906218741101687e-11
528.6440762377101,3.725256259934013,4.0159680892395335e-11
528.8673522123778,3.727430976903703,-4.519404751681742e-12
529.1130065809634,3.7298247213130393,1.1899526508177362e-12
529.1608514324479,3.7302910680678467,5.1630455748115586e-11
531.8493794782677,3.7565640775724027,1.1092558622010682e-12
531.9405125255759,3.757456987048287,-3.40326704814829e-11
532.0287976650574,3.7583221389935075,-1.4232198369551935e-12
532.1199307121627,3.7592153496625937,-3.2658019016719686e-11
532.3188793842885,3.761165811357615,-6.6457436540798474e-12
535.4871596802054,3.792325395228936,3.047039204148452e-11
535.617024266794,3.7936065397779712,-3.517078804408875e-11
536.5455314110337,3.8027755311809517,5.7572383405790026e-12
536.66856101781,3.803991637885322,-7.370297880542654e-14
537.5139092503395,3.812355163469859,-5.807501519274267e-13
538.7340421010205,3.8244498645138796,-9.334493567948256e-12
539.3855678914828,3.830919416952445,-7.213148960879373e-11
539.433412736957,3.831394817212626,1.071762982343314e-12
539.6042871848568,3.8330930195054953,-1.0092194239585133e-12
539.6521320302065,3.833568612529323,2.4529581105554678e-11
540.7676265702211,3.844668936312954,1.9582262778548358e-13
540.7904098296013,3.844895892153333,-2.6634054522916983e-12
541.9091571300412,3.856052075509984,-6.198068314941601e-11
544.2252539287487,3.8792215380497317,9.61938050153265e-12
544.793051203001,3.8849166748845816,-2.620492004662391e-11
544.8386177196166,3.885373974911322,-1.1857310899746015e-12
544.962216895816,3.8866145938092598,-6.296186043894726e-12
545.007783412343,3.8870720358270843,4.34393460434499e-12
546.2861781770315,3.8999214230089634,2.5085846360319055e-12
547.1782319925549,3.908905457021608,-1.1133868329371673e-12
549.0749520062427,3.9280563828638826,7.286490030819332e-11
549.3363898822499,3.930701282490027,2.2135074431056395e-12
550.4080265283944,3.9415559119373422,2.0919780460544646e-12
550.6335807710341,3.9438432502867573,2.9920640666199617e-12
551.5096862632246,3.952736697564262,1.3468829107257053e-11
551.5780360329422,3.9534311184693305,-3.713511255000566e-11
552.4346110345982,3.962141057687032,-8.559262702001956e-12
553.8850192753296,3.9769201090040305,-6.839107788408798e-13
554.5690110925959,3.9839031448765105,-2.497404411356702e-12
554.605464301889,3.9842755462859585,2.042069499788045e-13
554.9855398050673,3.98815980801878,8.779060107205825e-12
555.7910171632195,3.996400348977838,5.2253678333245314e-14
558.1435668093679,4.020536841800613,8.976746240893092e-12
560.9175311598078,4.049127908195256,2.504332615858081e-12
561.0086641767966,4.0500696150165965,3.52245639071362e-11
561.0815705903244,4.050823090624327,4.1621873488716217e-13
561.1727036071551,4.05176507282231,-3.541612034845311e-11
561.2229914798039,4.052284931067145,1.550191613639217e-12
562.0419740231431,4.060757839995299,-4.308456581500696e-12
562.2008872195785,4.062403332020588,6.689798114350459e-12
563.0952192052971,4.071672510822676,-6.316241241333229e-13
563.30026848871,4.073799791708945,-2.353026374468566e-12
563.3272035252154,4.0740792864145075,-3.397895382022777e-12
565.5521667662427,4.097213037425529,-3.327095024212342e-13
567.6586570424556,4.119199018649982,-8.788653883597698e-12
567.8978811951374,4.12170103110468,-1.1057395772940246e-11
569.92007338812,4.142892979707945,-5.991745400895011e-11
571.0148979198731,4.15439783319122,-2.1711872821828253e-11
571.1515974311283,4.155835876806256,-1.9920545046927768e-11
571.6578797613827,4.161164834637948,2.0953734686556716e-11
571.753569418666,4.162172562382739,2.195682715728788e-11
571.8629290268781,4.163324457766413,4.159531578006313e-12
571.9586186839657,4.164332546943049,7.831373754076366e-12
573.0165851232516,4.175489449827323,3.4324437998003914e-12
573.130501380373,4.176691995948865,-5.9168198348934494e-12
573.2535309379195,4.177991014252359,4.1990896094698176e-13
573.3036540909511,4.1785203238672795,4.972338802400013e-11
574.306206418721,4.189117179088497,-8.361934176126092e-12
574.8876734615262,4.195271697690856,-3.937063938850447e-11
574.9133046189166,4.195543133143664,-5.808078276662284e-11
575.1610724733598,4.198167633087697,5.714122129978399e-11
575.1867036306816,4.198439197623307,-2.4643165639832253e-11
576.4149748352594,4.211467032327578,-6.734295939782247e-13
577.6077672736119,4.2241451542732396,-5.55455191057689e-11
580.2706627350922,4.25254348162664,-9.83404494624441e-13
580.5668449824602,4.255710175896927,3.513442762302062e-11
580.6461814887622,4.256558693098333,3.8435650650453314e-11
582.9622773449047,4.2813808250109116,9.318655483338113e-13
583.5505793140696,4.287701529871091,-5.000128149054305e-12
583.7448065126624,4.289789702962546,-3.5613198341771984e-13
583.8315475725273,4.290722496858361,-6.231724733981014e-12
584.0639367127121,4.2932222405919624,3.783773347974456e-11
584.8591613726505,4.301783772104823,1.1797147742676328e-13
585.96082072094,4.313663681541249,-2.1183521381887567e-13
586.1203034610951,4.315385340159148,-7.331639331751144e-12
586.8037254751895,4.322768368363627,-5.382072523427207e-13
586.9495382650613,4.324344701889737,-7.922105384418739e-12
587.8068472551487,4.333620704716715,6.394775334556742e-11
587.9435467443977,4.335101031868374,2.599129435147377e-11
587.962342924156,4.335304603770869,6.0989558730813975e-12
588.0990424132098,4.3367853224736885,-2.6389618432495698e-11
591.0622716135637,4.368967405214775,3.7898752176278563e-11
591.3014957125498,4.37157254913162,-5.4922642406872064e-11
592.2300023165432,4.381693947010205,3.3626177689307654e-12
592.2863908536151,4.382309134624432,1.4732343866084224e-14
592.4671128016688,4.384281169453939,6.160961282746054e-12
592.672162026812,4.386519391675188,-1.0348801164108024e-11
594.7740951075522,4.409507780185526,1.0558353006053389e-12
596.6755355809184,4.430373535051579,-2.5889875076677995e-12
597.4962265887884,4.439400092541051,-6.459794168375344e-11
597.783295491111,4.442560414347289,-2.381353563364033e-12
598.8549316237771,4.454371393444109,-2.7360082884678187e-12
599.9053285307707,4.465968815211708,4.864530912042577e-12
600.1308826636512,4.4684618068413045,1.1294887538859946e-11
600.1787274796603,4.468990743724865,8.647041016469092e-12
600.8217091471163,4.476103164402865,-2.272578897236628e-11
600.9156900351279,4.4771433834490475,-1.2164488501828256e-12
603.4324427391878,4.505060352658567,-9.444758699350743e-12
605.2883165810135,4.525721294326196,1.2150682255474227e-13
605.4477992939642,4.527499732583858,4.269454343521552e-11
606.1591306663126,4.535437701461184,2.0100363990705625e-11
606.3413966226221,4.537473164285059,2.3606859142635343e-12
606.4161764617653,4.538308448360854,-1.6769514782153444e-12
606.50503111531,4.5393010807627565,6.157823917537364e-11
608.5932939993173,4.562671810426522,-7.784594383412645e-13
608.6958185976994,4.563821280038357,-1.5663849531467076e-12
609.3388002189811,4.57103457798819,-2.220200574527952e-12
609.3644313684268,4.571322279222816,9.134833321086292e-13
609.5939725510007,4.573899343083427,2.975053544702483e-11
609.6196037003925,4.574187164795337,3.8101649241818224e-11
611.8675139485631,4.59947685669046,3.669154544521746e-12
612.8244994434212,4.610271490666452,-7.901212318121362e-12
613.7186662988888,4.6203727863660955,9.96627155949528e-12
613.8502395279559,4.62186039637794,5.233681427867035e-12
615.0038951910382,4.634917661350849,1.7852941780718016e-12
616.2490886819191,4.6490384781240905,1.96817773351042e-12
616.3447783011318,4.6501248049616635,1.1895852899383438e-11
618.4467109637121,4.674029769642658,-2.9507461185490518e-12
619.5472308334621,4.686578277517841,-5.309126220748175e-12
621.5352472345133,4.709302879595619,-6.376726007021231e-12
621.7516880307758,4.711781363900297,-3.3912952886544913e-12
622.2311998264903,4.717275373087616,-9.496377492869305e-12
622.5138767354592,4.720516129812452,7.981547031357427e-12
622.558708924191,4.721030244833214,1.333221576032177e-12
623.3345675689693,4.729933301255228,5.1491143767589883e-11
623.4712670173814,4.731503090206889,-1.8520248685065534e-11
623.6079664656495,4.733073223379355,-6.147410087537453e-11
623.9037437353744,4.736471706417649,8.464963356899995e-12
625.4609921012058,4.754391079325014,1.784304487256188e-11
625.6045265196975,4.756044989003287,-3.49958308476947e-11
625.6432580294222,4.756491347110561,4.400039664764474e-13
625.7867924477147,4.758145738697962,-4.195279005046732e-12
628.1076087797128,4.784948368952131,-9.22494619697381e-12
628.2078550382545,4.786108327736262,-9.456128389118859e-12
629.0247234824578,4.79556728854016,6.741292787608352e-12
629.8197831300555,4.804785517290583,7.2314082732917e-12
630.0385022366985,4.80732347335638,4.50275998724167e-12
630.8439790496656,4.816677601901616,4.456856378937597e-13
630.9208724850492,4.8175712023328785,2.5109123263804877e-12
631.0900380427385,4.819537506657573,-2.7955393778762315e-12
631.1669314779816,4.8204314556123995,5.9813220409397354e-12
631.4091681167874,4.823248366287959,-1.0025264839281571e-12
632.0430363279661,4.83062457963731,-2.169454881996415e-12
632.1204993436645,4.831526510689992,-4.3057008129276295e-14
633.3060513801647,4.845344130639271,4.3031395031232337e-14
634.3564479988706,4.857608144652735,2.7432194664041286e-13
634.6640217321893,4.861203100423966,6.441535207058843e-12
635.5082300246146,4.871079255820115,1.4415146258726557e-11
638.3801604171234,4.904775459088835,-2.8981554243696454e-11
638.6991257609018,4.9085272362863055,-4.4925957794818314e-12
639.4835280272209,4.917761609847833,-3.359888359933995e-11
639.7483831767146,4.920882175944774,5.908727325179215e-11
641.0677866736702,4.936446852945062,-1.3349466355494466e-11
642.0327460902417,4.947850543234402,-4.387792210566956e-11
642.7867958341603,4.956773685359755,-1.031530044280374e-11
642.9029903487042,4.958149619034111,-1.530581603199476e-12
643.1287091193902,4.960823210399997,3.0801605519544884e-12
643.2722435193508,4.962523833332498,-1.7617903819895454e-12
644.2713777778591,4.974372281746802,3.985720168768571e-12
645.2420329822035,4.985900615219894,-3.818604595165573e-11
648.0695358647464,5.019581376466643,2.927621800291492e-11
648.3248728358185,5.02263015958893,8.826818486104792e-13
648.3522127205526,5.022956675384398,-6.362104797765059e-12
648.3833749584973,5.023328857713378,-4.0540399649184357e-13
648.5299219711994,5.02507936367022,4.5779430523718115e-12
648.6256115676122,5.026222590624842,-9.302720356933356e-12
651.554664501707,5.061298300873644,-1.6584988634189474e-12
652.4283261886691,5.071791088849434,-2.9070029929928568e-11
652.6350840610954,5.07427633464765,-2.984735414831395e-11
652.7565695093242,5.075736966516175,-6.087364292145569e-13
653.7613995121496,5.087828563432167,3.4064937087210607e-13
653.7864610722354,5.088130378819085,8.421136632555155e-13
654.0325200255821,5.0910942715975125,-1.6078849123263983e-12
656.9376504557516,5.1261722151957745,-4.142617394062625e-14
657.7856809711454,5.136441058580238,-8.098421985341399e-13
657.8358040899793,5.1370484165346575,-4.649588348392743e-11
657.990730093543,5.138925997345085,1.8468518854784665e-12
658.0408532123093,5.139533544620945,-3.2006423755184264e-11
658.2363841724584,5.141904037111851,2.4764344346897334e-12
659.9121049854715,5.162248286923576,1.006209456139901e-12
660.219678664703,5.165988033171223,6.486460998047863e-12
661.1322365151083,5.177093954278588,2.4936469851914987e-11
661.1521718460307,5.177336740483366,-1.336126789040759e-12
664.4738304722486,5.2178924208267325,2.6938153408458947e-12
664.5011703540711,5.218227069513112,4.151385400153108e-12
664.5763550290577,5.219147424396187,-1.4919975274435512e-11
664.7403943198135,5.221155832845655,3.7307777055025736e-11
665.4175505322426,5.229451814060255,2.257819328908494e-11
665.4773565233647,5.230184915605982,-1.2859626423867226e-12
666.9448508173957,5.2481940966385725,2.0251610215808308e-12
667.9941080348624,5.261094968243615,5.711699195047954e-12
672.2480949205559,5.313606551904911,-3.2552812076129314e-12
673.9078673219165,5.334185330656743,-2.3336117034992675e-11
674.0081135493576,5.335429864010219,-9.847212206762528e-13
674.1077901959004,5.336667509691072,-5.4175914141412247e-14
674.1632042503804,5.3373556433464895,-2.721203845256935e-12
674.2080364232197,5.337912412221366,-1.0465406295035026e-11
674.5049527522391,5.341600738242841,2.4386764799873085e-11
674.9565549134419,5.347213701416132,-4.607525019272678e-12
675.3119733536483,5.351633838941927,-9.587180606600095e-12
676.3699389427992,5.364804929160899,-1.369399264108608e-12
676.6570076805741,5.368382333469979,-6.087144971588944e-11
677.1900598941288,5.375029170639289,-3.6313900375999773e-12
677.3837173750607,5.37744525793833,3.534541101463033e-11
678.1863460291576,5.387466286718212,8.657224282019238e-12
678.2410257881758,5.3881494095752345,-6.410951295790311e-12
678.4853759610708,5.391202787821127,-4.84418792568603e-12
678.5400557199916,5.391886211871357,3.0168199629058123e-11
679.7136461947567,5.406567803955106,-3.1655325499304114e-12
680.7013886025856,5.418944103246115,-1.5593857376179947e-11
680.769738300334,5.419801181969374,2.720966706818594e-11
680.9611174538824,5.422201460208168,6.799889909559575e-11
682.0092354203323,5.4353589261591555,-1.7067098333291028e-13
682.8033203403066,5.445340881853104,1.00061849569735e-13
682.9628029663709,5.447347041056233,-9.002123961969196e-12
683.5693310838699,5.454980941069284,2.162411234550145e-13
683.9201928594448,5.459400060560263,-4.301160799258753e-11
686.0057714277855,5.485714815643588,-9.352644824155299e-14
686.1310792030864,5.487298436189791,6.335307964333096e-12
686.9039249013804,5.4970719354235715,4.812419044718433e-11
687.043472195874,5.49883783989651,-5.401085344084883e-13
687.417281909356,5.503569991025236,-4.632099123741753e-11
689.5146569189312,5.530168925699499,1.4361704706370075e-11
690.0568223849698,5.537057855171799,1.5227224626870826e-11
690.3484477460437,5.5407655807092375,1.005906717934261e-11
690.5172083709583,5.542911919295243,5.76013497335466e-12
690.5650531566677,5.5435205163426655,-5.0393452784724226e-11
691.1055098771367,5.550398182740759,-1.4061487012676514e-11
691.4523845720828,5.554815225718425,3.230619169844759e-11
695.7976685061766,5.6103351148203515,-1.4242931818869038e-12
696.0255008122297,5.613255734772917,1.2669008045980672e-11
698.8131321571791,5.649068263427408,1.7990182642860731e-12
699.2256733373473,5.654380314146655,-1.5837026539509247e-12
700.0015315959616,5.664379077915125,2.1690750328162576e-12
700.794882141297,5.674614737312611,1.4204451145710276e-11
700.8495618932794,5.67532063226418,2.5771807341629746e-11
700.9452514592101,5.676556080954439,-1.608820507988156e-11
700.9862612731652,5.67708561059767,3.904983254584029e-12
701.0819508390249,5.678321300242491,3.211055594203477e-11
701.131669077437,5.678963404565385,-1.7106351888035604e-13
701.1366305909228,5.679027484339542,2.915253691635407e-12
702.1262463345502,5.691817801447579,6.676525390332877e-12
702.3768618625357,5.695059751807857,8.73878917756961e-13
703.2586621260314,5.70647587452717,7.92119141478056e-13
704.1049836662446,5.717446146708637,6.724432329638622e-11
704.2844015991833,5.719773510493411,-2.3350665540997697e-11
705.3560369521025,5.73368683973707,-1.2544733966351626e-11
706.785773866217,5.752282436586869,1.1562273395090446e-11
707.3826190310616,5.760056328291668,1.0248294737077388e-11
707.4646386561432,5.761125144465565,-1.618044633681765e-12
708.3589696717927,5.772787415282982,3.670254181282356e-13
708.6409121314161,5.776467060764187,-5.44879843882077e-12
709.7695055319817,5.791211053178301,1.6139956865056475e-11
710.739021191885,5.8038955824004965,-3.133437591819194e-13
712.6374475531129,5.828783537673379,4.881999899354065e-13
712.972930593524,5.8331885497012195,-4.664402571740139e-11
713.1872576548425,5.836003825831622,-4.013666212362006e-11
716.1504843163646,5.8750137776667675,-1.41535915740267e-12
718.125234438641,5.9011005576652344,4.594038201727158e-12
718.2482638694448,5.90272817414467,-1.9117475795527422e-14
718.275198875488,5.903084547709266,2.0375767351760892e-11
718.4506297303676,5.905405977530206,1.9630153418571993e-12
718.541762641932,5.906612138843046,4.115812554448892e-11
718.5941640660628,5.907305750872368,9.723639025704294e-13
719.5477314228159,5.919936490824737,9.25162782681865e-12
719.6981007260481,5.921929777886657,-1.456289474378737e-11
721.6587760091948,5.9479585018992065,-4.514254136249732e-12
724.9500810161134,5.991811059761,-1.1326793968587897e-11
725.6112887424375,6.000644903386998,3.2193787824228765e-12
725.8305773030438,6.003576412866131,-3.802548874610998e-11
725.8671951795759,6.004066016966664,-3.1842914008986998e-12
726.6332057470524,6.0143137240201625,-1.1322382750903472e-11
726.9612842152274,6.018706071364983,7.525652741168493e-11
727.9645697642405,6.032150461243354,-2.0582926956258115e-11
728.0465893808042,6.033250373694116,3.1676706034145183e-12
728.8143086821954,6.0435517731130854,2.905480928817627e-12
729.0854290801568,6.047192310799474,-8.246779585001591e-13
729.1721700548464,6.048357333066791,1.482304999594485e-11
729.4113939350074,6.051571078893701,-1.816786832962232e-11
729.8339473483102,6.0572502585793675,1.4129599806805353e-11
730.218414297213,6.062420408329006,7.142342705914197e-12
731.5634482272965,6.080529284084088,4.534855024697579e-11
733.063737513925,6.10076775882632,-2.6548549378444104e-11
733.173097000002,6.1022446084145265,-6.959921094798823e-11
733.3371362290121,6.1044602958618075,6.828856583866654e-12
733.4464957149481,6.105937696203307,-2.2474970844976926e-11
734.4526291361273,6.119540469712746,-3.411473171581622e-14
734.6576781711324,6.12231498943042,2.0326229720497707e-12
734.7624810111696,6.123733376375753,1.2272914176073596e-12
735.8675567458937,6.138701630748772,-5.065841543734233e-11
738.446721013871,6.173723938085514,-6.631325755586343e-13
738.6261389161666,6.17616480091117,-1.160667761460044e-12
738.6472133999184,6.176451544349623,-5.257833202796064e-12
738.8266313020479,6.178893069800335,3.204316227800645e-11
739.0119097236607,6.1814149677630255,5.421453890607269e-11
739.8071335692267,6.192246255891302,-7.074249669549392e-13
740.1147071139972,6.19643866289152,2.44494613722765e-12
740.9908114058211,6.208390027281256,1.5407543610176715e-12
742.3237193617074,6.226599991455586,3.450861265894045e-11
742.7821563292581,6.232870643858627,7.388050200593651e-12
742.9103119712206,6.23462429148684,-7.302469363232481e-12
742.9735354212278,6.2354895357582425,4.913387882795758e-12
743.1016910630786,6.237243635176263,-7.233452522933951e-11
745.982897689004,6.276759314628357,4.312143934102442e-11
746.3588208997796,6.281926369829868,-2.406774386416651e-11
748.6705223092425,6.3137578720376695,-1.1048875645279699e-11
750.6289190031432,6.3408014859115145,-3.97777206098801e-13
750.9319358880414,6.344992175056262,-9.43826531860594e-12
751.4228389326479,6.351784898093467,-1.1679929469973615e-11
751.4997323148634,6.352849289233827,-4.781153039100711e-11
751.6051047274871,6.354308076206308,-5.709716317009075e-13
751.6819981096411,6.355372725512275,5.466521010273883e-12
751.9789143196648,6.359484786041552,1.1388367840392314e-11
752.5262058420498,6.367068606992174,-5.961486581428101e-11
752.731254860242,6.369911392957041,2.5121223969315504e-11
753.8028899627662,6.384781071850206,1.640666762865226e-11
754.9079656025078,6.400136916175855,-2.700621684427355e-13
755.6722673260622,6.410770614034828,-4.355984839002861e-11
756.043064295423,6.415933373285602,-2.17183022439549e-12
757.1146993825647,6.4308684279041355,-3.278601072102203e-12
758.0796581807613,6.444334867725347,-1.5646411211288726e-11
758.2847071940272,6.4471986298022586,-5.737131231254005e-12
759.3396597205658,6.461944584235727,-3.256763267737971e-13
761.0842988912939,6.4863758520030075,1.7807586001318321e-13
761.309447935616,6.489532838899807,2.9398532901793495e-11
761.394150729534,6.490720763264406,3.918217089603196e-11
761.5350018471016,6.492696439051734,1.1640721175782069e-11
761.6922060883132,6.494901926686456,-8.613758603860032e-12
763.7873020111845,6.524338413043241,-6.832888569127135e-12
764.3943994665526,6.5328833544225695,-6.644085604365261e-12
764.5419208360671,6.53496075387635,2.417114586450329e-13
764.6998593690761,6.537185292418245,-1.0562228764929766e-11
766.6924307626832,6.565289803038178,7.343197296688402e-13
766.9886126599471,6.569473586900665,-4.4278917439669336e-11
767.5148296663053,6.576910769193461,-1.4971301287619215e-12
767.8793612308796,6.582065793445144,3.474924931287629e-11
769.0905435034658,6.599211309031295,-3.9969700554522064e-12
769.9518385905602,6.611420256625735,-1.0705631890102787e-11
771.3474002415529,6.6312314971553565,-6.992242542178035e-12
774.2286065197063,6.672246278411876,-4.7750513293225745e-11
774.3653058527506,6.674196031529162,-1.6035086614546663e-11
774.604529685398,6.677608927765732,1.0849183241232369e-11
776.1845599674973,6.700176966964044,-1.4590399869319523e-12
776.4306187649977,6.703695635883671,-6.473479462666763e-12
777.5164932754132,6.7192370864874515,1.085639995552869e-12
777.5438331416694,6.7196286654102,7.365839715860284e-12
778.4602127991199,6.732761601830315,3.3921798195026385e-12
780.591192153122,6.763361174187041,-5.268291352965151e-13
780.6344802741679,6.763983632253668,-6.615587110337861e-12
780.9513317674204,6.768540823901315,-2.569942354360346e-11
781.5105844154631,6.776588920301359,3.472157979729937e-11
781.5396330229032,6.777007110576092,1.4097001365862524e-12
781.5943127545462,6.777794334436756,6.170253455880301e-11
781.7839830735932,6.780525444064134,-7.346648622896022e-12
781.8386628051841,6.781312914042674,5.930235539120196e-12
781.8677114125873,6.781731279870023,-5.606520780017645e-11
783.9179750157451,6.811298990600868,4.823597991170519e-11
786.4710134953925,6.848225672221259,-2.4237793531743165e-12
786.8633790373409,6.8539114198171,-1.5188726251154994e-11
787.0274182288598,6.856289343412088,3.406830270449724e-11
787.1139944687865,6.857544558482074,1.7338231600874348e-12
787.278033660148,6.85992323936283,9.528615100478339e-13
788.2539790837324,6.874085365032117,-2.5804023498444537e-13
788.3359986790691,6.875276365861062,-3.129819876918359e-13
788.6230672625468,6.879445844628355,6.049959860621906e-12
789.6119483199165,6.893820300450567,9.229509415496593e-12
789.6689063719431,6.894648795997568,-9.143171817134421e-13
790.0931684181962,6.900821870889114,2.8538573162985586e-11
790.5061142943575,6.906833478062197,-2.998390568997987e-12
792.8679383707929,6.941276936272384,-1.7581533253124216e-11
792.927174744174,6.942142125726459,-6.7583494265976725e-12
795.476150632215,6.979432968190082,7.128395163082404e-13
795.7605360186485,6.983600872493698,1.657846190819684e-12
795.8862485975292,6.985443769700996,4.274884444475428e-12
797.1173660556594,7.0035068549354165,1.1886643226438597e-11
797.6595312543159,7.011470414864188,-2.2656421821430322e-11
797.7688907109128,7.013077390706947,6.914694261253383e-11
797.8987550655651,7.014985960653771,7.219064817985025e-12
798.0081145220664,7.016593418405664,5.3888331369744803e-11
799.1737302130954,7.033740311099223,9.518247334040357e-13
799.3833358370391,7.0368263880834,4.6038002704151095e-12
800.2719706872491,7.049918973993966,-7.218653937501517e-12
802.2782117375983,7.079531157387459,1.3561654986856112e-13
802.3807362264349,7.081046413466018,-7.62000860515657e-13
803.0123255519785,7.0903852299914085,-4.635371806042594e-11
803.0994713672615,7.091674363773304,2.7017766303089472e-11
803.331290627391,7.095104309178669,4.276648120614672e-12
803.4184364425738,7.096393954989011,-3.210881763027423e-12
804.1481583232026,7.107198389009243,-5.666941334058202e-12
804.435226889919,7.111451482208247,-3.9309576174526397e-11
805.675457597614,7.12984369115309,4.107745113754068e-12
806.6119371884122,7.143750146819773,-7.623783688163193e-12
806.8853358209836,7.147813085369354,-8.48419220354186e-12
807.9915503914492,7.164266440550913,-1.2591604287485989e-12
808.7093110701047,7.174954159192145,-2.0427208383605284e-12
809.7562892636922,7.190561064287463,-3.844891515787238e-11
809.8929885784931,7.192600279204756,1.1425863067776547e-11
812.7016930062014,7.234575381873068,4.6824978382779015e-11
812.8156091007016,7.23628088438636,5.8902487133963935e-12
812.9887615642559,7.238873706020236,-2.6003885301154975e-13
813.1026776586425,7.240579810919936,-2.8974416919543223e-13
815.3841906969056,7.2748000386926766,5.053556875289321e-11
815.9616698492586,7.283476807696179,-5.460926764868475e-13
816.1851101050966,7.286835701803975,1.9566265013301118e-11
816.3005702264517,7.288571731181419,-2.919022301618363e-11
816.5405283155176,7.292180466231768,4.913506808976985e-11
817.5886456415935,7.307955560520462,-7.538059937657782e-12
818.7518182170202,7.325486028264651,-1.1491625663259208e-12
819.4148991448387,7.335490641743593,-3.676366630660132e-11
820.4252594373039,7.350750604292141,1.5397153023335409e-12
820.4474730751474,7.351086318920313,4.268154685548107e-12
821.7104869321365,7.370189193539071,3.2572940216677567e-12
824.5442527862094,7.4131563567236025,1.6093505540097452e-12
824.7082919556738,7.415648140791324,2.4578209232137506e-12
824.7749328682429,7.41666056965653,-2.3344890447161733e-12
824.7978807993796,7.417009220490565,-9.18286707266891e-13
824.9389720375814,7.419153050771381,4.635900826357535e-12
825.9052344628168,7.4338449134878335,2.5088566807889484e-11
826.253817696248,7.439149286152393,5.209131294419815e-12
828.9098744099373,7.479639864042376,-7.079057730811227e-13
829.1838426021653,7.483823798742202,4.655055652428598e-11
829.1931206023855,7.483965512924362,-2.5112781069252622e-12
829.3981695610588,7.487097879842054,2.7648033070725837e-11
831.3178341842029,7.516460608537182,8.21165855223462e-12
831.6641390897086,7.521764832644184,1.4473903893214363e-12
832.167572754101,7.5294796798783,-2.7963891431901306e-11
832.3340549543678,7.532031956316299,5.971329903096435e-11
832.3840133194918,7.532797948946175,-1.2506958964843107e-12
833.2965704472983,7.546797930550397,-4.927090463820719e-11
833.4076386317842,7.548502928594729,-2.192153250069813e-11
836.4169998622766,7.594785860920124,-4.323025926229696e-12
836.7450781884406,7.59984167661055,-4.4179485924504746e-12
837.8332307876418,7.616624728805849,-7.277815689504813e-13
838.5400046534581,7.62753729474011,-3.732419378879343e-11
838.9273193414234,7.633521324104866,-7.47966248641932e-12
841.1609874302507,7.668085517698131,1.197617442483265e-12
842.0234214558618,7.681455574800767,-6.032037388730612e-11
842.214800476115,7.68442432410998,2.2270293750920393e-12
842.3651697062344,7.686757386156549,-6.636904889031404e-11
844.2073713139074,7.715373974909033,6.047150669636545e-13
844.4124202627818,7.7185630526223274,-2.5472965818652343e-12
845.6838130151144,7.738354011902469,8.949143222841315e-12
846.0448515546224,7.743979496653031,9.400417301997436e-12
846.1900945592641,7.746243262815163,-6.130150017346617e-11
846.3455900112203,7.748667254942081,-7.766433906102333e-12
846.4908330157281,7.750931825720352,-3.51818078802274e-12
846.7285127596447,7.754638471392983,-1.2197908331262527e-13
847.5738593581486,7.767830190899343,8.243062605928187e-13
847.7173936208861,7.770071364943787,2.0235854266886513e-12
847.7743516616375,7.770960824901907,1.3098011019730265e-11
847.8358663456378,7.771921508779734,-2.2337823091201927e-11
849.274640282731,7.794410934430303,-1.7662736893158124e-11
849.7189129982177,7.801363051124971,1.1070737081273186e-11
851.9690988442625,7.836630496954367,-5.193611307569906e-11
852.1399729642801,7.839312438818174,2.4953355276183858e-11
853.8659801159599,7.866433008832516,-2.07318009331726e-12
854.6576214258542,7.878890342906692,-4.4118166231612316e-13
854.6889483476112,7.879383543428256,2.4354662381593294e-11
855.0677193104422,7.885348216765827,7.189242515316166e-12
855.0990462321608,7.885841653939195,-1.578383948019902e-11
855.8247809266389,7.897277919723987,1.310863415389495e-11
856.0795480756454,7.901294889807147,1.0257877255924448e-12
856.084509586033,7.901373130909546,-3.0753203623290374e-11
857.2381638656267,7.919578124220905,-2.320995839233443e-12
858.2612195189563,7.93574274445521,2.5992187992379983e-12
858.5961327878273,7.941038674585627,-1.6998269573313805e-11
859.0255209598889,7.94783154396738,1.7378392026588588e-11
859.3416380752124,7.952834649390228,2.9285109433315853e-11
862.1937948811749,7.998058240353613,2.868865447376187e-11
862.4125137481602,8.001532417010578,1.9373201289495913e-12
862.6312326150066,8.005007474872807,1.1855298910255004e-11
863.388863794751,8.017051713944644,-2.669487859312819e-12
863.5887865084171,8.020231695019016,-4.4269071325165966e-14
863.8310228832559,8.024085705879276,-5.436729349943971e-11
863.9449389592871,8.025898498498439,-1.1318758781766042e-12
864.5423533365196,8.035409309271403,-7.183243018306734e-12
864.5879197668428,8.036134994698157,1.5061328457036443e-12
864.6626995096315,8.03732601067386,4.787096392464594e-12
867.2043456953321,8.077868024933819,4.649103477500611e-12
867.8617307193556,8.088373398608637,4.808135934405775e-11
870.3418622019183,8.12807893145368,5.4205867029609225e-11
870.9774384529317,8.138272394544227,-3.5545936404852223e-12
871.0685713118992,8.139734606383781,2.951600911552691e-11
871.2077136349236,8.141967417342608,7.57422794629886e-12
871.4469373895078,8.145807064457024,-3.6604959568797476e-11
871.8831605100885,8.152811352351039,-2.8980313985854265e-11
872.3154720085047,8.159756290919496,1.0698004984508168e-12
872.9910835947093,8.170616657602276,5.870254831602019e-13
873.3601716712935,8.176553250883607,-3.894266077878459e-12
876.4426035417669,8.226230583349103,-1.4374950481480246e-11
877.9646115324675,8.250824234998408,4.242965502636137e-12
879.672391984719,8.278470527934076,2.7009541133916563e-11
879.9981919475474,8.283750821695332,4.706805576694463e-12
881.7177688645362,8.311652683005908,4.368057479852111e-11
881.8544681489113,8.313873103230334,2.3583665646716554e-11
882.9944524157565,8.332403387050524,-1.8995002468344628e-11
883.313417411448,8.337592404231863,6.949497601150082e-13
883.7257181431077,8.344302611787507,-9.96038275416407e-13
883.7872328207479,8.345304033577873,2.1708813157867324e-12
884.0106730304203,8.348942091634802,-3.1373887100907445e-11
884.0902495660117,8.35023798050154,-3.467952343657239e-11
884.1517642435913,8.351239815356871,-1.711678125115056e-11
884.2020520273423,8.35205885955857,2.8021200937758127e-12
884.8928775476904,8.363315147411114,-1.3567671861483126e-11
885.0553726596237,8.365964114423296,6.746470557471693e-13
885.1372275163768,8.367298682259184,8.993697837061131e-12
885.3014313692416,8.369976246549442,4.226112713178865e-13
887.2712187454341,8.402134990213677,-1.9243931682619834e-11
887.4079180277636,8.404369394512795,-2.409121788606515e-12
889.4825081754179,8.438321650645616,2.4812643419166e-13
890.7060560155196,8.458383115512904,3.2206619581354436e-11
890.8769301168669,8.461186986198957,-5.344087694299562e-12
892.5915454738658,8.489351861088181,-4.387016976282488e-11
893.4464101150023,8.503414399384956,4.647059475000778e-12
893.8046761448275,8.509311884871474,-5.89397996188797e-13
894.9190292605159,8.527670578497874,-1.6744555435771034e-13
896.7633442012999,8.558105471946519,2.77821027703944e-11
896.9456099065177,8.561116623513934,-1.32215847806925e-12
897.2715745675129,8.566503303940781,4.944401232776062e-11
897.7214675855924,8.573941158860116,2.3100195701862852e-11
898.1401091261016,8.580865697746459,2.761657488224418e-11
900.4159257830197,8.61856531358969,5.587398899498057e-11
900.4706054940812,8.619472273814033,-1.455150670691616e-11
902.2809103024317,8.649530493508703,4.4316164743394445e-11
902.3128068004003,8.650060642725238,-7.562111441764878e-13
904.8339478368023,8.692023615148466,1.7474036327485795e-12
905.941301244121,8.710491896238944,4.503737761577416e-13
906.529602268801,8.72031268406076,-9.038184203261656e-12
906.5529550617068,8.720702654859348,6.836348342980533e-13
906.7353854755149,8.723749425712784,-5.397037700266542e-12
907.0497938089925,8.729001798922832,-8.186218797122603e-13
907.3783662091334,8.734492736894762,-2.368942132225321e-12
907.8568136722547,8.742491868387075,3.2182518913438676e-13
909.2018467740872,8.765001977523728,2.0433497669593966e-12
910.6081543907541,8.788573197257481,4.451078796846191e-12
910.7021351417302,8.790149713800087,-4.019923623381822e-11
910.8114945610199,8.791984410588308,1.0388669919984857e-11
910.8815529389874,8.79315987898941,-1.9042709444040033e-11
910.9909123582294,8.794994937209488,2.2910698978713413e-11
911.0848931091166,8.796572116377142,-1.0126943369034189e-12
912.0329287264159,8.812491090268395,-2.403920884245839e-12
912.0625469023794,8.812988691624367,1.966016233688573e-11
913.5059526698866,8.837258271009434,-2.2826050172809154e-12
913.8704086239677,8.843392341074539,-1.5073259073178798e-11
914.1234669921898,8.847652944573401,1.5231232376685154e-12
914.2805064429648,8.850297523933698,-2.6544269259785224e-11
914.4310403562863,8.852832975033785,-9.255490014305544e-12
915.9911346363413,8.879134310042945,1.1117948955240256e-13
916.0549276301048,8.880210738207655,-1.8680983924686565e-11
916.1141639814483,8.88121034576938,-1.2951956453404612e-12
916.3419961019202,8.885055592623948,3.183366783102044e-13
916.4012324532223,8.886055513426601,3.906920861809214e-12
916.4650254469228,8.887132423500445,1.4438246102775546e-12
919.3986318025138,8.936736565549896,3.1512832207998843e-12
919.5153957633464,8.938714199569542,-3.175394601982184e-11
919.9621114288158,8.946282551947775,1.5549143016114092e-12
922.7681317743702,8.993906814002742,-5.98637943845627e-12
922.8569862999507,8.995417237469761,-2.582319886993994e-12
923.1577246940852,9.00053051910576,4.179134508016355e-12
923.5273068623222,9.00681659352257,-7.229650769661025e-12
923.9972106023171,9.01481263046676,-1.0844616764839192e-12
925.2482629039142,9.036120778760141,-4.0382586202310484e-11
928.1192153669109,9.085128354479375,-3.532438409656437e-11
928.3424908386015,9.088946062328777,9.888020610390756e-13
928.5065299605858,9.09175149408738,-4.88345926277633e-12
928.5703229524521,9.09284262919049,-4.252759882751004e-13
929.3951644757741,9.106957725253547,-3.031232231207459e-12
931.5950620689766,9.144664747478723,-5.343260687173042e-12
932.1725410320763,9.154577713245,-3.633137281190608e-13
932.2910137302426,9.156612167166656,-1.9796208965884326e-11
932.454483270448,9.159419746831578,4.014882564378491e-12
932.5729559685374,9.161454816047923,1.4378482900267547e-11
932.7513993090085,9.164520521212392,-3.384639130904907e-11
933.2166709557505,9.172516773276339,7.303148270524256e-12
933.681448462642,9.180508514269789,-9.785981465727316e-14
934.753082949087,9.198950184269838,4.893768674484607e-13
938.8521396874074,9.26968572831031,1.3977308530350713e-12
938.947829172935,9.271340694886506,4.451452602399202e-11
939.1528780704244,9.27488761979982,-3.4648547818864545e-11
939.330587114839,9.277962247873228,-3.8812447569633297e-13
939.7702276424818,9.28557117599107,4.160690400601623e-11
940.0436261719411,9.290304723062981,-6.700172413911901e-12
940.8166358692183,9.303695850810305,-2.333597664240814e-12
941.1498403261932,9.30947146753007,-4.62658587569534e-12
942.0819276291743,9.325638713420824,-2.626239710478441e-12
942.5262002371633,9.333350345070713,-2.565906022510229e-12
943.2838312629891,9.346509602194285,1.87679565683461e-12
944.2681552327354,9.36362207073229,2.3049739092362737e-11
944.4162461013947,9.366198174507693,-3.893627253852384e-13
945.0592267780486,9.377387782192773,2.510053205451403e-13
945.3766476976369,9.38291457489867,2.4064987266037885e-11
945.5177388896686,9.385371788187134,1.5657541148942909e-12
947.4649074805366,9.419320700785947,-6.559847244154991e-14
949.4886399716554,9.454678520772962,1.3479451480796503e-11
949.6988150866749,9.458354938120575,9.507568515562112e-12
950.6700386966639,9.4753543076764,-3.1893606234255053e-12
951.0159386251423,9.481412805501758,9.511982554911466e-12
952.2429037665778,9.502921089415564,4.888492604131454e-13
952.6278645773584,9.509675037494297,-2.876092601362659e-12
952.7987386534545,9.512673813891078,1.3071343393404992e-11
952.8465833947502,9.513513567664004,-8.643493160988791e-12
953.0174574707661,9.516513032502402,2.176185333741764e-12
954.3311635182771,9.539591340171652,6.596310287393372e-12
955.0010791659525,9.551372208677094,4.265660884917158e-12
955.377002131366,9.55798666060598,1.0840654344696339e-11
958.3846536603868,9.611000718210382,1.8400379815376813e-12
959.0549741694172,9.622838760468984,-5.82133246371279e-12
959.2326832061177,9.625978538347004,-9.209945816802319e-12
959.3283726873905,9.627669428928199,2.0486532519298605e-11
959.5060817239887,9.63081010178032,-2.5262197151646678e-12
962.570286383791,9.685055648146381,5.555722657653797e-13
964.0467276402763,9.711254800689012,-6.4517917349098205e-12
964.6904425832097,9.722689962674243,-4.3090255585701975e-12
967.1842434084341,9.76706271790745,6.655569132673013e-11
967.3072727394546,9.769254771520965,-4.119782738681282e-14
967.7315345742697,9.77681612124138,4.3212304123706054e-11
968.0159198248747,9.781886395425062,-4.6073287691168674e-11
968.0504995061215,9.78250301444688,3.0565082167461552e-12
969.9718721802486,9.816799220196367,-1.428172861295403e-12
970.1154063989485,9.81936401365651,-5.4057865581847015e-12
970.1383543213672,9.819774102152946,3.0061575594260486e-12
970.5689569771938,9.827470941576419,1.1944858622370157e-12
970.8639240965315,9.832745324633816,-3.882590806082832e-13
970.9915100684791,9.835027218816434,3.971870993662342e-12
971.2483907529695,9.839622477894848,-2.371559666048931e-13
971.375976724817,9.841905275657075,-4.69588756211635e-13
972.7210096345791,9.865989159154404,-2.9815380328377967e-12
973.5355986347557,9.880591225638597,-1.069649436823147e-12
974.0937118178404,9.89060284346217,7.29511958040696e-13
974.6040557020918,9.899762582112773,1.4776650474079834e-12
974.6361169079437,9.900338182246166,-1.2501850143211526e-11
975.2039129536491,9.910535055610634,3.798513969602301e-12
975.2363790265856,9.911118283253778,1.1561765007098905e-11
975.6140107169048,9.917903567994308,-1.4425191776659306e-11
975.6464767898151,9.918487040894785,2.4281298050851174e-12
976.5329976067068,9.934426895665924,-1.4809889284859307e-13
976.6583052562922,9.93668112473446,-1.9532312747290248e-11
976.7403248087312,9.938156776745238,6.157487384346391e-13
977.0251149212619,9.943281530594293,3.3306451033640843e-12
979.4766913066892,9.987459053690364,1.8221819752358195e-14
979.9841872843407,9.996617986678807,-2.1067451242705048e-12
980.0418795998153,9.9976594776201,5.748385662486332e-12
982.3078482601571,10.038614388808234,-5.3874246574976684e-12
983.0256086076892,10.051606848844436,4.3980635588801465e-12
983.481272781988,10.05985992846391,-2.2688405477470885e-12
984.2502953473793,10.073797291627196,1.137951704084496e-12
984.5236938513516,10.078754848176825,-3.822851045563186e-13
985.0163052974341,10.087690885704596,-9.6048103945358e-12
985.2076842499439,10.091163731149713,-2.8870775953681988e-11
987.0128624946832,10.123954473589809,-1.1849071029256332e-12
987.5163714033459,10.133111330064944,1.5823832593976024e-12
987.6577920092849,10.135684057453057,2.5215035442192255e-11
987.7193066722837,10.136803248799799,1.8030776102025685e-11
989.7528865727741,10.173841229925772,-5.898560645111015e-12
990.5287440913293,10.187992147849245,3.4347189624389663e-12
992.0894831361247,10.216492161614987,6.20537855243015e-13
993.5060429431055,10.242398222431955,9.155628638929168e-14
993.9389238999397,10.250322127659873,-1.3152671927145943e-12
996.0655100625871,10.289299513458795,1.327471959023121e-13
996.7022252891768,10.300985828740487,1.1969527037613367e-12
996.7996235039064,10.302774140857943,-4.472545035780632e-11
996.939170653634,10.305336646969524,4.612562812623628e-12
996.9636626023581,10.30578642994387,4.032444199181458e-11
997.0532514072975,10.30743177981405,-5.56663875141078e-11
997.1032097520427,10.308349357725941,-8.938670040238133e-13
997.200607966699,10.310138389264878,1.427913000996602e-13
999.2372004446188,10.347586990549674,-4.3982385117730944e-12
999.9980841509537,10.361597627263379,1.4442757088543403e-12
1000.3626154785944,10.368313753504733,1.708233927345928e-11
1001.2199229499556,10.384118436605663,-1.1588226702661435e-11
1001.2933987955361,10.385473612558684,9.298837114959075e-12
1002.8497458802093,10.414201975183184,5.663283787387527e-13
1003.4137195467468,10.424623288921076,1.3151048107201945e-11
1003.7691375889484,10.431193844441813,-6.840005915362562e-11
1003.8921669111947,10.433468809654453,2.3471538502257033e-13
1004.3659821927474,10.442232848250367,-4.1336304350202385e-11
1004.6052058746046,10.446659277821826,-7.082988012524805e-12
1005.6341216906652,10.465709642257814,-1.7680015842644582e-11
1006.6435070651424,10.484417350437319,-2.470990869975675e-11
1006.6776818766998,10.485051066729866,-2.2412094261770776e-12
1008.5447795761562,10.519706052030921,4.113861469122869e-14
1009.0368968606746,10.528850877556227,-2.2846558239772825e-12
1009.805919389035,10.543150258935524,4.1739769737249675e-12
1009.928379129735,10.545428308957211,3.4876209985889416e-12
1012.0264862201819,10.584501131811997,-6.172064275410916e-13
1012.185968672542,10.587474472527626,1.39177833111658e-11
1012.4365839547305,10.592147811687989,1.4462463173852329e-12
1013.543937108683,10.612810988526103,-2.4354972883665005e-11
1013.9613639436103,10.620606023055739,7.247846682299421e-13
1014.3834228606149,10.628490820488842,-1.9906576337915449e-13
1015.7620608911066,10.654269050588063,-7.132998086628604e-13
1019.5626569498419,10.72551515131652,4.013497087391411e-11
1019.8292204737602,10.730522145493502,1.3524026501958696e-11
1020.8807547557329,10.750286398441075,2.1728282959301032e-13
1022.090632324974,10.773052013560088,-4.958291639078121e-11
1022.5405252236553,10.781524283658225,-9.540891954523274e-13
1022.6971597721645,10.784474861155589,-6.929265185831954e-13
1022.8686034052113,10.787704920395932,3.887264958720368e-11
1023.0252379536307,10.790656444500506,3.686109069072846e-12
1023.0829302644918,10.791743676444865,1.3449726249754445e-11
1024.9798107915901,10.827525207122022,-5.402027328339552e-14
1025.4126917237145,10.83570008250906,5.901751398959319e-13
1026.1213387314588,10.849090199239038,5.7615612392561356e-11
1026.237533086726,10.85128661227973,1.4318039215457637e-12
1026.91297973039,10.864059453571581,-2.674430155702761e-11
1027.2632715361624,10.870686856298665,-1.1285271043137494e-11
1028.0209024363612,10.885028708325585,-4.2695699446882136e-12
1028.307970842512,10.89046563720009,-3.163884786829797e-14
1029.2520191700182,10.908356134530864,-4.0542972065633576e-11
1030.3958254221827,10.930054205126439,-2.2085563380473693e-12
1030.641884055036,10.93472510141626,9.78602979718542e-13
1030.8264280296075,10.938229005533103,6.011339900993644e-14
1032.6116708188397,10.972157486234517,4.5773605041312554e-11
1035.8995553479538,11.034797251114858,-3.8796669050008333e-13
1036.2413034459319,11.04131955546588,-1.4524590374892773e-11
1036.501526139518,11.046287380245625,-2.7097990124709734e-12
1036.5698757590606,11.047592426913344,-2.9136006111890387e-12
1036.9799734761505,11.055424514078869,1.3195384166739784e-12
1037.048323095638,11.05673016313299,5.7100585224706525e-12
1038.393355842729,11.082441169274414,3.625460746477967e-11
1038.6894620855126,11.088105871128064,6.225584276069826e-13
1039.1656310997566,11.097218675943155,-3.5429806080616015e-12
1039.731313470898,11.108049993419808,5.0915244669544704e-12
1039.8936438164246,11.111159277575604,2.945424321827725e-11
1040.1140713381749,11.11538213524456,2.1508253463999043e-11
1040.2764016835981,11.118492563934522,-1.7967962474709286e-11
1041.0945727770643,11.134177014343567,-1.3934397177550714e-12
1041.520618735497,11.142349255274887,1.9891497661217427e-11
1042.5060816804412,11.161264817642007,4.241613673425727e-11
1042.6974606132326,11.164940333175414,-4.0499639863787866e-11
1043.232790519695,11.175225159649216,-5.831854002063714e-11
1044.7173703910546,11.203774716785711,3.363922779429535e-12
1045.1142923181512,11.211414694224382,1.2717656837084773e-13
1045.360350944963,11.216152302842865,-4.089202939941168e-12
1045.410473998561,11.217117507997306,-4.338177587329364e-11
1045.435130658286,11.217592331148508,-4.276391809287933e-13
1045.656532625254,11.221856459076935,2.5617383192765297e-11
1048.042847144278,11.267873394005697,5.578072433967928e-13
1049.0852680938399,11.288008029579782,-1.6493572310789176e-12
1049.1536177119676,11.289328919736683,2.758841184427498e-11
1049.8668213328272,11.303117066165107,1.0040798949654458e-12
1051.7931552296934,11.340405118592551,5.251816838444531e-12
1051.893401335842,11.342347453986076,1.5830297679313746e-12
1052.6504626249466,11.357022000930762,-8.269886877404058e-12
1053.188715864419,11.367461689269996,-1.9241297616501147e-11
1055.0903176508036,11.404386930951727,3.2316730551620427e-11
1055.9810655570186,11.421706353535425,2.7680775102906616e-11
1056.315978682082,11.428222079925023,3.3003425651127238e-12
1056.9915900052883,11.441372369254658,1.5005633909587864e-14
1057.3107195988746,11.447586921498797,4.089681503523691e-11
1057.3426160869167,11.44820815909352,5.500085320160508e-12
1057.4580761429756,11.450457094013517,1.9191576524443017e-12
1057.7618270724606,11.456374737809968,-7.545550034287621e-12
1058.6755228936922,11.474185509469674,5.09568979135655e-11
1061.3315781955914,11.526047610744694,-3.6396172349056646e-13
1061.3953711712713,11.52729482961851,4.4434500175774324e-11
1061.6647825774205,11.532562928986057,-9.449368077340256e-13
1061.7285755530672,11.53381053941104,-1.5625988872600586e-12
1062.339824314819,11.54576863911892,8.353955178142222e-12
1062.5312032415388,11.549514075025817,2.0251447665080208e-12
1062.6815723982077,11.552457390827703,-2.5079227338337045e-11
1062.8729513248259,11.55620403150742,-1.7362981793884023e-12
1067.1743727393075,11.6405912991829,-2.747195440315643e-12
1067.4113180753736,11.645249706277145,-3.4248228105377874e-13
1068.0436412967242,11.657686408240675,1.7190890801134823e-12
1068.1393307592496,11.65956909576234,-3.261603454707627e-11
1068.2760299914037,11.66225894195239,-1.4549389555312715e-11
1068.5220886092097,11.667101532530927,-6.886377390466509e-12
1070.1273439683612,11.698721353698774,-2.18867358858667e-11
1070.3779592265291,11.703662178982295,5.052484953020608e-13
1071.2392536578589,11.720651231861012,-2.1087177840521172e-11
1071.649351352301,11.728745220737034,-5.339839650912602e-12
1073.3571311271517,11.762484527500943,4.112365739915275e-11
1073.6829309611576,11.768927209367565,2.2896741770211398e-12
1074.182377293411,11.778807541677391,2.871208115043775e-13
1074.7092389123552,11.789235199066805,2.7780701323900102e-11
1074.9098958305838,11.793207949989652,2.2278588464733654e-12
1077.4469088201633,11.84350154016081,1.1878864820989466e-13
1077.5744947683818,11.846033927383443,2.1249361251182907e-12
1077.7749869726763,11.850013998847626,-2.8959459881757793e-11
1077.8867893903878,11.85223376638701,-4.881505284546349e-13
1077.9025729208317,11.852547157124853,2.9046446076811943e-13
1078.740109690249,11.869183496018826,1.0271904348893617e-12
1079.1502073800757,11.877334148360084,-6.6148217565713385e-12
1081.4344022201442,11.922788985319118,8.67350131044733e-12
1083.3950755438573,11.961882490618457,-7.03705919032715e-12
1086.2762796064137,12.019458777523838,-6.679491283448238e-11
1086.378804027758,12.021510382731936,-4.232883476800649e-11
1087.2023414377686,12.037997125820542,2.642453307118763e-12
1087.5207367235769,12.044374564216632,1.1681710508459667e-13
1088.1781214511354,12.057547848803283,-6.658920359520313e-12
1088.2464710651782,12.058917958598276,6.739637949113254e-12
1088.629228903693,12.066592163750355,1.0323141071389013e-12
1088.6975785176912,12.067962841509676,-4.482191791276183e-11
1088.931840658655,12.072661368902665,-8.61146842604876e-13
1089.5413806551367,12.084891471885655,-5.082677835375344e-13
1089.7008630875782,12.088092533546751,-2.934519275380339e-12
1090.7170832855886,12.108500665351679,-5.724076321336075e-11
1091.6539671331743,12.127332386884182,5.1701436208846795e-11
1091.6795982383128,12.127847809064274,6.274009852639387e-11
1092.8053425282621,12.150497615138452,2.1474543159709666e-13
1095.9335796067562,12.21355984168446,1.8532365116666473e-12
1095.9656408060262,12.214207097595956,6.747391352255897e-11
1096.0104729217003,12.215112206279398,-7.385286752396836e-12
1096.4987677894403,12.22497271387802,-7.309597216998585e-13
1096.9230295305629,12.233543718019442,-3.16618403215053e-11
1097.1736447788874,12.238608245484494,2.86939962793012e-12
1097.4124635578924,12.243435462008337,-3.159928304144075e-11
1100.055418364654,12.296927353277871,-4.775245472175468e-13
1100.499121268196,12.305920259974345,-1.925387763156555e-12
1102.886574750331,12.354371079145634,-1.819563399494354e-12
1103.9301347744113,12.375581992887296,-1.242028669847042e-11
1104.066833999441,12.378361963502414,1.6801318692260502e-11
1104.2911731195736,12.382924960389538,8.295362059482964e-12
1104.3270566661288,12.383654908002258,4.3450498893343335e-12
1104.5184355810577,12.387548362523711,2.5480925307279747e-12
1104.6465911044195,12.390155963697426,-1.1383440671327995e-11
1104.8379700192636,12.39405054468146,4.3081502119030847e-11
1104.8738535657915,12.394780853726028,-6.605109563700626e-12
1105.8201801024863,12.414049239724442,-2.353038193575012e-12
1106.2188861743757,12.422172330794961,-4.193751157302628e-11
1107.5209601188872,12.44872070378974,-1.5586408745099796e-11
1107.8081932030655,12.454581389123708,2.3190406424756147e-12
1108.1019318222093,12.460576384753578,2.0784436702541568e-11
1109.9966984933078,12.499285413148442,-4.023583842401478e-12
1110.5229905051435,12.510049001663978,4.6847946430900646e-11
1112.6044147289542,12.552667744721388,2.4066379346853624e-12
1112.903938419318,12.558807288304346,-3.893186977995052e-13
1113.4820622178972,12.570662163606018,-2.963289794529177e-11
1113.7151851905578,12.575444272195027,-6.782754619593551e-12
1115.6211787360671,12.614579936104848,2.9554791500166435e-12
1115.7350947551104,12.616921086953726,6.798117730657187e-12
1116.6715737031493,12.636176241560447,-6.388056693743834e-12
1116.9791469540926,12.642503848677292,-3.191288140189126e-11
1117.3145541886142,12.649406061831142,-6.9756266775898875e-12
1117.4085349041127,12.651340425573768,-6.210325666916415e-12
1117.5879526336678,12.65503375359949,1.8683578879310027e-11
1117.6000785287013,12.655283387491473,-4.040780096032365e-12
1117.6819333491321,12.656968590645723,-3.018968386451939e-13
1118.8760272097777,12.681566279457957,-2.4768779019803773e-12
1119.7202341789682,12.698972335890321,-3.976533395309724e-12
1120.44010797419,12.713825232204767,2.5316148597646237e-11
1120.5768071961609,12.716646776401092,-2.750066086040945e-11
1120.8775454844094,12.722855385290234,3.4888973124710356e-12
1121.0142447063008,12.725678030993127,2.2257358710013987e-11
1121.8039366974692,12.741990792304204,-5.378329711526605e-11
1122.027212092939,12.746605101792255,-1.7225618773793626e-13
1122.6291828073536,12.759050274088544,1.0472943960000103e-13
1123.1304132863424,12.769417830711514,-2.3336326705953202e-11
1124.8171184740247,12.804339985345772,-5.96514643853255e-14
1125.2477210206657,12.813263733543062,2.280044872273944e-12
1125.5873554660952,12.820304680686625,8.728309044740629e-12
1126.2447401592244,12.83393893129625,4.0786936028547965e-11
1126.4361190685154,12.837909652765518,-1.6464856292910955e-11
1130.1294687200264,12.914671261070984,-2.557349523375605e-11
1130.698479224107,12.926519763908608,2.0084612573216394e-12
1131.6880938145312,12.947140709881005,-3.692290648798341e-12
1132.6052070201529,12.966267025080732,1.6174604988662123e-11
1133.015304679487,12.974824588738604,4.884584082026007e-13
1133.0836542893549,12.976251150541449,4.164470912196839e-12
1134.6038773585544,13.00800279411969,-2.284198150940323e-12
1134.8345572913663,13.01282453537997,-3.863455903622618e-12
1136.3476159700897,13.044475242827646,7.965809181079628e-12
1137.952871177757,13.078100654643105,3.5094436268273265e-11
1138.30145418583,13.085408724286513,5.242481605524866e-12
1138.3629688342971,13.086698615984385,2.442324574438672e-11
1138.4290401233866,13.088084132856357,-3.250748739157283e-12
1138.9930136728979,13.099913947444707,2.077984181562095e-11
1140.1007714827956,13.12316714586373,-5.5621248784827926e-11
1141.9720205783008,13.162498307791527,-8.78946569104731e-13
1142.2228005246704,13.167774269412991,-3.904387665197488e-11
1142.227192452216,13.167866678036807,-2.343119111345092e-11
1142.2795938191705,13.168969259657397,1.0680825209110425e-11
1142.5347656929878,13.17433907563006,-3.2135288893519017e-11
1143.0844997377155,13.185911709184941,8.290660465141929e-13
1143.5749081821425,13.196240158013097,-3.531950459024621e-12
1145.654218709321,13.24008154602069,6.876972182024471e-12
1147.605778582005,13.28130181820773,-9.752413322234419e-13
1148.535827397835,13.300970719108893,-6.659045121115605e-13
1148.6588566931946,13.303573766166265,8.991580757161619e-13
1148.7636594262644,13.3057913965414,5.3106955765013794e-11
1148.7883160823746,13.30631316185333,4.1157703196760205e-12
1148.8866887215897,13.308394959929979,-1.0685765438124529e-14
1149.2599283810066,13.316295216519919,-1.0033059064074342e-11
1150.974542936171,13.352620941751578,4.205337352336235e-11
1151.7320089872915,13.368685820412997,1.1045913902584862e-12
1152.1483720175677,13.37752084509602,-1.506285986651251e-12
1154.4720323716153,13.426886449393157,-4.215630401120214e-12
1154.604174947154,13.429696775472486,1.0471253721615272e-11
1155.1419478023238,13.441137112100341,6.341681488121066e-11
1155.9677634575305,13.458715512563497,2.0384565137542035e-11
1156.1044626733578,13.461626518559829,1.959560172258792e-11
1156.2549965237986,13.464832530954649,8.458866508435175e-13
1156.3864048059302,13.467631555546472,-1.0594392954274149e-11
1156.5231040216881,13.47054361571901,5.184767271624546e-11
1157.3669060836478,13.48852648442246,2.020500420815183e-12
1159.3957641040893,13.531818607355,-7.813994079213709e-12
1159.5529682016413,13.535176220752561,8.480452931628512e-12
1163.9255865596779,13.628750377518543,2.9425137615687937e-12
1164.3242926019882,13.63730021946691,8.455361530287844e-13
1164.831308127671,13.648176876670803,-6.406145781112614e-11
1165.1183764778468,13.654337257148317,6.872372158047052e-12
1165.2960854564783,13.658151586743328,1.1361368218604992e-12
1165.6930073170704,13.6666731827228,-3.3328028312517015e-12
1166.1714545668233,13.67694892128338,2.3412055163804958e-11
1166.2211727450156,13.678016973649605,5.031381999445858e-13
1166.405716684123,13.681981768714529,2.6549882392904494e-12
1168.3208233843543,13.723163507156132,2.1779009821044063e-12
1171.6292121691883,13.794465029761449,1.781100494949099e-11
1172.1166972556123,13.804988222892568,-1.3301242125083751e-11
1172.6634941083528,13.816796970020894,-4.983442709757217e-11
1174.0455493053041,13.846668695905777,4.439040134671197e-12
1174.2328657021053,13.850720058008813,-1.054768969632911e-11
1174.4379145214225,13.855155685819131,6.675777580667718e-12
1174.6475199811189,13.859690683640952,2.492557351634411e-12
1174.8525688003385,13.864127877655942,-1.745121695062263e-12
1174.9478533822905,13.866190070570918,-2.5099988451498228e-11
1175.8285134163395,13.885257637684864,-1.3029162997890453e-12
1176.197601290399,13.893253173935799,-1.1080218685222413e-11
1176.6738594862675,13.903574044807645,-2.201755699593709e-12
1176.7103126096035,13.90436418336162,6.696261362665661e-12
1177.462652417217,13.920676967515224,1.9818373957902854e-11
1178.0806467730029,13.934084574789706,5.491410496218316e-12
1178.2767470236506,13.938340509827281,-2.926388255618622e-11
1180.0095880816643,13.9759788916931,3.9289787547743145e-13
1180.5017052446965,13.986678066279763,1.2377592437689765e-11
1180.8000897497664,13.993167449836587,-1.1432678266256343e-12
1181.2010741044908,14.001890798182119,4.405080040970321e-13
1181.3424946697319,14.00496808569854,1.2266007534302476e-11
1181.540708526798,14.009281805656018,7.845933613609489e-12
1181.9102905376128,14.01732693640572,6.9302259554670064e-12
1182.243494866062,14.024582347719852,-3.191442418913445e-13
1182.8456302493053,14.037698828873513,4.950250217732511e-13
1183.4607767010814,14.051105630485832,-7.829241828790153e-12
1184.2817955347093,14.069010175222102,-3.741444699026287e-11
1186.502197100316,14.11749425879501,-2.9965126696509726e-11
1186.9578611368418,14.127455245505493,-8.431630307301941e-12
1187.641446463353,14.142405849859536,8.652781862897643e-12
1190.3817991594758,14.202426160355092,-3.21898853623814e-11
1190.4188218622928,14.203237993592968,-3.206018221420663e-13
1190.4547054050215,14.20402487144205,-4.1632715131055164e-13
1190.6696017943702,14.208737756707968,5.106319877432616e-11
1190.6739937216657,14.20883408478371,2.5207631973561775e-11
1190.7007639836938,14.209421244224204,-9.468908116899446e-12
1190.9200523002787,14.214231451503448,-2.7724545209846402e-11
1190.9559358429876,14.215018660665057,2.699422750049265e-11
1190.992958545781,14.215830885454096,5.880565774111686e-12
1193.78530772856,14.277163772888054,1.4136953213594837e-12
1194.0473145474803,14.282926023669917,1.4264632740520549e-11
1194.952466504416,14.302842535779043,-1.1368394212267643e-11
1195.032777290121,14.304610383179831,-7.680480834650701e-11
1195.361020106402,14.3118370887888,6.993938206389027e-13
1195.5660689208626,14.316352520464726,2.306086236107819e-12
1196.5344442606838,14.337687823986766,-7.127260818982879e-13
1199.3188193060323,14.399129581295377,-2.691861744342157e-11
1199.7289169331445,14.408191117418507,-2.234096924051006e-12
1200.0711590947442,14.415755687539939,3.25170964962282e-11
1200.6771922542546,14.429156116688208,5.306507990898072e-13
1200.9091760423112,14.43428746535855,-4.81723816005167e-12
1203.5361822717687,14.492464515244146,-2.7573601375366552e-12
1203.6700335800308,14.495432157843117,-3.956366058595896e-11
1203.7596223585879,14.497418631918425,-8.59976084323684e-12
1204.1013703795631,14.504997652728873,3.952794916132344e-11
1206.3263285373803,14.554393636293113,2.1046272582710182e-12
1206.818534958355,14.565333359877442,-3.3319514397695176e-11
1210.0107292755258,14.63639103124411,-1.1527985439206786e-11
1210.8741371616727,14.655642586787483,-2.537967664581692e-12
1211.400429109958,14.667384146064759,4.0855709722250955e-12
1211.9137099894144,14.678840343316587,1.117593831154224e-12
1212.0213606151065,14.681243672282166,-1.0913809026528378e-13
1212.4058271353354,14.689828732634194,1.5591952964249188e-14
1212.5134777609724,14.692233037465765,-8.490385745974905e-12
1213.2405158639094,14.7084765372587,2.166028030455749e-11
1213.3498752295402,14.710920688836703,3.8724470394278125e-11
1213.384050031297,14.711684531383804,-4.088979441142695e-12
1213.6847882867055,14.7184072734734,1.5564922114973178e-11
1215.7183675327267,14.763909890188598,1.1699454349300392e-12
1216.425140906186,14.7797422283262,8.399629441822186e-12
1216.6125327352056,14.783941511519847,1.131367512319388e-12
1216.7676232156805,14.787417439612792,-2.3430177824393516e-12
1217.369593863426,14.800913159391175,7.709300220156081e-12
1217.4379434666532,14.80244592700436,-4.938129478235906e-12
1217.7523516414367,14.809497766415994,9.691131974956735e-13
1217.820701244637,14.811031015938303,1.831589528223408e-11
1218.6234934870524,14.82904605946395,5.410322708403569e-13
1218.9743547831144,14.836923283568424,-3.6180175103931368e-12
1219.2386399151296,14.842858274410222,-2.6508093704396016e-12
1222.122121818009,14.907695566783886,1.6473252856974313e-11
1222.4296950309927,14.914620625129716,-1.211258124269401e-11
1224.0805164833303,14.951818901495852,-3.3626193889006047e-12
1224.183040887464,14.95413075921305,-2.161788127101481e-12
1225.1206588769248,14.9752824091303,-8.031050103765366e-13
1225.9094517667359,14.993089267882137,-2.5919271698916153e-11
1226.1596621093793,14.998740116131277,-3.5181584865909013e-11
1226.5018149893756,15.006469297348294,1.369854065596874e-11
1226.535584923693,15.00723227192269,-1.3268849152253346e-11
1228.8152227117369,15.058785406647868,-1.6577740057540422e-12
1231.7818632693525,15.126018193757957,3.0533454620601814e-12
1232.0780448789692,15.132739439584222,-3.228368847534094e-11
1233.4826430346486,15.164635971907474,1.02024928396501e-11
1233.6193422388667,15.16774216728563,-4.131649539762842e-12
1233.8602745862559,15.173217674629043,-9.202998838636342e-12
1233.9969737904225,15.176324820917175,-2.7081793148824765e-11
1234.303002972721,15.183282052519528,2.2339688785176631e-13
1235.8490216823875,15.218455432840656,3.553920156725621e-11
1236.3137989755642,15.229038161306757,2.2959992702852473e-12
1238.402057856439,15.276635794535006,1.6363931661598183e-12
1241.273983390669,15.34222672636787,4.291318535315296e-12
1242.0583843407608,15.36016780874226,1.6912715262463284e-11
1242.642203853726,15.373528482181229,-1.3166619981752916e-11
1243.3992649621948,15.390863128496173,1.2230278447440867e-11
1243.4539446433519,15.392115553716863,6.80899540037658e-11
1244.571145031547,15.417716823931885,3.696695431219564e-12
1245.3958214468682,15.436629493723906,1.1358249459796836e-12
1245.575973443359,15.440762666589332,-6.357586895912752e-12
1245.7468474466057,15.444683529704331,-1.0820427486086551e-11
1245.7626309738664,15.445045724568983,4.656734824696796e-13
1246.1022653732684,15.45284064780865,3.385085746537322e-11
1246.1774499346623,15.454566490204298,-2.5546082387012245e-11
1246.3266044565237,15.457990602330623,5.478170890305421e-12
1246.4376725585569,15.460540637927217,-7.979229207298113e-12
1246.873401266418,15.470546818136857,-5.356414462748724e-12
1246.984469368393,15.47309797245107,1.0042941753381678e-11
1247.6915721458738,15.489344942480614,1.2214616213020865e-12
1248.329501756553,15.50401043622526,6.376517275310789e-11
1248.9117017981087,15.517401294208184,2.9135991543323725e-12
1249.5563909272578,15.532236713823442,-1.0293100373222088e-11
1249.829789331394,15.538530399066763,3.486230576293812e-11
1249.9391486930283,15.541048258691392,5.721804423729113e-11
1250.212547097065,15.547343871571233,-3.160232925276658e-11
1250.9954040134162,15.56537852801152,6.226697565504594e-11
1251.519417620562,15.577456524608428,2.0729524849245467e-12
1252.633605387039,15.603154264551094,-7.123137549238776e-11
1254.5737734334775,15.647957077802275,-2.5822945327044144e-12
1254.9393683563633,15.656407245159064,-2.5710189045932534e-13
1255.1187860581688,15.660555111496118,-3.562536072820829e-13
1255.4132589210665,15.667364164702976,-1.3048440397576033e-12
1255.592676622792,15.671513597244692,4.505622701778763e-11
1258.2443393612127,15.73290832569287,1.274474373997505e-12
1258.745569764625,15.74452801620339,3.2070224797495975e-11
1259.0897607998697,15.752509847749623,4.852288606422208e-11
1260.3605076183226,15.781997520711176,4.076494796719648e-13
1260.5655564193419,15.78675846415788,2.9640128729340062e-12
1260.729595460129,15.79056777655295,-5.278137093724168e-12
1260.9346442610781,15.795330114093916,7.132068448629758e-12
1261.6873134294128,15.812817785248264,-2.832817086846211e-11
1262.2067703912783,15.824893042084188,8.666481997560923e-12
1262.475536711258,15.831142714608914,1.6718505405043745e-11
1263.1248579130765,15.84624699018123,-3.384185240101533e-11
1263.2480519064145,15.849113560956507,3.259840146211006e-12
1264.0170741801262,15.867014070905585,6.318013696409935e-12
1267.3676115570202,15.945131563604921,-3.98872456710531e-13
1267.6979679565059,15.952844994672594,-1.3271209314043368e-11
1268.1844785477158,15.964208101685891,2.5557147331626622e-11
1268.4715468670604,15.970915012432535,-8.412953843588235e-12
1270.5689189642865,16.0199629543122,-1.7722147459150005e-11
1270.88788376286,16.027429180948214,-1.272748490193885e-12
1271.9268869497223,16.051762832518392,-4.572373441643688e-11
1272.164895947486,16.057339847752964,-1.6888444577688812e-11
1272.8090909235775,16.072439827374545,-3.053821939794951e-12
1273.880724881432,16.097575944921132,2.6953491161266855e-12
1275.0507314643926,16.125043635234587,-1.4237860867013142e-12
1275.606566098708,16.138101536961006,-5.19853884845585e-12
1275.8252848167444,16.14324132967625,-4.177221073046725e-12
1277.6589413628933,16.1863661057158,-7.61708736800464e-13
1277.836245454016,16.190539308649267,1.8484553800115255e-11
1277.9456048128213,16.19311358648182,-3.847233328898972e-11
1278.0754690513882,16.196170827541515,-3.8604534645149264e-11
1278.0781522383209,16.196233997931934,-1.8959222101214783e-13
1278.4582268070774,16.20518345045565,-1.2111836660717958e-11
1280.0634817718753,16.243011052199435,-6.444712928006256e-11
1280.8158215010585,16.260756165911694,3.227057702615255e-12
1280.9234721195967,16.263296127444555,-8.093308067691879e-13
1281.2714854948001,16.271508786387134,-1.414062461975429e-12
1281.379136113295,16.274049651499613,1.0794364984876288e-12
1283.1804913039211,16.316598502466103,2.422800803640551e-13
1283.5951455373663,16.326401292310045,-1.7701791415928777e-12
1284.0074460098115,16.33615157747975,-5.804458817211088e-13
1284.6453755991997,16.351243822102234,4.8860978003404645e-11
1285.1592260225418,16.363406032192156,-2.3599945506966417e-11
1285.6462169139802,16.374936999188403,-2.1186801332841812e-11
1286.4102776653156,16.393037228407188,-4.552273215942397e-13
1286.5925432619356,16.397356600757547,2.1019693778552607e-13
1289.8872617322852,16.47554111339327,-3.818248083780842e-12
1291.3705372915933,16.510804896518362,1.5255032688854332e-11
1291.7932549140346,16.5208621171566,-1.1370703775177978e-14
1292.4084012996307,16.53550344809412,-3.2002278648440557e-12
1292.94617407892,16.54830889115991,3.1925450150075363e-12
1293.999252032127,16.57340020876034,2.082066342493892e-12
1294.0271614514274,16.574065474540536,-3.085840019346415e-11
1294.4875467928284,16.585041568203568,2.0157892659778355e-11
1294.9528181999958,16.59613811778086,1.041181595651814e-12
1295.22621659289,16.602660427549267,8.418349175987146e-13
1296.1383681339062,16.624431067497852,4.4553559618592106e-13
1297.6148087254228,16.65970227295188,-6.041867261670518e-12
1298.0031868335375,16.668987043986373,1.3461713687613025e-11
1298.2765852257182,16.675524715956982,-3.750531740392818e-11
1298.3603134833108,16.677527153401517,-5.0725595931305907e-11
1298.6337118754084,16.684066623925837,-7.88331451126003e-11
1299.3294230201998,16.700713686985754,7.394000492604215e-13
1299.8329317251817,16.712767267455302,-3.3501605285288388e-12
1299.903559643058,16.714458414665902,3.734394673044341e-11
1303.424325887397,16.798877713775152,-1.2972588980204965e-11
1303.9756793090323,16.8121184890955,-7.155194918789437e-12
1306.0042968765997,16.86088402908105,7.949469532628385e-12
1306.4348993413464,16.87124495056421,-1.2856168828916612e-12
1306.8591609852783,16.881456643139746,-3.747505003164989e-11
1306.9987080802523,16.884816172560466,7.633377301389342e-12
1309.0187819430148,16.933488663474623,-7.469157432177892e-13
1311.0334001565247,16.98210456873109,7.927268940432324e-12
1311.2847496396262,16.98817527272521,-6.152213281765813e-12
1311.4349540406254,16.99180363144028,-5.662407347206047e-12
1313.473254455203,17.041082189769256,2.7413405216191644e-11
1314.1521183459924,17.057511594778497,-8.783966712849134e-12
1314.2273029028322,17.059331682762373,2.442624026917617e-11
1314.6989151229036,17.070750973421127,6.195995004425293e-12
1314.77409967971,17.07257181869078,7.57719807507173e-11
1315.9397142947887,17.100814392312436,2.3621262906512445e-13
1316.080970128641,17.10423868888526,8.943624829357644e-12
1316.5936813783383,17.116670823916824,3.5269728274902364e-12
1318.6043125194817,17.165470994035402,-5.838784352745224e-14
1318.9323905844647,17.173440866773213,1.9039356149802465e-12
1319.7469792189502,17.193237924431177,-1.8344284543533952e-12
1319.8610599266694,17.196011419059865,-5.911759430072793e-11
1319.9423451498367,17.197987746347827,1.948785093829803e-11
1320.120788394523,17.202326750883756,2.8682463715763693e-12
1320.4625363784576,17.21063829123488,1.9514968078220642e-11
1320.5723898723857,17.213310458866054,5.941257705168015e-12
1320.861331631741,17.22033997951174,-2.5671048989292213e-14
1321.1689048171017,17.227824464712498,-3.0169930889890465e-12
1321.2695557592567,17.23027408294829,-7.671927141383531e-12
1322.6145880594195,17.263027062500235,-4.871100033394029e-11
1323.3779144940183,17.281629702939945,6.267471591758002e-12
1323.6513128804545,17.288295166580575,-1.192953650906613e-11
1323.8021761320565,17.291973808225457,-1.1163207026867928e-11
1324.4976332771987,17.308937219935046,2.4141406889941653e-11
1326.4265743158237,17.356034078931753,-6.14318182331984e-13
1326.5222637508496,17.358372208344353,4.1531231679101354e-11
1326.9186914101638,17.368060541314858,5.441451723871962e-11
1328.1860206744548,17.39905234104149,-1.620507901280701e-12
1328.7242737456247,17.412223957862665,8.473166538682337e-12
1328.9203739681009,17.417024062201037,-3.9638361718769464e-11
1329.1851532129049,17.423506402672064,-2.7883543801158475e-13
1329.8777624552145,17.440469008719496,-3.441899864651483e-11
1330.0322833397915,17.444254565942053,-1.0024888142933883e-11
1330.9402830818424,17.466508244076085,3.595824585812629e-13
1332.454240468123,17.503646784670355,-2.117210294652872e-13
1333.0665389332396,17.5186789285264,-4.104399277162975e-11
1333.3748464086007,17.526250600246566,-3.706721754319744e-11
1334.857072026877,17.562676775294207,5.95363405931263e-13
1336.1808651407418,17.595243632810774,4.82754168004011e-11
1336.7213210874988,17.608548760477294,1.8131763557507073e-11
1336.940039794341,17.61393478106704,1.3100378187886187e-12
1337.191224559183,17.620121376207273,3.821066194654558e-13
1337.4099432659436,17.625509290011415,2.5852195730746068e-11
1338.5698620602993,17.65409744297078,2.0774863076363167e-12
1339.2021850933952,17.669692547337522,-1.417822598563981e-11
1341.9055901472295,17.73645020244468,-1.2080509870298715e-11
1341.9830530222619,17.738365048147124,1.0138034053829904e-11
1342.807894081227,17.75876158460049,6.535822606244312e-12
1343.0197778274803,17.76400303483878,7.324475997693379e-12
1344.6592075042502,17.804586195563026,6.402739530941916e-11
1345.4485698908522,17.824144076069132,2.33176208984214e-12
1345.9036642803615,17.835425078734396,2.1930928308966583e-13
1346.4106797183556,17.847997607221128,-1.8316062620549215e-11
1346.5610488281882,17.85172724025585,-5.6485611980896355e-12
1346.7524276952227,17.85647464832281,-1.4971892962992306e-11
1346.943806562229,17.86122273106254,1.7194429522467853e-11
1347.094175672,17.864953840804503,2.3328503964749903e-12
1348.8765699137407,17.90921213035748,-6.3848479651716825e-12
1348.929135983127,17.910518276742817,6.118742747400848e-11
1348.9335279097847,17.91062740836153,2.2988838025288218e-11
1350.1447088902596,17.940736676256435,2.805158403110302e-12
1351.0060030614925,17.962164398327694,-3.884833061404127e-13
1351.154093850962,17.965850054385502,1.9776941405387584e-12
1352.7433112090614,18.005427630152152,9.252372456638866e-12
1352.9095531161338,18.009570375784747,-1.6760368702746437e-12
1353.5110295523966,18.024563411845975,-6.211992617518496e-12
1355.1009057597782,18.064226431759195,3.000756144843601e-11
1355.3059545445608,18.069345222405914,4.031609480077102e-11
1355.419870536093,18.072189329646534,-6.767221265257112e-12
1355.6249193208273,18.07730932506609,-5.597689323678804e-12
1358.2532290588135,18.143005875792085,-6.295120408472215e-13
1358.4383425446415,18.14763772139634,1.7064327948346608e-13
1358.5023002127766,18.14923819476373,6.638021453000383e-12
1358.7453461410812,18.155320850695688,-1.2283443382086616e-12
1358.9304596268416,18.15995437437637,-3.732546045295474e-11
1358.9807473760065,18.16121322193466,5.526727326172674e-13
1361.7320863777127,18.230158176511505,-1.2472376660641711e-11
1362.3130579316512,18.244734394321622,-2.331747003654884e-11
1363.9638791837108,18.286186414499884,-1.7711128263350846e-12
1364.540294097065,18.30067198189402,1.8416817749291183e-11
1365.5052518105801,18.324935504619216,4.0736580819870833e-11
1365.6556209182652,18.328718027681234,-1.1653491677484946e-11
1366.040581525775,18.33840357952169,2.319329314083958e-11
1366.211455511712,18.342703618464,-2.8183797829985903e-11
1367.1150633021796,18.36545182493872,-3.1153595057829016e-13
1368.4137948658938,18.398173563939263,-7.729483605489589e-13
1369.3081246626587,18.420724403426433,-9.363658244802356e-15
1369.882261253957,18.43520922417935,9.866507053926199e-12
1372.2489690540908,18.494982706387272,1.4599650795066593e-11
1372.918795075824,18.511918540288534,6.022151588756136e-11
1373.922079353134,18.537300969736037,2.169482769776531e-11
1374.6512309609627,18.555759658316813,2.0258169339537278e-11
1375.0271537276521,18.565280080509133,-2.1367799814441608e-12
1375.518056203113,18.577716337553014,6.7375685948373674e-12
1376.1075714504648,18.59265666334667,4.11770287676557e-11
1377.1222473244513,18.618387000609154,7.0702092430431485e-12
1378.8230268811965,18.66155821808662,-2.426713365607884e-11
1379.2604642811225,18.672670391244942,6.549938155145741e-12
1379.4588428159407,18.677710940613363,-3.4466411406959527e-13
1380.1504021443611,18.695288262874367,5.841032333212345e-12
1380.1868552609928,18.696215033995625,-4.562258238055892e-11
1380.4374704378072,18.702587248079222,8.361329416986838e-13
1380.719982091617,18.709771858437843,9.820967904657284e-13
1381.0804507572316,18.718941143871632,4.622775752041373e-13
1381.3082827360115,18.724737768213277,-1.7826273237045392e-12
1384.168981042899,18.797602577285303,-3.105817694209688e-11
1384.2418872759536,18.799461540881357,-4.0750576143787356e-13
1384.340589319583,18.80197840222575,-2.046407896634361e-11
1384.6047097013345,18.808714245483273,-2.3151065675627262e-11
1384.6276576121797,18.809299545091005,-5.1935224203273386e-11
1384.6776159343672,18.810573794254704,1.6370203829899874e-12
1388.2128616015257,18.90086137058544,-5.1469144690864125e-11
1388.3978996424796,18.90559344651236,-9.526482686557566e-12
1389.0591819573915,18.922509924386446,-5.7883029413553085e-11
1389.7634367529265,18.940534552713213,-7.412504821451346e-14
1390.1530294342467,18.950509674710265,-1.3276421319953962e-12
1390.878763554063,18.969098809452394,3.2796356962643505e-11
1390.9881229031319,18.97190080823042,-5.779970808871266e-12
1396.183138335081,19.105260989554054,-7.033379369775193e-13
1396.4383101486285,19.111824262257297,-3.546653604981778e-11
1396.7458833166852,19.11973694406329,4.585129138461775e-11
1396.9008090605707,19.123723251142977,4.0308741687544715e-12
1396.9702223724578,19.125509429410105,-1.7988952740555735e-11
1397.707828395476,19.144495361293092,-1.584659120014293e-12
1397.936394664583,19.150380676409373,9.113098477814174e-12
1399.05286061933,19.179142204906185,-1.0061399982919689e-11
1400.0109833500512,19.203842925780133,-2.6486365563726426e-12
1400.2000084490787,19.20871805251629,3.379997854112005e-11
1400.279749640599,19.210774846715097,8.416419435336089e-13
1400.4255621050818,19.214536144735796,2.1470692689479017e-13
1400.7103520747323,19.221883559406972,-5.575415918349727e-13
1400.8561645391726,19.225646014009577,-4.876171314879597e-11
1400.935905730657,19.22770377202663,4.986478097377468e-12
1401.6297433685306,19.24561351401953,4.5912631492363795e-11
1401.658791945414,19.24636352624338,1.1153721641459489e-11
1403.356963727402,19.290236048716523,1.1239476582816936e-11
1404.1738306307345,19.311358849779502,-5.97856026762141e-13
1404.2421802232827,19.313126812284633,-2.5261356351183474e-11
1405.582985227725,19.347826103207545,8.442583013696435e-13
1405.9059370521807,19.356188866399087,6.863342144443779e-12
1405.9930827825772,19.358445814199214,3.0669007071117865e-12
1406.3160346069442,19.366811017055717,-7.109343468861974e-12
1406.7000207566357,19.37675965098158,-2.296178529243688e-13
1407.3516202043606,19.393648048799427,3.1353928838128845e-11
1409.81311836611,19.45751665514181,-7.656339867174253e-12
1410.1788779569654,19.467016560498834,1.6311818245825446e-11
1412.3719392518017,19.52402881561939,2.979781841213554e-13
1412.5542048309253,19.528771098297042,-2.727528025508835e-13
1413.1191526851899,19.543474099755272,-5.4899364046603434e-11
1413.5248583115279,19.5540363834287,-6.078881047337755e-11
1413.8482150011923,19.562456937090133,5.339844327296871e-12
1414.0374802523665,19.567386500036072,6.95213672894048e-11
1414.3506737752484,19.57554532209759,1.7291484960627638e-11
1414.4873729594144,19.579106959366676,-2.4951584704332067e-11
1414.6326158425777,19.582891576128905,2.4985764500332986e-11
1414.7693150267185,19.586453923353407,-1.9889479823991626e-11
1415.3902464266753,19.602639576285426,-2.9648530727193802e-12
1415.8823634892792,19.61547250526133,5.79428225613283e-14
1417.3048585676652,19.65259197186713,-5.5952409299152466e-12
1417.8676928134516,19.667289208614303,-3.291361229923585e-12
1418.42132450797,19.68175183303377,2.0940393725805107e-12
1419.9468381108036,19.721632323552083,-3.39445981596034e-11
1422.4998739080202,19.788470549777408,-8.064185263191847e-13
1422.8085107897232,19.796558767739448,5.5457367707307595e-11
1423.532446881733,19.81553730912357,4.818567147657679e-13
1424.0759154076047,19.829791098507506,1.1909678349913358e-12
1424.4176633658294,19.838757059670964,1.4936140258664347e-11
1426.3278081282858,19.888910462565764,-1.0643693916254577e-11
1427.1553323249127,19.910659081917718,-1.8177114687637965e-12
1427.1946333400347,19.911692287319475,-1.558499150072691e-11
1427.3740510177522,19.9164094560202,-5.844723228487069e-12
1427.5773910524736,19.921756297387503,2.5780753696478615e-12
1427.756808730147,19.926474731099685,3.221377729578315e-11
1427.7961097452535,19.92750837194075,4.745402134713832e-12
1428.8284425615516,19.954669548442606,-1.6162145896747933e-11
1429.181582117305,19.963965327528086,1.9111028286872232e-12
1429.8754197422884,19.98223607608717,-5.084094582723799e-11
1432.086707566738,20.040524838849425,-2.8506390593774283e-13
1432.2917563406309,20.0459344152218,-6.160611907650812e-12
1432.9753415255518,20.063974286512444,-7.272475454235697e-12
1433.330759400081,20.073357195709693,-4.712159686298666e-11
1434.6510595017312,20.10823304004861,1.9060356068500064e-12
1435.2276391003534,20.123473514676636,-8.841357128284252e-12
1435.3687302090734,20.12720384643364,-7.709674388541414e-12
1435.9761563955833,20.143267878073928,-6.462429205428619e-12
1437.1336320771666,20.173897368884887,3.722275163330794e-14
1438.8253737277378,20.218709171366317,-1.4068783035354373e-11
1439.2059423897954,20.228797151508587,1.214244987593011e-11
1439.650214731203,20.240577141527297,-3.0871471504237736e-12
1442.0141499616666,20.303318605652887,-5.678009371563409e-11
1442.0938911510193,20.3054368200443,-2.407059576517428e-12
1444.5659711223989,20.371162306570756,7.576428706278033e-14
1444.588919032336,20.37177295274727,3.032949620119056e-13
1444.6299287867955,20.37286425056906,-2.565460428545077e-13
1444.8274083070628,20.378119750443346,2.6010743120179544e-12
1444.8851005922968,20.379655244217776,3.815524292640388e-11
1445.131159118992,20.386204838307698,4.190965403321629e-12
1448.6467987746275,20.47990605687986,-4.4204780891994905e-11
1448.764701818401,20.483052434733764,3.085581327015402e-11
1449.0525043917924,20.490733851688553,4.331489147699258e-11
1449.2391618930153,20.495716534202714,1.7305310970898093e-12
1449.3570649367455,20.498864198581874,1.2438910751006206e-11
1449.763834272699,20.509725708752136,7.30708693626513e-12
1450.392650505627,20.526522288507586,-3.1455514396237093e-11
1451.1681027631053,20.547245755464587,-3.2403930013607535e-12
1451.5189639942512,20.556625937809162,1.2144422126317846e-13
1452.03151048186,20.570332808693326,1.247463199905482e-12
1452.1250863018256,20.572835800061412,-1.9722279853821452e-11
1452.4302164261278,20.580998623744357,2.6779728967455983e-11
1456.2627072140872,20.683671250723187,1.6130634300232058e-11
1456.5361055751803,20.691005946002946,-3.420382901762785e-11
1456.8095039362277,20.698342018165917,-9.42077361495283e-12
1457.1582515595117,20.707701928285903,2.0285459611232316e-13
1457.701720073983,20.722292347318938,9.619258268132439e-12
1458.659108475822,20.74800844687051,-4.935336039563598e-11
1458.7183447873101,20.74960012889044,1.487996642757513e-12
1458.8478041417384,20.753078931830665,3.448498815419231e-12
1461.814444168994,20.832882419030973,1.992273630500686e-11
1462.4979400693646,20.85129163774608,3.931774249190648e-11
1464.0485151466137,20.893086596558206,-6.892670118671038e-13
1464.7957285558014,20.91324316573887,2.8844242148329462e-11
1465.0852398661589,20.921055686631533,-2.0308809933357492e-12
1465.0873534728094,20.921112728408843,-4.247709246395453e-12
1465.2058260953295,20.924310185730565,-1.1323519648557808e-11
1465.4974510122668,20.932181951413693,-1.1955884125762486e-11
1466.063133140742,20.947455748342723,1.4984987999134474e-12
1466.3826674733932,20.956085994878013,6.77945879696519e-12
1466.7245801356987,20.96532273676304,1.2114167057582696e-11
1467.69295526379,20.99149499614117,8.72345548283806e-13
1472.0676860947142,21.10994606608733,2.922076717977088e-11
1472.1428706433137,21.111984859126743,1.5242445431657692e-11
1473.65699259731,21.153065742544513,6.847320568243432e-13
1474.3746632876826,21.172552206240272,1.882332691456388e-12
1474.5255265237117,21.17664970822476,9.127841952690038e-13
1475.1412424093658,21.193377129481032,3.7249496575626794e-11
1475.4922683485172,21.202916729382615,-1.4310373381030237e-11
1475.5201023233537,21.20367325204169,2.3682230273632368e-11
1475.8208405171256,21.211848174646878,6.287805910881526e-12
1475.9985494497844,21.216679593834087,-2.2855366934199786e-12
1476.2992876434726,21.224857166939472,5.625842469622461e-12
1477.115749642666,21.247066531748565,-2.566259017667717e-12
1477.6443198008926,21.261451222897136,3.5719889604992424e-11
1478.749888240595,21.291555184774857,-4.4497242378362835e-11
1479.5273648195252,21.312738887299986,-1.7702947546853778e-11
1481.9484226976251,21.378776146210107,-3.990228066788229e-11
1483.0978487876635,21.41016592143986,6.952355135681271e-13
1483.7898883781884,21.429076627058443,6.4762284375104796e-12
1484.1328647559815,21.438452084844396,-1.111455132589904e-12
1484.2923471306824,21.442812365913035,-2.1986209203325003e-11
1484.5425574239996,21.44965411116408,3.3723395072423194e-11
1484.7480110583208,21.455272893479492,-5.254908794574969e-12
1484.7817809859905,21.456196513838208,3.7875282578016473e-11
1484.9074934329658,21.459634981707357,2.5239519724260495e-11
1485.8879944419543,21.48646348720063,-2.1561595343611877e-12
1486.7333402989973,21.509608088245233,3.124873527987071e-12
1487.483971177801,21.530170535591868,1.5398494185505513e-12
1487.652731543746,21.534794910799096,-1.5880303353586878e-11
1487.6937412971602,21.535918740184524,8.16401222909499e-12
1487.9808095710314,21.54378641331891,6.357695618640399e-11
1488.0142500726172,21.544703015041083,-3.3345076604854484e-13
1488.1721884202525,21.549032372082788,9.805686220686124e-12
1488.322557516055,21.55315467012946,-5.310795512264648e-11
1488.4045770228508,21.555403371889337,2.7181457718990223e-11
1490.859569529281,21.622768456726785,-9.579109362511494e-13
1491.0965147707861,21.629276117625036,-3.7617270290718195e-12
1491.2994499308293,21.634850519581573,1.052503802699921e-12
1491.6690318497933,21.645004470521723,7.2274284728817e-11
1491.8655369177814,21.6504043057737,-3.645805805103766e-12
1492.2431683962022,21.660783377386288,-1.7277188980992013e-11
1492.439673464127,21.666185290871386,-1.8957456970311962e-11
1493.1165883786568,21.68479908999637,7.133984723691706e-13
1493.7431262760058,21.70203514417873,-1.1557099302168917e-12
1495.4850801737532,21.74999428658056,6.4954701663069724e-12
1497.0127827532028,21.792100708786577,-7.434234578203577e-12
1499.6889369638604,21.865964285317975,1.2103129947473128e-11
1501.0161474134538,21.902645084269693,2.8239214235513044e-13
1501.358389495019,21.912109067386833,-7.300886593784951e-11
1501.4404090012176,21.91437746438407,-1.6902344471223896e-11
1502.0418853798972,21.931016162126078,-2.4608363980344203e-11
1502.1239048860655,21.933285591785744,-1.710681898585433e-12
1503.3094546509076,21.966102870946493,-1.2449775540313614e-11
1503.5531594087408,21.972852086105622,5.503651939482891e-12
1503.801660959653,21.979735271300417,1.0362118883000156e-11
1504.2343769731822,21.991723683929404,9.801734369587656e-13
1504.4236422140684,21.99696836843242,3.545322187428138e-11
1507.2945927404164,22.076605521674264,-3.7099237341263965e-12
1507.7730398583037,22.089891902037472,-6.7847729603066976e-12
1510.2035404026633,22.157451532904005,5.287791944357375e-13
1510.4997219513782,22.1656918086407,-3.162787322773342e-11
1512.4554330088877,22.220143587967964,1.0198288968253764e-12
1512.9566633214608,22.234110408306652,-4.847842718447244e-12
1513.2009376579167,22.240918808328228,-2.5092688271247035e-12
1513.5654687942008,22.25108104288,3.676704291715761e-11
1513.5956565289212,22.251922712676095,-4.563061354399118e-12
1513.9601876651275,22.26208759772806,2.7370782416605975e-11
1515.038086821263,22.292158941666823,-1.7720184787268203e-13
1515.263640461625,22.298454168656477,-2.905937615836788e-12
1515.6020601942503,22.307901258617594,1.7907376752741556e-12
1516.2992259914326,22.32736950392339,4.337475180338755e-11
1517.8405230302478,22.370441758399426,3.054465994817508e-11
1517.9310862341997,22.372973949940945,-5.493929819594702e-12
1518.8318460395342,22.398167859619317,-3.3646697605452e-12
1520.0702020112144,22.432828603933302,-2.4029482514366074e-11
1520.6853483013952,22.450056633061585,8.545508677437528e-12
1520.8584251495724,22.45490514789968,-1.6025501839513432e-11
1521.371047057856,22.46926879784195,-9.958892482954103e-12
1521.9731822820956,22.486146790414555,-1.5861539223716272e-12
1522.103780791703,22.4898083788627,2.4975906310894165e-13
1522.4089109038885,22.498364531776236,7.075342321539636e-12
1523.4093471891315,22.526429793764358,3.244597324578072e-11
1524.2148224360199,22.54903920680312,-8.404294149278349e-14
1524.3378516938028,22.552493647865013,6.810182875975855e-14
1526.1616603547757,22.603735629167524,-2.212432218498925e-11
1526.4208192077008,22.611021964194357,1.0704224601524198e-12
1526.5673659541028,22.61514272099862,-9.132674592191272e-12
1526.5717578802671,22.615266223941074,1.0358012501783083e-12
1526.8309167331365,22.62255451672373,-6.497202247035444e-12
1527.1966762987092,22.63284283354304,5.8194939993553274e-11
1527.948521761635,22.65399895825984,-4.4160433523459353e-11
1530.508481629148,22.726111568587125,1.749409306290243e-11
1531.0945793413057,22.742638589991643,7.196598367690974e-12
1531.7509893655013,22.76115581844042,5.465036363951484e-12
1533.3652680591515,22.806728139288143,-1.0607315976604537e-11
1533.8527530078572,22.820499648547173,-4.58721803216718e-12
1534.2081708618655,22.830543005531577,-7.842042826276212e-12
1535.7497080400756,22.8741305195624,-7.201711461493453e-13
1538.8564645944484,22.962108177828615,-6.97147967414552e-11
1538.9362057794428,22.96436864251265,8.121158755017463e-12
1539.3063572688593,22.974863052338023,1.0305278921801195e-12
1539.3703149298474,22.976676614030346,-1.8884520628997145e-11
1539.5176714090392,22.980855291056173,3.334873065151897e-12
1541.4403468030225,23.035414420111206,-5.520580992426573e-12
1541.8413310470057,23.046801600230665,5.0528589001419064e-12
1542.0463798081018,23.052625734598656,7.72027275823978e-12
1542.5590909828811,23.067191995608734,1.977152298955601e-12
1542.8871690005053,23.076515320077654,-4.7363241043083226e-11
1543.3456053723655,23.089546490536915,-3.797299789080523e-11
1543.8293434132202,23.103301065128388,4.270860501433126e-12
1544.0889071306694,23.110683259226533,4.2445577186628023e-11
1545.1007350025218,23.139472279687027,7.960892424711286e-12
1546.4279454202906,23.177263310818777,-1.164381081707981e-11
1548.2382488561857,23.228862261096896,-4.67079508110678e-11
1550.9233515598012,23.305506727365497,-2.7637163537401914e-12
1551.5795075922301,23.324256456422514,7.693955297162406e-12
1552.665380845828,23.355302823691108,-9.627607487072208e-14
1552.9661190271233,23.3639051155273,-6.682623670675207e-12
1553.2828947173894,23.372967944703994,-1.89738860717579e-13
1555.9976910092937,23.450713011761984,-1.1342581482844518e-11
1556.222030044248,23.457143601123626,-1.9265209056979476e-11
1556.2369145622047,23.45757029271637,5.378337339418656e-12
1556.3860690519434,23.46184630092937,1.1418906900604968e-11
1556.4971371300628,23.465030702016904,-6.685507776221409e-12
1556.7688267365138,23.472821194779264,4.574082102771612e-11
1556.8798948146125,23.47600637896914,3.024101432872792e-11
1557.0439338222538,23.480711066650013,-2.114387723565495e-12
1557.7123050154623,23.499885276138304,-7.087481465467203e-13
1557.751036447807,23.50099665436355,-1.7335610758184386e-12
1557.894570579433,23.50511553227053,-6.315689614203919e-13
1558.388965921621,23.519305683235665,-1.3424779141890442e-11
1559.451815822201,23.549826879363955,3.619796673037898e-11
1560.2720108592384,23.5733941325177,6.653384109287122e-12
1561.6477248294602,23.61295133412409,-9.15266232381853e-13
1561.7297443330904,23.615310819499523,1.6700051868102597e-12
1561.807207197627,23.617539336138194,4.635649731961046e-12
1562.2218613548032,23.62947033406143,-4.5647170023578095e-12
1562.2993242193209,23.631699552910536,2.547252500913982e-13
1562.381343722925,23.634060022757478,-2.2991782628628722e-11
1562.693068633618,23.643032400558194,1.4996665258088627e-11
1564.5352685285125,23.69609298460047,-4.120438437777992e-13
1564.76082216317,23.70259386487029,-1.0969545852536034e-11
1564.8347921074064,23.70472602194543,9.041550995285727e-13
1565.1675914734847,23.714320090969878,-7.948020485084161e-12
1565.6521392428601,23.728292469437015,-9.48588863765643e-12
1567.2786330717904,23.775225532415888,4.400420914334843e-12
1568.4383869889905,23.808720409728707,1.9545655914651413e-11
1568.554581285415,23.81207758515714,-1.1490887423543257e-11
1569.1492226846633,23.829262317251757,-1.0215735217505471e-11
1570.6250179955043,23.871939940795937,4.905007697406702e-12
1571.8561341092768,23.907572529693944,-3.4905602524345376e-11
1572.334581211373,23.9214279112276,4.1029780020155265e-12
1572.370958883037,23.92248154713949,-5.879422802188479e-11
1572.7468816060293,23.933371128398246,-2.2754991552935253e-11
1572.8083962334217,23.935153307715936,1.6847554689966088e-11
1573.1843189563347,23.946045918117758,7.124869330108844e-12
1575.4413377094268,24.011499267857943,7.164608267583009e-11
1577.7574280548051,24.078763242168094,2.7940425687023577e-12
1577.8382329571632,24.081111764748,5.117665922787155e-11
1577.9931586850305,24.08561487953071,-1.6187016126847019e-12
1578.3252237561198,24.09526826571653,3.6585048125737816e-11
1578.4801494839517,24.09977277029075,-5.0829006345694e-12
1578.7087157295095,24.10641919879038,-2.7082937362188777e-11
1579.173987051896,24.119951696413885,-7.697241963094921e-12
1579.297016306302,24.12353069038041,5.025479587032588e-13
1580.7103979769477,24.164666801885943,2.1546892221238283e-12
1582.0603161260135,24.203990180526084,5.939178126286399e-11
1582.1030346170696,24.205235126427365,-7.245463293958504e-12
1582.8258314856037,24.22630470726594,-3.4797906981539522e-12
1582.8685499766439,24.227550255553616,6.429333338799273e-13
1582.9353555356684,24.229498180829964,-1.2808227488710703e-12
1583.4275618245076,24.24385253075255,-2.8713343280198204e-12
1588.517684718074,24.392558920442877,2.549951496812836e-12
1589.9063342939564,24.433210757847146,1.754346010492898e-13
1589.9292822021048,24.433882841686064,-9.92846928771765e-13
1590.0908781746343,24.4386158371248,-1.5113566389209531e-12
1590.1229393608394,24.439554936575746,-5.399768528774071e-11
1592.7374895463088,24.51620107113637,8.95912679448804e-12
1593.2399482707021,24.53094518809899,5.050153658977018e-13
1593.8550945386196,24.549002333218507,1.0316593617495034e-11
1593.902863807468,24.55040485499376,2.0412573719980107e-12
1594.0669028122134,24.555221415272246,8.237947365133482e-13
1594.540793270296,24.56913870710723,-4.071722157359666e-11
1594.704832274993,24.573957195022206,-1.0286881143432319e-11
1595.1041970411432,24.585690223095455,-1.738003935364166e-11
1595.6561199421712,24.601910126999517,7.607656095001652e-12
1597.3800119070074,24.652607978899493,1.7701214862512909e-12
1597.5850606626095,24.658641890354705,5.0664547993612506e-12
1599.6596491166333,24.71973377372866,1.86584868924821e-12
1599.9467173741727,24.728193521321263,-6.318618009587639e-12
1600.6097976219046,24.74773994334848,-3.3259330288470384e-12
1601.0540699250307,24.760840828941475,-1.8655952786479707e-11
1601.1907690952053,24.76487260213161,1.2269839053147252e-11
1601.4299926429906,24.771929033495656,-3.2116952594885995e-12
1601.7296809296915,24.780770494528237,-6.920798180302143e-14
1603.1446066122862,24.822536246826605,3.4796206178063764e-11
1603.7944218089287,24.84172983829239,5.832650199627375e-12
1604.1868623427954,24.853325121587446,-2.0719031522886495e-12
1604.7115346796804,24.868831836878087,2.912626872979081e-11
1604.9439232685877,24.87570171281556,7.192310709538245e-12
1605.1899817744622,24.882976783397815,-4.0550424906286554e-11
1605.4223703633195,24.889848707449083,2.3066210855742953e-11
1605.992773802872,24.906720229611057,-8.307535759757095e-14
1606.4666642583832,24.92074162688732,-7.282086926182243e-13
1606.9063044804686,24.9337533326721,-5.296829739974662e-11
1607.5328423420433,24.952302661877358,1.4864686050493775e-12
1607.898601893302,24.963134710739617,-4.7340800215061645e-11
1608.6931658173703,24.98667438608504,1.6597001490988013e-11
1610.6477376207251,25.044629835370706,4.541511339615404e-12
1612.6949862286367,25.10540872323779,-4.0548118647183635e-12
1613.1415368488401,25.11867621209689,5.325551124250112e-11
1613.5289404343405,25.130189355958628,5.402116171573658e-12
1614.1782614889592,25.149492555346914,-4.4428644753855414e-11
1616.1845003428866,25.209183659472078,1.4047809284132075e-13
1616.4943517931704,25.218409199029903,2.706648800257065e-13
1616.8441631065627,25.22882663180577,1.838487028126098e-11
1617.5276589525224,25.249187744339164,-2.8831530660878587e-11
1622.1849903381758,25.38815718586572,-5.478665139526237e-13
1622.4561103564622,25.39625940398001,-5.942242113840572e-12
1622.8662078630525,25.408517433001716,-2.4050460877279907e-12
1623.2182974949476,25.419044047971198,-5.457019496104038e-12
1624.0475303448313,25.44384509526932,3.0890505743554026e-11
1624.2867538901855,25.45100224854988,2.046568425371031e-11
1624.5943270198902,25.460205851761366,-5.290991060185293e-11
1624.8335505651874,25.467365414587555,-1.595249113634847e-11
1625.9763817687037,25.501582999034778,-2.996759375341949e-12
1629.4732249600877,25.606431642216194,3.63837947847423e-12
1629.806429183184,25.616434124773683,-3.0356874644447187e-12
1629.8377560759513,25.617374634295274,-1.8110049910939983e-11
1630.1709602989956,25.627379354288003,-2.7314872504635448e-11
1630.2075781235733,25.628478958122283,5.010248112062207e-12
1630.6318396846234,25.64122099265765,1.2384063515154167e-11
1630.9207813908322,25.64990080433837,3.643332611307096e-14
1631.1649664412892,25.657237324659217,-2.3101261900958587e-11
1633.034101245255,25.713431712004397,-1.9418207054764424e-11
1633.7107621279972,25.733790971033027,2.511556445268816e-12
1633.90092636288,25.73951411882816,-2.4075969013974726e-12
1634.0803440211357,25.744914450365293,5.7342406093995776e-12
1634.174324699264,25.747743432107967,-1.5410994655742853e-12
1634.353742357498,25.753144667224692,2.6269028720856253e-11
1635.06084495795,25.77443723853727,-1.8755421660755582e-13
1638.1275660644344,25.866890229803403,-5.0564063506689045e-12
1638.5697247537762,25.880234356794183,5.809100503878563e-11
1638.7375861013497,25.885301271015166,5.2613844844695147e-14
1639.0760058140527,25.895518087302662,6.718623898084445e-12
1639.1347479811448,25.897291715215395,-3.101598766906688e-13
1639.572274590499,25.9105041471152,6.374692171124296e-12
1639.9417672105867,25.921664834495886,1.2193326225282383e-13
1641.286799259045,25.962313359992933,7.741848958505771e-13
1642.3057914698466,25.993130746930348,-1.2623818222433055e-11
1642.3496491194871,25.994457563397106,7.44555893280972e-13
1642.6595005662764,26.003832445005415,-1.2615212537188457e-12
1642.8161350292517,26.008572258502877,-7.332759360146946e-13
1643.1259864759797,26.01794980265911,8.641088344629915e-12
1643.1698441256053,26.01927728175092,-3.836896751447999e-13
1643.3522743954807,26.024799443712595,3.894376886378599e-11
1644.7934899983038,26.068446574196354,2.202385220363239e-12
1645.5909018089935,26.092612585831937,-8.6483284960489e-13
1645.9122341247821,26.102354052686042,-1.902849522038326e-11
1647.6887675530904,26.156245525157424,-3.1531847023325716e-13
1647.9348260544054,26.163714339394136,2.058177318602572e-12
1648.3039138063307,26.1749196518906,9.665922575105945e-12
1648.5358975239815,26.181963841377698,-2.492398129906198e-12
1648.5499723075825,26.18239125431584,5.470354321965858e-13
1649.0565827917342,26.197778067853964,4.349752600201175e-12
1649.72640871154,26.218129331280934,-5.4730768909660024e-11
1652.0470556194,26.28870126530022,5.891244001138865e-13
1653.0792236033424,26.32012183977632,-1.5420371731224231e-12
1655.0672358683428,26.380694893405977,7.370872840731759e-12
1655.146977049084,26.38312605844116,-5.594014402733002e-12
1655.2249340493654,26.385502940255307,2.050411617748963e-11
1655.5438987722928,26.39522922974266,1.2244000565749165e-12
1655.7631870192806,26.40191714088442,1.8377331812577627e-11
1656.082151742137,26.411646592900407,-4.1087926557894364e-13
1656.388105400251,26.420980926490145,-6.737302908392984e-11
1657.0716012347175,26.4418399150477,1.8045160755116647e-11
1658.9885807267663,26.50038838506612,5.126605360518875e-11
1659.1594546852193,26.505610510726658,2.3329301724603708e-11
1660.2041534230952,26.537549530138055,4.642072932896558e-12
1660.6552606731607,26.551347207249503,-1.6112772370208866e-13
1662.4199976266004,26.605359900956167,1.7065181613747803e-12
1662.8049581715568,26.617149877245765,5.89407593594397e-12
1663.5704735041434,26.640603008712947,1.3078219551521525e-12
1664.9142909388763,26.68179971780398,-2.071250215564114e-11
1665.2055109603969,26.690731883426942,-2.838271000178813e-12
1665.5540938347478,26.701425510034618,-3.383302756809259e-12
1665.7663824095252,26.70793907449834,-3.707687470708914e-14
1668.3126721986318,26.786130548777436,8.934230314213033e-13
1668.5617433101647,26.793785437838647,1.3836342327225236e-11
1668.8258636518783,26.80190409457422,3.110405259680594e-11
1669.55517985675,26.824328836260065,2.751162513064215e-13
1669.985782230188,26.83757343709558,1.0625404332444208e-12
1670.7548043118418,26.861235752756308,-1.064788416111238e-13
1671.169458449029,26.873998914891338,3.241740577228109e-12
1671.328940809467,26.87890866674578,-3.180640724420414e-11
1671.415516947986,26.881574156815464,-1.4705134837558463e-13
1671.502017645634,26.884237462116097,5.262285917513102e-11
1672.0943806985604,26.902479673820903,1.5713699799030648e-12
1672.7335385718613,26.92217021273882,-2.2017079784856345e-11
1673.0154806017392,26.93085839377022,4.690594451965325e-11
1674.5997361723148,26.979705231815,-3.877320157089363e-12
1675.2092758923736,26.998511288373823,4.272965139096313e-11
1675.8881396419229,27.019464246805576,-3.029273910694746e-12
1676.3187420142747,27.03275908057394,1.192337105879585e-11
1676.7568381968274,27.046288790691957,-7.118751027573812e-13
1677.1334951955773,27.057923902992492,-1.816478154970409e-12
1677.6026642850152,27.072420412387228,5.932267419718195e-13
1681.3100117949305,27.187113617708324,2.1968041226429832e-13
1681.8568084570536,27.204051142527135,-1.7081412885470785e-12
1683.507629424382,27.255220240070436,-6.841101121908948e-14
1683.7126781725153,27.261579467162026,2.2494471185115967e-12
1684.3278244168173,27.28066179541768,1.8521289832647535e-13
1684.539797395281,27.287238981484762,-4.127639045600151e-13
1685.4134574529373,27.314356006246644,-2.369376557777599e-11
1685.456175942102,27.315682281057025,6.973161772466363e-11
1686.1242931125353,27.336429593277078,-5.277211041765209e-12
1686.1670116016876,27.337756427446255,-8.669048401353955e-12
1688.4633312548638,27.40912947316902,3.3939203309562147e-11
1689.0191657522703,27.426420241202695,1.1208212996769238e-11
1689.16969954691,27.431103990226397,9.889252867174014e-12
1689.5797970422575,27.443865991713363,1.099998000258246e-11
1689.9227733868343,27.454541599959764,-1.0310039981606796e-14
1690.752575793882,27.480379299116365,1.650978517282907e-11
1691.1398900948088,27.492443512416937,7.649898198922596e-13
1691.2036830384852,27.49443082436352,1.6565815012636447e-12
1691.5909973393445,27.506498256128616,-9.57120065326981e-13
1694.2284198791613,27.588745089268997,-2.602205980546104e-11
1694.5730156905574,27.59950061879111,-1.3979000544102084e-11
1696.4700598593065,27.658750356105358,-5.094412762057464e-12
1697.4589397562224,27.689661991404723,6.704276768697344e-13
1697.5658560555673,27.693005192872647,9.397984245281853e-13
1697.693441942604,27.69699499414626,2.248640131109593e-12
1698.0330762478648,27.707617327746316,-5.795506556316387e-12
1698.1082607884273,27.709969071429466,1.7245714650599116e-11
1698.2722997860114,27.7151005099882,1.083584270956905e-11
1699.3921830483182,27.750145740759596,-1.5608766307179578e-14
1701.4576581367924,27.814842585129572,8.53830974860496e-12
1703.9629381411546,27.893420899907234,-5.415571306617446e-13
1706.2425752500428,27.96502237182272,9.98194131578794e-13
1706.9015036966875,27.98573659058285,-1.0772849769323011e-11
1707.0296591631254,27.98976624289292,-3.749612289545281e-11
1707.1482964850882,27.99349688139965,-6.77241204085919e-13
1707.4353647298733,28.002525027776286,-5.515222388130034e-11
1707.6032260728402,28.007804882695226,-4.771586391422046e-12
1707.7313815392442,28.011836191567916,9.19951765595034e-13
1708.1466945224777,28.02490251935466,-2.61108716709638e-12
1708.2970636030275,28.029634124549442,-8.804445936970814e-12
1708.4884424328056,28.035656769911018,8.91625136585536e-12
1708.6388115133357,28.040389321712997,-2.0066994014969473e-11
1710.1751469138865,28.088766127139674,-2.9597625184587536e-12
1710.5079462593483,28.099251188699306,1.8904379026714107e-11
1710.9156007189808,28.11209738984011,1.0265828039479105e-11
1712.7420169746886,28.16968986856127,-1.3397316148075268e-13
1716.6085928074328,28.291817546828614,-1.4483694466561908e-13
1716.6774365282686,28.293994504582415,6.6566427622866696e-12
1717.3290358751929,28.314603528808973,-1.8678771794876405e-13
1718.514585525077,28.352120590361842,-6.585006482762122e-13
1718.990843550418,28.367199202833046,-2.327633075937131e-14
1719.416889276908,28.380691604708208,-1.7139215966836146e-11
1720.028542592944,28.40006784172147,-1.0689436797980211e-12
1720.4357921842882,28.41297270469125,-5.562529704488228e-11
1720.525380933415,28.415811989279362,-2.1340007795493266e-12
1722.6136391995387,28.48203584263063,-4.5135710224969014e-13
1723.3335126858656,28.504883436540222,-3.7481243787104565e-12
1723.588684457484,28.51298445813112,-2.125760391773442e-11
1724.0820298773585,28.52865025750944,7.391447374951546e-12
1724.0969143942536,28.529122973418964,-1.4636343499782904e-11
1724.1857688504203,28.531944978259425,9.576373854753241e-12
1724.992788052934,28.55758245185679,-3.764763139720149e-12
1725.2036218684586,28.564282219905653,-2.596585426355747e-13
1725.5381299516216,28.574913725089264,5.2727549169350405e-12
1725.9391141638323,28.587660724568785,-2.49000303490242e-12
1726.0238168480182,28.59035374083448,-4.983158665428458e-13
1726.1646677831757,28.594832213360945,-1.1304682768941195e-11
1726.3378200565983,28.60033823454866,-2.3903425251690445e-11
1726.5714370658889,28.6077678323687,2.177020257791372e-12
1727.311815425657,28.631320334404673,-1.3888004266471256e-11
1728.2208648606268,28.660252316379378,1.1846649172929788e-11
1729.352304420423,28.696283490871586,-5.63062942624774e-12
1730.0062713558477,28.71712010032074,-2.8440312902781634e-11
1730.1156306862806,28.720605261935184,-3.183238408515043e-11
1730.6419224639246,28.73738068341105,2.6702231373357515e-11
1732.69479133111,28.802864141410993,-3.4689531691050015e-13
1732.986580924964,28.812178095902027,5.398238034721343e-13
1733.6009928650928,28.831795317723536,-1.689004430284874e-11
1733.7384263207941,28.836184306838756,1.9859651479104153e-11
1735.6580889428758,28.897525825914432,-1.2919925587319773e-11
1735.9770536559784,28.907724703896054,8.89264517020348e-14
1737.090026503743,28.943326623973352,5.480681344475e-11
1737.0980760624343,28.943584197414427,-1.8189563958689095e-11
1737.8162408054734,28.966569163159516,-6.781959137918627e-12
1740.2309575813158,29.04392219679983,2.2557447937642024e-11
1741.133172053962,29.072851296599058,1.26861382888563e-11
1741.9228637024096,29.098184708623617,-7.111182921350875e-11
1742.6752032348286,29.12233054505109,2.799461522506718e-11
1742.994167947138,29.13257065239312,1.2392712224480529e-11
1743.3013361956941,29.142433815095654,-1.865550410938531e-11
1744.7104905589674,29.187703992725172,-2.705078140205332e-12
1745.2641221663428,29.205499846322713,6.4245622712071765e-12
1745.6589302695863,29.21819394920757,-2.055515372429301e-12
1745.7062808374087,29.219716585410513,4.974912155963363e-12
1746.0355872586733,29.23030712308922,-1.3470201354481847e-11
1746.0765970073526,29.23162614185648,-2.9172857097628997e-12
1746.4683032261528,29.244226362341575,-7.541966283807578e-14
1749.1355085777195,29.330098908112273,-3.5224195948574975e-13
1749.6823052261332,29.347719595767472,1.9758561511931158e-12
1749.9203141592313,29.35539122615114,-2.278669435181165e-11
1750.0518871027296,29.359632603040513,-6.927670894818639e-11
1750.1339065999719,29.362276739597775,-3.285304084652449e-12
1750.3526252592742,29.369328376245782,-2.8244527591584247e-12
1750.3850913102629,29.370375178670777,-1.025247872743578e-12
1750.6038099695459,29.377427827327942,-9.108288953552861e-12
1750.685829466773,29.380072797760118,-5.5786132349849546e-12
1750.817402410236,29.384316029999635,1.1447698568230232e-12
1751.3331261521528,29.40095121419475,2.7194749592755396e-13
1752.0735799462893,29.424843857514244,1.1953878020553449e-11
1754.6254007387824,29.507262287817213,1.2537582369834972e-13
1754.7227988916031,29.510410419294733,-2.4171379531316468e-12
1756.4665367696457,29.56680159253497,4.540294147527674e-12
1756.7593900798793,29.57627774187739,5.03341649794757e-13
1756.8824193254566,29.580259194270212,-4.7275245203652154e-14
1757.4975655532662,29.600170638517106,2.235977658362931e-13
1758.035338194778,29.617583315810954,-9.388949182776853e-12
1761.7628610434804,29.73842416235346,-7.831633976583908e-13
1762.6536839125936,29.767341231202863,-1.831620955848267e-11
1763.2034177297849,29.785193476295753,6.559058707909839e-12
1763.3657479840074,29.79046610943348,-2.7342245222969448e-11
1764.9015892156426,29.840375640210432,7.010160097509828e-12
1766.1580961716106,29.881240088104718,-5.672542961153204e-11
1766.322135165187,29.886577153401404,1.3514908232312227e-11
1766.7048928168294,29.89903223339683,8.044601719125269e-11
1766.8689318103754,29.904370950953375,1.9833458434578435e-12
1767.392060087358,29.921399690116683,-7.679268018317169e-12
1767.437626474445,29.922883194277993,-8.490103016650024e-15
1768.011762951674,29.94157862369235,-1.5311916892770219e-12
1768.1712453064397,29.946772876132012,-3.905165529951794e-11
1768.2674288582675,29.949905747919942,8.26301896989396e-12
1769.0648406319433,29.97588545078638,4.999275271440839e-13
1769.378843835801,29.98611890020737,-5.718551117403505e-12
1770.62184558675,30.026646489100774,1.4428797955288283e-11
1772.3933281544191,30.08445417378297,-1.3174029833620353e-11
1775.7585982087328,30.19443014560391,1.8163092057854282e-11
1776.0048214112908,30.202484832921833,3.6040325563535787e-13
1776.0866761948191,30.205162791705327,2.695206438955732e-11
1776.3139385497434,30.212598547516023,-1.0313676586817583e-11
1776.6420165357688,30.223334549770282,2.9551606050260793e-11
1778.2480053525728,30.27591742943388,-5.0357313083567754e-12
1778.4530540937112,30.282634503725486,3.059615749503328e-11
1780.7828141682512,30.35900817152258,1.5677727594878164e-12
1781.1701284567316,30.371714713530924,-6.248821703195511e-13
1781.8263736998165,30.393250326835712,1.6664742291587827e-12
1782.2022963914485,30.405590333964913,-3.2089700901413746e-12
1783.5409875494636,30.4495552398513,-2.3435821041307568e-11
1783.7164181387986,30.455319126753547,-9.717784678559065e-13
1784.0444961240223,30.466099865273463,3.1137437303544497e-12
1784.4432020087938,30.47920412613117,4.819290721334708e-13
1784.5445117786192,30.482534339512732,7.905757509033898e-12
1785.0770689246083,30.500043449671807,-4.144845381908992e-12
1785.5795276113668,30.516567789714056,4.936267252023864e-11
1786.1946738332547,30.536804412531158,1.6939870499325225e-11
1787.1751747142885,30.569074611032466,-4.246664151180907e-12
1787.8929345782294,30.59270871652199,-6.720953907230934e-14
1788.0638085286369,30.598336583148374,-3.670564661177579e-12
1790.1338401914015,30.66655741244393,-5.238351333469614e-12
1790.6464620422225,30.68346378636671,3.78952100988148e-12
1791.6114195533262,30.715301415381994,3.027706385420474e-11
1791.9075256261362,30.725074523408118,-1.1851647240744827e-11
1792.7824002509822,30.753959571547323,-2.8403998159050906e-11
1793.0291175911334,30.76210779278272,1.0321935868672318e-12
1793.2303439854327,30.768754435469152,2.3673990019640754e-11
1793.2751760793071,30.770235371183112,4.76571578576682e-12
1793.5673705339877,30.77988831908464,-5.616323926501301e-12
1793.8134290221185,30.78801833714998,-5.920102634333534e-13
1794.2743083796013,30.803249252023768,-1.1592877810636076e-12
1794.7208589690554,30.81801036895534,4.249222661563237e-11
1796.8292171891633,30.88775359104568,5.29762243159109e-11
1797.3793558669843,30.90596531819937,-5.415054682176135e-12
1798.0736736832844,30.92895789305454,7.020076536180211e-14
1801.659611258267,31.047848824293798,4.4719159917701534e-12
1803.1760113154082,31.098195979708716,5.977117011321001e-13
1803.4835844246213,31.108413116255083,1.494482669862933e-11
1804.7561150408371,31.15070327355197,4.013334973860428e-11
1805.0728906993245,31.16123535266391,8.136589801715421e-13
1805.79056128701,31.185103125372255,-1.1630079185048657e-12
1806.99474232255,31.225172228060543,8.440489732374025e-13
1807.3160746194624,31.23586906944313,5.212014002827563e-12
1810.2096432638,31.332278850580373,-2.8566066699160925e-13
1810.5014328500613,31.34200944427561,2.7017724229310163e-13
1810.7885010846628,31.351584120921373,6.751413343266193e-11
1811.0748350264203,31.361135818663335,1.5385756391883853e-11
1811.2401024493788,31.36664959495851,-1.598511282433969e-11
1811.3899773856494,31.371650270536687,-1.2989576019465487e-11
1811.7185495069243,31.38261474283735,2.583605103935713e-13
1812.1969965643966,31.398584107421,5.106596327884675e-12
1813.5420285285206,31.44350049559108,3.242305906204903e-11
1813.838134599265,31.45339322351608,-4.629048987718881e-13
1813.9042058595423,31.455600845472002,1.495949128647762e-12
1814.4698879027833,31.47450512500147,3.003488731489677e-11
1814.4830636797358,31.47494551074574,-7.463884549650515e-12
1814.7689173134554,31.48450063897951,-1.4539360320547224e-11
1815.1260438667355,31.496440296794866,-7.13171791544275e-11
1815.4250732773455,31.506439425091326,-1.6069018369998222e-11
1817.5864024077637,31.578760247581453,1.425095033970238e-11
1817.846130809925,31.5874568819838,-3.621940705387941e-11
1819.0686276675713,31.628407131632677,-1.8870339526744378e-11
1819.6609906897422,31.648259549412863,5.220268359615104e-13
1819.8528636512303,31.654691353920704,7.502128824073017e-13
1819.9439964238572,31.65774646784436,-1.9113421535224394e-11
1820.2629611280304,31.668440571349944,8.750239202884116e-13
1820.3951036483215,31.67287153469159,2.9391041432956144e-11
1820.7140683524497,31.683568288697355,3.911019803293667e-13
1820.8052011250518,31.68662484834838,2.2909970154626753e-11
1821.0280715510762,31.6941004849665,-2.745648554962406e-12
1823.2603580024331,31.76902748519435,3.5611607542104242e-12
1823.5504388480256,31.77877082759216,2.840080594741006e-12
1823.8555689229786,31.789021321806665,-2.2808162613171936e-11
1824.3022842212613,31.804031302282652,2.467265963688238e-11
1825.6614802351735,31.849723950071613,3.732551264909577e-12
1826.5317227712324,31.878997118464017,9.947114352844868e-12
1827.0420662968602,31.896170513994928,-1.8813180885225613e-12
1827.389029684012,31.90784879998759,-4.8783833534455806e-11
1828.3373800968363,31.939780217901944,-1.7207709146486417e-11
1829.0530263451333,31.963887341818946,5.20859027079011e-12
1830.6649510872985,32.01822088924342,-2.2613523894292627e-12
1830.7538055403147,32.02121732023152,5.6355246707838796e-11
1830.9930290676548,32.02928535729396,-2.0078480696263992e-11
1831.1912428474377,32.03597110088081,3.1627488322886284e-11
1831.4304663747455,32.044041065579734,2.0966179279134667e-12
1831.519320827741,32.04703874953156,2.328618843370423e-12
1832.2042097647,32.070149738215385,-1.295234071436778e-12
1832.9104887498183,32.09399156533937,-6.748060378955573e-12
1834.9714071062338,32.16361441751291,-6.893558282081424e-13
1835.2175548633058,32.171935119881134,1.2313131560142154e-11
1835.263121249406,32.1734755542788,3.3749782737801223e-14
1837.0783859864025,32.2348741887821,4.927959559101955e-11
1838.0216101780118,32.26680131074574,-1.552786146464092e-12
1838.5373339054038,32.284264932888114,4.975427400728547e-13
1840.1436382855622,32.338689583488694,8.811645726447478e-12
1840.5678998145993,32.35307230645819,1.4657129068805602e-11
1840.9899584651462,32.367383640415426,-6.145271426438995e-11
1842.5485828518142,32.420262534704555,-6.903687278030427e-12
1843.1922973261235,32.44211466363537,-1.5243688663485223e-13
1843.493035473651,32.45232641592515,-2.4887106953848486e-11
1843.6707443789958,32.458361416289634,-6.158534276928468e-12
1844.3019280969463,32.47980113887522,-2.2875506151233943e-12
1846.0283383764317,32.53848043941632,-3.426932187543586e-11
1846.2926234149475,32.547468121537655,-2.7249006772648854e-12
1846.3879079586018,32.55070882934266,1.567925935351409e-11
1848.8315839484187,32.63387745824076,-2.721095422903907e-12
1848.91588176236,32.636748432115446,1.4676828968332165e-11
1848.9209325399102,32.6369204531928,1.6937059093775692e-12
1849.0120653117374,32.64002436446193,1.9782503106246302e-11
1849.7168002668236,32.66403225431157,-3.786134641676081e-11
1849.7667585783302,32.665734508977444,-1.1437546156480499e-13
1849.8578913501337,32.66883984015737,2.484442093445988e-11
1851.6227929009294,32.72900868201091,-6.430187434527298e-13
1853.2734490602013,32.785334608828634,9.090461176777469e-12
1853.5196722567982,32.7937408722235,2.967837413804008e-13
1853.8887599821815,32.80634392386096,7.067390062579679e-12
1854.1158576186003,32.8140997588492,-1.5435493632424252e-11
1855.6261569864114,32.86570364748114,1.5833702974521332e-11
1856.5830510885833,32.898420536552976,7.756738960588974e-12
1858.855942396542,32.97619991755303,-2.9750397220599683e-11
1859.4369138152044,32.996096296307,-3.5022241568197226e-11
1862.1779997347644,33.090053430580035,-6.249540067954373e-13
1862.9166693225893,33.11539673341679,-3.928033507220089e-11
1863.094378226924,33.12149531738127,-1.0407698084199225e-11
1863.3423101622825,33.130004775351765,2.692764798469751e-13
1863.6685146870163,33.14120241055513,1.471480544977304e-11
1863.846223591311,33.14730345569832,-4.008428510081989e-11
1864.2389180733724,33.16078737985385,-7.43106800773052e-13
1864.9315271361004,33.18457637422919,-2.8948130305254946e-12
1865.1001227631912,33.19036845357891,1.850545841754424e-13
1865.3688889979417,33.199602962898496,-2.4751314799672505e-12
1865.5376493379963,33.20540206081347,3.573419383139082e-12
1865.694853368635,33.210804522167386,-5.029596718063948e-11
1865.6992452942188,33.210955461273336,3.2320589881875264e-11
1866.2211451233302,33.22889433634705,1.9293517738603666e-11
1866.2814451434974,33.23096730748387,-4.015551977996266e-11
1866.9393098367427,33.25358748092959,-6.366527334734488e-12
1870.6721234898448,33.382088372096064,3.510040953818022e-12
1871.1591142361938,33.39887179682839,8.776761733934425e-12
1871.6474088551001,33.4157045438329,-6.536963440684634e-13
1871.7750840069389,33.42010655265492,4.832174207109741e-11
1871.9117831637725,33.42482002574303,-5.177995315334935e-12
1873.4622687059455,33.47830583833732,3.948459669892499e-12
1873.974979815921,33.49600215078258,2.3494042124494746e-12
1875.2040576259637,33.538443700954744,4.234312324861068e-14
1875.237662835319,33.53960452048567,-3.76975716538615e-13
1878.0351371445981,33.63631018607594,1.1355543915265987e-12
1878.497800670697,33.65231785688308,1.6375915752228556e-11
1878.8644453611735,33.665006177597334,1.8278574635585305e-11
1879.0655963093993,33.67196837695972,2.563090026703324e-11
1879.4756937790403,33.686164903388985,-3.2307042117065294e-12
1879.5765094069864,33.689655357209034,-1.8189872608006774e-11
1879.9866068765675,33.70385574321405,3.8527628207273906e-11
1880.233324210234,33.712400281301036,1.888451459177957e-12
1880.9714996553112,33.73797213782304,-4.048328883857089e-15
1881.464440183536,33.75505416153625,-4.8812799388916366e-11
1881.8061880746764,33.766899486352365,-3.745391538460778e-11
1884.3820065574307,33.856249156362,4.128844876884526e-12
1885.5007505921853,33.895094078616616,-1.5083344834284475e-11
1888.0525712790895,33.98378441967448,-2.678604246185362e-12
1888.2205973252628,33.98962849346525,-3.399732941643028e-11
1888.863817652173,34.012004992116786,-6.06577496691079e-12
1889.0146808629236,34.01725436003519,-1.576813966848194e-11
1889.4111084158108,34.03105027181234,5.4479112838665854e-11
1891.2460682642102,34.09494566453636,6.468307214447996e-13
1891.7928648885336,34.113997740991636,-3.0041361980641453e-12
1892.0457583272557,34.12281118901706,-2.6060367330992413e-11
1893.306986585943,34.16678313938641,-1.6776620756420805e-12
1894.0246571549435,34.191817364494185,2.9435290701791344e-12
1896.5834775066287,34.28115292498971,-9.444418811729274e-12
1897.3677134726051,34.3085569386358,6.177820718594939e-13
1897.3808892492389,34.30901744423331,4.3042610836897525e-13
1898.2790411782366,34.34041622483391,-2.0869467166645325e-11
1900.5502237200851,34.419881519148404,1.5787512051278874e-11
1900.7473737771395,34.42678398804409,-5.067592576062006e-12
1900.9346900955925,34.4333428288105,2.5529577403736323e-11
1901.1699265594023,34.441580498708014,8.35605279878981e-12
1901.5543929348453,34.45504619718539,1.992224289834966e-12
1902.2227640434023,34.47846196561949,-1.094652487677986e-13
1902.899424863962,34.50217653911711,1.2649130345125573e-11
1903.1763299262761,34.511883516184234,-7.869755475238287e-13
1903.7800090894664,34.5330505382193,-2.9663605976464707e-11
1903.9622746302935,34.539442700547774,-2.8969274183498503e-12
1904.600204023117,34.56182008778871,8.572002146883397e-12
1904.7824695639038,34.56821500388364,-6.268967194163533e-12
1904.9500153016145,34.57409400503382,-2.1027362788682282e-11
1905.081588238858,34.57871112148322,-1.3095066507540705e-11
1905.633511079453,34.598082500028916,6.67894432097352e-12
1905.7650840166725,34.602701273040935,-1.2075432382240896e-11
1906.711410074028,34.63593076132365,2.2242159411907352e-13
1907.2035270338515,34.65321757754705,-1.4130188220988757e-11
1907.302723193707,34.65670262640247,3.890823725923683e-11
1907.439422349198,34.66150556129058,3.6895405211562334e-12
1907.7538304068094,34.67255361785122,-1.4342217139848073e-12
1908.232277450948,34.68936937167594,3.724236893867404e-12
1909.1629846988449,34.722092582185084,-7.409388502111615e-13
1909.6780495638957,34.7402088689345,1.260952565194573e-12
1909.9742310672648,34.75062862236879,2.7815263754458444e-11
1910.1625972727604,34.757256242187246,8.937809340349226e-12
1913.101492062001,34.860745200746386,-2.6093718494060825e-11
1913.6077730754598,34.87858922433587,-1.9653361083269112e-11
1913.6596802793601,34.88041897590178,9.625481721777975e-12
1914.3282915395912,34.90399225135093,-1.2090735861013362e-13
1914.4287022997469,34.90753315197226,-6.731201021513891e-12
1916.6991505389437,34.98764816931713,4.818076070620965e-11
1916.965713891479,34.997060350234385,-4.437815021817237e-11
1917.428212699679,35.01339399199236,-1.2693028282353606e-11
1917.5422933752648,35.0174234793049,4.379509994366715e-11
1917.694776052163,35.022809752805976,-6.7131986318094244e-12
1917.8230207822012,35.027340180567855,4.890494511190655e-12
1918.1220501839944,35.03790499690958,1.779815382156346e-11
1918.4244970646403,35.04859222950424,1.5681121406694152e-11
1918.723526466385,35.05916035897116,-3.1585706329564325e-12
1920.0224224245067,35.10508432812149,2.1284130209535463e-11
1921.3451652934436,35.15188337158482,-1.1797692377037656e-12
1922.2678845894707,35.18454854303298,-2.6326027238883644e-12
1922.4673267958885,35.191611054813386,6.17468750243017e-14
1922.7543950212582,35.20177780591735,-6.7098144459955676e-12
1923.4516499834735,35.2264779700901,-2.538809428034036e-11
1924.237670124113,35.254333367075795,9.353326550789028e-12
1926.3885065969953,35.33061402519543,-4.867037648781261e-11
1926.944581206137,35.350349396285594,-1.7617196885571734e-11
1927.3790058893778,35.365771312733564,-6.057841852892907e-13
1927.4230282478482,35.367334284256806,9.660265285584211e-12
1929.4155969722892,35.438115897563534,-9.252946521395734e-12
1929.7527882205222,35.45010110906557,9.364252632935112e-12
1931.813706521064,35.523400433734814,-8.463800320013074e-13
1933.0281399497828,35.56663002407634,-2.4026115195472788e-12
1934.0180834919065,35.60188865705931,2.176342103790567e-11
1934.8177735458394,35.630384248728944,3.531385153426253e-12
1936.7125392521077,35.69794801638558,2.7901977481989977e-11
1938.2310528569494,35.75214308270855,-1.6727667275364733e-12
1938.7231698127027,35.76971562842725,-6.178305777398955e-14
1939.2152867683944,35.78729263524759,9.692481273091993e-12
1939.6146514871582,35.801560077197436,-2.684310503971145e-12
1939.9843087836584,35.814768829534096,-2.468962346739452e-11
1940.4315182063515,35.83075207218725,-1.9659392364126865e-11
1940.8416156692538,35.84541217339837,2.9552047692933805e-13
1940.9099652464,35.847855824793434,4.5837980663458115e-12
1941.320062709251,35.862519540322964,2.0936898669560352e-11
1941.3697808656584,35.86429750609474,-5.979217683180719e-13
1941.7537669293488,35.878030725263514,-6.119295069468405e-13
1943.7962939566673,35.95112712732304,8.466426409177035e-12
1944.4131488899043,35.97321777112553,-5.530264610691969e-12
1945.1202514179597,35.9985489601221,2.661732242917898e-13
1945.1635394834384,36.00010000777745,-9.901795581381517e-13
1945.5941418189661,36.015530729689445,-2.272237857483707e-11
1945.9404463427425,36.027943100451395,3.026113123838621e-12
1946.012302670773,36.03051887744203,-1.837839724962381e-11
1947.2653028090883,36.075449472523864,9.889745079608255e-12
1947.4020019631573,36.08035303679305,2.104063088918374e-11
1948.2600431399292,36.11113987461643,2.184609022190016e-11
1949.1354118646098,36.142562406849144,1.4003841797792295e-11
1949.2219879954796,36.14567094001722,-4.620852996717454e-12
1949.242088001754,36.146392654481964,3.4531691838745247e-11
1949.7505580575896,36.16465234776434,-3.115869581034908e-11
1949.8371341884456,36.16776186196171,3.6714321997116777e-13
1950.1511373757658,36.17904092535128,-5.7136263863545185e-12
1952.22678929973,36.25364448205356,3.879469445384363e-11
1953.2036186701866,36.28878136990957,-1.5637956741320693e-11
1953.425349928387,36.296759567124816,-2.6169959793700026e-11
1954.6250635475585,36.33994262839614,8.625340240745556e-13
1954.9759247090092,36.3525767022857,7.871411152484907e-13
1955.8417752884725,36.38376460738528,-6.426074179616012e-13
1955.9716394845577,36.3884435017808,-1.5942463602360223e-11
1957.994231211324,36.46135582573409,3.405811499246229e-12
1958.1992799418736,36.46875182583549,-8.982155116444654e-12
1961.004803747926,36.57002338986167,-2.5502443534256165e-13
1962.1612292995428,36.61180931745594,-5.6087677756137405e-11
1962.2090740032893,36.613538654045534,-4.8441625232177595e-12
1965.1266403153827,36.71907315060338,-1.5517424835731937e-12
1965.193205711833,36.72148279023389,-2.4557928112617167e-12
1965.2393416761256,36.723152940818046,2.0775489549188707e-12
1965.4124939371693,36.729421510013125,4.77419408498485e-11
1965.8493616483881,36.74523972959099,1.1252616898415956e-11
1966.0225139094061,36.75151024449418,1.2499352984084731e-13
1966.0686498736889,36.75318109987041,-2.4793267328568758e-11
1966.077927863566,36.75351711534068,2.2948507992209196e-12
1968.3757159035379,36.83678357073613,-2.5313998558836096e-11
1968.3985745366251,36.83761240262603,8.698217945225622e-13
1969.3440015730098,36.871901102564955,1.503065400248035e-11
1971.2729420512142,36.94191088485225,2.0926780948661573e-12
1971.8505852458024,36.96288944724136,5.665763367844881e-11
1972.3837119433947,36.982256735503235,-2.704510524339758e-12
1972.6161005038618,36.9907005252879,-1.044992000947555e-11
1973.0284008418364,37.00568382007261,-1.3259048311409017e-11
1973.3017991482243,37.01562104044341,-4.8086912986885226e-11
1974.4674134140992,37.05800312268751,2.386854686302627e-12
1977.3281110091461,37.162125025441526,-2.2610795956239274e-11
1977.5445513348127,37.17000902086561,-2.9990848466248415e-12
1977.7997230871636,37.17930494491449,-3.2174507559290443e-11
1978.2212121423506,37.19466244629451,-2.3664196011478166e-12
1979.2499625408684,37.23216004497673,3.534856281598948e-11
1981.9671260220744,37.33129346584823,2.4773460858264544e-11
1982.4319031419216,37.34826408868116,-1.3289544599923483e-11
1983.693131371366,37.39433595064094,1.947282721112288e-12
1984.8175711755043,37.43543572586752,1.947313335760981e-11
1984.9542703283128,37.44043385013747,-7.77905051408748e-13
1985.7835030810597,37.47076042301816,1.0652524611449705e-11
1986.3781443956073,37.492515352192484,-2.510143763903357e-12
1986.677832644181,37.503481903570496,-6.10143367436014e-13
1986.8162405363382,37.508547249432205,1.0102735709801687e-12
1987.4980275606017,37.53350391833998,-4.943273153850382e-13
1987.520975465703,37.53434407047324,1.157073366152871e-11
1987.636435452732,37.53857135534308,-8.141729471140493e-12
1989.3039387929891,37.59965029264845,-3.494041664120882e-13
1990.8669550436211,37.65694848128853,-1.3903230414878371e-12
1991.3694137015682,37.675377535534835,4.578843761622092e-13
1992.012393857671,37.69896738586144,-9.073916349368787e-12
1992.1080832644736,37.702478718756254,4.5474524304969194e-11
1992.2579581933624,37.707978734086986,2.5314930932020973e-11
1992.367811654357,37.71201032969619,1.930228494099281e-11
1992.7095595357582,37.72455381625265,-1.1978752587514202e-11
1992.9692879256047,37.734088304878526,1.6379238303220465e-11
1993.0649773323864,37.73760132445531,-9.952066584981441e-12
1993.7720798520365,37.76356621828694,3.7223019098008886e-12
1994.4100092304186,37.78699896843208,-6.318815687923099e-11
1995.2421791524396,37.817577929840446,1.7049237724372006e-11
1995.515577457378,37.82762702280885,5.842228043682812e-11
1996.0196555820617,37.84615864758163,4.5061905338683265e-11
1996.29305388695,37.85621165606168,3.131633900634304e-11
1997.5896715008228,37.903907760021234,1.4529224809426972e-12
1997.688867658429,37.907557967851766,-4.5161239077484057e-11
1998.6137898153415,37.94160186228421,-2.162129780719965e-11
1998.7141113012697,37.945295373406196,7.058670270489108e-11
1999.37930506852,37.96979033645337,3.733051355512287e-12
2000.625154638285,38.01568918198644,4.2585651955536663e-13
2001.5474690493995,38.049686956679935,5.324825803496897e-11
2001.6731814724683,38.054322102545484,-4.4648408748323166e-11
2004.3607267896557,38.15348428967217,-4.311946191534077e-13
2004.395471157502,38.154767121536274,7.512435287960212e-13
2004.4184190625124,38.1556144164865,1.715086252535983e-11
2005.1702643994424,38.18337982157714,-4.8083637555975725e-11
2007.1331394954311,38.25591724267945,-4.830021213678037e-12
2007.1354932554934,38.25600426773347,-5.393840996061208e-13
2007.2266260235558,38.25937377802825,-2.886999394274942e-11
2008.080920283188,38.290967586657224,-1.2322407553573203e-12
2008.1613203071443,38.29394166057078,-2.769200879483922e-11
2008.167661125808,38.29417621859375,-3.6306092218480072e-12
2008.5493688640847,38.30829762272577,-2.1584386432070715e-12
2008.6312236423346,38.31132621682761,-9.046377856611705e-13
2008.7354567457703,38.31518297867179,-5.302172130374306e-12
2009.2053600808986,38.3325725046165,3.353546029135701e-11
2009.5792584148637,38.34641211746938,2.4325247735146152e-12
2009.882274868493,38.35762997106933,-5.863941484163577e-13
2013.7784685153588,38.502020121796676,1.3151037757015507e-11
2013.8377940866278,38.504220846379525,2.9468235449140085e-11
2016.0124635919155,38.58493651587497,8.127400509142377e-12
2016.4225610473482,38.60016757601237,-5.099613616338102e-12
2016.8647196844731,38.616592862369835,2.613222387265796e-11
2017.2069617028744,38.62930892386399,-1.2574664322896932e-11
2017.3806835415921,38.63576441444382,5.5589626216823396e-12
2017.8506761479102,38.65323209117345,2.797340629503073e-11
2018.8895897011641,38.691858639268446,3.0261645878478047e-12
2019.1101817962997,38.70006275759707,3.6532375965132525e-12
2019.8792037967814,38.72867073514835,1.735752913474954e-11
2019.9612232877992,38.73172254141741,2.1226985671436254e-12
2021.176150829576,38.77694244911141,-4.706630030395069e-11
2022.0219768303743,38.80844035889618,-4.790001378545182e-12
2024.5387236364854,38.90224001920044,1.200212304213553e-11
2026.6502590510652,38.98102737998487,-2.9525748543267324e-12
2026.9414790407463,38.991900066545064,-9.787655763389495e-13
2027.3109716165459,39.00569730545421,3.1891698611397815e-13
2029.0502419960635,39.07067725985328,3.303294788541382e-14
2029.6932221466063,39.094713406682985,9.614259332318613e-13
2029.7416364293929,39.096523557494336,1.941627822363982e-11
2029.9239019645815,39.103338630150105,3.7589482270200256e-12
2030.0879409462455,39.109472718755946,-1.7688401535385543e-12
2030.2977110246745,39.11731760237439,2.1565739806536067e-11
2030.3311515197424,39.11856826933065,5.168988034855661e-11
2030.4951905013913,39.12470358852585,1.1710337119866442e-11
2030.6774560365493,39.131521191204534,8.168023156685759e-12
2030.725870319325,39.133332219778936,-4.84182833407871e-11
2032.139910633344,39.18624614103843,7.102727022223679e-13
2034.1414278714212,39.26120663474051,1.5406059590402273e-11
2034.8881469851212,39.2891915370072,-1.1335643932568948e-11
2035.59752781721,39.31578662062274,4.4175766658436595e-12
2036.4941356893019,39.349414212899575,-4.504364180454069e-11
2036.945242888205,39.36633874594839,-2.544564043194175e-11
2037.3553403417143,39.38172793797027,7.750007940862663e-12
2037.4510297475276,39.38531919520798,-1.5116785976495855e-11
2037.986524028327,39.40541959797836,-3.4826621488865443e-12
2038.5504972988815,39.42659470392379,1.1863654395262907e-11
2040.2092029377118,39.488906909085294,3.1283593505728895e-12
2041.7802825594786,39.547974023811925,-2.2290953936290898e-11
2041.9238166680586,39.55337267244333,2.2463112802282482e-11
2042.5161796558011,39.57565682460546,4.739984248302371e-13
2042.78274300026,39.58568680186113,-1.0209570404718067e-11
2043.3330463551224,39.60639720294552,-2.266083570302367e-12
2043.6889582866027,39.61979474729653,-2.2297314241528367e-11
2043.9623565885422,39.630087826992224,-6.285049308334876e-11
2044.440803616896,39.64810402958489,-3.994819362253316e-11
2044.7142019187902,39.658400895709434,7.811855336000875e-11
2047.163257988735,39.75069990247314,-5.567842516493419e-13
2047.274161335837,39.754882196591296,-1.4379552807806055e-11
2047.5868606434342,39.7666756709239,3.673335838589325e-11
2047.7784041676096,39.77390063673207,-8.500540070063469e-12
2048.0244626391354,39.78318288216757,8.948517222573855e-14
2052.3974083723137,39.948332779964936,-4.4929715642628145e-12
2052.515386830665,39.952793267522814,1.2739601694326836e-12
2052.5952172740303,39.955811613951276,5.622663573411985e-12
2052.984809853536,39.97054358573342,-1.3743172696188664e-11
2053.2267165532453,39.97969240175622,-1.695421127132456e-13
2053.360732517939,39.98476129672513,3.927378493605491e-12
2053.4495869658854,39.988122226959916,-2.68559600432187e-11
2054.5033234168804,40.0279910247551,2.425421475599608e-12
2054.6994235791235,40.035412858178766,3.620579098061938e-11
2055.0183882639567,40.047486277494286,2.91969307117198e-12
2055.4260426836972,40.06291949996611,-9.672482911549552e-12
2059.652846556755,40.223120765344866,-6.658639295048113e-11
2059.8378845488623,40.230141460519704,1.454925319796724e-11
2060.8545844805735,40.26872825290542,-7.508475958478715e-11
2064.3887793202734,40.40300961650883,-3.657369597397044e-11
2065.5622029662095,40.447644603515194,4.662031020256842e-11
2066.94181449688,40.50015505833883,-7.822858625130647e-14
2068.6073550830815,40.563595191936486,1.3790364821185035e-11
2068.637467371233,40.56474263371564,-3.714947615345613e-12
2068.765622824583,40.56962623957119,-5.844224657777594e-11
2068.884260134432,40.57414740824055,-9.654036842530409e-14
2069.1478108654424,40.5841920339284,-2.4741935431618954e-12
2069.275966318778,40.58907684455677,1.447537101749181e-13
2069.458396565384,40.596030930891445,4.935816170264618e-12
2069.636105460664,40.60280563277751,1.8026022023661756e-11
2069.7317948658124,40.606453790132285,1.182130774268355e-11
2070.0330271351986,40.617939367813044,5.2430487533496445e-12
2071.0818775181847,40.65794365186198,-3.453759995991206e-13
2071.822255807364,40.68619467877829,1.1114317226458329e-12
2072.150333767713,40.6987165608798,1.3199567350635414e-12
2072.2209616619525,40.70141250319304,-8.689770534475311e-13
2072.549039622275,40.71393679484019,1.5262466066008495e-11
2075.203713982551,40.81535123454944,-2.2602624005053124e-11
2075.8325300727565,40.83939241849311,-4.067604905433112e-11
2076.2174905711486,40.85411399854443,-4.752498833460516e-11
2076.231325199128,40.854643110351866,-1.2570114385738936e-12
2076.7642871712173,40.87502917394582,-1.6935538076329737e-11
2077.45145438506,40.90132138787695,-1.6005876940372087e-11
2078.1400009122235,40.92767510116675,3.506804392142384e-13
2078.572881553777,40.94424782418574,1.1502314774552808e-12
2078.714137342065,40.94965651234056,-1.4008384064125775e-12
2079.147017983566,40.96623381349624,4.0671508531916e-11
2081.418200427788,41.05326602851023,-4.491208565863488e-11
2082.3266801945956,41.088105780206966,6.389950199843158e-12
2084.044306521514,41.154017448834495,-4.7524102859946715e-12
2085.2040602476563,41.19855221987172,-1.6065736547436172e-11
2085.6266130114855,41.214784487163946,1.7519676756059602e-12
2085.771855858102,41.22036471729107,4.6758829902481136e-11
2085.921730783899,41.226123319279345,-1.9674988832282577e-11
2086.5835070597027,41.25155550957539,-5.063531252219596e-12
2086.7287499062904,41.25713829984475,7.734834168070545e-12
2088.0737817766453,41.30885659414998,4.911039179191433e-11
2088.856398239815,41.338964591931266,-3.2918211348220216e-12
2089.1002538309112,41.34834825330775,-7.2579820795230875e-12
2089.300670476218,41.35606118663654,6.530758239410911e-12
2089.5125541581792,41.36421622768965,-3.199027368022474e-11
2089.9568263945207,41.381318192239426,-2.4339332570275807e-11
2090.2270612001407,41.391722479904985,2.9152501983645974e-11
2091.0654826511322,41.42401103532269,2.0936799162415908e-13
2092.1865049498947,41.467203099277945,1.6653592705398334e-11
2092.3778837592963,41.47457908017519,-5.4860597501282735e-11
2094.239373615628,41.546358445391114,-8.222321836690667e-14
2094.562325356355,41.55881801701001,-1.0699403340970962e-11
2095.014002129504,41.57624706016219,1.810423439869608e-11
2095.336953870179,41.588711240037085,3.4701126472575364e-11
2096.317454672961,41.626565006859536,3.585168734542766e-12
2096.584018014402,41.636859163230056,-1.1262900140931834e-11
2096.783460212801,41.64456208798184,4.4503945595283934e-12
2098.595307353697,41.714573431360456,2.776056788242281e-12
2098.834036726208,41.72380264992275,3.737101067157015e-11
2099.5915024048336,41.75309303589515,6.155578050998011e-12
2099.965400731525,41.76755517957282,-2.8234486165540898e-12
2100.7058544571687,41.796203046959754,-7.977694931012923e-13
2101.775539131893,41.83760656581484,5.346696153803394e-12
2102.869132326254,41.87995728394752,-2.606403987463434e-11
2103.6588238983786,41.91055274222162,4.234688881557196e-11
2104.0689213461364,41.92644590670874,-3.544586864486639e-11
2104.333700506937,41.93670896425109,-1.9183190821759297e-12
2104.616212082025,41.9476607687876,-3.948557771502298e-11
2104.7707329176746,41.95365152405083,2.9433407952951846e-11
2106.3759873055033,42.01591307267382,-1.902233582805329e-11
2106.852156008473,42.0343909255033,3.306438846883474e-12
2107.4422406690273,42.05729511224445,-1.0221094572332747e-11
2107.7715470586822,42.07007995655541,-2.0994815691133947e-11
2110.1878830634955,42.16395181228961,8.2651445255092e-13
2110.4862674314527,42.17555116011673,4.64841238247466e-11
2110.6207637022317,42.1807800836044,-1.8249501638302228e-11
2110.871468080969,42.19052781590506,-1.2146758795698867e-13
2111.3793685386477,42.21027923547601,-1.868697219537524e-12
2111.4648947789174,42.213605678782436,-5.401025555312915e-12
2111.656273587579,42.221049622297386,-3.248209999146255e-12
2112.361982944453,42.24850499492083,-9.846619117420057e-12
2112.553361753079,42.25595210096438,-2.351959505421276e-12
2112.7778654614935,42.26468905314145,-1.3108887263204506e-12
2113.3930116320025,42.288633293184,-6.75304809381922e-13
2114.3507292397494,42.32592581971051,1.2571162881382242e-12
2115.132281980073,42.356371189617896,-1.1547032613589152e-12
2117.375465726115,42.44381685591368,4.366640958401184e-12
2118.2024955768115,42.47608021227591,-9.328144691349649e-12
2119.91027432199,42.542742435349844,4.891818361091791e-11
2121.107620305703,42.58951222823999,-1.6827492987837356e-12
2121.20380384878,42.59327042053222,-1.1159504694648261e-11
2121.2994932529273,42.59700947437249,-3.331753692755177e-11
2122.092348315799,42.62799669475432,1.5375709469267065e-11
2122.188037719931,42.63173731479929,-4.0802789890822e-11
2123.3074405444954,42.67550871718247,-1.856292928913766e-13
2123.6719716077578,42.689767760161615,4.353743098214202e-11
2124.025111075268,42.703583542294965,7.587207284614326e-12
2124.3896421384784,42.71784740436534,3.7631062587467163e-11
2124.664268867558,42.72859498533527,5.1127139341866475e-11
2124.678103495403,42.72913644347261,-4.584949219728279e-13
2125.1854343719197,42.74899473855657,1.501363611279926e-11
2126.1545435731764,42.78694145777107,2.888285397124584e-13
2126.7127317634763,42.80880588743275,3.0234667711902933e-12
2126.8802774926708,42.815369833069894,5.228241878111386e-11
2130.157907396459,42.94388167227368,-4.631569785586321e-11
2131.1148014361947,42.981437631436705,1.1748879354618428e-11
2133.0754736017666,43.05844233243433,-2.7628687010623757e-12
2133.240741011615,43.064936387134644,1.6725517334236557e-12
2133.9379066687407,43.092336508756695,5.086488464994483e-11
2134.2933244546907,43.10630864386134,5.100117315425592e-11
2134.6442748744516,43.120107441726354,-8.090296339889586e-13
2136.258553257345,43.1836074528771,-2.2648156564324122e-13
2136.470526209456,43.19194928575119,-3.142604094905943e-12
2137.303176414082,43.22472482121202,4.305097530430332e-12
2137.8226331778205,43.24517862028305,-1.604979361412995e-11
2137.858516704261,43.24659173073217,-6.064718576300318e-12
2138.3779734679442,43.26705084371186,-6.071430788306324e-11
2140.6537879645834,43.356743740306534,3.642749917114412e-11
2141.707524396996,43.39830521824027,4.437391550509396e-12
2141.8535015347634,43.40406446229308,-7.849606175109562e-14
2142.091990751419,43.413474434993375,-1.6782993063002014e-12
2142.1996413306533,43.41772230361727,-2.295840538361702e-13
2142.2635989794685,43.42024615972601,-2.1432642265714702e-12
2142.58410768504,43.43289500560603,-6.61424664790624e-14
2145.133409748296,43.53357035442417,-3.629536444233651e-12
2145.965490371769,43.566456245421904,-1.3940095226772168e-12
2146.179158231583,43.57490298743033,-9.901308079011662e-13
2146.936623903216,43.60485398118979,4.8318167938763525e-11
2147.3154837315383,43.619838464613494,7.693678751116853e-11
2147.7392510906293,43.636602241985464,8.783665919088027e-12
2149.3896669809646,43.701922435031676,5.1043310744088055e-12
2150.2030269117763,43.73413206754366,-1.855014674074506e-12
2150.6665894146163,43.75249492469991,-5.973813395025309e-13
2150.846007046381,43.75960316332804,8.061417973092203e-12
2152.2707800694884,43.81607143514854,-8.401555178501603e-12
2153.4521023710076,43.86291933837675,-2.809123725889616e-12
2153.643481178124,43.870511300506266,-4.086911457243693e-12
2154.3269769177664,43.89763095850154,-4.469290088110287e-12
2154.51835572485,43.9052260048494,5.835638444373918e-11
2154.966299419343,43.9230057055661,3.374670616565169e-12
2155.011865801978,43.92481452536379,-4.2862076174922565e-14
2155.9483442371425,43.96199778639775,-5.4112407636664194e-11
2158.9803205236485,44.08249447180057,-2.4036072589478903e-12
2158.9934962995053,44.08301847251931,7.032381560681571e-12
2159.071453288849,44.086118888087896,1.657375091393774e-11
2159.0790225389956,44.08641992954695,-5.15619673719086e-12
2159.662107523265,44.1096133451561,9.766270494373536e-13
2159.753240288454,44.113238905977596,-2.070203717465115e-11
2160.1179360621686,44.12774923320167,-6.888870559251662e-11
2162.6778954199535,44.22967253272969,1.56403898713536e-11
2163.395565945373,44.25826783424414,-9.18759736975247e-12
2163.546429146754,44.264280126352546,7.082638372302294e-12
2163.7976138306212,44.27429142136746,2.443712597951255e-11
2165.685544485046,44.34957456967348,3.300176587863291e-11
2165.822243632677,44.355028135834345,-4.69760609343434e-12
2167.741906041194,44.43164877495985,1.4590411608083716e-11
2170.921568197436,44.5587098787275,-1.7721466397354597e-13
2171.4843130212885,44.58121687832843,-4.898327875045121e-11
2171.7542183967103,44.59201382349091,-6.770822004352831e-14
2172.524454973772,44.6228327491242,-4.020405303012609e-11
2172.810788890679,44.63429240990733,-3.1610149680579473e-11
2172.8803668960836,44.637077290078025,2.581316746159888e-11
2173.83726092817,44.67538630233167,-3.1920487451412075e-11
2174.7494121424925,44.71191974937934,7.776309696509006e-12
2174.90889448113,44.71830890427697,-1.2727741702920406e-11
2175.081971293646,44.725243208855005,-4.6180345329263684e-11
2175.2642368235065,44.73254625496533,8.703654109741628e-12
2175.758632073225,44.75235884874613,-6.8040604365333945e-12
2175.940897603064,44.75966416671381,-1.9754031831728596e-12
2176.116492888502,44.766702715823385,-6.464259632878634e-12
2177.8698379975076,44.8370148285123,-1.834252872493878e-12
2179.390705283452,44.89805005039742,-2.258894776097364e-11
2180.731509917567,44.95189436401457,5.8081453354445254e-12
2181.054461652957,44.96486847635185,-8.155658250130548e-12
2181.3928813145076,44.97846605140617,8.599190926440611e-13
2181.738691681923,44.99236276154374,-5.764181157460286e-12
2182.3197523297526,45.01571818264448,-4.7563459953384315e-12
2182.5457107894667,45.02480214127627,2.2660741669369437e-12
2182.764024558199,45.03357966214948,5.6409466689145896e-12
2183.6036744260255,45.06734679679295,4.6005188424611904e-14
2183.8907426351134,45.07889443419337,1.4387869443451433e-11
2184.622666483522,45.10834375284202,-1.6157258590431192e-12
2184.9173039426696,45.120201422770364,4.109945084534185e-12
2185.7737872184757,45.154679630339466,-7.130692714761918e-12
2187.1696009358448,45.21089783822197,-5.165587265212012e-12
2187.3974328476756,45.220077471049635,5.81752870531055e-12
2187.5204620800605,45.22503487035163,-2.641969134698767e-14
2188.0945984978202,45.2481730870323,5.6262890232860567e-11
2188.1948445390103,45.25221371577659,-1.6072504202590284e-11
2190.0056417610717,45.32523360074935,-4.035764583846175e-14
2191.153914596025,45.37156867258462,1.0166384626036574e-11
2192.2095244709863,45.41418603867727,-5.359914398117916e-13
2192.503592349957,45.42606188181954,1.822586529405842e-12
2193.255272945278,45.456425517298875,-4.784149763559765e-12
2193.426311591941,45.46333596274845,-1.3828261852433937e-11
2194.195333565594,45.49441328560473,-3.736819196998334e-11
2194.650997388679,45.512832478861164,1.0948578729138655e-11
2196.9535066705994,45.60596477092996,4.246021511789281e-12
2197.5418071410063,45.629776113399586,2.6243196145534242e-12
2197.783878546882,45.639575755921896,-1.4421408624567839e-12
2198.4440215101467,45.66630544311858,2.0850093286405102e-11
2198.686092915984,45.67610910872153,-7.635976157814139e-12
2198.8143376382436,45.68130333747511,7.0246418660941475e-12
2199.566182945703,45.7117610282137,1.3355952997075877e-11
2201.0662297590807,45.772559909181254,-2.6817837364532955e-12
2201.3054532659153,45.782259786442296,5.419108271811113e-13
2201.4763271993634,45.78918891561423,7.913152380825091e-12
2201.85224985293,45.80443489300686,6.324220952948156e-13
2201.948433394572,45.80833614585763,-2.671666484617794e-11
2202.2218316880553,45.81942624886247,-5.731511428869714e-11
2202.6165504742485,45.83544001401061,-2.6935392412122395e-11
2202.8899487676995,45.84653348177379,9.334917806762296e-12
2203.2592011768106,45.861518532298874,-2.994471331053009e-12
2203.366371447184,45.86586820077251,2.3808251126296768e-12
2204.284534049185,45.90314189770153,1.4183608842374371e-11
2205.6481218685035,45.95852671794858,1.8565018010759804e-11
2207.231162614845,46.022868016372705,-2.6509850947299707e-12
2207.5182308227377,46.03454059568908,-1.7829926557380302e-11
2207.7642892866347,46.04454687188959,2.0406961147435907e-11
2207.8371954981576,46.047511908649355,-1.6022977812939998e-12
2208.083253962041,46.057519630577225,-8.65794667267002e-13
2208.3703221698906,46.06919671574392,-6.890528035167222e-13
2210.376155823208,46.15083045285422,1.0506018951099126e-11
2210.6096080910256,46.16033634524366,3.290529991502578e-11
2211.4497382624036,46.194553731199974,5.998419612870667e-12
2214.0194558938247,46.29929562122534,-2.732862867376468e-12
2214.1856977478224,46.306075841240094,8.716356573406042e-13
2214.3315101707058,46.31202326033727,1.3211869900983062e-12
2214.818020572257,46.33186995336721,2.15463665091711e-12
2215.851807867119,46.37405672172122,3.171212896948283e-11
2216.4222112086895,46.39734215606665,-7.996986246485967e-13
2218.2233117343803,46.47090737704411,-1.510346190026526e-11
2219.0737081718926,46.50566224255725,-9.111237309309298e-14
2219.368345629267,46.51770689277435,-6.463892478938556e-14
2219.4184686495887,46.519756059051765,-3.374920035811275e-11
2219.737433324356,46.53279729238552,2.0865166128192674e-12
2220.206602347081,46.5519832069294,1.1024754819078555e-11
2220.27967327142,46.554971690091826,3.747551949247484e-12
2220.5440475597334,46.56578499451673,5.375871158454482e-11
2221.309562778999,46.597102975123455,6.992631874965176e-12
2224.912347237862,46.74464138388117,-6.478616710033062e-13
2225.1310658717857,46.753605876471106,-6.158043961774564e-12
2226.931761528006,46.827443427060146,3.4420627671231867e-12
2227.9570943962185,46.869513903739424,-3.963834382421885e-11
2228.0173944115704,46.871988679185854,-6.258573255759196e-11
2228.483880247732,46.891136007186454,-3.3011331036590507e-12
2230.0111776107656,46.95385333866278,1.4211199459151784e-11
2230.083033934576,46.956805123566745,-1.564887141828065e-11
2230.862219067213,46.988819366100195,2.9826386347645985e-11
2233.0694437993952,47.07956793215032,2.1130686147831187e-12
2233.1008461278816,47.08085966531632,1.0697344794821289e-13
2233.169689839807,47.08369161142633,-2.55037960674412e-12
2233.312819076318,47.08957963679189,2.940309707132531e-11
2234.0946873944363,47.12175065934898,3.30408663962684e-13
2234.1949334348305,47.125876231839435,-1.7787432446816205e-11
2238.6957943086786,47.311297504348104,7.34431303184816e-13
2239.579706677837,47.34775574430063,2.691500369635404e-13
2239.8236515342705,47.357820135672476,-5.116940933998938e-13
2239.9442377334767,47.36279554480707,-2.1444250685829288e-11
2240.2358625779716,47.37482914762273,5.0474244786343506e-12
2240.349943245821,47.379536996719445,4.650453786232624e-11
2240.600393633571,47.38987335415545,-3.755308138773474e-11
2240.80154456603,47.39817590660458,8.838420375739102e-12
2241.093903703231,47.41024442822649,1.498284535741317e-12
2241.462991396973,47.42548253651863,-1.2941362526883784e-11
2241.531176256912,47.42829788271498,6.062135276202731e-12
2241.9961180656715,47.4474975675068,-2.9007790707384303e-13
2242.3037804158594,47.460204615864114,-4.333843755348284e-12
2243.2003882524928,47.49724619347067,-6.958054960220882e-12
2243.542136116949,47.51136872774142,2.2303226978820695e-11
2244.0774656637027,47.53349523836984,1.8233160197931018e-11
2244.7131166914864,47.5597751425922,-3.015339344915832e-11
2246.2319596259003,47.62259924450677,-4.775754727601878e-11
2246.8812805680286,47.649470159462226,-4.475027317677594e-11
2248.2904347594204,47.70781204799757,2.3738641523249423e-12
2248.4865349145193,47.71593389801357,3.4930450385200353e-11
2249.1106296333987,47.74178664774909,-8.07633179502237e-12
2249.2183694827145,47.74625043265757,-1.3787997377002696e-12
2249.7522304434774,47.76837205627474,-5.829834200797873e-13
2250.3353154185393,47.79253937631949,1.7096622061356315e-11
2250.5040757444485,47.79953521121188,-3.5129599215315644e-11
2251.0395700035615,47.82173720437451,3.854878114507408e-14
2253.7817055762175,47.93551097938624,5.3540561326394766e-11
2255.6535232546444,48.013253994163264,4.783416327052514e-12
2255.921315020039,48.02438158284784,4.8242797995542866e-11
2256.0716840800897,48.03063046856481,-3.830515605052347e-11
2256.604810747511,48.05278896498681,3.6333259520930932e-12
2258.118198035076,48.11571884038773,-3.0352811402680943e-12
2258.656450920275,48.13811071583536,3.9237056775662964e-13
2259.2125254913494,48.161249596552615,-2.691681905444436e-12
2259.281369202979,48.164114656125314,-7.646153734130938e-12
2259.6459002574416,48.179286751477356,2.8953399563260575e-11
2262.432147453824,48.295333607307,2.056962611826158e-12
2262.8422448898855,48.31242618852185,-7.238295774151271e-13
2263.3206918985875,48.332371448784095,8.768100633408606e-12
2266.494582764206,48.464789795526,-4.9839025856042415e-12
2266.5441362043657,48.46685869275831,2.6542003212739524e-11
2267.451476781015,48.50474891117401,9.86793400792228e-12
2267.501030221167,48.50681868186658,2.480870969973049e-11
2267.5204852055244,48.50763129889323,-3.3233142003744827e-14
2267.7638604810754,48.51779745225992,1.6580684516435278e-12
2268.6277482819223,48.553892162498926,-9.260792831623035e-12
2268.654683244167,48.55501777229668,-1.420410553013523e-12
2268.748094326734,48.558921517088834,-8.812451729269073e-12
2269.175368427645,48.57677978836183,5.750421400799513e-12
2270.6335819151655,48.63775233964221,-7.718294858856846e-12
2275.5897771533046,48.84527945778553,-2.3604967119885602e-11
2275.626799838428,48.84683138409617,4.904865386719995e-12
2278.5809837879947,48.97074700446896,1.6526216482002562e-12
2278.950160751615,48.98624372919981,-7.703619581636285e-12
2279.3111988854516,49.001401243222205,2.3233772599200085e-12
2279.707791118883,49.01805419737053,3.3344676351781584e-12
2279.7088410063106,49.01809828611124,1.9042404868211648e-11
2279.857995465391,49.02436205185979,-1.0598467001833016e-11
2279.9690635206857,49.02902663909288,9.220722262773948e-12
2280.5158601005674,49.051994073980936,-7.486145758496172e-12
2281.7583675653977,49.104204360048904,-4.372768223542249e-11
2281.759595997053,49.10425599294005,-3.845373893910185e-11
2281.8608919241005,49.10851371379333,-4.7531401862693e-11
2282.5409840013767,49.137104577206735,-4.365457466150114e-12
2282.9237416071446,49.15319933705662,4.662401292274413e-11
2283.3611788708517,49.17159665283339,1.0123011484900735e-11
2283.7439364765705,49.18769719559282,2.3556774420229936e-11
2284.7500683360986,49.23003259297721,-3.6469927729347164e-14
2284.9368905007573,49.23789563379432,6.907768771648195e-11
2284.9419412778325,49.23810822170598,3.1187919860295825e-12
2285.1875948717948,49.24844838297636,-8.754633764253493e-12
2285.6482201929543,49.26784022701781,-2.8280975370998672e-11
2286.1649937575016,49.28960050544146,5.309670932436182e-11
2287.1938333665967,49.33293748441783,2.569487946476329e-13
2287.387490488424,49.34109692728123,-1.8942975540521982e-11
2287.9239591909536,49.36370381269521,-1.0904049506088589e-13
2287.9757909500263,49.36588829298012,-2.630798010257097e-13
2288.1244512700005,49.37215394501659,-6.9377060943541156e-12
2288.4314547660274,49.38509464513102,9.452893549437297e-13
2288.6165681912685,49.39289831818999,-1.009240752309799e-12
2288.923571687272,49.405841801329665,5.210450867305415e-12
2288.967594042528,49.40769795709141,-3.7297378382309665e-11
2289.0722320072246,49.412110048791,-1.4016062571979508e-12
2289.124063766287,49.41429562541913,-3.3585401328786604e-11
2292.5242425004963,49.55777820498425,-1.9615073841367738e-11
2292.6211465021875,49.56187053362343,-3.6169432054862455e-11
2293.1342624337294,49.5835426870265,2.6731393887205452e-11
2293.7525104687634,49.60966168095747,-2.7634202382914835e-12
2295.46012444879,49.68183946795909,7.090528097471355e-12
2295.5626488072735,49.68617469840042,5.1583403646906516e-12
2296.5537176058706,49.728091908403506,-7.255121121159253e-12
2296.656241964337,49.73242920416966,2.5226002574351316e-11
2297.9085215542405,49.78542255239392,2.5091465264395542e-11
2299.3633175565915,49.84702216253816,-5.781582112859447e-13
2300.1014929371986,49.87829321781104,4.155351966427184e-12
2300.3521973076477,49.88891599930381,-9.924421139981367e-14
2301.2293501517447,49.926091607190976,9.892451967938833e-12
2301.3101550380657,49.92951700352458,1.9615403393841445e-12
2301.569313832887,49.940503803915256,-1.2719253889134226e-12
2302.071772461086,49.961808603136305,-1.8912188386833652e-11
2302.9603169003276,49.99949524964951,-2.996447968435062e-11
2305.149479767438,50.09240826857828,-7.162571489649384e-12
2306.3404710632963,50.14299370883814,2.27633514662803e-12
2308.513761136629,50.23536805215251,-9.484767401641656e-12
2309.637061711586,50.28314735113701,1.462001267307609e-12
2310.32862082217,50.31257419850878,1.2286455449926728e-11
2310.5842866971707,50.323455384349565,1.0575558239605444e-12
2310.8713549002596,50.335674493935066,2.1825884216904705e-11
2311.3676235911576,50.356801840309075,-2.5798373509070238e-11
2311.381698372387,50.357401103602506,1.9036649033930426e-13
2311.606847093705,50.36698777811069,-1.1209510494410146e-11
2311.668766575441,50.36962442989285,9.290653593965651e-12
2311.887080339534,50.37892121741831,1.1738440762789356e-11
2311.989604697761,50.38328747127977,9.028205568643413e-12
2313.082237236779,50.429831963096895,-3.47020471122889e-11
2313.594859027808,50.45167645432051,7.447341565314114e-11
2314.108709250445,50.47357815105345,-4.7579673068366714e-12
2316.2106371373116,50.563218685435736,6.047781233373617e-13
2316.711867332749,50.584606575442386,-4.687251702615411e-13
2316.992025137506,50.59656314744138,-2.4617210072962147e-13
2318.1518542569993,50.64607770558913,-3.3028002356579784e-12
2318.176751053794,50.64714085270216,-3.642104726055061e-11
2318.494096256339,50.66069318007899,2.8230305792123406e-11
2318.8273004202415,50.674924765909445,-1.7918825101908944e-11
2321.166338201728,50.77488569913642,3.4184225314506155e-11
2321.5217559764146,50.79008362533401,-7.099051464238025e-11
2323.7740529194202,50.88644759941797,-1.1612778928929172e-11
2324.0817152656637,50.89961811177977,-4.283843260577646e-12
2324.90191012994,50.93473780730934,-1.1371091536386281e-11
2326.361352036614,50.9972598867429,1.0561324066064577e-12
2326.783904782636,51.01536925158947,4.92415879207104e-13
2327.7584557633313,51.05714817359906,-2.5679411427168845e-13
2329.0773761800406,51.11371804599621,2.2904590449268186e-11
2329.3279912772846,51.12447081180663,-3.089223879287152e-12
2330.111657595019,51.158101871509146,-8.729023917389075e-12
2330.888564396325,51.19145401319405,2.3649685304825734e-12
2330.9877605477773,51.19571324474545,5.709194310929678e-12
2331.235527746118,51.20635253260486,-3.943119534744793e-11
2331.917314726335,51.23563475494235,4.08998621035496e-11
2332.1650819246424,51.24627828532321,5.876199131643951e-11
2332.307161271511,51.25238220971015,-4.303606237247456e-11
2333.043058329404,51.284003311462115,7.5045175210756e-13
2333.5865266983938,51.30736225959462,8.076192105395261e-12
2335.34597242689,51.383022749741514,1.3210622173742788e-13
2335.834266999259,51.404030725228324,2.037866910144208e-11
2336.4173519665533,51.42912263678562,-1.100185753258697e-11
2336.665942729546,51.439822154188334,4.787535350812842e-12
2337.690136420559,51.48391616141434,-1.074955616416063e-12
2338.551341026323,51.52100805058956,-2.758450788657576e-13
2339.7525985832954,51.57276876315162,-1.3643668813427296e-12
2339.9662664362418,51.58197823298323,9.58291763910164e-13
2339.9832783883517,51.58271151494606,6.219889626640778e-12
2340.316077684402,51.59705754415813,7.046618546714188e-13
2340.3905279207174,51.600267160926755,-1.0881409413668075e-11
2340.6212077257524,51.610212623460036,4.034441523560997e-11
2343.124209031285,51.71818932020781,-3.339170048497998e-12
2343.1767750826625,51.72045819857092,4.924494450328417e-12
2343.70745871093,51.743366642809576,-1.2114412052300318e-11
2344.167843874209,51.7632446594692,2.7302760210796913e-11
2345.226301622126,51.80896041938016,6.990065299530899e-11
2345.568454347991,51.823742722900995,-6.236403832934297e-12
2347.136685985362,51.89152390799617,-3.725307528564011e-12
2347.6834825597143,51.915167879470175,1.2259343873534391e-11
2347.758667088684,51.91841935625413,-2.8225907581871263e-11
2348.305463662986,51.94206959254674,-5.6479814979041316e-11
2348.6098732425057,51.95523840847533,2.4726513439291714e-11
2349.225019388518,51.98185495691628,2.7400635360708506e-11
2349.598663714217,51.998025448412804,1.5685671998306107e-11
2352.678079738222,52.13139363020169,3.4206206659443942e-12
2353.1053538337114,52.14991248728074,7.136375680793177e-13
2354.1037517199225,52.19319802570473,-1.149401994580976e-11
2354.2541207777235,52.19971886689963,-7.043597757148643e-12
2354.9156568692306,52.22841170918762,-7.061086516073588e-11
2355.8588809589082,52.26933616215923,1.926633736380445e-12
2357.182673603035,52.32680030228876,8.892144906111126e-12
2358.576044250239,52.387319604748754,2.1346113991192456e-12
2359.2744383130293,52.41766692808306,-1.9245428743920414e-11
2360.158350665818,52.456088461067345,-5.124604492963732e-12
2360.2586721451225,52.46045010265751,4.402158727011748e-11
2361.1152446691244,52.497698553569975,-7.669363254181931e-12
2362.260848118327,52.547536773204406,-2.4462334787428135e-12
2363.3179881597525,52.593547936734275,7.2681544559476205e-12
2364.8292618167975,52.65936064846117,-2.8620607247033096e-12
2365.054815403154,52.6691866293209,-2.0845520791209806e-13
2365.4388014358665,52.685916692007766,-8.979083622053374e-14
2365.7777013951327,52.7006846353909,-1.625943058453918e-11
2366.2589962952393,52.72166123283451,-5.837627401457855e-13
2366.5978962544655,52.73643429650209,3.05936150588475e-11
2366.7582021530593,52.74342296372525,-2.426840801091174e-12
2369.7122213495622,52.87229058823089,1.4017270821300101e-11
2369.8010757926118,52.87616930953077,1.1260052582353167e-12
2374.2520537079736,53.070651869992254,-3.080184450776349e-12
2374.3980308402133,53.077036425635825,4.700926242244625e-13
2375.0056077340955,53.103614040878576,-1.103299474227643e-11
2375.573732742589,53.12847203968464,1.0161459260700574e-11
2375.6215774426546,53.130565729787,3.905732932878283e-11
2376.551131615278,53.17125150549728,-5.459537954121909e-12
2377.5753253004737,53.21609800020251,-1.2810797940718755e-11
2378.6006581450483,53.26101373046029,-5.3687176769922637e-11
2379.381565830567,53.29523516353015,-7.54732356941887e-12
2379.586614545019,53.30422280070414,3.987406782940546e-12
2379.682303945094,53.308417296435344,4.241965933640542e-11
2379.832178863449,53.31498732552153,-9.270685822738312e-12
2379.860012830947,53.31620752170902,-2.5822665907778447e-12
2380.160750945456,53.32939230511448,4.515444023761534e-12
2380.338459831296,53.33718409659276,-3.625822073163838e-11
2380.434149231362,53.341379917574095,-2.602818690286673e-11
2380.639197945786,53.35037153049846,3.644587093289075e-12
2380.753937463083,53.35540332319013,5.6282989108248634e-11
2381.141251701416,53.37239041268876,-5.714867608072105e-13
2381.3463004158184,53.381384696435035,-6.815892026508291e-12
2381.9842297494797,53.409371865489554,2.3140388872806585e-11
2382.4604877027523,53.43027109202053,-7.070448750404395e-11
2382.611350898861,53.43689216594355,1.4180872020183216e-11
2383.867274274233,53.492028320539205,-1.1468478866223026e-11
2384.036123868871,53.49944318385981,-2.4040712925908413e-12
2384.5373540594237,53.52145730646649,5.421781323413169e-13
2385.8941068835697,53.58106935890304,-7.108005484710865e-13
2386.288331519627,53.59839688170953,-2.5849822061068225e-11
2386.290699110786,53.59850095409719,1.7838237768483683e-12
2386.4342332107676,53.604810486510466,3.469157432284164e-12
2387.0423796834007,53.63154785560257,4.63029107780403e-12
2387.879915918245,53.66838157657095,-5.6889278431628686e-11
2387.994326009492,53.67341418214686,3.5421006149777335e-13
2389.2474014851273,53.728549531080354,1.6350853975812556e-11
2391.3289137500697,53.82020004609537,2.5318492899185517e-12
2392.0336486279075,53.851248125880126,-1.2841776174622212e-11
2392.370675133673,53.86609953328774,-2.125514798180973e-12
2392.7444841700853,53.88257424674927,1.7608871474624256e-11
2394.5046641766153,53.96018444525117,6.464171429224103e-13
2395.5304911577146,54.00544173041144,-2.303305392091634e-11
2395.6859864324965,54.01230354011676,3.651470846464411e-12
2395.8773652322257,54.02074945579176,2.401102203643825e-11
2396.4327054992673,54.04526151261333,-5.877540199734e-12
2396.624084298977,54.05371006071691,2.3288376268028914e-11
2396.779579573737,54.06057500283162,-1.2281126270255321e-11
2396.9028627871967,54.06601813508796,-3.672521221917617e-11
2397.604585052729,54.09700552054739,7.060626885388305e-12
2397.8711483808515,54.10877907996111,-3.700201219778487e-12
2398.071640456698,54.117635269163976,-1.3727450453654598e-11
2399.196004735926,54.16731470653114,-2.2964361138753255e-11
2399.5719273780674,54.18392984299021,6.734327778374295e-12
2401.1476389813674,54.25360191887523,-7.303247468967784e-12
2401.352687695211,54.26267176946052,-4.816079287509255e-12
2403.8351841081253,54.37254064555449,-1.028162863017319e-12
2405.2198463369764,54.4338715363173,2.326707210641083e-11
2405.3560513405596,54.43990637705032,4.479884264686703e-12
2406.463808533526,54.489000512786745,-1.1082195034381627e-12
2407.704037656628,54.54399242647793,3.438979697319394e-12
2407.772476499962,54.5470278382224,-4.8922816604628395e-12
2408.0116999992333,54.557638599265346,-5.316315777273677e-13
2408.5026023116184,54.57941587811336,2.8573480809600975e-12
2409.6389139329763,54.629841664545296,-3.0692207917100755e-11
2410.9509993774172,54.68809730556708,4.451657450113686e-11
2411.63449508931,54.71845658152434,-2.664165215616199e-12
2412.1129420875986,54.739713194978926,-4.395324275178704e-12
2415.185523127931,54.87632341093421,5.5173746825993336e-11
2415.20497811187,54.87718895423292,-8.851849775275758e-13
2417.062391539004,54.959856532752966,7.996710666339348e-13
2417.662159025707,54.98656385429099,3.2388970347094486e-12
2417.7003208695883,54.98826340476428,3.588840333138807e-11
2418.300088356242,55.01497777422334,1.7731349880341507e-11
2419.7141285760886,55.077987063744594,3.5856406023147805e-12
2419.9419604797954,55.08814264348141,-1.9525576795442242e-13
2420.5456395837305,55.115056190291476,3.8943009209164724e-11
2421.2747016754884,55.14756857820344,1.595585648412753e-11
2421.5738203211527,55.16091055100225,5.016948379121991e-12
2421.7442001099885,55.168510956127996,3.8363463368219624e-11
2421.9292380908464,55.17676584851357,1.3295210202195101e-11
2422.0437236224266,55.18187357925932,2.1561382664125976e-11
2422.3991413920976,55.19773195324405,-1.1813899748441567e-11
2422.550169300363,55.20447136707994,2.416903788687689e-13
2422.837237498926,55.21728255112366,-2.1690896510168677e-12
2423.288344668074,55.23741747877115,6.274959622078505e-13
2423.575412866609,55.25023256627882,-7.523223929386488e-14
2423.6023478282495,55.25143505493559,8.516672089330336e-12
2424.068353343197,55.27224159405161,-4.20174205210877e-11
2425.0252473381743,55.31497820472405,5.53594036992101e-12
2426.1247148169555,55.36410322786233,-5.213279226371858e-12
2429.9696460042096,55.53607270418949,-1.0297810800922847e-11
2430.2237678486144,55.54744822348304,-2.0103901019612275e-11
2430.2822698507703,55.550067177640145,7.2212929778150494e-12
2430.5015580577856,55.55988459521948,3.480047029237264e-11
2430.692367276872,55.568427744215114,-1.4548278539969657e-12
2430.911655483875,55.57824681835705,1.6431848594281028e-11
2431.0581267539064,55.584805859915555,-1.8545866163675535e-11
2432.28841903202,55.63991443670289,-2.8607876393498455e-11
2433.2642877022195,55.68364642637864,3.569296942234875e-13
2433.3668120587067,55.68824190932906,2.634247527925346e-13
2433.45355289493,55.69213007356598,3.777376513525286e-11
2434.2849746289694,55.72940564372443,-3.135560997054332e-11
2434.387498985443,55.734003054311366,3.634523163154139e-11
2435.660283422317,55.791093542747845,-7.007281883860889e-12
2438.836527969126,55.933693502551804,9.435136374521414e-13
2439.187389099959,55.94945708287889,-2.4945700533340828e-11
2439.984800760885,55.98529183521384,7.99880653957679e-12
2440.0190648184634,55.98683188456193,-4.6074584412159056e-11
2440.0896034363154,55.9900024163994,-4.665376848603321e-13
2440.3539777160267,56.00188618476581,2.1099755444685283e-12
2443.3001120388803,56.13440364961333,3.485929744981964e-12
2443.379118912209,56.1379595893094,3.767747335659067e-12
2443.6462518184853,56.149983553183944,7.400322922296532e-13
2444.1886564605816,56.17440186338151,-1.7087261604709936e-11
2445.2162676150997,56.22067836237746,7.516177889959134e-13
2446.3726930667476,56.272779028711916,-6.135341530550287e-11
2447.2070519703075,56.31038486531069,1.2101358693397672e-11
2447.568810557007,56.32669386551239,-5.18184381927095e-11
2448.4288005495123,56.36547408607085,2.7496795782045748e-11
2450.7837110816,56.471735690795946,-1.7887237972252728e-11
2451.310002777041,56.49549773539365,1.8023562219654565e-11
2452.6100377673797,56.55421612034379,-8.083302058318909e-13
2453.4781665888977,56.59344403364765,3.9223120403789295e-11
2453.9224387991862,56.61352461771744,-3.421347545080149e-11
2454.5160301778255,56.64035992766655,1.4324235224407325e-13
2455.92461474733,56.70406574213234,-2.515284336317375e-12
2456.062048181642,56.71028337762632,6.197675953204796e-11
2456.7455438895454,56.74121062209161,5.401012758267953e-11
2456.9322013367287,56.74965811182425,-2.2468684802707848e-12
2457.0052722585333,56.75296523135579,-1.5272990759999291e-12
2457.3060103699836,56.766577383992306,-4.329075827589245e-12
2458.2687787026707,56.810165870064104,2.8168568632582815e-11
2459.859134654642,56.88220522884468,1.4854152937576093e-11
2460.1791630368425,56.89670738774731,-6.609320854886361e-12
2460.5619206330784,56.91405461279731,2.1005787296583274e-12
2460.9053772261136,56.92962294683139,-1.6970095441438864e-12
2461.288134822314,56.9469752921658,-2.4010715068129667e-11
2464.318162074472,57.08443705541541,-1.1750247650789987e-11
2465.07123578401,57.11862762162598,-7.092224949935807e-14
2465.509167175483,57.138515103752646,2.9167800963756844e-13
2465.7142158876172,57.14782805656302,1.7703125200244143e-12
2466.0077141748793,57.16115958159999,-4.533349040452046e-11
2466.516184183917,57.18425948800622,5.5113830196329986e-11
2466.7212328960272,57.19357624445656,-1.4894272268130987e-11
2467.9045933060347,57.247359482183526,2.130092205426387e-12
2468.1119203371313,57.25678506497917,-6.559333632387945e-12
2468.992415198624,57.29682328954092,-4.189439818019454e-11
2469.507480010719,57.320251148991595,1.2501660980325476e-11
2469.695846196872,57.328820255272795,-1.414503352885977e-11
2471.2403201714596,57.399105719509976,-4.398277865971464e-12
2473.2008275210233,57.48838719660409,-7.69866246640738e-13
2474.0979156357216,57.529264187560976,2.0229030481115428e-11
2474.4176145914234,57.543835270668964,-1.572854705970971e-11
2474.668318955868,57.55526306904313,-7.152811310925466e-12
2475.54547177897,57.595255232724085,4.232109286464885e-11
2476.19602113153,57.62492498314911,-2.5065750900153833e-11
2476.674468125872,57.64675059777414,2.6579340408710398e-12
2479.5556703432558,57.77827334890136,-1.9957984816583835e-11
2480.980937434242,57.84339128039995,2.514820826350618e-13
2481.6039822451708,57.871868849531836,9.033627817746341e-12
2481.9003284306323,57.88541648258067,-4.94008034862035e-11
2482.0499631931734,57.89225773481026,8.008446934205379e-12
2482.1087053487704,57.89494351962279,-1.1564543465999127e-12
2482.4697434724335,57.911452152936164,-3.8834627655519515e-13
2482.9157244203893,57.93184815067698,4.546371779686161e-13
2483.0304639361643,57.93709611292158,3.518714951292643e-12
2483.0354254409895,57.93732304797049,-5.192616407687531e-11
2483.461066230713,57.95679318703015,2.848945262861846e-13
2483.636901661941,57.964837422907216,7.972212334258233e-12
2484.260756206244,57.99338252913018,2.8866042216635184e-12
2484.8337672706325,58.019607556254314,-1.697352725328285e-11
2485.9644723555166,58.07137433736419,2.308974063348874e-12
2486.1438007060724,58.07958664502683,-1.4306136785387322e-12
2487.1657160576824,58.12639637027331,-2.2542205912670027e-12
2488.5648579195044,58.19051648442893,-3.224586768198578e-12
2489.2472282964154,58.22180135357652,6.840632574043067e-12
2489.3817245592795,58.22796866185463,1.8483837638168836e-11
2489.794024860506,58.24687671385059,-1.8638720928839065e-11
2490.216742310254,58.266265746306075,-4.239649537622649e-13
2490.34082142456,58.27195758165751,7.0217370620940484e-12
2491.452250069161,58.3229543845353,1.792230870604821e-12
2491.52392784607,58.32624402941642,2.039655847123537e-12
2491.907913872451,58.34386864377721,3.5125634691641335e-12
2491.985376719007,58.347424448212315,-2.7414598303483594e-11
2492.379121042042,58.365500341936105,1.0012545776287869e-12
2492.4410405222684,58.36834318232473,6.8227103731010885e-12
2494.0937346458213,58.444247593393435,1.8583517100187835e-11
2494.7134374180923,58.47272207569682,1.7476879085379034e-12
2494.811405135763,58.47722420392045,5.676057901681388e-12
2495.021010485195,58.486857258086836,2.1965844934925326e-12
2497.752907359851,58.61248393795852,2.7568964181911684e-11
2498.0492535447347,58.6261197263234,3.223449540881005e-11
2498.194976689563,58.632825484300064,6.683097603284491e-12
2498.327043751558,58.63890316671076,-4.025385099588295e-11
2498.481969444551,58.646033205257254,4.453410495378662e-12
2499.056105836208,58.67246014455554,-1.5319849949738304e-12
2501.7198932929564,58.79515112899642,-1.9300188871530173e-13
2503.629213898338,58.88317265895561,-6.007722418324598e-13
2504.6147654157076,58.92863381638537,4.577307531091192e-11
2505.674183756651,58.977522229453996,-1.1360822359386054e-11
2507.4422624136405,59.0591588567916,-2.7849056158200225e-11
2507.8432465597716,59.077681311588684,-2.3862424924074444e-12
2508.3393505246313,59.1006016863903,-1.9373777779775805e-11
2508.572967495462,59.111396535576716,-9.28183917167266e-12
2508.7403346707197,59.11913076743787,-1.3824260989080898e-13
2509.0514144879376,59.13350749848291,-4.581282834580938e-11
2509.283803027131,59.14424863049334,5.164741541098177e-12
2509.7622500195675,59.166365858218235,1.4942244565637298e-11
2509.9453391053175,59.174830655368766,-6.515653775700312e-11
2510.806543691616,59.214655195889584,-1.1551882041655121e-11
2511.0024791265823,59.22371771338593,1.6164038695231443e-11
2512.0078012214726,59.270227567211975,-2.238215793332547e-11
2512.2523156483576,59.28154250796475,-2.3145664677440475e-12
2512.7852775839183,59.30620921568084,-7.970517798309712e-11
2512.86746178127,59.310013355533066,5.938398610032389e-13
2514.3894681523957,59.380486432170954,-5.482857417599257e-13
2514.4544895162994,59.38349805038497,4.876915239010994e-11
2515.1880327967224,59.41747923715026,-9.68642801487117e-13
2516.06290729655,59.458020513479,9.181713141825985e-12
2516.3513686363685,59.471390768225916,7.769449733966175e-13
2519.2848074643152,59.60744343569387,-9.57149790048746e-13
2519.592380530524,59.62171783218328,-7.131861902062606e-12
2520.269041276144,59.653127638474665,6.410370003729003e-12
2520.4684834615164,59.662387122531804,6.53006074994546e-13
2520.5766143423175,59.667407611341105,2.211860409652046e-12
2520.814952663795,59.67847435848211,-7.349628750510858e-13
2521.545558772801,59.712405062619304,2.4853288661752673e-13
2521.867536045697,59.727361406409244,-1.867692162688716e-11
2524.0810260653493,59.83023314203862,-3.064917074773636e-12
2524.28396117,59.83966904803966,2.6185016281057207e-13
2524.390877450394,59.84464065654176,-2.781208597177057e-13
2526.647895684354,59.949641176570886,-8.243087802628879e-13
2527.301773239351,59.98007825915237,6.905691839067993e-13
2527.4214742593217,59.985651026512855,5.143368252986791e-11
2527.7632221103413,60.001562796783745,-2.996190402842094e-11
2529.133075244298,60.06536471488014,1.2929509292676926e-13
2529.837810109962,60.098201725856306,3.9244281461291855e-12
2530.101930401712,60.11051072646479,-9.186124463201038e-12
2533.183789386263,60.254231940867456,1.1155546296824296e-11
2533.2805425031347,60.25874681486245,2.219807873192244e-11
2533.334652579511,60.26127187513008,-1.1594529243530363e-12
2533.5222090306593,60.27002466137111,9.696299493315099e-12
2534.5108347659125,60.31617203927243,-1.7694353537462963e-11
2534.5649448422805,60.31869832582663,-3.5686279844494576e-12
2536.7268432551646,60.41967697625676,-3.754594739701939e-12
2536.7519940363236,60.4208522337032,-1.8218637683398034e-11
2536.8066736924293,60.42340737041107,6.1504294243776946e-12
2537.332965382426,60.44800337738058,-1.4460708086966499e-11
2537.661043319032,60.46333853480984,2.4956962929604967e-11
2537.852422115379,60.47228495893754,1.3280136451815533e-11
2537.9417706954355,60.476461986486214,3.8682809744060963e-11
2537.9549464705633,60.477077963676855,-2.6424378198689476e-11
2538.5141983451945,60.50322634919908,-2.4446855815697052e-11
2539.013404192119,60.52657208876272,6.743683277853223e-11
2540.1424005305466,60.579387388470906,-3.2614944622495334e-11
2542.1349690431193,60.672658533104325,-4.550652829024715e-13
2542.3661291498106,60.683483757603426,-5.819722024180093e-14
2542.9095975041064,60.70893825030795,4.171416226564288e-11
2543.41587846161,60.73265588743621,-7.32541064788917e-13
2543.8031926920553,60.7508035031371,9.78606862948326e-14
2546.3626577685095,60.87079675444917,-5.958272188271053e-13
2547.6921461781367,60.933173663224736,2.5227332954824873e-11
2549.1333614907335,61.00082935099764,-3.464088357337728e-12
2549.429467520031,61.01473434180299,-1.4484453054969753e-11
2549.6711340471115,61.02608407784584,2.959130542058658e-11
2549.7393943450325,61.0292900801912,-1.0023373714929026e-11
2550.705326160569,61.07466649673999,3.430026259186581e-12
2551.15326982929,61.09571530442244,2.4791268756472894e-12
2553.8429285125567,61.22217970058737,-6.7958588900918835e-12
2554.9023468474916,61.27202881116792,7.422614988304087e-12
2556.940646449701,61.367995653704185,9.420265317917357e-12
2558.5459007287195,61.44362780664459,2.926316400224519e-11
2559.3284278639185,61.480514073484635,-3.41800909546688e-13
2559.3604890428637,61.48202559350775,-2.98919374645788e-11
2559.4151686988307,61.48460350231018,-2.4724084280713905e-11
2559.582535873114,61.492494481511415,-5.40020671972038e-13
2560.179949589605,61.52066537901476,-4.2834162838157074e-11
2560.2495275911674,61.52394674007283,2.146974010812419e-11
2560.4545763010174,61.53361754008323,2.4078398667901517e-11
2561.2064215704304,61.569083766372,7.065934250536116e-11
2561.4114702802594,61.5787581807009,1.1689390438771664e-11
2562.8021577059126,61.64439271906824,-9.247267390788424e-13
2564.0397790604857,61.702833149024045,-2.0213530436297276e-11
2564.0790800631908,61.704689402985835,1.423779986509346e-11
2565.0544545791013,61.75076713454223,8.302172625199775e-12
2565.238998417869,61.75948715367463,2.8160531660896695e-13
2566.7598656204214,61.8313746777495,2.7070646148970183e-11
2567.055971649137,61.845375811846985,8.810173514543908e-12
2567.520748724442,61.86735567712703,1.1990067025508184e-11
2567.7315825037294,61.8773275713297,-3.491172556104182e-13
2568.3057188908247,61.90448689315472,-1.0634949624715563e-11
2568.4236218988844,61.91006500539058,-5.662354268942102e-12
2568.967090251598,61.9357803610667,-3.7786794230758695e-13
2568.997758285936,61.93723164621046,-1.8579512126575606e-12
2569.9148709539563,61.98063962921289,5.92640665713314e-12
2570.234659178205,61.995779211769054,6.437508874491145e-12
2571.203034023503,62.04163601297861,-1.0273617230652306e-12
2572.345535558877,62.095760689969815,5.12829909607424e-11
2572.387759901144,62.0977614796514,5.19598127959753e-11
2572.9942868927733,62.12650523048101,3.1101023080608415e-12
2575.276936203081,62.23474236676858,-5.773883457258177e-14
2575.668807070143,62.25333349015344,-2.0603613091442998e-11
2576.8768995481523,62.310665572140636,5.299177414887662e-11
2577.0734045614004,62.31999359370194,-1.580988632878693e-11
2577.82322549552,62.35559385635783,-2.3529050488199225e-12
2578.950993397463,62.409157921147674,3.3155763407987954e-13
2582.3278192339267,62.569682545520585,-3.831589268634733e-11
2583.045489716646,62.603825608447046,-1.4365523139498937e-11
2584.1768536406603,62.65766934066317,-3.088439286273055e-12
2585.1987689808025,62.70632447645549,2.382641643976054e-11
2585.649876141236,62.727808579491835,-2.3951683891019855e-14
2585.978448214976,62.74345927471322,-3.2734307655869748e-12
2586.22401252721,62.75515740483396,-8.730298177013809e-12
2586.5384205480855,62.770136715571816,-3.945308647406447e-12
2587.345439610046,62.80859378167332,1.5510200915438589e-12
2588.186887441883,62.8487042655654,-2.7636707519169496e-12
2588.690471379825,62.872715551872076,9.847810734395661e-12
2589.2082332018363,62.89740772162498,6.1505365960078275e-12
2589.317592513412,62.902623721761984,-2.2221106875667824e-11
2589.370563429955,62.90515030102597,4.842287697176065e-12
2589.4422412060653,62.90856923265136,-2.811972379512679e-13
2589.753321020455,62.9234084098578,3.7266885619117504e-11
2590.0284280386177,62.936533092496845,-1.941022294302391e-12
2590.4111856290906,62.954795839704026,-2.2539048961824956e-11
2590.464156545629,62.95732348605259,-3.418462387086875e-12
2590.5735158571883,62.96254201621244,-4.880617674339152e-12
2590.6283602259327,62.96515922419523,1.6628873775870046e-12
2592.9945730418112,63.07812916075651,-1.100085491097225e-11
2594.591208177448,63.154415478658855,1.536281359002945e-13
2595.001305595611,63.17401727955567,5.160459805499267e-12
2595.5435455151555,63.199939972472464,2.627821084095978e-11
2595.9536429332766,63.21954896758414,6.958397078224798e-12
2597.9184667389654,63.313540892326664,-1.833459589173927e-11
2599.4507255310787,63.38688941479293,7.49376656436817e-12
2600.1639286466147,63.42104486944846,-4.5065907755203626e-12
2600.471501710057,63.43577750306746,8.33666283062152e-13
2600.9329505773107,63.457883998016406,6.296746468953082e-13
2601.347693905284,63.47775633144407,-1.554695312577586e-11
2601.9696749890445,63.507564354443325,-2.2583636656745356e-11
2602.127373138112,63.51512306408625,-9.989899275451377e-12
2603.4858208346213,63.5802544764982,-5.226448582228695e-12
2603.609104045031,63.58616703036197,-6.699535155751728e-11
2604.2014669818054,63.61458013798884,-6.18848102390385e-12
2605.6220127016736,63.68274395543272,4.321399755209155e-12
2605.79751870454,63.691168058886284,5.5308990743843745e-12
2606.449042493984,63.72244547798851,6.194630967147757e-11
2606.9349832900557,63.74577891729554,1.0688352929613942e-12
2606.9425525397273,63.74614240467538,-3.263041469342883e-13
2606.992675557438,63.74854941815281,-3.1480854869111864e-11
2607.2886923127603,63.762765713465534,1.603823529917716e-14
2607.311640215592,63.76386786094125,-3.820472399411486e-12
2608.058928843224,63.79976412283308,-2.0495661612328416e-12
2608.972624028915,63.84366775792021,-5.3398394907413766e-11
2610.365994633203,63.910649709642904,-9.153099323258929e-12
2610.795382321209,63.931298393941475,1.1109662549630905e-11
2610.9542950704767,63.938941158303415,-4.754312181814669e-13
2611.054541105856,63.94376263961949,4.09896047250493e-12
2611.091728502341,63.94555126951853,5.718899795100572e-11
2611.775224198077,63.97843040780212,-3.9602843294072496e-11
2611.7796161230845,63.97864170646775,-3.202195690417045e-11
2611.816728078712,63.98042720348713,1.0091389236707947e-11
2611.879862158455,63.98346471182145,2.689920040693624e-12
2612.038774907705,63.9911106507598,1.8639319775541524e-12
2613.17004955612,64.04555431994837,-4.716218433103146e-13
2616.9588462497086,64.22806545829513,4.006912169365942e-12
2617.6572402905344,64.26173684794605,6.876414632826477e-12
2617.807609343498,64.26898770582305,-5.969826996498624e-11
2618.8191829724615,64.31777703001264,-1.8705048224575987e-12
2619.6498087863265,64.35785313275856,-3.747264348528636e-13
2620.538847328875,64.40076161886316,-2.1212217860122332e-12
2621.668893544688,64.45532309516025,-1.2099558963600727e-13
2623.6542222159214,64.55123672801109,-1.5677072410147145e-11
2623.659272992779,64.55148082975006,3.4683279919337546e-13
2624.144060797231,64.57491259010986,-2.3298034847682962e-12
2624.865238027364,64.6097780203173,-3.3851097127948405e-11
2625.0063290913204,64.61660021121222,7.54587276513202e-12
2627.0513881942966,64.71552634443889,3.4933170896136094e-13
2627.2518802647196,64.72522894196034,-3.82035945536784e-11
2627.8715830278175,64.7552234702477,-9.5371352108997e-12
2628.0720750982223,64.76492909691217,3.034661866457497e-11
2628.421886334041,64.7818648925563,-8.058740824445829e-13
2628.854197360824,64.80279795541138,-3.0214107924097226e-12
2630.3906079191697,64.87722081441109,2.9180421707338996e-12
2630.911293078496,64.90245237440307,-3.42408653127507e-12
2631.731487911691,64.94220781775114,2.355910728310354e-12
2633.6693767490615,65.03618793479238,3.890610987316413e-12
2635.5570671276328,65.12780013319774,1.3877763743202473e-12
2636.7873593768168,65.18754323151691,-2.2072344195195704e-12
2637.655007872567,65.22969308307212,-8.043690930694312e-12
2637.873232355718,65.24029648211625,2.9763546382562896e-12
2638.078281063878,65.25026047739797,1.2864418348276652e-11
2638.324833652554,65.26224230909091,1.544073431867277e-11
2638.972699807522,65.2937323012883,1.832208550749518e-12
2638.994659432496,65.29479979985126,-1.217454599218874e-11
2639.1367387740315,65.30170675782416,4.7736501342203157e-11
2639.3873538617495,65.31389091243467,-5.111506021755587e-12
2639.8384610196263,65.33582530628378,-5.432323976611573e-13
2640.1051136122887,65.34879264252179,-2.9663959942620958e-12
2640.159793267787,65.3514518802333,-5.919037886323929e-11
2640.4375834702632,65.36496251207973,6.120014200150096e-11
2640.517324634527,65.36884107384225,2.9407427524979035e-12
2642.2024847765115,65.45083363174976,-3.4425853925804895e-12
2646.7958436525855,65.67459210375209,-1.985425481259495e-13
2646.855574084892,65.6775043405024,1.4000239497418855e-11
2647.0150564133155,65.68528043575301,2.0101666328508983e-11
2647.585459722485,65.71309619469982,-8.598890605149972e-14
2647.7095388346384,65.7191477153098,3.311246833625709e-11
2649.1689806837203,65.79034812427663,3.494736010367554e-14
2649.968670644607,65.82937848139794,3.146913852299615e-12
2653.236137145237,65.98897566512909,4.125469894944276e-12
2653.8039327091474,66.01672931095898,5.248579530388446e-12
2653.9132920199922,66.02207543735057,2.2075604460858103e-11
2654.068787290094,66.02967734012861,-4.648889946256735e-12
2654.2140301248046,66.03677842085587,-1.9052736022361824e-11
2654.7249431551213,66.06176060425105,-1.6263055851123656e-11
2654.8701859898215,66.06886344050434,-5.491584525372358e-11
2655.0256812599114,66.07646808414069,-3.6136160348221036e-12
2655.0946896810337,66.07984314910732,-1.6776311724161398e-13
2655.1216246419617,66.08116050840988,5.591556272720187e-12
2655.1350405707412,66.08181667171094,1.170169130218576e-11
2655.996903995342,66.12397673182674,-1.2548885792976554e-11
2656.117250034258,66.12986482779247,1.0560709415134789e-11
2657.578805488125,66.20139473916602,-4.310656953718668e-11
2657.592640114938,66.20207200693213,-5.359104424022923e-12
2657.818028980504,66.21310631135593,5.941685838157094e-12
2659.644444895993,66.30255619844397,8.651856979194814e-12
2660.32794058835,66.33604663740144,1.7826621645725202e-12
2662.471941846439,66.44115586738278,-2.569760549793565e-11
2662.7136083706396,66.4530088301651,1.1924590620623708e-11
2663.6879945987184,66.50081024218771,1.458159814293853e-12
2663.8076956169457,66.506683737572,-2.947428485017918e-11
2664.012250185683,66.51672144200288,-1.842304482752419e-12
2664.5048612228616,66.54089753864008,-1.553597706587167e-11
2664.810979530124,66.55592329845987,-5.6483611224348824e-12
2666.885402786479,66.657791458726,-1.0209284513317556e-12
2667.8850152358214,66.70690746776084,-1.957801797515577e-11
2671.3810479205595,66.87882997147312,-5.650296298046444e-12
2671.731909042236,66.89609651004032,8.372408690619705e-13
2672.106047492508,66.91451106822488,1.2650586200623373e-13
2672.511094130592,66.9344497899473,-2.529602783875497e-11
2672.6072776662927,66.93918493999097,-1.299613369824223e-11
2672.7139537911817,66.94443684328718,4.447256450164096e-11
2672.926242322324,66.95488890429681,1.119315593763438e-13
2673.427472496069,66.97957034892062,-6.338480394713231e-12
2676.254729288872,67.11887605944266,1.725119341527913e-11
2676.653524380879,67.13853749773837,-1.94129503822162e-13
2676.817563346774,67.14662581474697,3.443797967936071e-12
2677.3711948566533,67.17392754414857,1.3005583678322316e-13
2677.9453312372375,67.20224641233864,-2.5701376386961206e-12
2678.8624438949355,67.24749493766092,-4.2085833436366455e-12
2679.443504504457,67.27617133720192,2.1985358353541965e-11
2679.8877767036315,67.29810117507573,6.78510749536841e-12
2682.7929012064023,67.44159141671692,2.19694191862461e-11
2683.3807075005,67.47064332277472,1.131122623988121e-12
2684.311414630678,67.51665587452325,-5.0965195075931855e-12
2684.900929663917,67.5458087330145,1.025155620466219e-11
2685.12266089661,67.55677550325855,2.4868603837264104e-11
2686.937520499421,67.64657203914233,1.0586107974845263e-12
2687.475293048089,67.67319187242842,1.4895732589834938e-12
2688.598504299455,67.72880820493064,-5.493381277493456e-12
2689.440926569157,67.7705363905069,-1.572961870924376e-11
2690.5345196737303,67.82472546539452,1.0972864403395002e-11
2690.6492591869314,67.83041224644249,4.502219078290251e-12
2691.540006462417,67.87456818785364,2.659689994392259e-11
2691.6745027223533,67.88123667891756,2.251186979922285e-11
2691.9409906006927,67.89445046201077,1.1758313079424525e-12
2692.339696419987,67.9142227053349,-4.951731871830305e-13
2692.504963817228,67.92241934884412,-8.160457042898386e-12
2692.519848331368,67.92315758965812,1.4883559113243915e-11
2692.5613522116682,67.9252161169926,1.0014407290470527e-12
2692.7406805582327,67.93411088632106,-4.264258533284074e-13
2693.1213245387216,67.95299296783404,8.770965755187136e-12
2693.8719551975264,67.99023628989352,-9.593156042792092e-13
2693.92834359196,67.9930344779529,-3.4481316509198563e-12
2695.2733753472194,68.05979698818057,-2.1893040610709005e-11
2695.734748769225,68.08270557182531,1.533289874250115e-11
2697.1564198042943,68.15332048856148,1.0850284888067575e-11
2698.60007812653,68.2250656209321,1.8871974914224422e-11
2698.7367772644884,68.23186111409306,3.960632867527547e-12
2699.5774769628947,68.27366096515762,2.4456412055876686e-11
2701.1177236870153,68.35027628897497,3.8298513483778694e-13
2701.388274064158,68.36373858330393,2.1210304917628327e-12
2701.682911503394,68.37840095756343,-4.43810758668569e-12
2702.265996445538,68.40742238304904,1.8148031251866235e-11
2702.5365468226523,68.42089040004893,-1.5469470795853806e-11
2703.7848392929163,68.48304795036863,3.0529362360631234e-12
2704.668751610396,68.52707889201508,-7.913972473861679e-13
2704.7554924440174,68.53140054921217,5.88027233066146e-11
2704.9012155856453,68.53866117262297,2.8440844411157626e-12
2705.443380058361,68.56567783295036,2.4887145681262066e-11
2706.033629383118,68.59509677133299,-1.6659667976252704e-11
2706.5520362196125,68.62094026259602,9.040375905657054e-13
2706.7981839398626,68.63321289207789,-2.9377367494772813e-12
2708.074042559753,68.6968435546229,6.899349898975181e-13
2708.653888567319,68.72577201856441,-2.490417276515802e-11
2708.8726071878436,68.73668547909577,-1.284523955064514e-12
2709.0959578871457,68.7478309770768,2.599634495789728e-11
2709.8500060232614,68.78546577350241,-8.886196225850033e-12
2710.0687246437633,68.7963840531251,1.161910791927952e-11
2710.3457943828994,68.8102164447338,3.853552856042873e-11
2714.222621914866,69.003910972863,-1.3205847502416593e-11
2714.3901676307282,69.01228815336022,-2.7582573342040352e-11
2714.6418326039843,69.02487221555837,4.556464144240777e-12
2714.7226374863017,69.02891296832262,-4.674952234490982e-11
2714.7630776478863,69.03093527612334,3.1891949831510346e-12
2714.8412747853154,69.03484579799665,-4.2492986628760303e-13
2715.169846854799,69.05127842669353,-4.025681275233624e-12
2715.5799442680304,69.07179111137224,1.7427661137697812e-12
2716.0583912501143,69.09572649234244,4.0981641373774015e-12
2716.4684886633117,69.11624588932682,6.358872092521884e-12
2716.6515777450963,69.12540782903027,-1.0064555620359185e-11
2718.343243405599,69.21008948617367,2.5157169828088816e-11
2718.7140398166202,69.22865791300056,2.195701235616579e-11
2718.9874380920205,69.24235054109647,-8.056593098452752e-11
2719.1087585767264,69.2484270858738,-1.043977237340786e-11
2719.382156852116,69.26212170184485,4.7641006124568685e-11
2719.7529532631015,69.28069722478362,1.0484792198218323e-12
2722.761260960002,69.43149589327588,2.5389306080159427e-12
2723.9454172398328,69.49090030374981,-1.5093212367110367e-14
2724.889464854287,69.53827792226758,1.6772032686787794e-11
2725.10029863023,69.54886098945877,-7.080787613572685e-14
2725.4020866203623,69.56401104296945,4.158384458873966e-12
2726.207561644901,69.60445489476301,8.548801380714623e-13
2727.121750958865,69.6503718989235,-1.1347623838173064e-12
2727.55747945994,69.67226266018301,-1.1388576500847419e-11
2727.7596802676235,69.68242230606228,-7.554608674448386e-12
2728.1954087686745,69.70431818760633,-1.477386236656606e-11
2728.573774428939,69.72333435438667,-7.948205576115916e-12
2729.7734879053296,69.78364783330304,5.932819924240194e-12
2730.185788196115,69.80438162469127,8.646309074774995e-13
2731.5369960518465,69.872353224971,-2.313190792299225e-12
2731.5892326749417,69.87498162830214,-1.6775488100934493e-11
2731.6395204050004,69.87751201617702,-1.2852687559842805e-11
2735.2510130428213,70.05935761390872,-1.2215964210007069e-12
2738.3143914259476,70.21379293498575,-5.237504234017954e-12
2739.931531409345,70.29538817406754,-5.028720996884952e-13
2740.283126821459,70.31313482673318,-4.189890793026969e-11
2740.354804596501,70.31675301622536,1.6047300780027428e-12
2740.4327615799302,70.32068827843366,1.5032579638928898e-11
2740.7158427103527,70.33497913229039,-3.4263418922420646e-13
2741.217072880902,70.36028647820166,-7.530052796434099e-12
2743.4582321041657,70.47350026431754,2.854781473624169e-11
2743.524138640943,70.47683098133545,1.881662293241342e-11
2744.082326785276,70.50504333030513,-6.3444678121276034e-12
2744.181522931988,70.51005757431435,-2.0052369539062867e-11
2745.555603247672,70.57953430070796,-5.605262702253266e-13
2745.5775628724227,70.58064491324218,2.706563317385381e-11
2746.5752402525886,70.63111202114627,-8.223386243397215e-12
2747.53213421402,70.67953334252292,-2.4179544849580954e-12
2747.6278236101593,70.68437640233569,-5.275402598319951e-11
2747.8328723161685,70.69475495561305,-1.612036759213251e-11
2749.8050251884206,70.79461514561729,1.5451136955940848e-11
2749.8350482016153,70.79613591802745,-2.281764885990647e-12
2750.0784234630446,70.80846435354556,-3.859826197728923e-11
2750.6871394908358,70.83930429559243,-1.608832793716731e-11
2752.2828755961746,70.92018294642114,-7.555142482766894e-13
2752.692973008017,70.9409759929998,3.5631305953149895e-12
2753.0130013802864,70.95720444806517,-4.5326294442219786e-13
2753.3787470133434,70.97575350931089,4.413863082947122e-13
2753.7285582449617,70.99349675099948,-1.6794140079216738e-11
2753.9670474424734,71.0055947716732,4.1455381039141076e-11
2754.398384017544,71.0274781671889,1.0735793905357773e-11
2755.1880000793967,71.06754736524994,3.859384419354739e-13
2755.9626285237746,71.10686717442142,-4.617036590648319e-13
2756.1357053234224,71.11565398962374,-2.6422672232817786e-11
2757.3022046277792,71.17488957059072,-4.5076846740999056e-13
2757.4219056449556,71.18096948284338,5.6906671676917704e-12
2757.613284437064,71.19069063581303,-1.4297081460365657e-11
2757.977245889902,71.209180047273,-3.4558276970984375e-12
2758.168624682,71.21890315799843,1.207438159145805e-11
2758.638781951226,71.24279263588247,-1.2663131770674983e-11
2759.069384233417,71.26467583106756,-6.091885890020113e-12
2759.9659920136314,71.31025237199836,-1.7262298140496806e-12
2760.330447605279,71.32878268254852,1.3084339214242012e-11
2761.717943847626,71.39935066544916,-2.6014395684354645e-11
2762.7241649224266,71.4505491983156,-2.5096211639683473e-11
2763.5375247884776,71.49194819973059,-8.256537630783428e-12
2765.252138344279,71.57925981061763,-2.870719944387636e-11
2766.846405862155,71.66049174316318,9.31172623283823e-12
2766.95576517184,71.66606559050018,3.3163587628804586e-12
2768.0083485275027,71.71972513574458,9.531291264091648e-12
2768.1177078371757,71.72530132378301,4.9745543137597485e-12
2768.1640977810157,71.72766679525684,2.2532526544903805e-12
2768.7154509672687,71.75578390296424,1.0463814825167313e-12
2770.595153374131,71.85168431993206,4.095683060387345e-12
2772.4135197132327,71.94451737039425,2.5351154043627343e-11
2774.4800442734086,72.05009358432564,9.701613215212509e-12
2774.6794864536632,72.06028700396605,2.725162395000394e-12
2774.787617331689,72.06581384140482,-3.1554661792546106e-12
2775.4176617935086,72.09802126050668,-8.582766273266849e-13
2775.704729981214,72.11269840434471,1.9877855775422865e-12
2775.7735736885984,72.11621845227363,2.929151017566691e-12
2776.41150299458,72.14884057132177,-5.120965326405472e-11
2776.832587133522,72.1703778747273,1.3903087953113042e-11
2777.963951036254,72.22826022462745,-3.0226585573535463e-12
2778.6325622070776,72.26247850420799,3.1536994981236184e-13
2779.099048011963,72.28635725939888,-2.542821843878703e-12
2779.5438897868135,72.30913182083815,6.716386629319163e-13
2780.010375591663,72.3330184070524,1.4091262406714337e-11
2782.375044338087,72.45416384643657,-8.76809331931263e-12
2782.6667584356246,72.46911592356305,4.915142119258468e-13
2784.2560644464043,72.55060481437447,8.712977498427216e-13
2785.338265946805,72.60611943491084,-1.7495946100235753e-11
2788.7218374005774,72.77982857866644,2.6743755006088364e-12
2788.986211670586,72.79341016954763,-2.190426422344999e-11
2789.963610498976,72.84363285712071,-2.5146308978505238e-12
2791.160880936923,72.9051774140289,-9.655821761626295e-12
2791.603039525588,72.92791283544251,-2.7911649136025382e-11
2791.6633395368276,72.93101369017992,1.882702372904773e-11
2792.8110427062556,72.99004569924439,1.3687712582763025e-12
2792.9257822183945,72.99594864984527,2.8146720888942137e-13
2793.27249156505,73.01378711875978,6.15424979034227e-11
2793.3545110471255,73.0180074095753,-1.1321761653860714e-11
2795.9144701996065,73.14979172533742,-9.637580321567868e-12
2797.1703935185433,73.21448962961982,-1.4547622689211657e-12
2798.251799115452,73.27022067045333,-2.0206979399621938e-11
2798.5251973889185,73.28431386510887,4.152324655573444e-11
2799.087866727599,73.3133228014156,2.496516920180319e-12
2799.3065853463577,73.32460061545973,5.730596339589124e-12
2799.6893429291754,73.3443389104371,6.553666725166808e-11
2799.853381893237,73.35279900584308,3.9234659392232334e-12
2800.2361394760364,73.37254115609346,-5.995210559489177e-11
2800.435012076113,73.38279981772048,-3.8843225281075627e-13
2800.4548580947744,73.38382359646523,2.1326808264888635e-12
2800.923306623064,73.40799113685081,1.4853527606413008e-11
2801.183529121683,73.42141791797812,1.925342008091761e-11
2801.2603331139685,73.42538103584496,7.29100588110289e-12
2801.8574173905054,73.45619453818327,5.126453066302338e-12
2802.6644364358517,73.49785250128954,-2.0153635210002304e-12
2802.7791759478932,73.50377627782058,-4.468365967620535e-12
2804.0094681779724,73.5673090998296,-1.2796040633590715e-11
2804.41331404213,73.588169952909,-3.617575531771585e-11
2804.890052281235,73.61279996338251,-1.7211647561906821e-12
2805.036029406631,73.62034250345349,5.432639083289354e-12
2805.4157743776213,73.63996550992718,1.5987530986943849e-12
2805.733195003558,73.6563699957524,6.596716636944969e-11
2805.8925126166855,73.66460432384778,6.341772114160367e-12
2808.0539306642636,73.77636337827984,-2.8360767482619342e-11
2808.313569751733,73.78979415940617,1.4294276743280978e-11
2808.9429691911546,73.82235730044543,4.172608562869939e-12
2809.7962889075825,73.86651702330805,-9.035977720398814e-13
2809.973338933319,73.8756811310617,4.326115948956141e-12
2810.4114350222744,73.89835946284342,3.971535439792595e-12
2810.657493468141,73.91109839038947,4.3564419589470696e-13
2811.2726395827885,73.94295058858467,-9.041590663580104e-12
2811.372480749509,73.94812101070384,3.2428197665014135e-12
2811.4841183777185,73.953902547432,-6.3227590076942105e-12
2812.093657967074,73.98547369034385,-2.2749075564008582e-11
2812.3282493773395,73.9976261916733,-4.239281179644287e-12
2812.503755376792,74.00671856382061,2.3537285841346612e-12
2813.045919844324,74.03480985460446,-3.70259591580593e-11
2814.4007237128844,74.10503028613651,1.3185218635261707e-11
2814.769722109452,74.12416158948082,-9.73723513201786e-12
2817.3324537151275,74.25709964744672,5.875775657998508e-11
2817.797965071967,74.2812603707948,8.833753970725452e-12
2818.804817331254,74.33353113620998,6.7911296467997474e-12
2819.8406565473656,74.38732624852175,-5.211949584812143e-12
2821.696361156287,74.48374954360277,-1.0035712565833111e-11
2822.3116719833274,74.51573539095202,-3.829648033611099e-12
2823.0513913464274,74.55419762838476,-1.4136568702279336e-11
2823.3779252476593,74.57117919890526,2.6631590413223624e-12
2823.4850955099837,74.57675307392753,2.5186912200862575e-12
2824.1777044679543,74.61278044254357,-2.8240977428121203e-12
2825.438767832782,74.67839973687423,1.6537341262617632e-11
2825.7668457601935,74.69547603788507,1.0578623902594439e-11
2827.0218084607313,74.76081455090493,-5.935464007420023e-11
2827.135724407735,74.76674691925591,-9.199987370951155e-13
2827.353948887097,74.77811200093605,-6.776779576656034e-13
2828.37512991107,74.83130653554481,-5.149079449550252e-14
2828.489045858061,74.83724174371747,6.128142738112988e-13
2829.344163584414,74.88180241553573,1.3582124493088314e-12
2830.166801434563,74.92468325447942,-3.4687203880532994e-12
2830.4719314594913,74.94059163839542,-1.842910374367193e-12
2831.2844061464452,74.98295951456872,-1.264923133397372e-11
2831.7628531236874,75.0079146356313,6.257139113010878e-12
2832.7028382302888,75.0569552162382,3.17801300649983e-13
2833.3544374468324,75.09095977890767,4.653448470788859e-12
2834.138179161791,75.13187073281516,2.430488511712518e-12
2834.986297217971,75.17615484906807,-1.0814557943860842e-11
2835.1566769994824,75.18505275370505,1.766984647556905e-11
2835.5928996353578,75.20783645859461,3.1692482131208785e-11
2836.7072515812965,75.26605445559751,1.7351684154933058e-13
2836.8895170963574,75.27557887812999,-9.4327790554432e-13
2838.8643531392872,75.3788146665712,-2.039968290221632e-12
2840.3253251581154,75.4552341243847,-9.804918244853991e-12
2840.8473141798863,75.48254747854497,-6.0214961890193195e-12
2841.291586372692,75.50579821199305,4.0999685184432105e-11
2843.58156472092,75.62570060054173,2.0207964821861523e-11
2844.7713413448605,75.68803498053849,3.0918418208125795e-11
2844.7845171196,75.68872542731579,5.47456469258194e-12
2845.1814387534764,75.70952671011365,4.687374043075658e-12
2846.4353377334055,75.77525826110097,4.761210535118409e-13
2846.458045481919,75.7764489075093,-1.253619932716102e-12
2847.0504838462393,75.80751587263009,-3.0612095950153727e-12
2847.7533590693442,75.84438243841363,-6.164856018960587e-12
2847.7999753354293,75.84682783379213,1.6740231577803306e-11
2848.657282107263,75.89180755686726,5.3147760808221553e-11
2848.908720755032,75.90500218264336,5.394332820676235e-12
2849.0727597184236,75.91361100467016,5.649342689804173e-11
2849.1251610539516,75.91636114950131,7.068629947084983e-12
2850.1093948342577,75.968025440949,-2.010873461091967e-12
2850.3521250730264,75.98076955300638,2.003590325095014e-12
2852.6454316258723,76.1012290311957,1.2985553703138352e-13
2852.8600877446743,76.11250913464278,4.731055952357411e-11
2853.0833630003312,76.12424307127627,1.4723628517377867e-12
2853.158142658421,76.12817322288123,2.51576270427749e-12
2853.1881656713526,76.1297511541343,2.793077699896236e-12
2853.9855772986607,76.17166710647858,3.5373362035835203e-12
2854.090379969675,76.17717693109392,-2.0181914694723352e-11
2854.3136552253095,76.18891592777322,1.5819280507002153e-11
2856.329830432203,76.29496063514073,7.37924569104593e-12
2859.5596153379984,76.46499358950147,-1.3865056990722988e-11
2859.7851689124705,76.47687510044376,1.1114528683093363e-11
2859.942372918919,76.48515670772025,-4.047057892071437e-12
2860.4686645926627,76.51288540172753,2.649874045616541e-11
2860.5101684723545,76.51507233089288,9.574420678456961e-12
2860.9812863527827,76.53989877506294,-2.3866973518073908e-11
2861.7319170006012,76.57946311767479,-1.5378033637780656e-12
2862.114839294415,76.59965023605359,2.579807131787063e-13
2864.9425901791446,76.74880885895037,-3.463212569446807e-13
2865.990616888328,76.80412773883327,-4.846235418257968e-11
2868.4091555387477,76.93186472895842,2.51129794964113e-12
2868.748789772643,76.94981140177778,-1.718095782428553e-11
2868.901272428154,76.95786945597219,2.620153349529112e-13
2869.0090122698166,76.96356330262516,-3.087051404156706e-11
2869.178177450544,76.97250379359104,-3.9693879187112115e-12
2869.3877827923166,76.98358230487317,-5.655353685599859e-13
2869.710734500967,77.00065322563782,1.2711186561250565e-11
2869.7523138214806,77.0028512086526,3.4278442980491594e-11
2870.07526553012,77.01992429800825,3.979937566320169e-11
2870.284870871879,77.03100627301227,1.1889433676760903e-12
2870.4540360525893,77.03995073972845,-1.5204843656225765e-11
2872.478754952892,77.1470469617588,2.2520038463159424e-11
2873.3729196927184,77.19436727718372,2.3213361092271075e-11
2873.674872392002,77.21035031787191,-6.566639160227953e-12
2873.9743958906424,77.22620643476523,-5.006185689017627e-11
2874.09913385214,77.23281027620936,4.254923708929282e-12
2874.700610050031,77.26465747995229,-1.1059031553751536e-11
2875.7666369873014,77.32111827549699,-1.0113073253397314e-11
2876.95591946931,77.38413185218593,-6.768498074483814e-12
2878.8072321447853,77.48227463523875,3.785842087029258e-11
2879.2173295522884,77.50402348118074,-1.0764911821637186e-11
2879.331245498816,77.51006537707292,2.3938359455079403e-12
2880.1299748281554,77.55243525087566,5.149400354744712e-13
2881.155218346785,77.60683815535094,-5.125643561023221e-12
2881.2623886086117,77.612526091343,1.4578346191570735e-12
2881.524395285579,77.62643267941387,1.4139217351473653e-11
2882.168109655434,77.66060462350669,-2.2748800446200394e-11
2882.5432979861885,77.68052523074846,-2.28545285551293e-11
2882.7511945885453,77.69156460782125,-2.262500906409155e-13
2887.311126706769,77.93389872533267,-7.440669502608183e-13
2888.746467632027,78.01025808237972,8.236026944574895e-12
2888.9579464256367,78.0215118469126,1.94925118956181e-11
2889.1573886040146,78.03212584232224,-3.062497431738251e-11
2890.998359570448,78.1301339852507,3.336041373944852e-13
2894.0106542819512,78.2906347770826,-7.818566304756943e-13
2895.41744077902,78.36564829541415,4.369075387414345e-12
2895.7084960220286,78.38117267011437,-1.3450218331005593e-11
2896.0378023791745,78.39873917353097,-6.822079330700062e-12
2896.352210391176,78.41551280436938,9.892100413268427e-13
2896.926346760899,78.44614761147098,-7.986223072591857e-12
2897.240754772879,78.46292638841044,4.6695763725542995e-12
2897.519533246814,78.47780527356534,-6.077438916730734e-11
2898.3533225333326,78.52231458136953,-1.0494613053881477e-12
2898.6997024511097,78.54080878595941,-1.4697447162633602e-12
2899.2304753202634,78.56915254038267,-2.4085774244091238e-11
2899.376946583432,78.5769751528182,-1.8615024558051067e-11
2899.3969573148947,78.57804389959935,-5.126863504425668e-11
2900.35947162066,78.6294592296615,2.918670409587744e-11
2900.528321206312,78.63848055082534,-1.2632828050996228e-12
2901.4510403716295,78.68778900650953,-8.874711569069558e-12
2901.8783144424733,78.71062707847409,-5.082794064804615e-11
2902.440983776469,78.74070724398311,-2.4025657230555497e-11
2903.7532954780436,78.8108857704142,3.234107019754585e-12
2903.92556254204,78.8201004560913,3.9219120511096965e-12
2907.7664310467926,79.02569316488808,-5.8901426952104055e-12
2908.0063888266627,79.0385465626837,1.813266554542509e-11
2908.094508972066,79.04326700632873,-2.0807078276312243e-12
2908.7582340720546,79.07882620709572,1.2314040660708217e-11
2908.8628720296615,79.0844329464492,-1.0847178975337815e-11
2909.190949954907,79.10201341414032,1.2465029699918858e-12
2909.7926801362373,79.13426303480828,9.611370675870184e-13
2911.165381119846,79.20785765955429,-4.994234191694422e-12
2912.014144191471,79.25337976445294,-2.3286456210016237e-11
2912.029028705334,79.25417819091201,4.753804849097402e-12
2912.2498609280774,79.26602442434734,5.396433181570901e-13
2912.596824256476,79.28463859770221,-3.576304521114385e-11
2912.746699166627,79.2926798957021,-2.3664696821936483e-11
2912.971038139853,79.30471721682822,-1.4348471335376811e-11
2913.5044187532762,79.33334045919291,-5.358973531913306e-12
2913.5537182048174,79.33598632076584,9.303306654886439e-12
2913.871228100122,79.35302789197337,-2.9233727846736776e-12
2914.8987499350255,79.40819035590165,5.906898746834894e-11
2915.132366896872,79.42073478567212,4.599667760736105e-12
2915.2439290833095,79.42672564721366,4.375352600073709e-11
2915.8021926605893,79.45670770595815,1.106290200805938e-11
2916.781794357088,79.5093319911539,-2.927483864674767e-11
2917.001906118318,79.52115884558981,-5.398914774087917e-13
2919.0866572056743,79.63321914094495,-5.232610923977678e-12
2919.2028514707777,79.6394672125847,-6.598512068426801e-11
2919.6050640328885,79.66109716174802,-1.0005987470787422e-14
2920.22021014222,79.6941838892684,-3.695505598238185e-12
2920.6269039012973,79.71606246399581,1.0928750046444156e-12
2921.096402312453,79.74132347858351,-4.260530912397489e-12
2922.161921275801,79.79866800227387,4.1737709438352764e-11
2924.1553132828867,79.90600532781559,-1.1831703191491165e-11
2924.3010364218335,79.91385489029254,1.374864515732448e-12
2924.777294348777,79.93951185842289,-7.472634570740649e-13
2925.324090890195,79.96897403524237,2.23870082337808e-12
2925.6590037718033,79.98702233831901,4.4948929891251386e-11
2927.443195304303,80.08320643291475,2.3392274903284328e-11
2928.1630686428375,80.12203073307072,-7.106575854756977e-11
2928.4000892515796,80.13481584752796,4.7119337666147084e-12
2928.6005058758624,80.14562731611997,2.0879773063880733e-12
2929.256661725375,80.1810287997335,-2.463086549414512e-11
2929.6940989583663,80.20463419483546,-3.1349140611852136e-11
2930.374925280449,80.24138059072278,2.3677675851310348e-11
2931.486340047409,80.30138558220786,-1.4699895103379236e-11
2931.787483011812,80.3176481297074,-8.262491306235471e-12
2933.6622377206168,80.41892760657305,-2.293474385218418e-12
2933.718626113914,80.42197486776159,-4.921552120339984e-13
2934.039374942908,80.43930943300322,7.805200345413946e-13
2934.0814484020957,80.44158339366594,-3.053504130278327e-11
2934.267206835013,80.45162354195638,-1.2293643902538013e-11
2934.5388209254897,80.46630528881559,1.828603591252307e-12
2934.9016432136486,80.48591929643624,-6.28709621981055e-12
2934.958031606942,80.48896784501065,1.1446991178145052e-13
2937.1085383455475,80.60527527468722,1.2011313966841475e-11
2937.8524233043395,80.64552718001846,7.178763917546559e-11
2938.72746248271,80.69288893890938,-4.539109627170189e-12
2939.378327401202,80.72812634583248,-2.8288654790029726e-12
2942.4574276431113,80.89493262729252,-2.8517748641237944e-13
2942.8903082378374,80.91839737698875,-1.2933158404218877e-12
2943.892768562413,80.97275004983888,1.0327603231767736e-11
2945.027460656339,81.03429456863242,-1.1219587308372711e-11
2947.672856737618,81.17787020200883,-3.594190896245509e-11
2947.8237199251357,81.18606200220539,2.002561461253144e-11
2948.1194965177992,81.20212374894878,-1.0345789505309777e-11
2948.302166898065,81.21204422118454,-4.512495890626378e-11
2948.780613870979,81.2380306568686,-2.587406749761235e-11
2949.0320525168186,81.25168902087778,3.818436127066503e-12
2949.69496788125,81.28770473772751,2.4672784988307874e-12
2950.2191459454407,81.31618868756289,-4.958452821920095e-11
2950.41263834054,81.32670438531284,-1.033991119229015e-11
2950.496936140518,81.33128591895624,-1.2882428405338715e-11
2951.1064757232607,81.36441791607871,7.546285415905058e-12
2951.214606599768,81.37029616854247,4.526131444092644e-11
2951.367418680245,81.37860376513467,-1.2170573123394109e-11
2951.955719099997,81.41059060931164,-1.1685534038044378e-11
2954.5391064302917,81.55112901847453,-6.86009709534689e-12
2955.136609397687,81.58365117957662,2.9577145466772536e-12
2955.305774577314,81.5928600559425,-1.762281538493397e-12
2956.3669016131075,81.65063684993699,-2.5175041571879044e-12
2956.511259269695,81.65849851312232,-2.4210815808481602e-11
2956.536066792718,81.65984956006206,9.784259908678531e-12
2956.7846575397707,81.67338873108703,3.786431572394209e-11
2956.828350465969,81.67576852698579,1.745797039058205e-11
2956.9828712855724,81.68418500009373,3.5423576861821723e-11
2956.996946065845,81.68495165009675,-2.453632616683976e-13
2957.9397652307807,81.73631509976668,1.4131104760869116e-11
2959.654378759996,81.82976677739542,3.766408395742233e-11
2959.8713131959676,81.8415942264717,-1.4433220940967908e-12
2960.411844358961,81.87106821404235,-1.3088373916062051e-12
2962.9127318990736,82.00750622323727,-2.257505586532461e-12
2963.0836058177924,82.01683259747166,-5.360541780865025e-12
2963.6907023681074,82.04997254639505,-5.7220620148322214e-11
2965.154041964031,82.12988066067219,-2.7757328010886595e-13
2965.202936548615,82.13255131252694,-7.302467470545396e-11
2965.892217292764,82.17020493099653,1.1659656505057814e-11
2967.0366815123857,82.23274337092775,2.3868137079328958e-11
2967.5493032683858,82.26076304896112,-2.514214060813176e-11
2967.8021966680058,82.27458787318805,6.985299818500873e-12
2968.1646140885205,82.29440205798163,1.4769027783996348e-11
2968.2364704064635,82.29833089375127,-2.371198030490194e-12
2968.3148184239776,82.30261477985833,3.4187072795939763e-12
2969.717377701397,82.37932256679399,-1.394965961154538e-11
2971.4662552849986,82.47502171388197,4.4553050870028745e-12
2973.0041205524576,82.55922075306273,-1.190885441631382e-12
2973.552639662399,82.5892630414845,1.4383254704452626e-12
2973.7982039662916,82.60271434819711,3.1968512786183364e-12
2974.714582308768,82.65292072672071,4.0560780789527604e-12
2976.214628991236,82.73513841073911,1.9932967730481035e-12
2976.8492300809107,82.76993342628079,1.1128453857737102e-13
2979.12535994793,82.89479406546883,1.693246337274463e-11
2979.232440936871,82.90067050988496,-8.443056891810085e-13
2979.5435207406845,82.91774330205125,3.5545442711901415e-11
2979.839626758596,82.93399595352666,3.7336879017253196e-11
2981.343317241445,83.01655536363138,7.018827002708734e-11
2982.0514833879465,83.05545131549813,-5.4768123974884365e-11
2982.575496737966,83.0842386411098,-9.448377466231375e-12
2982.9126879370997,83.10276533392515,1.8243353982799833e-11
2983.436701287089,83.13156097246932,-6.463728195887375e-12
2984.385394791748,83.18370654921898,-7.236434830471871e-12
2985.521226041841,83.24616008508126,9.074900293481638e-12
2985.800230836527,83.26150476374056,2.3931573195323165e-11
2986.712876105199,83.3117083565216,2.754675786035191e-13
2987.732513090582,83.3678155901137,-2.3111478789063062e-12
2988.3841122994754,83.4036809582233,-3.4120507476729412e-12
2989.5028561574104,83.46527717561095,-4.627822173506258e-12
2989.96641861514,83.49080692639926,-1.9098729435388711e-13
2990.2205266146684,83.50480308250788,-1.1050369109765523e-11
2990.590108417263,83.52516160758778,6.206743715340948e-12
2991.570609114103,83.57918497649123,9.50026559445502e-13
2992.9616120817095,83.65585647406992,4.433152697523095e-11
2994.074749414118,83.71723780827672,7.309940327611944e-12
2994.9268406869037,83.76423979610084,-2.741312444027786e-13
2995.2139088697018,83.78007770232654,-1.5019682158960763e-11
2995.428070847342,83.79189427184026,1.1380888635475245e-12
2997.6940375484132,83.9169726755406,1.1392879796691181e-11
2998.1417410456133,83.94169651393659,8.999239250363195e-13
2998.4236830108,83.95726828388052,3.4090111979180334e-12
2998.6659191080043,83.97064825199283,5.3341838370861795e-11
2999.0623465984318,83.99254735008147,5.708140590152296e-13
2999.353806706011,84.00864977910322,1.1725717526937186e-11
2999.635748671173,84.02422784398509,-3.8018937018748697e-11
3000.872649516903,84.09258730257181,7.43926378655479e-11
3001.5993578083835,84.1327632325812,2.228041086078008e-11
3001.9069308612397,84.14977028041618,3.531950736314965e-11
3002.328419859589,84.17307906511671,-5.597505038943575e-12
3002.5643151388745,84.18612575032988,-1.700678011644895e-11
3002.6359929124296,84.19009024360133,3.640759797402248e-12
3003.823655916279,84.25579358735801,-1.0380969294863571e-11
3004.656065883098,84.30185927425265,3.0892686387183086e-13
3005.917293943718,84.3716801363424,2.512361987280929e-13
3006.012818624953,84.37696952160094,-5.621605111015109e-12
3006.409410828139,84.39893139197066,1.887029997943097e-12
3006.833013432308,84.42239220261004,3.583340321171515e-11
3007.223999110305,84.44404949052455,-1.891536201800605e-12
3009.5889834099626,84.57510957837349,6.784594855784233e-12
3010.282910061897,84.61358438956428,1.13359729505173e-12
3010.8593247457907,84.6455504857739,2.6120580086588706e-11
3011.1195472402474,84.65998358984437,5.6684528889655007e-11
3012.489386483969,84.73598157047805,1.890252419125559e-12
3013.844190332107,84.8111793937085,5.051218618135309e-12
3015.5398430106634,84.90534352990824,1.80967978969351e-12
3016.679572044295,84.96866550051627,1.840988802327024e-12
3018.597045221341,85.07525198974766,7.123922533984047e-12
3018.6905317373958,85.08045035173944,1.9938341058065853e-11
3019.913028375386,85.14844267361323,-5.826616807422997e-12
3020.0802308300003,85.15774421200135,-5.754069693011437e-12
3021.1069567548298,85.21487266986298,2.4052046606557496e-11
3022.0638506957544,85.26813306133084,-3.662022587523784e-12
3022.3850936616222,85.28601711730512,-2.459399782628651e-11
3024.3667646340787,85.39638161084159,1.024808295250826e-12
3024.9968090838297,85.43148560689,1.7215680913507127e-11
3025.0736130748146,85.43576537164434,-7.215860702904942e-12
3025.4474220884226,85.45659676042975,-1.0898692551757186e-12
3025.543605621365,85.46195723097769,1.7549406747639765e-11
3025.789169924374,85.47564371678145,1.8718995500375107e-11
3026.0493924185675,85.49014838668421,-9.134346088296787e-12
3026.5468895049203,85.51788209402427,-8.050543315116877e-13
3026.5775575380467,85.519591877858,1.7150091081127554e-13
3026.596188956064,85.52063061277269,-7.359001895765181e-12
3026.961543545843,85.5410010774617,9.358679865761529e-12
3027.8227480923388,85.58902754776966,-3.0583244489468593e-12
3027.94122067545,85.59563543278767,-4.6724114261585805e-11
3028.2265939496788,85.61155337336075,-3.234698405216808e-11
3029.0040702763117,85.65492812153397,3.6706788094311064e-11
3029.046788755796,85.65731167216256,1.69586907044296e-11
3029.8242650823872,85.70069816687081,2.3156665501217944e-11
3031.1094909302124,85.7724436672147,1.7059073593915303e-11
3032.2453221766705,85.8358748010841,5.2194828859829216e-11
3033.2665924572057,85.89292850370083,3.6058068381677445e-12
3033.394747895621,85.90008931901106,7.4287261211091e-13
3033.609568724539,85.91209332965963,-8.079623426246785e-13
3035.078679551503,85.99420881564912,-3.96790501896796e-11
3035.2043919580397,86.00123731750745,-3.301490205916732e-11
3036.0619527031504,86.04919076759482,3.801909237456168e-12
3037.0302382376376,86.10335205734756,-1.4021337272926241e-11
3037.197783949232,86.11272552073493,-2.0990855514255834e-11
3037.5805415251966,86.13414110415376,-1.8232664298373462e-13
3038.4690858979325,86.1838662554497,2.6627352354370734e-12
3038.7014744261787,86.19687369423848,-3.555500033302112e-11
3040.2451385871605,86.28330216537086,-1.2268930094328724e-12
3041.145733406093,86.33374599405796,5.253888696448487e-11
3041.2055392773227,86.33709635039122,-2.8637294668817136e-11
3041.4845440709487,86.35272721619417,1.3976866031409853e-11
3041.8343552948054,86.37232694235206,1.9205366126339897e-11
3042.0479476920427,86.38429551261719,7.575384485273121e-12
3042.34080094329,86.40070680128089,5.411062413153472e-12
3042.6767637094904,86.41953586237732,3.814102509025071e-11
3042.736569580713,86.42288790539249,2.4797442235514804e-11
3043.694122372088,86.47656649392113,6.690462612082944e-14
3047.309677421217,86.6793999211026,9.724376897094016e-12
3047.369002984803,86.68273010615127,-4.1114924199717337e-11
3049.2658820156835,86.78924381382365,9.080506762778675e-12
3050.0461307990067,86.8330756466045,-2.396870318100247e-11
3050.8350879911336,86.87740809213578,-5.3072548756373934e-11
3051.0571348120216,86.88988723544456,-3.227533659365791e-12
3051.176835826509,86.89661486959479,-2.4512875917807105e-11
3052.079050111862,86.94733109903733,5.688875423010936e-12
3052.4207979472076,86.96654570751957,2.237656116294653e-12
3053.485520998478,87.02642304400507,2.786622511378339e-13
3053.5175821760668,87.02822640756767,2.3914545152625817e-11
3054.0756055941188,87.05961690566264,1.0172014985881907e-12
3054.3640669202896,87.07584597310137,9.163667941973355e-14
3054.7073587818027,87.09516184828962,5.437118609514735e-11
3054.7820491666935,87.09936471187069,-4.767389622843256e-11
3055.0063881376805,87.11198899063167,-9.474564611425433e-12
3055.4713299066198,87.13815571793467,1.1034060202070878e-11
3055.778992230471,87.15547301349417,-5.541873025910594e-11
3056.6345902501753,87.20364096565297,-1.7137807546864466e-11
3058.0699311581534,87.28447722681209,8.874784486052638e-12
3059.6751853683522,87.37492770697652,-7.377500427962038e-11
3059.680236145028,87.37521237554978,6.38568201709844e-13
3060.1035093217724,87.39907029145587,-7.113371758120602e-12
3060.796612406579,87.43814437535922,-8.58842848268204e-12
3061.122007142658,87.45649174265502,1.525069298856928e-11
3062.6776324755942,87.5442325567816,-1.8240561570971462e-12
3063.0723512251466,87.56650268430465,-7.499388947275282e-13
3063.8623583039453,87.61108369551764,-3.851731392496918e-11
3064.257077053468,87.63336243716638,-3.580205606749043e-11
3065.9672232045414,87.72991977260718,-3.5772449313344884e-12
3066.2658476934325,87.74678606995023,2.172533716260786e-11
3067.42534730065,87.81229012609408,-4.51657086281448e-11
3068.5340927026627,87.87495006859416,-1.0129064868928468e-12
3069.128733935524,87.90856511591528,1.2823022220222592e-12
3070.1620408286617,87.96699341045624,-3.372599226045265e-12
3070.9822356325176,88.0133852927865,-1.1177811571274264e-11
3071.885602907415,88.06449591942892,9.331173124233597e-12
3072.08170304572,88.0755928399623,-2.2944438277410434e-11
3072.2700692216854,88.08625277781879,7.116925341831377e-12
3072.40066769163,88.09364393409633,2.6686565567435305e-13
3073.056912806731,88.13078856001546,-1.864921762294252e-11
3074.819371019404,88.2305860522557,7.2540830808072e-13
3075.500588370184,88.26917465831691,1.1789700725800232e-13
3075.71524448555,88.28133595578196,-5.6312721251088146e-11
3076.0747247326904,88.30170413516842,3.9877510867085266e-13
3076.673366854593,88.3356285281926,4.230311073715529e-11
3077.0509089399425,88.35702681891522,1.998140666545075e-12
3078.2454068946217,88.42474574389429,5.776305446647474e-11
3079.24869077471,88.48164459780429,-8.243231756838217e-12
3079.9778420942657,88.52300831151487,8.463560369135926e-12
3080.0791518443853,88.52875624395044,3.5855931096652937e-12
3080.6066581101636,88.5586880114645,6.439382055343438e-11
3081.297482875157,88.59789455133534,-9.017065662266782e-12
3082.295160229911,88.65453148374125,-1.0786001992085604e-12
3083.6621515685847,88.7321636949812,-2.880333593847061e-12
3085.1443765556774,88.81637898720828,-1.9952741401608364e-11
3085.5249450836577,88.83800820552207,2.0266093987671152e-12
3085.732676970088,88.84981555782238,-9.373898963697096e-14
3086.0465908390524,88.86765973672938,9.419987910492225e-13
3086.407059363702,88.88815251620018,1.818323766924427e-12
3086.6253731110746,88.90056490363904,-3.4453507011228056e-11
3090.9079198384325,89.14422975400441,5.062060388121302e-14
3091.860257137201,89.19846098179963,-4.1901474221980246e-13
3092.822291122479,89.2532613538744,-2.7603072455573664e-11
3092.8820969935086,89.25666864044403,6.6239911485864e-11
3093.184049688124,89.273872629165,4.961699500738998e-11
3093.369087657598,89.28441614079847,-2.029913071269444e-11
3093.8389909299513,89.31119418605587,2.796090744569021e-11
3094.3154135643194,89.33834789807491,-1.2363444601665133e-12
3094.325981594012,89.33895027041669,2.983756597998336e-11
3094.3857874650357,89.34235921354892,-5.55193952042731e-11
3094.5363212251373,89.35093995085799,1.39873372385542e-11
3097.4278649924845,89.51584497448923,-2.9160508617217143e-12
3097.487101283772,89.51922483587578,2.073882822922414e-12
3098.444084492045,89.57383664745964,-3.291675323693559e-12
3099.093405377268,89.61090081195456,-5.385494450362009e-11
3100.6460935357127,89.69956196245519,-4.080244356417993e-12
3101.099643708818,89.72546883412765,2.6602549014005547e-13
3101.63032729843,89.75578639185471,1.462663967922354e-12
3101.9643550016244,89.77487180573513,-2.57266365431746e-11
3102.0109712668673,89.77753549290057,-2.5300825942959256e-12
3102.019034655106,89.77799624480667,-6.529432532018202e-11
3103.262996771758,89.84909211262803,8.740912867058248e-12
3105.973819052179,90.00412182823463,-8.073359943197385e-12
3106.083178359115,90.0103788384081,1.82608243244125e-11
3106.9563440754,90.06034505562675,-1.7444756768307628e-11
3107.0657033823272,90.06660404506971,1.2420373545327767e-11
3108.0479128108223,90.12282896569262,7.778147340187671e-12
3108.1334390414613,90.12772561146771,3.3251096223698415e-12
3108.5833177509508,90.15348480140308,-5.259125505382644e-11
3109.748691696508,90.22022921019114,-1.3794968168060337e-11
3111.1244052728907,90.29905258864116,-6.653112018302946e-13
3111.2428778553663,90.30584226663026,4.0124477261498e-11
3111.8580239566663,90.34110052034761,-1.280061550386885e-11
3111.944600074625,90.34606335264306,-9.779299522836435e-13
3112.5597461758994,90.38132955786104,-6.067382129085455e-12
3112.674485685365,90.38790832274834,-3.5741640346086597e-13
3112.678218758364,90.38812236825947,3.007320974881594e-11
3112.8385246456983,90.39731416808428,-7.393015197792092e-12
3117.3476748237804,90.65605883449317,-1.0862268319092953e-11
3117.880801444708,90.68667553746114,-1.072822501373648e-12
3118.272596853416,90.70917912773237,3.966706954157319e-12
3118.4457490892655,90.71912539019678,-2.293550529244655e-11
3119.157813015335,90.76003378454,-3.388255921619448e-12
3119.713153245406,90.79194481433346,7.099007660527402e-12
3119.975983482835,90.80704957891722,1.1428101914720379e-13
3121.950160634342,90.92054554525882,-6.855763628587844e-11
3122.0663548978455,90.92722782127711,4.5113316805740814e-12
3122.1895488309838,90.93431291654178,-3.6426003989842814e-13
3122.285073511498,90.93980689786676,2.7687886191967767e-12
3122.6314534239596,90.95972991075377,-5.366653154122123e-12
3123.043753702583,90.98344739955819,2.3837314478059525e-11
3123.2624723162226,90.99603041403385,-4.092693872495131e-12
3123.3786665797174,91.00271549889399,-8.725684878452874e-12
3127.7239425076564,91.25289381634626,-1.3594995006446573e-13
3128.5408091023237,91.29996357104902,7.003991796210802e-11
3128.992410381672,91.3259911640785,-4.153249032937996e-11
3129.2521387352745,91.34096205245879,-1.0274902655696512e-11
3130.8615447092975,91.43375682448577,-2.1582803267807307e-11
3131.0072678462147,91.44216125239682,5.850710482460605e-13
3131.1211837907636,91.44873150651866,-1.437448207916746e-11
3131.579709298821,91.47517999461577,-5.266690611925723e-12
3133.1227007676157,91.56421066643927,4.551499629108777e-12
3133.9717178115475,91.61321769000526,-2.6503794688228858e-12
3134.149426685012,91.62347709502872,3.613211710585448e-12
3134.422824951875,91.63926193099343,1.7058377101269428e-12
3135.2020100124137,91.68425626741859,1.931690823763049e-11
3138.712028079033,91.88708225337734,1.4117668187919148e-11
3139.907184880967,91.95619604387485,2.6539446281155258e-11
3140.1315238507564,91.9691721001948,-3.7769282652074106e-12
3140.9848297157882,92.018536885121,7.413044080472466e-12
3141.791848741563,92.06523626100982,-2.9142911713463363e-12
3143.1368804511003,92.14309521418738,-1.8503550725698655e-11
3143.3613086929527,92.15608978625576,7.096566206007574e-12
3144.0174645330544,92.19408704823249,-5.3696583040608814e-11
3144.151960788367,92.20187655766188,-1.3493810614469482e-11
3144.3637690042087,92.21414435614903,-3.696117918015509e-12
3145.019924844271,92.25215373469813,9.170435923460421e-12
3145.0519860216746,92.25401115743611,-5.919508905656897e-12
3147.4409819208913,92.3924678086041,2.067004326721868e-11
3148.744283428556,92.46804627520497,1.7725784768077468e-13
3148.923701041029,92.47845315441715,2.8946312068151314e-12
3149.104422525901,92.4889362624619,6.745005727263396e-12
3149.2517789609733,92.49748440990874,1.367706243940426e-13
3149.8925561483475,92.5346605487556,2.979979592931582e-13
3150.120642022249,92.54789529223748,1.7293902732409987e-12
3150.2206340682733,92.55369765944312,8.169067811753966e-12
3150.400051680729,92.56410941798515,-1.3074462964399597e-11
3150.9066620387157,92.59351165432976,1.2674722251416578e-12
3152.026545044364,92.65852328195548,-7.39443882915651e-14
3152.5643175740547,92.68975034946963,-4.3794963617572855e-12
3153.171414116855,92.72500928571718,-6.544450839094374e-12
3153.338945995968,92.73474039283737,5.733619314138469e-11
3153.3992460056475,92.73824305188435,2.9339386856374194e-11
3153.4414703459247,92.74069578568205,-3.6450542305393787e-11
3153.8971341235015,92.76716654093894,-1.4080382731330714e-11
3154.092019660519,92.77848914258331,-4.1853383565247693e-13
3154.1882031926784,92.78407754122958,2.1171427586420153e-11
3154.355570358825,92.7938022155037,7.096277338616528e-13
3154.420591719233,92.79758034509697,8.685098342321667e-12
3154.5834022476033,92.80704095135884,-3.0884120805669924e-13
3155.486844958681,92.859547139752,-1.1010638229346686e-11
3155.719233485219,92.87305550278546,-3.0169720839325444e-11
3156.280448055495,92.90568208531383,-1.1526436513530989e-11
3156.9253770136106,92.94318262400168,4.86408374826353e-11
3157.451668676602,92.97379046393154,-8.239219048743424e-12
3157.9322292488737,93.00174315158073,9.820205494918181e-12
3158.9680684402933,93.06200910631229,4.5187785894419735e-12
3161.5826179073288,93.21421359535798,-4.121065336946185e-12
3162.5053370564633,93.26795922004364,3.851016468517214e-12
3163.14271059626,93.30509347668877,2.4360426387041808e-12
3163.347759296052,93.31704148615381,-5.3628776475164356e-12
3163.780639884497,93.34226760510056,-3.555068863529592e-11
3163.985688584283,93.35421802411133,1.8751318880730768e-11
3165.969802570899,93.46989394216233,1.1643510438416163e-11
3166.206747735066,93.48371293986794,1.5918768153695976e-12
3166.3891779589167,93.49435324906291,1.5378372257845458e-11
3166.77193553179,93.51667971626361,-3.2346012468372526e-12
3167.182032931286,93.54060392584243,-1.1479567662149977e-11
3167.3795123816944,93.55212556182606,1.909285898087084e-11
3167.61645754584,93.5659507124785,8.861491617037413e-13
3167.824518857144,93.57809141619143,3.7710242842474364e-11
3168.4227561089156,93.61300394042807,4.168312128942175e-14
3169.858097006972,93.6967958752643,8.913574316372302e-12
3170.992789084123,93.76306347536195,3.283630422485023e-11
3172.0512467506433,93.82490026001906,2.7295118694804765e-11
3173.2655907165267,93.89586959105387,3.5145617942072293e-12
3173.378456773453,93.90246714840909,4.1138092469097534e-11
3176.136629600132,94.06376839172285,4.546076618984572e-12
3177.8123469711286,94.161834778639,4.001768391970709e-13
3178.1724860678573,94.18291760360661,-6.981007724127744e-12
3178.94988694636,94.22843540522244,2.644638552474494e-12
3179.452736567999,94.2578838139561,-1.4178203554824626e-11
3180.467816903091,94.31734420827914,3.572623507747752e-11
3180.504434718196,94.31948952594267,1.36040832669331e-12
3181.217637801072,94.36127868038588,-1.634614179940416e-13
3181.5252108504365,94.37930339220541,-1.0282557881082105e-12
3182.442323473393,94.43305931313938,-1.0093439125663835e-11
3183.6509854725887,94.50392786327282,-2.532598510910009e-13
3184.37719961681,94.5465215625392,-6.006746589271017e-12
3186.1778950996895,94.6521773353892,-4.4265959522561996e-12
3186.5458574306354,94.67377486779328,6.810774637231742e-11
3186.9832946562597,94.69945347091534,3.919133473711886e-12
3187.502751361677,94.72995139025967,-2.1730528687240264e-11
3187.94018858728,94.75563770392793,-9.223685410783638e-12
3188.757714030863,94.80365224704245,-8.459540369327932e-12
3188.8780600649084,94.8107213966999,3.2996888597463373e-13
3189.4795362500604,94.84605622460522,6.250724170554522e-11
3190.0335726054127,94.87861000862995,-5.270200593835033e-12
3190.2450513947706,94.89103746194002,6.403237478653461e-12
3191.808081251809,94.98291373494094,-9.280807327498401e-12
3192.602644962171,95.02963614368869,4.810652174248929e-12
3192.6465026006636,95.03221542535556,7.954903535406218e-13
3193.3073797895913,95.07108611265437,-2.4154928253420946e-11
3193.441066310987,95.078950105575,2.2875105032820583e-11
3193.64912762198,95.09118978546553,-5.093570783348555e-11
3196.864027940458,95.28041496455619,-1.4081771742454557e-11
3196.9956008559016,95.28816324400573,3.019259916202498e-11
3197.941926756744,95.34390141493648,-2.488912972423632e-12
3198.5058999521393,95.37712702815816,-1.1311703672414444e-12
3199.558483275563,95.43915402737275,-3.885359236024822e-11
3201.2422502012396,95.53841807075311,3.730466367542893e-13
3201.7356847833066,95.56751768746929,2.1253844938419483e-12
3204.070001021481,95.70524153019859,1.1094145182286811e-12
3205.0205541337923,95.76135259057948,1.4784798765651563e-12
3205.317469881009,95.77888291052247,3.149115096354066e-11
3205.425600755753,95.78526751161571,-6.45673731052903e-11
3205.4306515323838,95.78556574062199,-8.578162929461174e-12
3205.649939724683,95.79851432120152,3.110857658755059e-11
3205.8647605513243,95.81119997064287,-4.8970759474628033e-11
3206.060037123261,95.82273222579398,4.98982504098267e-12
3207.118659500604,95.88526246516881,5.308779210781196e-14
3207.3684510127105,95.90002005018533,-2.3601590115812835e-11
3207.414840955109,95.9027608764202,-4.8611723774009545e-12
3207.9570054078767,95.93479615857383,6.055786292917751e-12
3208.305588196623,95.95539599395194,-2.185627402177494e-11
3209.232863981032,96.01020514534748,-2.1760459265761913e-12
3209.393739447173,96.01971573864157,-6.664002850025831e-13
3209.581446769753,96.0308131731807,-2.198656255372201e-11
3209.8858563253607,96.04881153392812,7.011512544147141e-12
3210.7470608621556,96.09973991020539,-1.478754923804475e-12
3211.486553883029,96.1434816304843,-1.3264323101229434e-12
3212.5003303438666,96.20346384954837,-2.0125912953310022e-11
3213.648603059416,96.27142668853213,-2.761156509418256e-11
3213.984909079273,96.29133623777712,6.488809508333766e-12
3214.6548241020696,96.33100187952812,-3.4521064141206858e-12
3214.924070596654,96.34694628270327,-1.6629904435326155e-12
3215.530103418677,96.38283958968601,2.0797101079527385e-12
3215.8509415139542,96.40184450114991,3.5440138430126008e-12
3218.3025157317084,96.5471266116638,4.101706796950649e-11
3218.458656015797,96.55638335113292,3.461538886194204e-12
3218.609519200704,96.56532766561857,-4.0083263058960594e-12
3220.2770222977606,96.66421783067423,1.6041353792033868e-12
3221.6257870741597,96.74424290089101,4.1599787686536376e-11
3222.0734905651284,96.77081350476983,-4.852870124647728e-11
3222.2045693415143,96.77859355372722,-5.443322549962282e-11
3222.3554325263913,96.78754827811377,-8.993893352238431e-12
3223.1670836269727,96.8357323160148,-1.1604650822768877e-11
3223.449025588218,96.85247276900203,2.8007803913937038e-11
3224.344178584987,96.90563265612717,3.487168607912967e-12
3226.2591194336233,97.01940360435188,1.4596124821973696e-13
3227.873877938603,97.1153925389025,1.1909458359843103e-11
3230.744916813301,97.28617937971455,-1.0643628142698283e-11
3231.9985617757743,97.36080142667387,-2.3920505154931975e-12
3232.1536521724106,97.37003505014874,-4.637877926174212e-13
3233.4171585342287,97.44527699028404,-2.4966690595441044e-12
3233.8044727433958,97.46834748218299,-7.308900457490378e-14
3234.59741698483,97.51558807347271,3.7413988829197725e-12
3234.836640466948,97.52984236964312,1.5729070511367157e-13
3234.9328239986635,97.53557382884794,5.0684169646118094e-11
3235.479620529204,97.5681600045721,3.0860793979813345e-11
3235.874339274678,97.59168657304552,1.8462913245715043e-11
3236.18672294591,97.61030772785452,1.1985077143919376e-13
3236.2482375555924,97.61397481852119,-1.656918000142587e-13
3236.4211358051907,97.6242822320529,6.902029327999422e-12
3237.0775456268466,97.66341943772355,2.282955023190503e-12
3237.4785297491967,97.68733126984368,2.409573794600703e-12
3237.5901673741682,97.69398906837436,-1.300662178594681e-12
3237.8271125373694,97.70812066680003,-2.125277022127381e-12
3240.174048796769,97.84814966967696,1.4629721724616436e-11
3242.0104630833475,97.95778934268122,6.63543717442436e-11
3242.768182653948,98.0030456735409,6.935186333618493e-12
3243.9040138858577,98.07090529579261,-3.2422535450099593e-12
3244.655859114976,98.1158369538048,1.1175250310125357e-11
3246.714423322754,98.23891383439788,1.1554472213276837e-12
3247.170087097912,98.26616748881679,3.695198562720206e-13
3247.8626960361307,98.30760036855229,-9.844196109551347e-13
3248.3183598112596,98.33486366115372,1.8024628044733538e-12
3249.1558959830927,98.38498513348681,1.6797065963673577e-11
3249.8166977290857,98.42453923897085,8.496691551656635e-12
3250.1824571806947,98.44643623490725,-2.7795500119993738e-12
3251.7544972046453,98.54057793415892,-1.1167087820057683e-11
3253.564800095109,98.64904441317734,1.774508946449037e-11
3253.788075344854,98.6624264007363,-3.4597628742735717e-12
3256.53941320246,98.82740303508038,-4.478269959283594e-12
3256.9619659128425,98.85275263335082,1.0354027514201308e-12
3257.4182885395735,98.88013183555672,-1.010847006165873e-11
3257.4443999345226,98.88169862638449,2.7629044114655692e-11
3257.77370628399,98.9014594364334,-1.0631126350379914e-11
3258.0148032179186,98.91592829751477,-8.275251704823458e-13
3258.333678588229,98.93506649172899,-2.2835504863832864e-11
3258.785279864219,98.9621738058677,2.4208636912458498e-12
3259.140697608611,98.98351035648538,8.977325220644576e-12
3259.3476197594064,98.99593344430961,-5.3437505871463085e-12
3259.754313509714,99.02035261723817,-3.500916587594115e-12
3260.22381191075,99.04854656795344,-2.3459195263445467e-11
3260.48572930917,99.06427679110898,5.6999239912214996e-11
3260.648073360206,99.07402747708808,1.8993057491747524e-11
3260.9471027124287,99.09198900745257,2.1650856353603595e-11
3261.109913239817,99.10176909526555,-3.770938527495003e-11
3262.069744337589,99.15943642425627,2.4477548739533084e-11
3262.368773689789,99.17740578564413,-2.824905537338281e-11
3263.1631110744893,99.22514734485901,3.0681122949616777e-12
3263.6142182114945,99.25226512744727,3.02625872916071e-11
3263.7645872571597,99.26130522132435,-4.7747175327438264e-11
3264.7898307503046,99.32295332615288,-6.367299574472791e-11
3265.365120097134,99.35755407502633,-2.9156781082768286e-12
3266.0310480600147,99.39761389182131,4.744079751086204e-13
3266.15407727918,99.40501577850327,4.838258519446847e-12
3266.262208153561,99.41152155662571,2.3390198096684337e-12
3266.331381284543,99.41568352479106,1.8136734921049133e-12
3266.5706047662493,99.43007766170848,-2.0280875341673865e-11
3267.6258712713543,99.49358589371472,2.4429348120990143e-13
3267.748900490509,99.50099139471517,4.0275198904350356e-11
3269.322917068445,99.59576081814326,-4.64474608079783e-12
3270.914892380913,99.69165793463146,-1.1947653507413449e-11
3271.245982910148,99.71160796942858,4.337387466616752e-11
3272.728207881061,99.80094497331673,8.165242005106812e-13
3273.197630840922,99.82924657980989,-2.395671832125157e-11
3273.5672126371433,99.85153159802783,-3.084902281763489e-11
3274.8853093769576,99.93103059495057,-3.755722726897826e-12
3275.281078008921,99.95490702440837,-3.025061791388636e-11
3275.500455472486,99.96814314779527,-2.774066872256834e-13
3276.1156015679944,100.00526267111131,1.1159151667871733e-11
3277.608648553166,100.09538601958592,5.292113618367175e-12
3277.6975029891755,100.1007507484069,-2.455989047675973e-11
3278.295815678136,100.13687862158739,-4.941512864512876e-12
3279.8541857864866,100.23100852978769,-1.1862847647727582e-11
3280.4124631821664,100.26474092780208,3.3343067871127036e-11
3280.747376056304,100.28497988538497,-4.114607811870643e-11
3282.017717371421,100.36176604765032,-4.034784213434912e-11
3282.749551868028,100.40601549911717,1.9235453229201407e-12
3283.020177674857,100.42238104650082,1.4933802507748092e-11
3283.256567089018,100.43667732128758,3.116234130694349e-11
3283.319701165591,100.44049569565075,-6.366111956453763e-12
3283.721344138769,100.46478894366862,8.226652741307931e-13
3284.022082229777,100.4829809373741,3.045230921185082e-11
3284.0352580041376,100.48377799324388,-2.597350562206567e-11
3284.1997911017356,100.49373153493885,-4.0951619946836394e-11
3284.5005291927378,100.51192617914462,2.9242395577859084e-12
3284.6334952520456,100.51997115232014,4.3714542724693823e-14
3284.9653062424577,100.54004845171737,-2.7297338120324512e-12
3285.8912165410075,100.59608438105339,-4.079336015271107e-12
3285.954920197291,100.59994029582907,-3.507845076789944e-12
3287.0873339482664,100.66849657498526,-3.02429553495325e-12
3290.6144393764066,100.88217875236597,-1.082641153676983e-11
3292.231174431258,100.98020180085487,-3.175458529417824e-12
3293.2222431398045,101.04031434739376,3.019593025962465e-11
3294.084600663399,101.09263473232784,-5.80199888444356e-13
3294.7407564979667,101.13245376186835,8.47168291204044e-12
3295.0073198057526,101.14863250802233,1.2135683858687758e-11
3295.099111412374,101.15420399448908,1.0710206408176623e-12
3295.583899192798,101.18363179264288,-3.0130565893325756e-12
3295.6634756402877,101.18846269031687,1.4148098081512507e-11
3296.801585187863,101.25756738991983,4.367515183180073e-11
3296.9362599862375,101.26574626717326,3.642770734911224e-12
3298.981140443813,101.3899740725353,3.742479010238535e-12
3299.528520383454,101.42324082558302,-5.0351415758968826e-11
3299.5883262537764,101.42687583309814,1.0231386477853259e-11
3300.922851531487,101.5080055676871,2.4327825740114072e-11
3300.9826574018043,101.5116421112875,7.295926226102056e-12
3303.526743676317,101.66639831858295,1.3635873249665814e-11
3304.5760880596495,101.7302644359748,9.884453622200246e-13
3305.088799077232,101.7614768796173,3.4604953264256387e-13
3308.8447862762337,101.99027877249668,-2.0171253188234567e-11
3309.094845603286,102.0055207578295,-2.4838842287041856e-11
3309.764671350551,102.04635464089019,-2.357348680709326e-11
3310.120089093989,102.0680249554018,2.0022405253850254e-11
3310.767955217318,102.10753224134719,5.950378163271163e-12
3310.7899148412203,102.10887148857718,-7.046541521176536e-11
3311.5470648293403,102.15505307802322,3.685655832070265e-12
3312.6429362048193,102.22191333538643,-1.1092763934432908e-11
3312.6800481585274,102.2241779617185,7.919601578644397e-12
3312.842378377863,102.23408389010146,-4.4929701959419175e-12
3313.5002429509436,102.2742339379728,-6.870187705568759e-12
3313.6625731702725,102.28414231892899,-7.423466858143656e-12
3315.017376994274,102.3668563419597,2.1817536392630304e-11
3315.974270918642,102.42529738493697,-1.725315306324978e-12
3315.9766385096164,102.42544200337231,-3.564861329924936e-13
3316.8686896183217,102.47993808633333,8.403211294544132e-12
3317.2833436521796,102.50527460813088,-3.1295076809923027e-12
3317.734450787907,102.5328421135676,-9.070169292238092e-15
3318.021518965182,102.55038702330471,-1.5946575961723805e-11
3318.4680694631584,102.57768212240464,5.1072687420896125e-11
3318.591098681987,102.58520284614211,-1.1491477771442524e-12
3318.855472942684,102.60136487539562,2.256539397030178e-12
3320.098474428887,102.67737071905499,-1.5789002832109646e-11
3320.918669220992,102.72753877692789,-5.49803234246593e-12
3320.9994740999173,102.73248196100013,1.074354466334546e-11
3321.178891710685,102.74345814257596,4.748306470766803e-11
3321.636339664057,102.77144599283741,6.826088863796998e-12
3322.384691970945,102.81724043576239,-1.6138022883929643e-11
3322.5641095817,102.82822119547491,-9.346553839054242e-12
3323.4524276171514,102.88259698517437,-3.031257670794444e-13
3324.281735684583,102.93337377190771,-3.0964730617357265e-12
3324.5778416963794,102.9515067887844,1.0764685001177461e-11
3325.2437696572056,102.99229295881446,1.620749104490052e-11
3325.4436028656255,103.0045337608622,-1.4475482873827143e-12
3325.4814491119823,103.00685211910535,-3.943771488371972e-13
3326.930295197994,103.09562433353499,6.77282587983887e-11
3327.6972927536267,103.14263467611393,-1.391072906472427e-12
3328.4081282398465,103.18621244309385,-3.0163043476978185e-11
3329.0938267776637,103.22825800937473,-5.9582304448382314e-12
3329.5380989565233,103.25550445193514,-1.4348841761712185e-11
3330.0316089760486,103.28577482849796,-1.439437680472886e-12
3331.4396993072046,103.37216739143693,-3.500403635619061e-11
3333.0176136658492,103.46902280475582,2.5644904859883113e-11
3334.013239010055,103.53015979971312,4.3595407516423605e-12
3334.563542288147,103.5639593510855,2.191301785423405e-12
3335.056153301921,103.59422018336993,3.587675185212101e-11
3335.807504388583,103.64038388903079,-1.0663053805597944e-11
3336.491494186997,103.68241789717193,-2.215410862332918e-11
3336.8214455556754,103.70269785770412,1.6474075969461587e-11
3338.7365511058947,103.82044651630271,1.0310346515985295e-12
3340.20282783959,103.91064497679606,-9.861707874323387e-12
3341.575528786778,103.99512298755822,1.2872905220167227e-11
3341.9082387818466,104.01560367008132,8.220124837037911e-12
3342.706968088049,104.06477950158639,-2.5905361426388188e-11
3342.887840452708,104.075917007519,1.1041946877012634e-11
3343.5458835690006,104.11644215225817,3.906451429841829e-13
3345.222726253065,104.21974544692245,-3.668632387345471e-11
3346.3262561480474,104.2877575875645,-7.601920827733085e-13
3347.1260353414004,104.33706315415583,-5.548794365024447e-11
3347.2404454234616,104.34411738164735,-1.2003100587360311e-12
3347.986025271658,104.39009379759246,4.792396486075786e-13
3348.0499829127994,104.3940382425341,2.236983696367306e-11
3350.067537369957,104.51850509551724,-1.1119428919247663e-11
3351.616794197128,104.61413265365451,2.7332945879848896e-12
3352.4589762743026,104.66613471854991,-1.737661960014315e-13
3352.728222766932,104.68276258937023,5.081833925904112e-13
3353.261349380931,104.71569085959317,8.094101080234494e-12
3354.549512375488,104.79527514248562,-8.903428777347989e-13
3355.0529315721146,104.82638530218381,-5.2486109778264725e-11
3355.1759607907175,104.83398893752043,6.5467765837630154e-12
3355.810651138264,104.8732194467955,1.0418254469654724e-12
3355.8413191708073,104.87511524026856,2.2134953389352197e-12
3356.302768012649,104.90364252987844,3.0820268311811454e-11
3356.826870623209,104.93604790379169,3.1546059956522734e-12
3360.506458689679,105.16370006689289,-3.051693061377758e-13
3360.5514554872125,105.16648551404704,8.564601407667922e-12
3362.6085510973016,105.29386620628945,-4.429217461915256e-11
3364.0011873330095,105.38014610028348,3.0923919750116256e-12
3364.3002166836454,105.39867693301163,-2.650193721367707e-11
3364.6773538961493,105.42205045443285,1.5970598890369324e-11
3364.766702470629,105.42758832109733,-1.1444341628429959e-11
3364.9016928631977,105.43595536803345,3.331161847956113e-11
3365.3681786501693,105.46487192459466,-5.381753105315542e-12
3365.6173389708865,105.48031853587061,3.71402576589747e-12
3365.6672080007866,105.48341028715298,-5.5523656870495715e-12
3365.674296942432,105.48384978697732,-4.432697483515817e-12
3366.391967383893,105.5283486712062,-6.345780592039727e-13
3366.950155505013,105.56296547381407,-4.4223107048213486e-12
3368.545246524445,105.6619188676506,2.0648601709918256e-11
3369.625663803634,105.72897047972491,-5.1080751201662814e-11
3369.739579746703,105.73604145280328,1.056490757931683e-12
3370.691917030734,105.79516414021764,7.979423885745797e-12
3370.8058329737974,105.80223735073126,1.430626520468138e-11
3372.736976024935,105.92218127245532,2.588185735204055e-12
3373.332186827372,105.95916385830002,-3.007421907667735e-11
3373.5571708148923,105.97314462143923,-1.59754804183031e-11
3374.152381617306,106.01013620005251,2.982798417416334e-11
3376.325191180314,106.14522888795192,1.819858509534908e-11
3376.4960650948615,106.15585652473182,1.1554129051410624e-11
3376.69646788249,106.16832141816609,1.6461056109531776e-11
3376.7079487488986,106.16903554129811,-5.688005747784838e-12
3376.857103193418,106.17831334044888,1.759968835688549e-11
3377.8357165848643,106.23919583492199,1.229469173459383e-11
3378.642735600323,106.28941619751606,-4.8334136863167426e-12
3379.3738496319443,106.33492339097376,3.217621546881289e-12
3379.9877672926827,106.37314346186906,-3.0688527042659244e-11
3380.0868879943587,106.37931497333086,-3.306848978112203e-11
3380.535792250669,106.40726718016684,-1.623220240615029e-11
3380.667859303708,106.41549139003793,5.196907694211019e-12
3381.288790465199,106.45416293454468,-1.0614476136678135e-12
3381.289840352523,106.45422832746013,2.1029980379886857e-11
3381.87081166184,106.49041761802539,1.5209357521342765e-11
3382.8215294782717,106.54965220468851,9.674329327699176e-14
3384.291868707648,106.64129465204715,3.428168577327372e-11
3384.6941705306035,106.66637602458691,-1.3473328959130483e-11
3385.4698626614745,106.71474470698176,-8.259834453028378e-13
3385.715921098314,106.73009012313533,4.542338688832582e-12
3385.943752984274,106.7442998362117,-9.846357952585263e-13
3386.2029117545494,106.76046454725356,-4.868863915790522e-12
3386.517889336881,106.78011255396446,-6.062003243541146e-11
3386.609680943083,106.78583877232172,-1.2430995836126132e-11
3386.77704810715,106.79628000586453,3.6476469107370715e-13
3387.0048799930987,106.81049417229757,-5.151166638020235e-11
3387.250938429919,106.82584654601413,-2.1684255518505805e-11
3388.2637404350226,106.88905024892361,3.680390393313342e-11
3389.039192411955,106.93745494367832,8.846073745485814e-12
3390.7480208284264,107.04416127802403,-2.3352585275674174e-11
3392.3545034403173,107.14452576998954,-2.247740576032948e-12
3392.5378188363516,107.1559813631406,7.798181024473586e-12
3393.0060271930997,107.18524305967303,5.3710675005158805e-11
3393.7898443213667,107.23423844940795,3.2546365314491434e-11
3394.7831159028988,107.29634282219205,1.6286992979667583e-11
3395.8234224468943,107.36140754407002,-1.7675922241231722e-12
3397.7978535540155,107.48495078706544,1.3108005488539943e-12
3398.0826434112996,107.50277645989803,-3.1972153309721755e-12
3399.2309161158328,107.57466472880122,-1.0285827011670923e-11
3399.356223653031,107.58251114865145,6.386979360317308e-12
3400.013607915695,107.62367951628732,-1.0278846236225335e-11
3400.3690256575487,107.64594069380699,-4.600249801225006e-11
3401.41837003585,107.71167873712534,-9.247738756605915e-12
3402.6953815869215,107.79170675698458,-5.425616192575936e-11
3402.7854506226527,107.79735235573645,2.800302649874926e-13
3402.996284389099,107.81056816810889,-3.247441637342849e-13
3403.378877244238,107.83455254382397,4.55127171665753e-12
3403.7838484211898,107.85994273242257,-1.5560788610199216e-11
3403.8164791778663,107.86198869118186,3.17043117336656e-13
3404.467344078473,107.90280222355287,1.4696934147893947e-12
3406.0596626373085,108.0026840226558,-3.060635260412767e-12
3408.441912818905,108.15220328474248,-3.330194069300626e-12
3409.1527483023237,108.19683832754063,1.1335615139650368e-11
3409.870418742289,108.24191199584958,-1.727560766023673e-11
3410.116477178843,108.25736800906508,5.8289570889542225e-12
3411.3713643926426,108.33621034511285,-1.5528197930486933e-12
3412.570988542836,108.41160772073901,-7.56392735728598e-12
3412.9127363713387,108.43309170765268,1.459445933469393e-11
3413.012323549212,108.43935266321549,-4.358216537154358e-11
3413.6235718546072,108.47778529173361,3.3445669582171137e-12
3413.639115219844,108.47876268050493,-1.2079515003740375e-12
3413.9653196830936,108.4992759048978,-1.9243183937758222e-11
3414.537925840006,108.535288731805,-1.8647326402485485e-12
3414.663233377112,108.54317048405673,1.1046392850883605e-11
3415.991657983354,108.62674520501254,5.267826039864444e-11
3416.178315416619,108.6384909246936,2.8892739758423402e-12
3416.3036229537165,108.64637646337425,-2.3514763538407374e-11
3418.2507896735065,108.76894782867035,-2.1521262060837065e-13
3418.3704906855573,108.77648511519243,-2.6705901166572413e-11
3418.7942579927844,108.80317085047433,3.500871356202318e-11
3419.2065582648747,108.82913765147757,1.9742430303363237e-11
3420.2256256453006,108.89333227084013,-8.695528391645028e-12
3420.2454716631846,108.89458263083677,1.65028573704204e-11
3421.3790245660634,108.96601198240594,-6.483314970105532e-12
3422.7338283829395,109.05141422077354,-5.913300009475906e-13
3423.028781402635,109.07001154068445,-7.341570985299772e-12
3423.451588094554,109.09667306033931,-2.5707109221496234e-12
3424.7719631434084,109.17995501654931,-1.9577429675378586e-11
3424.8600832861,109.18551429099068,-2.9243355018260665e-12
3425.3550480574295,109.21674301074033,-4.203570706552453e-12
3425.5238083656795,109.22739160496171,-2.177669679096182e-11
3426.1936341091355,109.26966206356614,6.213600719610015e-11
3428.5336599488237,109.41739812433136,4.324638186439157e-11
3428.952301038427,109.44383940336456,-3.900554325391837e-12
3429.8733114355277,109.50202158125735,-4.938210234151787e-12
3430.0353260592833,109.5122580043593,-1.6215416804709068e-13
3430.2919525251064,109.52847319121754,3.793865275488403e-11
3430.434031858878,109.5374511305437,5.123159257573142e-11
3432.009503178179,109.63702948965516,-5.742801461450743e-11
3432.741008243461,109.68328013275793,6.365603464369812e-12
3433.273970142469,109.716983755843,7.449443237302833e-11
3433.663727379541,109.74163466692437,2.022537754848437e-11
3434.6788077012893,109.80584841718742,-5.399395593841696e-12
3437.3835292696726,109.97704115388186,-1.568294236899708e-11
3437.8619762290236,110.0073380187417,-1.0568441069837832e-12
3438.093136320602,110.0219773612131,6.187021161107052e-13
3438.2862376747344,110.03420720270523,2.875348157650218e-11
3439.663165827271,110.12143319852171,-3.178961691844878e-13
3439.9129573364194,110.13726079729366,2.8791326975857475e-11
3440.6133140614083,110.18164379589422,2.94670659277177e-11
3441.713742067738,110.2513983588175,-1.7385113490152228e-11
3441.9382457469255,110.26563206669917,4.625291472702132e-13
3444.682583909281,110.43970028206931,-2.821849641729592e-11
3445.5574583489383,110.49522108785672,9.421710781524958e-12
3445.996288713241,110.52307521142909,7.360271208828607e-13
3446.06008164113,110.52712467070948,1.033390303884914e-11
3446.4323327885613,110.55075599292836,-3.646493551971254e-11
3447.2493640824564,110.60263188738422,2.7012781874663867e-11
3447.472639330053,110.61681047658183,6.026013452310023e-13
3447.66451225257,110.6289956658629,6.599350478108598e-13
3447.755645006691,110.6347834311322,-1.1616496163069217e-11
3448.49113712944,110.68149952259684,-1.8273857721580705e-11
3449.4628539514456,110.74323512560223,1.4366293083923924e-12
3450.1908660970166,110.78949895733611,-7.870841605291766e-12
3450.262543868773,110.79405447572414,5.977938017956804e-14
3450.6465298675616,110.818460518846,1.3729723924905926e-12
3450.9929990461237,110.8404843342796,4.344850652691076e-12
3451.231488232985,110.8556455299576,-2.6738188218927573e-11
3451.6871520035083,110.88461582607043,-8.773276778539775e-12
3453.532453223589,111.00197591875786,-4.7861135931259824e-11
3454.0768067163526,111.03660846772155,1.1302216794043895e-11
3454.170293230148,111.04255676285054,-5.074706512768556e-11
3454.259072224539,111.04820568023212,1.2995029413373273e-11
3454.558190846011,111.06723936342948,-9.516748021852328e-12
3455.3095419283927,111.11505702463838,5.740992077259653e-12
3455.9303083747645,111.15457183296009,-8.73410538288374e-12
3457.215534192403,111.23640527904978,3.509104882828369e-12
3460.2710275890718,111.43107811411264,7.551175278593594e-12
3462.2089163165774,111.55463479197685,-1.8590279622808485e-13
3462.98469771676,111.60411675983315,-6.801428100019899e-13
3463.2218075902615,111.61924264346052,4.834720294742176e-11
3463.7549342014845,111.65325602185013,3.887459220614632e-11
3464.724763739473,111.71514439063593,1.9751920937223448e-11
3464.794341736541,111.71958508311621,1.728426830069687e-11
3465.0677399986894,111.7370351068123,7.980030171206425e-11
3467.354300782087,111.88303193645606,-2.97594368787998e-11
3468.965641789389,111.98597385470701,-8.41968788620541e-12
3469.869338470886,112.04372823480077,4.738922565613285e-13
3470.2485892874233,112.06797026872607,-2.0785072632739055e-11
3470.821765022576,112.10461317595937,1.2908603238759336e-12
3472.9787772255654,112.2425643876728,6.252558733387563e-11
3473.0376086489173,112.24632813828568,3.3083150479932697e-12
3473.276832128209,112.26163315898495,1.989434713403777e-11
3473.5502303902535,112.27912590204069,5.3215928498695074e-11
3474.104266737642,112.31457883345844,-3.1454304015617187e-12
3474.677998221152,112.3512980212316,-3.5247835045181634e-12
3475.0643518104744,112.37602831842567,1.6616468472563008e-12
3475.3719248552497,112.39571787873287,-3.3326819428677687e-12
3476.266089563075,112.45296851978942,2.6336731704319236e-12
3477.274815233927,112.51757182935252,-1.7738741542868702e-11
3477.7198217023347,112.54607799491663,-1.2632622831414613e-11
3479.8171173069622,112.68047538884409,9.400160688912355e-13
3480.1816483229154,112.70384326964192,4.71118568846943e-11
3480.456275016407,112.72144954425173,6.17790693461524e-11
3480.7382169740504,112.73952624459575,-1.6881002916171667e-11
3481.4131689332426,112.78280671822756,-1.0237853915561843e-11
3481.6951108908743,112.80088838825948,-6.603874112880161e-11
3481.9465495290938,112.81701503641278,2.183182155087276e-12
3482.8123106918897,112.87255171008171,-2.024769136432086e-12
3483.4400013661525,112.91282531974561,-5.3840833781627284e-12
3484.299003013194,112.96795196335101,1.3622552083813065e-11
3485.1692453727496,113.02381384275361,2.9893912653660233e-12
3487.0093311005553,113.14197704145748,-2.9222224451733725e-11
3487.8716886161415,113.19737577497405,-5.678095702542191e-13
3488.2318277072222,113.2205155355222,-5.847670896248672e-12
3488.8674786660495,113.26136339381863,-9.788284407093193e-12
3489.060085880879,113.27374208385034,-3.853645670275252e-11
3489.3480392301894,113.2922498575036,1.1812196605879237e-11
3489.9896399711674,113.33349328483786,-3.7981516472251407e-13
3490.318212024241,113.35461751438795,3.5677914723211673e-13
3491.206756375205,113.41175288985576,1.2443660270751017e-12
3492.050557913935,113.46602466638235,-6.536643578597664e-13
3495.417041828656,113.6826813199606,-1.1939673287642807e-12
3496.1985051935612,113.73300377754798,-8.862620553984716e-12
3497.736638232281,113.83208496013746,-2.3902776033008167e-11
3498.447967851687,113.87792107862857,-1.6078428071841917e-11
3498.5755537071673,113.88614334503089,-2.840796516861451e-12
3498.6985829249497,113.89407224304374,-3.3580766689737815e-12
3499.1451334191206,113.92285354881552,2.2337850194390334e-12
3499.4909437451197,113.94514442032545,3.108958445937005e-12
3499.538877713027,113.94823440912172,-1.3156633017015006e-11
3499.6007971886743,113.95222601460338,-4.558603536681754e-12
3500.0473476828274,113.98101474177574,4.074529522829564e-11
3500.1703769006044,113.98894697528833,-2.98009256725349e-13
3500.297962756074,113.99717328972721,-1.2222251692785201e-12
3500.4127022632283,114.00457157015587,1.3534868049860019e-11
3501.273906787629,114.06010885591394,4.557735169615612e-12
3501.38107704557,114.06702099845461,1.5419824612923321e-12
3501.6429944409338,114.08391473209302,-7.760206353154596e-12
3501.6777526346145,114.08615673874131,3.021015124768025e-11
3503.5260387996072,114.20540873746732,3.8459891348514446e-12
3505.149684235456,114.3102187668205,6.033918478374212e-12
3505.209009797588,114.31404928724015,2.51452346888594e-11
3505.9470958319607,114.36171129191216,8.668806332059596e-12
3506.0484948519133,114.3682599312381,2.1643259685063952e-11
3506.596505975486,114.40365533805307,2.285046656697267e-11
3506.712700236685,114.41116090227953,8.159322393088583e-12
3507.0607272718235,114.43364318444355,7.545877708295095e-13
3507.765777682857,114.47919574397848,-1.9815183482764743e-11
3508.5652412755703,114.53085931731702,-2.3572582939569676e-12
3508.9061655378264,114.5528943775074,-5.483294623331005e-12
3508.9855018307076,114.55802245103288,1.2888692054869072e-11
3511.332438059126,114.70977421574278,-2.2597598122941374e-11
3511.856540665941,114.74367629652235,5.962390237412622e-13
3512.4032479169987,114.77904597235063,-5.905163883469686e-12
3514.596891761812,114.92102093400666,-4.906805728326359e-11
3515.135144589237,114.95587077255881,-1.7467794320742454e-11
3515.9000901418417,115.0054072908166,4.1719331793546576e-13
3516.1149864060435,115.0193255313905,-2.564489086753726e-11
3516.4383429692352,115.04027005055715,4.118488032811067e-12
3516.579763450647,115.04943077304232,3.168456534000712e-11
3519.1875671861476,115.2184211801646,1.692409284164465e-11
3519.871062839884,115.26273365642663,2.4767681972837184e-11
3521.011450694261,115.33668658226019,1.6150735732055617e-12
3522.680497792843,115.44496567950692,-7.341799043850335e-13
3522.77839006235,115.45131801405401,-7.900730570142837e-12
3522.9128863150813,115.4600459082738,1.3664845730126254e-11
3523.3251865852567,115.4868034746923,1.3886104464770612e-11
3523.5111235562163,115.49887148340943,6.06068530832514e-13
3524.286246102501,115.5491867130106,4.956636927331166e-11
3526.12257109176,115.66843153361037,3.7164084061215957e-13
3526.8047012633247,115.71274261460077,2.4739009056168378e-11
3527.431238945713,115.75344996706477,8.973806609899685e-13
3527.705700925687,115.77128456487054,1.6594103182334417e-12
3527.8851185347294,115.78294390928276,-4.6577877059327266e-11
3528.125076306116,115.79853834625386,2.3963770029624154e-11
3528.9815594788483,115.85420834284457,9.645269652525638e-12
3529.1609770878813,115.86587190396165,-7.62048937744023e-12
3530.336363289248,115.94229595361661,2.6539357091858523e-12
3530.8101781681003,115.97311077105051,2.7035678356048645e-12
3531.056236603326,115.98911495136777,1.0516689369002781e-11
3531.580414650547,116.02321235985303,-4.496508874323846e-11
3531.771704161389,116.03565686677646,1.473965841290683e-12
3531.949996442235,116.04725643440385,2.956387354588578e-11
3532.268302228658,116.06796663593501,2.9927374469000696e-11
3532.514360663868,116.08397742529169,2.346456338279502e-11
3532.715511574001,116.09706695305057,-2.0374584788308765e-11
3532.761647530603,116.10006927116574,-1.27789867903914e-11
3533.5271626623444,116.14989123515434,-8.900141322748235e-12
3535.478810568833,116.27695903162416,-9.723471912335939e-12
3536.1287902912486,116.31929345434392,1.7035479062541837e-12
3536.456209352993,116.34062183166563,1.0977910872326616e-11
3536.6785994253555,116.35510965066862,6.290714683699206e-12
3536.974616162135,116.37439536420396,-6.517374398962765e-13
3537.1130240319144,116.38341329504773,-4.531639391166458e-12
3537.530690673044,116.41062840185323,-5.093040045563892e-12
3537.9588499027664,116.43853053994467,-5.946166148673561e-12
3543.3124603717356,116.78769793488055,-1.9969284991353452e-13
3543.9664271519136,116.83038643448096,4.7977009642192345e-12
3544.684008315478,116.87723650731903,-1.856458640591187e-12
3544.9921647702963,116.89735860940732,4.2455498788577554e-11
3545.5389612926897,116.93306781524075,-6.495594926448156e-12
3545.6956711540142,116.94330295699066,-3.345389811342244e-11
3545.7696410755702,116.94813428830818,-6.491223061046571e-11
3546.246063698866,116.97925415620718,-1.7005457055735496e-13
3546.3164375979463,116.983851325165,-5.892434125841707e-11
3547.835280364058,117.08309183101996,-4.064949599918778e-11
3549.525882217655,117.19360497302006,3.3695052449774877e-12
3549.8744650006156,117.21639806695521,-2.1382114254628722e-12
3550.1245243248745,117.23275029820373,-3.950820043571303e-11
3550.716887224007,117.27149152269632,-4.4597834963066905e-12
3551.012574534706,117.29083223618323,-6.230235197859292e-11
3551.3548164999793,117.31322007001751,1.3016696130545736e-11
3551.94717939908,117.35197471912142,9.593520768938873e-12
3553.837312695315,117.47567769416746,-5.20555887355293e-13
3554.692251840945,117.53165225010429,2.0393208453747158e-13
3555.9969326353535,117.61709823204114,2.1038848931768225e-13
3557.2272248101576,117.6977010891641,-1.0680335849811807e-11
3557.7250513084227,117.73032422323128,-5.00617546970269e-11
3558.0259541085347,117.75004493801492,2.3615512805702654e-12
3558.3619168656373,117.77206540006884,-2.781640935351976e-12
3558.408546961049,117.77512190388897,-3.3370084462760862e-12
3558.7314986569095,117.79629180167203,-6.20179285453297e-11
3559.4149943095094,117.84110215395826,-1.5501180443680378e-11
3559.748363153097,117.86296112159137,1.5645071231351324e-13
3560.050418943862,117.88276866270299,1.6885161915578074e-11
3560.179054686324,117.8912045608597,6.141116530915425e-13
3563.280203718361,118.09466934988622,-3.1725940535895796e-11
3566.2734481996904,118.29122259209572,2.5779291815734014e-11
3566.5749205794073,118.31102810988605,-1.928607363854768e-11
3566.853925365359,118.329359089175,-1.6786652061267213e-11
3567.053367536073,118.3424635794732,-1.874874329935256e-11
3567.4776289794036,118.37034241785776,-2.1064990540433856e-11
3568.0875595770235,118.41042765698617,-9.220855352558236e-12
3568.663178341572,118.44826417403927,-7.924489763126189e-13
3569.03599906674,118.47277364670575,2.702522084746033e-11
3569.692903016876,118.5159651622339,2.0878251772103264e-12
3570.2580015302865,118.55312681922115,-2.7756632716086453e-12
3571.1259655678236,118.61021678669685,-3.4587843212184526e-12
3572.5445623033847,118.7035542626542,-7.788589632719466e-11
3573.6723301295224,118.7777829146469,2.7322077039414102e-11
3575.583373160387,118.90361951499021,4.613627845103839e-13
3575.998596769056,118.93096967297734,1.380158975983873e-11
3576.0716676849024,118.93578307352648,1.3276162122602165e-11
3576.19934281207,118.94419365343346,5.1530021724021007e-11
3576.964768670325,118.99462226358092,1.4517188331812102e-12
3577.1015570728496,119.00363544099882,2.018095405854606e-11
3579.347018834083,119.15164129686886,-1.4816710860362514e-13
3582.4366869973805,119.35544342680944,7.586703545154716e-13
3582.960624889685,119.39002109999248,2.0204450616295328e-11
3583.0314174866708,119.39469349817206,-1.785157357521467e-11
3583.6896869184,119.43814450780114,-1.2770418195971095e-12
3583.809387929589,119.44604658275448,-7.562054243450985e-11
3584.575561911527,119.49663189083405,6.213507416522136e-13
3584.944649563543,119.52100412203843,-6.213550485723214e-12
3584.9935441464895,119.52423300154155,1.4519461731544956e-11
3585.8886971278816,119.58335451364881,-5.205332328287754e-11
3586.010902780445,119.59142688580407,-1.0367568382953348e-11
3586.0800759103977,119.59599628285585,4.969800611749664e-13
3586.3799904324396,119.61580887566831,4.994645787916718e-12
3586.7931142662965,119.64310287913753,5.1813115725151647e-11
3586.9276105186705,119.65198937061523,5.964046574321096e-12
3587.132659214216,119.66553807327087,1.4225954416876765e-11
3587.2420185185056,119.67276436470364,-6.907311571090632e-12
3587.2785608920412,119.67517907658119,1.0708709976176573e-12
3587.597436257446,119.6962513333163,6.402632463813843e-11
3588.46767861321,119.75376913352699,4.5331329132490595e-12
3589.5490841595783,119.82526299276435,-9.79826772150933e-12
3591.336603833046,119.94348668636465,-2.4091184267653065e-12
3591.400396760537,119.94770693635411,-2.4576397906146116e-11
3592.0770574557077,119.99247634559559,8.492382250160904e-12
3592.91547878842,120.04795990588735,-5.0026270647060555e-12
3593.438936372898,120.0826069196544,-4.5672050907667234e-11
3594.737578110982,120.16858421323195,5.223585572416584e-11
3596.3332248627785,120.27426742355888,-8.913075460269425e-13
3596.8447212732813,120.30815488796719,8.893921876106908e-13
3597.063439881775,120.32264682049873,6.035039398702032e-12
3597.57093540304,120.35627602717521,1.5058876610910414e-11
3597.731241286499,120.36689968757388,-1.7890215517188907e-12
3597.789654011529,120.37077088558371,-2.7662860407241025e-12
3598.813442734721,120.43863084146847,-4.689337385865624e-12
3601.5590847510525,120.62071600412645,-1.187928606271353e-11
3602.290514370164,120.66924629118265,-2.6598970890967283e-12
3603.8010397597113,120.76950070108637,-7.334332671654652e-12
3605.030865455776,120.85115595654156,4.9186739540614475e-12
3605.1584513106905,120.85962871598387,-1.519644498764345e-12
3606.0226684428408,120.91702779910756,-3.1856499730598118e-12
3606.6968861058253,120.9618171586271,-3.638624891546603e-11
3606.82447196073,120.97029383358104,7.559231847721509e-13
3606.8315609023016,120.97076482447098,2.9135991643938616e-13
3611.7269752849006,121.29623831540572,4.149046606508552e-11
3612.1631840701048,121.32526124323157,-2.103870365882898e-11
3613.8332948810066,121.43641360958121,7.367077616508104e-13
3615.0045154761274,121.51439354324438,4.9579667891526845e-12
3615.243004661333,121.53027526324558,1.6135469284671226e-11
3615.3325933886317,121.53624151971405,1.3355144650000352e-11
3617.853731725654,121.70420002808058,-2.241077197701808e-12
3618.01436703489,121.71490553743487,4.946003851208484e-12
3618.251476906846,121.73070854796524,4.460942760951608e-11
3618.391504243189,121.74004164228661,-3.198868612080179e-12
3619.5096030434543,121.8145780583058,6.329355168529525e-12
3619.6724135681548,121.82543350383081,1.604469766759447e-13
3619.7551673389285,121.83095132600472,-6.453918965952232e-12
3619.9197004340094,121.84192237134846,2.7634654608394443e-11
3620.329797824561,121.86926978237855,1.4232141439509168e-12
3622.0256151626813,121.98238852912708,2.0121431103480524e-11
3622.119026234967,121.98862101281675,-4.985115594925043e-12
3622.1908825504115,121.99341545013682,8.467723126046195e-12
3622.8487471143567,122.03731427948273,2.5663619866055132e-11
3623.29936010505,122.06738796087319,-2.04057036519468e-12
3623.4485145479657,122.07734327633067,-6.760018883684574e-12
3624.1063791118777,122.12125734605269,8.022096143470282e-13
3624.273519951674,122.1324156762086,-8.395676103436698e-12
3625.4206673168387,122.20901317336059,-1.5910209164300456e-11
3625.451410789869,122.21106631471483,5.093424574515554e-12
3626.3343486108743,122.27003898126809,-3.970224349750785e-11
3626.92802921181,122.30969982290107,1.751127543787999e-11
3627.3344551389364,122.3368548569038,-2.524321232407992e-12
3627.6393588274236,122.35722875864957,-1.977235640269131e-11
3627.8758991195823,122.37303574465,-2.7072718473929492e-11
3628.0672779017796,122.3858255324716,6.252862300609638e-13
3628.4367704199126,122.41052051769829,3.745644839217564e-13
3628.623592564435,122.42300770909893,2.2636184978023902e-11
3629.2633952904835,122.46577699191212,1.6321152545996133e-12
3629.421004156893,122.47631392542145,-5.010631956814277e-12
3629.7555121589635,122.4986789586819,-5.689784442058869e-12
3630.8036419266455,122.5687697242478,-3.9740436345108034e-13
3632.7145818497966,122.69661060212884,3.5989683550054462e-12
3634.878847692766,122.84148008470866,2.1686052283978488e-11
3635.5008287347346,122.88312959687227,1.6824306382048934e-11
3636.081800037659,122.9220394242838,-1.7058827661690347e-11
3636.211664211252,122.93073776534234,3.875862152973986e-12
3638.108543185492,123.05782669350768,5.41138442448573e-12
3638.339806378479,123.07332562106991,2.5841728727298525e-11
3638.715728986214,123.09852151747178,5.6332703551819254e-11
3639.1531662024768,123.12784365572128,1.254076037119556e-12
3639.4333994191443,123.14663000287575,5.0447295094953226e-11
3639.8708366353985,123.17595792403499,-4.452292683716297e-11
3640.031712098298,123.18674468501116,-7.700117646606894e-12
3640.090948387997,123.1907166208559,-2.3814204268680497e-12
3640.2467592431103,123.20116442243761,-2.703174522812909e-12
3641.5262892537644,123.28697943998507,6.262958026986565e-12
3644.0388977238404,123.45558183822756,-7.77476304416534e-12
3644.157370303222,123.46353451961672,2.294025010465326e-11
3644.819866945124,123.5080105435479,-1.0600552115884456e-12
3644.992463428069,123.51959895668213,4.441117184816767e-12
3645.1922966336633,123.53301677386084,6.416122331217887e-12
3645.3107692130393,123.54097197236464,-2.3672139340898053e-11
3646.178012786584,123.59921353012103,-6.525255193414822e-13
3646.5098237715906,123.62150065588686,2.3474082889199027e-11
3646.8296119731212,123.64298215287559,5.949370414851546e-11
3647.319539794537,123.67589628604485,-4.6170010430922726e-11
3648.029160670464,123.72357758940683,-2.610415203260198e-11
3649.9309873170077,123.85141209482381,-2.4392678595804135e-13
3650.7372858615963,123.90562893108101,2.8614153141127436e-12
3650.9149947306237,123.91757997741368,8.962324120637294e-13
3651.3888096071732,123.94944720409747,-5.147246136027601e-11
3652.4010420210952,124.01754047389811,-2.469860841449348e-12
3652.939294845513,124.05375663812306,5.337787489186766e-12
3653.029199167331,124.05980634098644,4.791792057832303e-12
3653.6313341911764,124.10032811962111,1.6236621248896513e-12
3653.9555897581827,124.12215225822023,1.1494720271512315e-11
3654.169587015568,124.13655648217079,5.933437022173598e-12
3654.1748025050474,124.1369075489687,-1.6378088838729962e-12
3654.548446793719,124.16205972394097,-1.816832052947733e-11
3655.5801203584515,124.2315210384341,-9.674384673328561e-13
3659.8717048002177,124.52067856214708,-8.971737686487886e-13
3660.1268765094987,124.53788215673792,-9.314029705470426e-12
3660.3023825004793,124.54971541039454,-2.989607332704884e-13
3660.3638216681165,124.55385799711276,-1.2976572046711313e-12
3661.2751492012385,124.61531317519831,-4.5334963506445557e-13
3661.5120943598454,124.63129402742801,-2.3334467854894997e-11
3661.767266069112,124.64850533256502,3.9027688862221175e-12
3664.305745777908,124.81979084007813,-2.7371983243002967e-11
3664.6088514547337,124.84025101824714,1.2632755962697569e-12
3665.4290462344134,124.89562412630221,5.179056597847556e-12
3666.6333162815217,124.97694943394151,-5.1654538602040735e-12
3667.2233115869767,125.01680203314893,6.586519420066989e-12
3667.3508974415818,125.02542095839544,-8.459414369130371e-12
3667.4876858436205,125.03466188491721,-2.3422789115715588e-11
3668.1165018413085,125.0771468388656,4.930076676387457e-11
3668.492424448615,125.10254893142061,1.2184870587253946e-12
3670.5146109562725,125.23923812849777,3.3543248809391966e-11
3670.8575872125866,125.26242899513464,7.401146415331987e-13
3671.4043837322456,125.29940596315453,2.200236801803469e-12
3672.2076696646836,125.35373794757142,2.2063759369115724e-13
3672.5038511128196,125.37377382078658,-3.542593133605473e-12
3673.5016793202794,125.44128609032587,1.2464645668625464e-12
3673.6909444962644,125.45409369219868,6.83587028464167e-11
3673.8674387648716,125.46603767948784,2.0806984825971886e-11
3673.9687346807755,125.47289298920158,-4.5591985743224523e-11
3674.974866429998,125.54099429638761,-4.897072069403135e-13
3675.5900125145195,125.58264042722939,-9.81107113246331e-12
3675.7555954965605,125.59385178522274,-6.296707213502069e-12
3678.5407924896085,125.78250869926906,-4.407317837484656e-12
3679.3159150310926,125.83503748633551,4.573415800110187e-11
3680.5913687097873,125.92149698523369,-4.635020707046992e-12
3681.070220531071,125.95396477109396,-3.91974701185464e-12
3683.5567792125175,126.12262984021089,-1.0268638126414043e-13
3684.86935867537,126.21170898097965,-9.198315820895962e-12
3685.453658183345,126.25137309177832,-1.0991815842176327e-12
3686.767287533416,126.34056939717055,1.1971923183811405e-12
3686.9164419759704,126.35069909240804,3.667533579914214e-11
3686.979665323518,126.35499297516084,5.587682020851129e-12
3687.335083061083,126.37913292971405,-7.320945245918263e-12
3688.0991434340663,126.43103574921399,1.7282935934058893e-11
3688.119394318483,126.4324115433377,-4.356490211002034e-12
3688.474812056035,126.45655895973752,1.065438436036377e-11
3688.5380354035783,126.4608546573945,-1.4550219416604715e-11
3689.2418095996272,126.50867742554284,2.07643637784279e-11
3689.4091767615546,126.52005167896672,1.7744985240977252e-12
3690.0163625610935,126.56132028893475,-1.357664687316083e-11
3691.895975596031,126.68911503864243,6.052103221324047e-12
3693.4821180310328,126.79700737511882,4.3169219930122525e-13
3693.8249157428427,126.82033119849802,1.5355223035856788e-11
3694.6303907213346,126.87514392237128,-1.373751913716045e-12
3694.9380530354765,126.89608355501824,5.736111794777206e-12
3695.3275562832805,126.92259581871868,6.908864304344472e-12
3695.7752597646,126.95307304188793,7.514837408084058e-12
3696.7920488144923,127.02230423687816,5.590450705211153e-11
3696.9001796868006,127.02966777865507,4.785695847915009e-11
3697.133796638951,127.04557745979196,-1.9603310695345588e-11
3697.694263071053,127.08375020267802,-7.330923832738806e-12
3698.0360108954987,127.10702910523503,-1.1484664848679505e-11
3699.3036690016124,127.19339720798229,8.792123892637061e-12
3700.7731846466168,127.29355531879237,-9.528344017252447e-13
3701.0182824649846,127.31026437696556,-2.8071333716868242e-11
3701.3372471010953,127.33201081617892,4.870987541443251e-13
3702.8649491482383,127.43619279706064,2.980407477865654e-11
3704.44286348164,127.54384415029214,-3.6918828151322234e-12
3704.8575175085316,127.57214104438081,5.729201209231474e-12
3705.5232807454677,127.61758080300316,-2.0983063017150112e-12
3706.5257410302106,127.68601625482225,-1.6167721166234358e-12
3707.099472508338,127.72519179427103,-3.44713633994237e-11
3708.3184761851176,127.80844794530202,-3.2723364488883837e-13
3708.3839778514443,127.81292238731896,-4.7334052453561276e-11
3708.573647893938,127.82587926083836,1.0019664351683272e-11
3709.2298037166092,127.8707081511791,-2.7291205962612243e-11
3709.277078832305,127.87393831675362,1.0780314726657748e-11
3709.9332346549604,127.91877570934825,2.0685730723998422e-11
3710.122904697443,127.93173799573984,1.1462809573163121e-12
3710.1884063637667,127.93621461495346,-3.2782298508155966e-12
3710.2643251777704,127.94140327835328,1.540999660047761e-11
3710.70763673414,127.97170348033413,2.835639151494912e-11
3711.9152349853607,128.05426079361226,4.5866382740946586e-11
3712.974653240579,128.1267099194321,-1.6378054578211314e-11
3713.4877691158185,128.1618071718686,-1.1564087785340556e-11
3713.629594462883,128.17150891611513,2.490128237073576e-11
3714.003492735784,128.19708768166498,2.5937756366975518e-12
3714.4340949943285,128.22654881585865,-1.3076354777299804e-12
3718.501251190892,128.50498577798083,-2.7894680755150075e-12
3720.141640746949,128.61737285743624,5.850083516853079e-13
3722.0509750279316,128.74824841841226,-7.231528848488549e-14
3722.2873506062974,128.76445548389984,-1.7591917440635577e-11
3722.5501808362355,128.78247761811315,9.74580699696244e-13
3722.8212115046126,128.8010633848578,-1.0912578183517195e-11
3723.267851266917,128.83169439296566,1.2287687194994867e-11
3724.5972641340068,128.92288862295788,2.6457817489980862e-12
3725.071154450107,128.9554041244789,-3.0715959026424296e-11
3725.20565070177,128.96463320148447,1.664126087197356e-11
3725.45626577278,128.98183119264556,-1.8546112559118653e-12
3725.7250319535574,129.00027605550352,-8.432210992502069e-13
3726.036111745591,129.0216264746634,1.5777958782281992e-11
3726.1989222696384,129.0328014017396,1.9590104857577415e-11
3726.2218701708643,129.0343765303527,-6.164760253817231e-11
3726.9126949143833,129.08179882088487,-3.1638558925874385e-12
3728.7737796327756,129.20959841071246,-2.5904111741534618e-12
3730.6328877956103,129.33732597256906,-4.96148762978437e-13
3731.1200569890707,129.37080681393715,1.971659244995274e-12
3732.5918509512016,129.47198282771518,-4.970333616349726e-11
3734.9194214489594,129.6320692175136,6.155004620611411e-13
3734.9508237736736,129.6342296989453,-2.555789835993932e-12
3735.2503472585176,129.65483784185724,1.477862431500764e-11
3735.624156259023,129.68055937641435,-8.190352850509575e-12
3736.5459147685438,129.74399593049972,-2.2602174861260938e-11
3737.9994821797773,129.84406402765975,9.53897978647333e-13
3739.6052304759446,129.9546539755139,-4.518431891606741e-12
3740.329330995912,130.00453924673866,4.097588258337341e-12
3740.9183656845676,130.04512658635628,-4.802864219841028e-11
3741.3276395084968,130.0733312959414,4.057172509754886e-14
3741.662147509172,130.09638588269792,1.4709259718041723e-12
3745.8363846865645,130.3842513384301,2.137539246242454e-11
3746.430065284859,130.42521905424456,-4.6450126987944785e-12
3747.4428672749436,130.49512378235693,-3.2680843960498196e-11
3747.97599388012,130.5319283689067,-5.2216124754468555e-11
3748.0858473226012,130.53951279129862,-9.224723448765888e-13
3749.2609656976824,130.62065837680757,-4.445441486188138e-12
3750.0679847007254,130.67640028673486,1.7476367439424604e-12
3751.31563207389,130.7626006135136,1.733255238043587e-12
3751.3822728995283,130.76720565459738,1.0413065307894993e-11
3751.4130163724135,130.7693301299766,1.1096171312069081e-11
3751.6983896365296,130.78905119466597,-4.164534875382463e-11
3751.9975836952913,130.80972897297102,7.652018634409202e-13
3752.0931083729956,130.81633118298925,-4.424856636454574e-12
3752.5185844135963,130.8457400988502,6.001679243876917e-11
3752.694838527895,130.85792376499938,1.4748009838234416e-11
3752.913303150052,130.87302605079904,3.521684049320461e-11
3753.2294198870354,130.89488050618647,3.28871503359056e-12
3753.296060712669,130.89948789657714,-5.499305556915092e-12
3753.6631240285633,130.9248672596173,-1.067782859520199e-11
3754.090398080363,130.95441281822758,-3.5024837670603525e-12
3754.6918742501625,130.99600997213324,3.1768868731583204e-11
3754.987980256561,131.01649064967998,-2.7744488030029392e-11
3755.457389375346,131.04896144255943,-1.666908801727271e-11
3755.7171177213845,131.06692957259858,-1.2395355556325316e-11
3756.0815732925175,131.0921448769255,-2.961690214689712e-11
3756.698606658551,131.1348406627194,4.329314545639517e-14
3756.939614315124,131.15151915545124,-2.586999936128327e-11
3757.313752741245,131.1774128386121,-1.934105087204375e-12
3757.737025903791,131.20671018815088,-4.31360879213746e-12
3758.0610413157588,131.229139525925,5.538931039022858e-12
3758.6761873984237,131.27172714012084,7.840452640190221e-12
3759.1736090261093,131.30616958632504,1.7056454659032502e-12
3760.025864979457,131.36519204949838,1.511891279212456e-11
3760.506425538481,131.3984788753945,-9.37429475742167e-12
3760.538486714978,131.4006997974501,-2.5553135609470438e-11
3760.66957931949,131.4097809605368,-8.041997278711874e-13
3762.173269743619,131.5139685772414,8.443671925215674e-12
3762.5788997664604,131.54208098042938,-3.729125695924056e-14
3764.2347710753666,131.6568734571876,-2.815191226261637e-12
3764.4312760739545,131.6704994236469,-7.732205427607536e-12
3764.521345108358,131.6767451902492,-5.751858879719875e-13
3765.334704928584,131.7331537574163,-4.110673364421535e-12
3766.0118597581995,131.78012545899017,-1.2638258821850583e-11
3766.2083647567747,131.79375785807568,-5.8889385330519196e-12
3766.9480224723316,131.8450774808339,3.0007957569299203e-12
3769.0423808824726,131.99044488049174,3.0615002881998946e-12
3769.665096214031,132.03368253532497,-6.903502066469207e-14
3769.9864284402875,132.05599673097393,4.9708766227270485e-11
3770.011235962292,132.05771951277998,-2.6496209169635304e-13
3770.781472437664,132.1112149527568,-2.3093582852163074e-12
3770.9969521107105,132.1261826764266,3.554664672970479e-13
3772.9796728982033,132.26394725689477,4.702269220187073e-11
3773.5720357923133,132.3051202157693,-4.048814347231666e-12
3773.924125322641,132.32959572249803,2.8437781040974775e-12
3774.0920620637667,132.34127065085468,2.2194903086395528e-11
3774.684424957852,132.38245574781524,1.2116834145868417e-12
3775.8925927860314,132.46647582743543,-5.314008048773553e-13
3776.1439559805062,132.48395985369677,1.3007447773432511e-12
3776.4083164048534,132.5023491817387,-1.3578352765307243e-12
3776.98937697688,132.54277319601792,-3.29682728424856e-11
3777.413638416851,132.57229272283655,-2.4927185627425783e-11
3777.9780026331814,132.61156554678666,-3.894390713425578e-12
3778.860940449234,132.67301895364022,7.187880619638052e-11
3780.106384943168,132.75972762370188,1.5899259060057426e-11
3781.1589682393555,132.8330314480924,-3.899597459219948e-11
3781.5417258015964,132.85969244428028,-2.1075890677098672e-12
3783.609567949567,133.00377476033862,-1.1200569158780658e-11
3785.12368935141,133.10932508609451,-2.357614354074567e-12
3785.766669398223,133.1541603915393,9.773776703347168e-14
3786.4792890508043,133.2038605973584,4.52879651546231e-11
3786.600039948394,133.2122830495387,8.713045374760821e-13
3786.725347483629,133.2210236140853,-3.5461258057019817e-12
3787.728871484048,133.29103276147762,8.502277548900836e-12
3790.570456856762,133.48937177262135,-1.6390288777788576e-12
3791.159313000175,133.53049178071458,5.552303358045879e-12
3791.452255513021,133.55095042690394,2.8139032467432355e-12
3792.1698366698593,133.60107184949337,8.481954485883568e-12
3792.6005281993216,133.63115923476016,4.538011540402479e-12
3793.838883751145,133.7176877057017,6.053482103094186e-12
3793.861591498516,133.71927464353033,-1.8249761730187514e-11
3794.4540298330476,133.76068073323148,2.654502943754125e-12
3794.7022911437793,133.77803387930263,9.68460416576092e-12
3798.587181823137,134.04973062635702,-1.0646299473671332e-11
3799.3562036974913,134.10354650389672,2.3462495990727298e-11
3799.7624032995177,134.13197660450854,-2.2667032964261144e-12
3799.9707801995737,134.14656218095968,-9.14430884290983e-13
3800.6919573786445,134.19704796643992,1.56846125143522e-11
3800.7876467691403,134.20374739257124,-5.38488549786705e-11
3801.2076809970276,134.2331569141835,4.745114405592122e-12
3801.7172008482353,134.2688363097638,-1.3717520696711103e-11
3801.859280179916,134.27878634237825,-4.362030566277179e-11
3802.5610023768563,134.32793447323866,8.974411104510383e-12
3802.8025041719034,134.34485118772943,3.3858825424684486e-12
3803.0588288705417,134.3628073920591,-2.4085723134424983e-11
3804.8786360288955,134.49032436163472,2.5727087131271155e-12
3806.418477788478,134.59827132968354,-9.728411331692615e-12
3807.101973434742,134.6462001733414,2.2326130719241078e-12
3807.2933522156936,134.65962179167485,-1.9352194160896652e-11
3807.976847861939,134.7075616503986,-5.736223464291623e-12
3808.5073051116815,134.74477344474408,-3.350471046615504e-11
3808.7579201819626,134.76235599795933,-5.555515042202118e-12
3808.996738791386,134.77911201628692,2.6091271347605884e-12
3809.5183845292195,134.8157154373139,-2.2370453863134515e-13
3809.942645968719,134.84548918429627,-3.785389808318426e-11
3810.1932610389877,134.863078363762,-3.679255593899769e-12
3810.3080005447805,134.871131632547,1.0825315247073195e-12
3811.210304069833,134.93447043254616,-2.82509165083533e-12
3811.84034849581,134.97870641317886,-4.66386508846722e-12
3811.926759898036,134.98477400494923,-1.2264428706534107e-11
3813.097980484696,135.06702774126742,7.973084198690009e-12
3813.2316670024425,135.07641802823852,-4.547977637165051e-12
3814.0607487305065,135.13466098586278,-1.1311463302420688e-11
3815.070133239996,135.2055872983444,8.763046332750017e-12
3815.911327023512,135.26470970891128,1.4790323703887988e-12
3816.35389045433,135.2958200418334,2.537734698602666e-12
3817.415017444796,135.37042746665398,7.46301941698923e-12
3817.5479835011192,135.37977772057351,5.108242334664431e-13
3817.817229988638,135.39871229469605,-3.5492222609404225e-14
3817.857580875589,135.40155005813932,1.3184634108004599e-11
3818.1042981599608,135.4189016373729,-5.153566236282741e-12
3819.135971718658,135.49147118799965,-4.534599359185983e-12
3820.453107812863,135.58414911913474,2.1888281472536677e-13
3824.188679334062,135.84716978681337,1.1733530487364006e-12
3824.4142328971966,135.86305918639584,-1.0784558545169256e-11
3824.957701207755,135.9013483327248,6.8900392683483474e-12
3825.8604095991177,135.96495915899317,2.681561561631731e-11
3826.734789886907,136.02658811051506,-2.0757688071667783e-12
3827.282080542404,136.06516996761667,-6.371956326510107e-11
3827.9892722132486,136.11503239382114,-1.4233127425441103e-11
3828.754698064407,136.16901115721564,-8.716627107724964e-12
3829.404108199978,136.21481681356943,2.4258940510160206e-11
3829.4456120775785,136.2177445225282,1.1129649861120546e-11
3829.7663608922217,136.24037141063107,-8.296592740734623e-12
3830.1547388100316,136.26777165936784,-2.8765398663026673e-12
3832.1268915642104,136.40695086104142,2.4928264105826933e-11
3832.837727035713,136.45713366525152,1.6628877378346611e-12
3833.2204845972856,136.48415903048382,-4.881919038112598e-11
3833.9313200687643,136.53435615427952,-7.523553348808339e-13
3834.2134405667994,136.55428125956195,3.564861723068026e-14
3834.582123348689,136.58032214195913,-4.938170318661648e-11
3834.714670706929,136.5896848676853,-3.722406902246296e-11
3835.6487814226043,136.65567666810935,-1.84912330601872e-12
3836.150011562711,136.69109352873375,-7.141685778516639e-12
3836.864038189804,136.74155455524803,2.0721800798387602e-11
3837.6786264395437,136.79913384798357,1.4377654101672993e-11
3837.9006732522457,136.81483138032772,-1.0216310569534783e-12
3838.8224317585295,136.88000453004324,-1.4129669642194622e-12
3839.264336337201,136.91125504636008,4.8761954516280926e-11
3840.4013066996704,136.99167561437233,6.590003657290395e-12
3844.04925221601,137.24986408445443,1.2393014695124477e-11
3845.173691824803,137.32949730292162,5.3336835013843936e-11
3846.1032459025205,137.39534624310602,1.2744510994497433e-12
3846.188127109743,137.4013599596533,-2.417046221326124e-12
3847.2300531021583,137.4751897936162,-2.0506060763480835e-11
3847.8541477452823,137.5194220924664,4.953661720169139e-12
3847.931864570143,137.5249307238546,-1.8390036953221934e-11
3848.888758473589,137.5927652558324,-4.403186253088723e-12
3849.264681078506,137.6194191509624,1.2172631475410225e-12
3849.521170489699,137.63760641451054,4.941452224698659e-13
3850.5588692702718,137.71120038358475,-3.4327418471305917e-12
3850.6033719280617,137.71435697158748,2.0105004827494004e-11
3851.274426091931,137.76195948445684,2.5182893446596503e-11
3852.0938865735698,137.82010073350125,2.6759764398929308e-11
3852.1634645696063,137.82503790686889,1.4372943007503209e-11
3852.299669559797,137.83470311210945,7.872751251323684e-12
3852.6419115212666,137.8589903589394,-2.921703220563078e-11
3854.6687439256007,138.00286901858314,2.821973795392884e-13
3854.7160944819075,138.0062311949505,2.131336707237285e-12
3856.5944929058323,138.13964217996016,-1.080868308312614e-12
3860.3382925235005,138.4057349001352,-1.6850087952439026e-13
3863.348144055868,138.6198490593093,2.3796078284402217e-12
3863.5169043612495,138.63185923359933,-1.1460055014705755e-11
3863.840260920255,138.6548730339333,-4.821351056393724e-12
3864.643937882795,138.71208034339497,-1.2313166100483697e-11
3865.1360547471604,138.74711606455392,-2.6628990361250062e-14
3865.7373045921636,138.78992744349358,2.6163708446076857e-11
3866.0562692264634,138.81264169672517,3.480586832112635e-13
3866.5073763521123,138.84476934011374,6.458686032077136e-13
3866.8331005020054,138.86796959577083,9.13620545108271e-12
3866.94490283696,138.8759333574563,8.66881584674664e-12
3867.008606491713,138.88047111812114,-1.2721410192170022e-13
3867.4916100807764,138.91487902814424,5.405093974810324e-12
3867.623752572123,138.92429326164216,3.2044347639797658e-12
3867.970640443159,138.9490081404353,2.0510688588414562e-11
3868.108959039145,138.95886360683627,1.3945986426199397e-11
3869.1240393438807,139.03120081725066,2.342631245608302e-11
3869.274573098701,139.0419298524834,-1.4934569726653793e-11
3870.1097554890302,139.10146362758366,3.518552591509803e-11
3870.301134269583,139.11510736895073,-3.673072428955405e-12
3872.576214151595,139.27735363472948,2.584053008787874e-13
3874.378453607058,139.4059471853611,4.485417980047161e-12
3874.9594249050847,139.4474134537456,8.974455105043327e-12
3875.794442582309,139.50702292852228,4.845864141017926e-12
3876.1328621985435,139.53118537472298,-1.4936324315185505e-12
3876.368578923863,139.54801629778447,2.768496724021855e-12
3876.4603705282975,139.55457078684967,4.564805586745075e-12
3877.2772370958032,139.61290695540632,-1.134389890893827e-12
3877.375760553322,139.61994379567963,-4.5154155898813856e-12
3877.8552712231535,139.65419443603267,2.8876160822986957e-11
3878.1827795528875,139.6775902393248,1.7751455918981018e-12
3879.1910249008497,139.74962740651577,7.164511723019895e-12
3879.36264693592,139.76189133180927,2.806421030185711e-12
3879.5278112187843,139.77369430542961,1.127083087607799e-11
3879.6658280513248,139.78355765275532,7.477725501441684e-12
3879.8729903505778,139.79836312664224,-3.702630382778162e-12
3880.9005121363116,139.87180973193185,1.2230613084212966e-12
3881.4108555509415,139.90829598403846,-5.585866951658624e-12
3881.5454410739976,139.91791877757768,2.8312069352302752e-12
3882.4398597531936,139.98187771573987,-6.229329355475247e-12
3882.6038987078887,139.99360956787592,1.6392745713031836e-11
3883.8319125492644,140.08145126121346,-1.2590462062702467e-11
3884.7456214974754,140.14682827246742,7.00985961121219e-14
3885.310809276557,140.18727585925876,-2.2291613056217752e-11
3886.0221388856894,140.23819042952204,7.06371948786447e-12
3886.7909822136266,140.2932321190344,7.96386238704755e-12
3887.667085070052,140.35596581889683,-3.1957732095769417e-12
3889.8609690382327,140.51312180241482,-1.4266504880034749e-11
3890.0493352071953,140.5266192974091,6.118546470175372e-12
3890.0977494820067,140.53008855796594,5.317925254059603e-11
3890.2880645438795,140.543726535599,8.576574817230978e-12
3891.296309891453,140.6159885289625,-8.955153745578963e-12
3892.2817858821054,140.6866367149688,-4.558247526816813e-12
3892.723855172966,140.71833421117466,-2.209165163321382e-12
3894.306161420838,140.83181910919708,-3.02812916762994e-12
3894.323159539842,140.83303848502243,-5.981628782357914e-12
3894.4514042452543,140.84223840941542,4.1848846493490566e-11
3894.805367226238,140.86763231757098,-2.7078918666307542e-11
3896.3546240199453,140.9788058005441,-1.5442515160022773e-11
3896.722586339696,141.005216992837,-2.4764204958054722e-11
3896.852450512104,141.0145388351761,4.3399180575573026e-11
3897.967941556684,141.0946232267931,1.8023300204198e-13
3898.3629758858724,141.1229894021182,-3.8698719747544836e-11
3898.492840058276,141.13231516857468,-7.952792303045183e-13
3898.896267201314,141.16128793743798,-2.345706366187713e-12
3899.5217549878653,141.20621427595304,-3.5821724168661143e-11
3900.421780191484,141.27087220794147,-1.3457003051898069e-11
3901.971140088277,141.38221338489336,4.6045318950735484e-12
3902.038920072988,141.38708524677142,-1.4170177186617128e-13
3902.5401502120226,141.42311508749484,4.305552499124874e-11
3902.868228121205,141.4467007618958,1.0957590326875381e-12
3903.0056615426856,141.4565815041203,3.828419219225849e-11
3903.1102994951652,141.46410465741855,-5.66922141673453e-12
3903.438377404342,141.48769377746981,5.6601731376105505e-12
3903.730661064303,141.50871092629927,-8.501395620350187e-12
3903.939607543355,141.5237365393817,-8.483973620103459e-12
3903.9488855315612,141.52440375022937,-2.6839243293263325e-12
3904.007387528062,141.5286108589963,-5.397646255401756e-13
3904.4004867955214,141.55688180917713,-3.119452747429514e-12
3907.7905774117085,141.80080879164828,2.5382986098658096e-12
3908.3805727122704,141.8432823153896,-8.966901278912273e-13
3909.65652051983,141.93515921186602,-2.140760174954201e-12
3911.0852942320303,142.03807620280594,3.0588523345820454e-12
3913.450278432116,142.2085126580081,-4.142569364935426e-11
3913.8136841140436,142.2347112151297,1.5825298744478672e-13
3915.374497213845,142.34726064859865,9.94526563860742e-13
3915.735535304833,142.37330131118378,-9.588844410900174e-14
3915.8436661763394,142.3811009542335,8.636091079389206e-12
3915.9782516992486,142.390809112104,-5.567061539430275e-12
3916.074435228242,142.39774739474933,1.7024052633293974e-11
3917.1209178559616,142.4732473441902,1.2095746425508267e-11
3917.910533868774,142.53022864653659,-4.858402277727838e-12
3918.4232448737275,142.5672337178351,1.4267384579830197e-12
3922.3045395150502,142.8475244053912,-1.8229179079776146e-12
3922.568824497284,142.86662004030276,2.6962800038728147e-12
3923.892630830595,142.96228964515822,1.218772060991095e-12
3925.138301641177,143.05234198642756,-1.4990228902214102e-11
3925.207474770299,143.0573435050254,2.7361975207884307e-12
3925.2689893782285,143.0617913532194,-1.2850137368898345e-12
3926.026619655369,143.11657795094098,-2.584903381133912e-12
3927.7126648483927,143.23853906184314,5.201180559747351e-12
3927.8094179570544,143.24553934587476,-3.6701503490080964e-12
3928.009340432806,143.26000468955908,8.887324943936393e-12
3928.953792852459,143.3283502767269,2.6238697042339583e-12
3929.2135211970167,143.34714847815735,-3.282310955510033e-11
3929.336550412858,143.35605332307932,-1.8760676111796355e-12
3929.6320730065945,143.37744436430566,-1.4504870044095974e-12
3929.8319954823346,143.39191642029564,-1.3933404168356152e-11
3930.4574832682847,143.43719919746974,-5.9030656731910216e-12
3930.5805124841213,143.44610686156017,1.4009351920419667e-11
3930.8402408286647,143.4649128458229,5.604666703402404e-12
3932.2502184097316,143.56702587490713,1.7645012536461777e-11
3932.9080829665977,143.61468209985333,-5.401420199747844e-12
3933.3438114393184,143.64625100129518,2.376579929705161e-11
3934.001675996162,143.6939204787423,2.4148471031189813e-12
3935.5598197406844,143.80685682518614,-6.190414937841617e-11
3935.9107701097496,143.83230034909636,-3.794682673420614e-12
3935.972120004706,143.83674838340065,2.7743982084085976e-11
3936.0953139334733,143.84568048781475,-3.770204550575307e-13
3936.587430796734,143.88136392473808,-7.999373121087485e-12
3936.737635125333,143.89225614238896,6.394591165158433e-12
3937.6331791311377,143.95720604045155,-2.272250590115339e-13
3938.140194338753,143.9939841901953,1.4178131047375644e-11
3938.8374491670975,144.04456978060506,-4.1450856210836544e-11
3940.963388434206,144.19886120005148,1.7840981665467427e-11
3941.0317379985377,144.20382309531297,-5.7352648415285876e-12
3941.9202823348423,144.2683355647354,-2.890761384889244e-12
3942.33037972082,144.29811545576905,-3.4851453394433446e-12
3943.9583416145815,144.41636312463442,2.3947847476793504e-12
3944.193173165051,144.43342423802855,-3.3521836235874853e-11
3945.0975764608415,144.49914094273217,-9.878653905600049e-12
3945.2992215068507,144.5137951415918,-4.66868963438142e-11
3945.545279938414,144.53167801970915,4.501928366200129e-11
3945.9723754433226,144.56272084302802,1.3392119554736671e-11
3946.420319074682,144.59528259263357,5.889746941981598e-12
3946.538057360184,144.60384179313468,8.535501361067736e-12
3946.7841157917373,144.62173028635388,3.430579459675259e-11
3947.6245891103194,144.6828412620529,-7.418067068998181e-12
3949.576147715756,144.82478964683804,-8.373060533058952e-13
3951.421585952188,144.9590838083459,-2.0979110562008295e-12
3951.558374352913,144.96904051776568,-1.9940005997919804e-11
3952.563112948257,145.0421851350841,5.721076173558974e-12
3954.3858710997824,145.17492875780945,-1.7202343556187466e-11
3954.459991901959,145.18032795143574,1.9309816574800275e-11
3954.84958441849,145.20870876629996,-2.1084339997500307e-12
3954.9184281216494,145.2137241440568,-3.644394670069576e-12
3956.7249086154707,145.34536044115416,4.758272441558659e-12
3957.1123120852694,145.37359794475114,5.4446846006308705e-11
3957.3788753860326,145.39302911859932,-3.8672156358496256e-11
3957.686448425373,145.41545133025213,1.6501444196182624e-11
3957.7501520799474,145.4200955729033,-2.02994748008648e-11
3958.0218554292837,145.43990463662982,-2.7156509529954975e-12
3958.3084294604746,145.4607993500237,5.566170594256349e-13
3959.401061874,145.54047934957788,2.6900660028566074e-11
3959.8929247518568,145.57635552938828,-1.639009666119424e-12
3961.9312241842895,145.72507535282097,3.482807365632774e-12
3962.260455083535,145.74910410622283,5.772063070408948e-14
3964.2648060562233,145.89543374456017,-7.25406676899046e-12
3965.5017068471975,145.98577184352993,-9.452665604700894e-13
3965.793420926902,146.00708153596648,-7.164173982742608e-13
3966.8016662721334,146.08074585734792,-5.499968392818224e-11
3969.931040259913,146.30950312611117,1.2729173665094427e-12
3971.6625625547713,146.43615494374154,-3.251286041764977e-12
3971.8017047150693,146.4463348638138,-4.238582881408344e-12
3972.14973174439,146.47179878228113,3.1359512679164563e-12
3972.518819391436,146.49880607014026,1.1374676805748568e-11
3973.3800239011907,146.56183283380452,-7.196414991172358e-12
3973.591502683663,146.57731187793527,2.827983881108566e-13
3973.749111548222,146.5888484862291,6.766577998084878e-12
3974.218040356085,146.62317570811916,1.2945050694946638e-12
3974.5017803198834,146.64394842864075,-2.1835544415112376e-12
3975.2262857010655,146.69699649627933,2.651811402097882e-12
3978.6442102744945,146.94738631751702,-1.8902815090030737e-12
3980.1638489197258,147.05878089240292,6.893744796399441e-11
3980.1688996961952,147.05915120207078,-1.7558434922488062e-12
3980.7982852670075,147.1052997771479,9.444306923761781e-12
3981.5599026007926,147.16115376808153,-3.056259981942791e-11
3982.2670049961134,147.21301941516603,3.6500891643420666e-13
3982.715758360488,147.2459400527627,4.56920749657314e-13
3983.105350876691,147.27452364678828,-4.499633756372936e-12
3983.663538984693,147.31548162197626,-1.1812650312280513e-12
3983.750279812354,147.32184688884251,-1.4387356461083321e-11
3983.761506693444,147.32267075662017,-4.1328317954948506e-11
3984.1198615981275,147.34896931197596,2.4451026049996975e-11
3984.3196948014356,147.36363547853597,9.276846080158631e-12
3984.70928731762,147.39223058330526,-1.0978755635489868e-12
3985.4578043181714,147.447177683155,-4.2958370020586964e-11
3986.6348992396584,147.53360668675506,1.1753720995677184e-13
3988.6639206822892,147.68264889651186,2.72855260942335e-11
3989.2431077983238,147.72520712514572,-2.5923079240041873e-13
3989.611790578433,147.752300874006,-9.33314260065783e-12
3990.042392833096,147.78394812927618,2.7957144083246997e-11
3990.0724158443463,147.78615480780115,-1.4861904889442394e-12
3990.268351261809,147.8005563852087,1.2259568461806064e-11
3991.097659307806,147.86151972991073,-5.801128658244495e-14
3991.300024814938,147.87639776334456,-3.547575458445275e-12
3992.639944090116,147.9749284654554,4.383875984039009e-11
3992.7082936543416,147.9799554238441,1.3265780200331053e-11
3992.855650084179,147.99079345418545,2.7372302227721758e-12
3993.9429777350592,148.07077850904486,-9.674086559346346e-13
3994.928693876434,148.14330772676428,-1.9167263505584268e-11
3995.0003716467622,148.14858249146303,-2.7556036162866175e-13
3995.7385469403503,148.20291029246442,3.2548540084622878e-12
3995.8991822475245,148.21473396727444,-7.947461296837639e-12
3996.614649793867,148.26740223269158,2.2693129503564884e-12
3997.3573062841883,148.32208195259602,-1.554651492308117e-11
4000.7865331773246,148.57469810216583,2.9603742886471762e-12
4001.0804363034285,148.59635873857727,1.8727378989391915e-11
4001.7676034087845,148.6470091074049,4.584082903462833e-12
4005.324251441706,148.90930493368543,-1.8367486382153935e-12
4005.82564629213,148.94630056197065,4.1601724270878894e-11
4006.304093241529,148.98160728763077,-1.8463650607894845e-11
4006.331927206063,148.9836614093027,-1.7931429565524378e-12
4007.305819223784,149.05554275396042,7.27723513910318e-12
4007.5070455714167,149.07039711280626,6.167782287800754e-12
4007.643744699811,149.08048855234912,2.066015213676075e-11
4008.4507636961766,149.14007153868212,-8.122126447279251e-12
4008.7888677163965,149.16503764866874,-2.8604917381796865e-11
4009.1578660909413,149.19228744745965,-7.864916329372668e-12
4009.56171193064,149.22211353714056,3.3691777931973033e-12
4009.765051884113,149.23713237434882,-3.720041683941567e-12
4009.7957953567447,149.23940317593346,-5.1569351415116535e-11
4010.2571687462955,149.27348363676924,-2.1192202010058346e-11
4010.9833828658234,149.3271351417958,6.934567213000168e-12
4011.4754997279897,149.36349744854084,2.097509281592416e-12
4011.678839681451,149.37852345414734,2.5557965463242525e-11
4013.370759211392,149.5035790439454,-5.2071760489832883e-11
4013.7034691979406,149.52817698722896,4.756812042928045e-11
4014.0998966702095,149.55748835938604,5.7607271164572944e-11
4014.3276531099746,149.5743297069218,-2.6127118546100383e-11
4014.7174103387683,149.6031523467129,-1.4185422310948237e-11
4014.9446864709325,149.61996076238466,8.415507212739005e-14
4015.805890979618,149.6836605687936,3.114653938809941e-13
4016.197761814252,149.71265018856874,-8.28749540916984e-12
4017.0589663229066,149.77636987372927,-3.6438401060615e-11
4018.443312813796,149.87882495751396,-3.964684832746753e-11
4019.4111041674137,149.9504718821748,-9.096044478182913e-12
4019.8042034335126,149.97957848858238,3.3926708492369017e-12
4020.018200688303,149.99542487848757,-9.785485627438821e-12
4020.556048639407,150.0352559752747,-3.9241839984183584e-11
4021.7763561761517,150.12564735030296,-1.3729797900485155e-11
4022.480850825939,150.17784360330631,-5.472284945076538e-12
4022.617549954273,150.18797274824894,2.6977694101241557e-12
4023.45092049825,150.24973136354348,1.4449848630006359e-12
4024.454444491219,150.324116523507,-1.7325136907913407e-12
4024.5911436195465,150.33425063813758,2.736874253256924e-11
4026.492743919797,150.47526042919728,3.276656104227395e-11
4027.090981150396,150.5196354219715,-6.894536370346468e-13
4027.6651174893223,150.56222890054528,4.359447295998634e-12
4028.0979980623156,150.59434704616922,3.995739932587754e-11
4029.164251263143,150.67347383245115,1.0732698392687017e-11
4029.2235768241785,150.67787700494233,4.810879611052751e-11
4030.0859343231714,150.74188892573102,-2.294362757435668e-13
4031.2776597711636,150.83037204067642,-1.127676225123521e-12
4032.054401770712,150.88805758750684,-8.617445482197022e-12
4032.170204994272,150.89665878548553,5.527847520909582e-12
4032.188987293157,150.89805384999573,5.885317035638107e-13
4032.6095156568754,150.92929050309155,-1.3827317189413593e-12
4033.163147126467,150.97041896093535,9.827524723566499e-13
4033.7521818096297,151.01418367002452,-3.2932572302652175e-12
4034.275371569986,151.05306152436614,2.4696736988595724e-12
4034.6543960563386,151.08122971059024,-1.2142956123134841e-11
4035.130489245689,151.1166155585207,6.464700066731606e-12
4035.620327788709,151.1530273941394,2.9644233907440767e-12
4038.7625619495534,151.3867084819827,2.7044809872284925e-11
4039.9245045398443,151.47316567605114,9.794968444268015e-12
4041.1793917247323,151.5665665746739,3.261763788956979e-12
4041.479724940157,151.5889245930494,-1.3475892031354936e-12
4041.939856066531,151.6231818365719,-1.2127817618951506e-11
4042.4871467184175,151.66393327605687,4.617486207732566e-11
4043.570260987296,151.74459858056522,-2.032586822859903e-11
4043.9597642307112,151.77361225038888,-4.609484603856539e-13
4044.0127489741653,151.77755924181088,1.899862658884003e-13
4044.390455756804,151.8056972438205,-1.9455815805587245e-11
4044.4712606335042,151.81171730164647,4.1157039672966245e-13
4044.6506782393317,151.82508455314974,-6.545422485837273e-11
4045.2357120331394,151.8686757763735,1.2286030877812638e-11
4045.473720907322,151.88641176634079,3.737298812029209e-12
4045.6531385131425,151.89978233096915,-2.3376137469504516e-12
4046.1116501724623,151.93395424569232,-3.951409976499287e-11
4047.5462843888477,152.0408995474862,-5.457762577156802e-12
4048.6523327273057,152.12337618397532,5.7145852398252543e-11
4048.913275671198,152.14283765720384,7.747491547185593e-12
4049.0294699301962,152.15150398381812,-6.544554490067016e-11
4050.08254735642,152.2300589035167,-7.542416279701333e-12
4050.153998804092,152.23538960562624,-1.7148950942617522e-13
4050.5527045947542,152.26513715072002,2.9183264991815385e-11
4051.7522532761764,152.35465345482868,-4.680416253341628e-12
4052.8368084675653,152.43561118749403,-1.2336720062420158e-11
4052.9976084874256,152.4476161140086,-1.310618887189527e-12
4053.4404875096725,152.48068281439242,9.520085288784078e-13
4056.425606943609,152.70365519736248,7.0818087398087804e-12
4057.0008070006143,152.74663841294793,4.2484297720433024e-12
4058.00848276349,152.82195411247946,-4.406094574150575e-12
4058.1451818916867,152.83217271922211,-1.9222133805105727e-12
4058.4317559220462,152.85359597245431,-2.709668065621317e-13
4058.5279394506365,152.86078664935636,-3.3281140483874634e-11
4058.7603279685677,152.8781607092967,6.2330512397851154e-12
4058.9550349541423,152.89271835120954,5.692832438855365e-12
4059.348134219801,152.92211130135905,-1.2432257399815371e-11
4059.5805227377286,152.93948887235172,-6.7513314752687575e-12
4059.963280296662,152.96811292257757,5.260728171293152e-12
4060.0999794248532,152.97833645167788,6.375170181159418e-11
4064.327441457637,153.29467211691014,-2.1354989677396757e-11
4066.648087702518,153.4684631146338,8.296254674307521e-13
4066.890083634461,153.48659167239157,4.265020028546622e-11
4067.9011630440077,153.56234598448353,1.0396582114514054e-12
4068.4393404202847,153.60267617118507,8.67465477282893e-12
4069.593082571259,153.689153816411,-5.302192025026255e-12
4070.154777428189,153.73126399464425,2.193932285071807e-11
4071.8088368787858,153.8553023365881,-5.948053504700534e-11
4072.238478517245,153.88752951863233,-2.348881656154278e-11
4072.4435272094606,153.90291130645952,4.040964797131816e-12
4073.2123705331524,153.96059321046735,-1.0034045104704214e-11
4074.1574063597673,154.03150874499684,2.8749881646871804e-12
4075.174106125267,154.1078203149842,5.900486564849539e-12
4075.223659559215,154.11154018907112,2.3751675000003712e-11
4075.230000376771,154.11201618443195,1.3769354442270019e-12
4075.4682632358063,154.12990274530114,4.413367702892368e-11
4076.2403593246872,154.18787172816815,-6.127502312706012e-11
4076.778296547043,154.22826655142572,-2.7236485501452703e-13
4077.1268793237637,154.25444520232512,1.3791894749085182e-12
4077.2521868578788,154.2638563753941,1.0928905379226657e-11
4078.524717180921,154.3594456481187,1.2463313791061467e-11
4079.42979315626,154.42745082840887,-5.79756833972204e-13
4079.5784534580866,154.43862224024198,-1.2107036986119108e-11
4080.0457627975343,154.473741899934,4.1635568675903695e-11
4080.8512377661023,154.53428513526322,1.102367536295615e-12
4082.327588349674,154.64528552164552,1.6528035702508213e-13
4083.3494281635067,154.72213672957062,-1.3756597500176803e-11
4084.2692993796804,154.79133546623638,3.3218238010552543e-11
4085.117568266533,154.85516162100689,9.647037510587701e-12
4086.0688694695427,154.9267559866932,-4.3970302349113504e-12
4086.3720505830956,154.94957672093534,1.363936886882742e-11
4086.695407139957,154.97391794618457,-4.3769358688224e-12
4087.0487112671367,155.00051572858226,6.9386914589636666e-12
4087.3811810992,155.02554714341048,-2.099469480463006e-11
4087.990720650685,155.07144422688594,-4.015175132382672e-12
4088.0077187695915,155.07272424861722,-1.664789965607434e-12
4088.2384878203366,155.09010254518213,-4.049740679982125e-11
4088.387402107183,155.10131720679024,-7.168276217683624e-11
4092.459519760194,155.40814469417737,6.929473102700541e-14
4093.2063141881054,155.46444759359946,-5.4527414806491014e-11
4093.4569292562232,155.4833444596837,-1.0717780162654665e-12
4094.532789869166,155.5644795972925,3.3190613688300854e-11
4094.91646026459,155.59341894018567,2.7405345767938147e-12
4095.826003605022,155.6620344586565,-1.3866886978670122e-13
4095.892644429949,155.6670624100676,-1.6515120004711537e-12
4097.557525893683,155.79270179883275,-4.441146489950564e-12
4097.624166718607,155.79773187580722,-7.082890738224587e-12
4098.076756257723,155.83189568546203,7.24105702593294e-11
4099.430077625364,155.93407392278206,-9.400275396551504e-13
4099.796976224379,155.96178125082253,-2.5085879303061473e-11
4100.392111570204,156.00672975992825,-1.2042202430074461e-11
4100.629791018121,156.02468268762485,-2.7114644142715163e-12
4100.856888605532,156.04183729506963,-9.615870550690394e-12
4101.203762642924,156.06804146769062,-9.116660937437786e-12
4101.668539678241,156.10315595178957,-2.8575670754852733e-11
4102.84563459587,156.19210473966112,1.232604747648221e-13
4103.3410796628705,156.2295513561472,2.693520045474655e-12
4103.55867293957,156.24599887075425,-4.2569729592024105e-11
4104.486024132188,156.31610558733541,-5.92293892210476e-12
4104.959839001818,156.3519315780718,2.31280521528405e-11
4107.990360094587,156.58117251802702,-6.004898121128839e-13
4109.138632769858,156.6680767278188,-3.8309261494154634e-13
4109.178757333913,156.6711138965261,-5.092134986215543e-11
4109.919300216044,156.72717350416718,2.4886738133349212e-12
4111.754575281547,156.8661486345375,-3.488657096572446e-12
4112.914822961657,156.95403972214388,5.485415671886719e-13
4114.430728528296,157.06890997207668,5.08418403118907e-12
4114.977271055186,157.11033551746414,5.023268234391503e-12
4115.826288065238,157.17469822543563,2.085084928747849e-12
4117.261628909018,157.28353946427322,-7.72834597551113e-12
4117.290121725269,157.2857004456323,-4.1973130874450083e-13
4117.490044199934,157.30086359135666,7.260280111078249e-12
4118.028297016334,157.34169110472732,-3.727766311513542e-13
4118.474277921347,157.37552365867927,-1.0337358308328516e-12
4118.935726750353,157.41053348136032,4.99969497450619e-11
4119.012530737733,157.41636093070971,-3.931123149429991e-12
4119.212453212388,157.43153041956288,-5.892365891368012e-14
4119.719468417375,157.47000444058943,4.052872457718892e-12
4120.047141457748,157.4948718933389,3.630394160555635e-11
4120.4230640596525,157.52340349233137,-1.4894292697658186e-12
4121.761754898492,157.6250279685237,-3.105277169686496e-11
4121.831332893975,157.63031076815878,-5.0745943132325436e-11
4121.899682457954,157.6355003843657,-9.718307442421371e-12
4122.788226789682,157.70297322607922,5.6327971538063976e-12
4123.915033980112,157.78855980310271,-5.7716424445860204e-11
4125.040523466902,157.87406964164566,1.4093337036145417e-11
4126.006530637725,157.94748131002447,-1.4892393526987923e-11
4126.353418506137,157.97384723150327,3.849466024262103e-11
4126.387099149271,157.97640731568424,-7.541894385356217e-12
4127.370118270203,158.05113634404947,2.0665719062330216e-11
4128.119939140119,158.1081496287617,1.0550050594874704e-11
4128.492533535849,158.1364840208687,-4.478951554176093e-11
4132.066255116004,158.40838190064625,4.369559977496353e-11
4132.624532493787,158.45087831810818,4.011212484215931e-11
4133.205503787446,158.49510830646355,-2.5609826872884728e-11
4135.523315960758,158.67162779832753,-2.205047020695908e-12
4135.621839417537,158.67913332138792,6.2647805634628174e-12
4135.660015088667,158.68204159445202,4.052524608954297e-13
4137.437103751453,158.81745226816437,4.569391235596076e-12
4137.573802879357,158.8278708833802,-3.3296541407169896e-11
4137.756891947979,158.8418256781344,-3.9581382636457795e-11
4138.6830423707615,158.91242504021434,6.673765072840186e-12
4139.504945877245,158.97509101473975,-2.342393917792944e-12
4139.571751415046,158.98018514505273,-1.40075927914842e-12
4140.050033649725,159.0166580561734,1.0112610799621033e-11
4140.06395754757,159.01771992977442,3.766010026073534e-11
4140.064918162761,159.01779318898377,-1.679156397755607e-11
4140.765679737418,159.07123976158422,-4.41054963941061e-12
4140.871937156179,159.07934472697477,6.601267932712831e-12
4141.688398850674,159.1416286705059,1.2975496771959105e-11
4141.9128270835445,159.15875137468396,-1.2539489382858721e-11
4142.186225339319,159.1796114898912,2.087949828467168e-11
4142.216968811837,159.18195728365598,4.191304859516136e-11
4143.826614873919,159.304801095682,6.4225478773185504e-12
4144.100013129679,159.3256708490717,-2.07722631269505e-11
4144.513781976566,159.35725835768815,9.471253547401553e-12
4145.106144864033,159.4024853951061,3.65381305173436e-13
4146.521070109624,159.5105414092842,-4.682036354301563e-11
4147.295801604243,159.56972227764763,-3.1321033919655923e-13
4149.480139751571,159.7366409463732,2.961533971072564e-11
4149.67908777962,159.75184815191298,4.161836416239927e-11
4150.664563762953,159.82718679573972,4.368062348758403e-12
4150.899395312055,159.84514206992088,5.252088008616707e-11
4151.69908521,159.9062941628737,-2.5612979316023616e-11
4152.569238277698,159.97284794016332,-1.7597586532717647e-12
4152.977222055397,160.00405743843632,3.189383077682964e-11
4154.831965931949,160.14597826737668,2.0366871139370504e-11
4155.48128678919,160.19567781411325,7.916043986640113e-11
4156.36299616374,160.26317700030566,-1.7251098921707888e-11
4157.012317020954,160.312894859589,-2.2243958194555448e-11
4157.649361109826,160.36168024640594,4.527974140263163e-12
4158.150591245204,160.40007013814596,1.2821057341360964e-12
4158.366070915741,160.41657543899652,9.077064160522921e-13
4158.5711196074835,160.43228254246003,1.793981727737937e-12
4159.580504106702,160.5096145248912,-7.010800000981875e-13
4159.842510768365,160.52969071136755,1.0010521135077243e-11
4160.284998753844,160.5635990994685,-2.7544166057760155e-13
4160.618202877908,160.58913531397957,-5.678780388821827e-12
4160.708271911237,160.59603840727536,-3.379882312879985e-14
4161.585424648074,160.66327317996422,-8.723003392967015e-12
4161.758021128198,160.67650456872437,1.1014672303957318e-12
4161.989181213983,160.694226351501,-2.485968573027046e-11
4162.0719349833225,160.70057087082859,5.1765257860446484e-11
4162.322385338034,160.71977302602193,3.942853823485621e-11
4163.00198319131,160.77188395816066,7.200580820838977e-12
4164.085097456663,160.8549537385214,3.793285066249119e-11
4164.521320065402,160.8884160694512,-2.057365414249304e-11
4165.286835181113,160.94714667110074,1.553758649862688e-11
4165.931029820885,160.9965778853118,2.7636812228179577e-11
4166.364733957006,161.02986176329523,-1.7983933072969487e-13
4166.696544936567,161.05532836571274,-2.007227369675075e-12
4167.768178335732,161.13759043565648,3.025358171326959e-13
4168.8378628419705,161.2197239988349,-4.585536792341031e-12
4169.946518921519,161.3048721587689,-4.001078704257366e-13
4170.054649792248,161.3131781504481,-1.2318524317414417e-11
4170.24319450391,161.32766158616053,-5.220456803596516e-11
4170.940360055617,161.3812214270244,2.8959080282671764e-12
4171.040606082658,161.38892357830062,6.957973837100865e-12
4171.73777163435,161.44249365973346,-1.9071854975724324e-12
4172.345677886224,161.48921237900325,-7.960858396864102e-12
4173.6626492538335,161.59044741153244,7.301147894326724e-12
4174.082024625291,161.62269132592064,1.9161716503456937e-11
4174.7761775654835,161.67606878946015,-2.6735103564815173e-12
4175.503695554107,161.73202141212408,-5.621386195906198e-11
4176.3638640029985,161.79818861675963,-7.070942446241078e-13
4177.348097722895,161.87391608134084,-1.566297680031801e-12
4177.548589776945,161.8893442340626,3.9993398751834585e-11
4177.647216336976,161.89693396181715,5.098722481833097e-13
4178.532823496813,161.96509317802207,3.2115064693200393e-11
4178.821374081658,161.9873040928917,7.185458580226833e-12
4179.092494018374,162.00817469727113,-7.62444263572492e-12
4179.402091389565,162.0320089209013,2.0739311436598138e-12
4181.208002292438,162.17107140087282,-9.291232952553745e-13
4182.1206475143545,162.24137164413736,5.013529113790889e-12
4183.651767017173,162.35934686909434,-2.411711391128641e-12
4185.257981768083,162.48315471697325,1.0026659290833624e-11
4186.192195577614,162.55518625029788,-3.1123237988119897e-12
4187.199871337022,162.63290000961507,5.100295646772619e-12
4188.061075841694,162.69933246736957,1.3042020978361788e-11
4188.078073960556,162.700643822819,5.343446565365045e-12
4188.361813922686,162.72253432187537,1.9714439541959634e-11
4189.223018427336,162.78898521265424,-2.6047131181779623e-11
4190.359597742805,162.87670504949912,1.6398668027419664e-11
4190.632995998237,162.89780915143362,-2.24611183821718e-11
4191.310871280668,162.95014150013353,3.2023165367340184e-11
4192.247754444344,163.02248333504437,-5.693457453924928e-12
4192.499193076563,163.0419010287231,1.3110424163137035e-12
4192.521152699763,163.04359694607854,-5.181412346549651e-11
4193.216863497029,163.09733051833445,-7.629207791731512e-13
4194.475723903412,163.19458189535317,-4.248328011138267e-12
4195.3739649195995,163.26399200691736,1.0326094628113417e-11
4196.117266426456,163.32144065834578,-1.2270199778302163e-11
4196.332087244983,163.33804573084586,1.0169692613064569e-11
4197.311764326791,163.41378291708136,-2.6274482054316488e-11
4198.907411047922,163.53717752747,2.7634938583721125e-12
4199.414515523965,163.57640277041153,2.0488671637266946e-12
4200.3223362915605,163.6466358115775,-8.449806696074893e-13
4201.191604183834,163.71390045913128,2.9996223144067044e-12
4201.429867042079,163.73233986089127,-2.8884345546403264e-11
4203.079294408516,163.86001937780907,1.1508690475256148e-11
4203.480278516355,163.89106648460688,-1.1371571721963793e-12
4203.480353957202,163.89107232606483,4.590999105890845e-11
4204.864700441158,163.998281267435,-2.2680666563479142e-11
4205.665618769499,164.06032348224008,1.9011000999390106e-11
4206.01297311354,164.0872345595972,2.0896702351441194e-12
4206.508521282569,164.1256307151753,-1.0700163968721056e-11
4206.639510781987,164.1357808238704,1.2659271293067012e-11
4208.4019689135785,164.2723808397727,-2.1592684770651957e-11
4208.66153254317,164.29250325572758,4.9801161207959846e-11
4208.895403476733,164.31063493348063,-3.5720200073787496e-11
4211.703609934707,164.52842983085844,8.06046210546407e-12
4214.278377988212,164.7282476977292,-8.922160986530146e-13
4215.495089496243,164.82271449678254,-5.2174778264024954e-11
4216.267933706197,164.88273312012427,-5.278684106075238e-12
4216.451983389642,164.8970279315575,-4.377495007035899e-12
4217.265343199015,164.9602076126531,7.03441785364588e-13
4217.538741454262,164.98144721680362,-7.84060796426568e-12
4217.578701305254,164.98455170972406,-9.09678877791152e-12
4218.275702143177,165.038706646826,7.617110557816913e-12
4219.357107667919,165.12274642275216,1.5656883477983468e-11
4219.630505923153,165.1439965614081,-5.2697816678593315e-11
4219.830922536141,165.15957500732824,2.0965595734636683e-11
4221.144627305678,165.26170800971667,5.060215785939244e-12
4221.170573986751,165.26372553532818,1.538456346138103e-11
4221.208420231897,165.266668352779,-9.156335189414643e-13
4221.787607344295,165.31170760326884,1.799109601410965e-13
4221.81454230307,165.31380229325717,5.8017390245831366e-11
4222.40275341853,165.35954989247088,1.350699256997967e-13
4222.903983553085,165.39853765223774,-3.526395850950232e-12
4223.010659669627,165.40683596052693,-4.655469375969637e-11
4223.519129627303,165.44639259155443,-9.674924499121725e-12
4223.873017164181,165.4739262298983,-2.2452322836049647e-13
4224.810634619742,165.54688716860244,-2.579016647959234e-13
4225.1495345402445,165.57326273586298,3.88887041533374e-11
4225.2771203926695,165.58319290935628,-1.607058712774801e-12
4225.738960255901,165.61914101621454,-7.194245868557584e-12
4226.191549793517,165.65437291973538,-3.608062142881513e-12
4226.487477251584,165.6774114792618,1.180041294386778e-12
4226.615063104004,165.6873447972121,5.84817398198546e-12
4226.953963024491,165.71373162909845,-2.6975582318674403e-11
4227.114268904766,165.7262138217699,-1.5440450439455965e-11
4229.7663350833,165.93278524241012,-6.046617971113242e-11
4230.6087434570145,165.9984281746408,-1.870769953419615e-11
4231.503896420105,166.06819544564445,-5.860641968082018e-11
4231.845644239044,166.0948348008927,5.4822980371264365e-11
4232.037023017648,166.1097537795544,2.1866007080144027e-12
4232.747858481028,166.16517303569861,-1.952684516489276e-11
4233.089606299955,166.19182022197012,-2.8715118799711393e-11
4233.609062984722,166.23232806542586,-1.2323970760248993e-11
4235.123184366725,166.35042939167784,-4.407798623868186e-12
4236.9071972534975,166.48963642292267,4.813850084239898e-12
4238.9032723321025,166.64546022225048,3.4738861464880115e-11
4241.232956400747,166.82742005913752,-3.823512749495213e-12
4241.401716704334,166.8406049561353,2.5777988778098816e-12
4241.488128105493,166.84735630507404,-8.444851550275103e-12
4242.565772894273,166.93156457255256,8.183546300724906e-12
4242.820944599012,166.95150708330783,2.5801169552735102e-12
4243.346440337789,166.99258008777971,-2.0142386003236507e-12
4245.26593775149,167.14265217190334,-2.041563930065778e-12
4245.376422381653,167.15129225848142,-7.849840514515201e-12
4246.03145286565,167.20252137828012,-5.839037086269947e-12
4246.384667719275,167.23014915290725,-3.2446798204417778e-12
4246.632929026767,167.24956904186254,-2.2480174974711215e-11
4246.790297736371,167.26187957408453,1.1813847248734101e-12
4247.398444140902,167.30945752460454,-4.082643177475647e-12
4247.489185857092,167.31655722966187,-5.038912875043227e-13
4249.480436481289,167.47239246837012,2.695999324847976e-13
4250.520262687251,167.5537982779853,3.957548419891566e-12
4251.02272125296,167.59314184113907,3.7175441854058554e-11
4251.5682893315,167.6358662360697,-2.352479189289271e-11
4253.106422332256,167.75634965347243,6.680968291786786e-11
4253.311471023511,167.77241460413592,2.4398694047505742e-11
4253.6304356543515,167.79740606682222,-6.371357036737133e-13
4254.860727801852,167.89381926387327,-6.4757078219219305e-12
4254.9975162014525,167.9045405595704,1.2352461928931189e-11
4257.34217405428,168.08836535986003,4.671345786154777e-11
4258.42770368631,168.17350685648998,1.2103731853553824e-11
4259.03724323512,168.2213244729422,-3.9968396621089174e-11
4263.707028517508,168.58789036244073,6.561558993466389e-13
4264.604116541513,168.65835541426168,-2.250533563838291e-12
4264.654809134614,168.66233769145094,-1.3433126500513928e-12
4265.137977431275,168.70029650164346,-1.152981318022632e-13
4265.551897158599,168.73281840531862,4.6412199757802586e-12
4265.889822632323,168.7593717381822,-2.8663917686143575e-11
4267.874430674721,168.91535969450928,8.206741483628064e-12
4268.081188104996,168.9316147686326,-2.2745468623944416e-12
4268.463945661869,168.96170888491258,-5.85198920081798e-11
4268.538636043117,168.96758169245783,-2.0900690011361062e-11
4268.858664392387,168.9927462688361,7.823688801050387e-12
4268.914558643612,168.99714155785136,-2.3981065782915806e-13
4269.010742171677,169.00470516100089,-2.2984317381653727e-11
4269.405460902191,169.03574652067473,1.3644978578527251e-11
4269.78821845905,169.06584997394387,1.3991322888455418e-11
4269.994975889317,169.08211233694294,2.706161036228985e-11
4273.186207716232,169.33321634891882,-7.463029971386392e-12
4273.491097567427,169.3572166093909,-3.048061171716383e-11
4273.965392742619,169.39455548927492,-3.66562410048378e-11
4274.639280965778,169.44761445506066,-8.760565754802179e-12
4274.667114930115,169.4498061576886,1.6152080351693892e-11
4275.3970005078345,169.5072839175633,-7.559876051064165e-14
4275.446299956477,169.51116655367963,3.444041260447603e-12
4276.415992418135,169.58754492590037,1.402245465454178e-11
4276.791331607606,169.61711337807415,2.1867050280395514e-11
4277.267589506905,169.6546357349266,2.0498811381366938e-11
4277.418452685923,169.66652248169044,5.0876014690259226e-12
4277.6719156513545,169.68649417062176,-1.9469011947821796e-11
4278.674375919112,169.7654949182885,-1.0837390487675751e-11
4280.357346874997,169.89816620378895,-1.868187751857149e-11
4280.863627785279,169.93808734420202,5.2438894120681554e-12
4281.0954328909265,169.95636716038496,-2.442730916389521e-11
4281.196831908346,169.96436365178596,-1.9176596724545507e-12
4281.7989669207545,170.01185289971727,3.5025161841635275e-13
4282.100260749496,170.03561788034472,-3.382511075220906e-11
4282.174484654382,170.04147265345932,-6.914636985032328e-11
4282.20906430298,170.04420032683237,5.187718423814634e-12
4282.5040173142015,170.06746737736086,-3.8766352817198845e-12
4282.837221437256,170.0937537534033,8.051603748693075e-12
4283.644405140745,170.15744071838535,-6.2860177332681535e-12
4284.054502522956,170.18980208644328,1.5451032073089828e-11
4284.727519402864,170.24291752015307,1.335922179702987e-12
4285.542107642386,170.30721712457932,9.095880932023265e-13
4285.988658125217,170.34247081866522,-6.1569200574309185e-12
4286.26538458609,170.36431930739158,1.3022584063410376e-12
4286.751984191942,170.4027414107932,-4.083917811303821e-11
4287.551584815085,170.46588767456106,1.6639772165631354e-11
4287.79089756012,170.48478903144758,2.0654227075768418e-12
4288.703542779647,170.55688109779825,2.6818359024971333e-12
4289.335131223265,170.60678078864092,-2.2775514296914393e-11
4290.28348141949,170.68172056645412,-1.560919762158585e-11
4290.638329570985,170.70976535513668,2.4590508520791566e-12
4290.94940935788,170.73435289742687,1.9539608083029767e-11
4291.5866797671815,170.78472789885353,-1.1605200863293863e-11
4291.793210874798,170.80105539118674,-7.346613101860158e-13
4292.125021853332,170.82728863546814,8.235195219971605e-12
4292.636113386104,170.86769991316027,1.025137054483031e-12
4293.729781845935,170.95419088143626,6.590641364837903e-13
4293.986106541011,170.9744650847542,2.7492642729179084e-11
4294.743558266412,171.0343833970947,-3.204531861712456e-11
4295.546185332097,171.0978868431442,1.2517410507677475e-12
4296.159787379095,171.14644272945404,-4.550996706522745e-12
4299.024485324523,171.3732253182512,2.3006739512276796e-11
4299.862501772205,171.43959511134983,-2.529121188610188e-12
4300.10172524507,171.4585436671766,-5.883858253811761e-12
4300.322632895518,171.47604238859236,5.636215058284971e-11
4301.270907650652,171.55116813251317,-1.0472175823624013e-12
4303.911431348819,171.76044721700532,4.153337006187715e-12
4305.6942296324105,171.90181848313367,8.255469479583909e-13
4306.204573041117,171.9422981666068,-1.2488307531274698e-11
4306.259328132896,171.94664154439306,6.034409530056062e-13
4306.920040581658,171.99905607019957,-4.153365165558667e-12
4307.0065412547865,172.00591879103666,5.663795265858918e-11
4307.453750589189,172.04140132386996,-4.169982969660494e-12
4307.516884663475,172.0464108113833,2.106527661969322e-12
4307.909983926642,172.07760363648273,-3.879183970386173e-12
4307.924868439616,172.07878479360986,4.568746102291867e-11
4310.86702922307,172.31233942143677,7.907162315600129e-13
4311.466796644165,172.3599697288715,-2.2309913858489256e-12
4312.248513973692,172.42205946737036,-5.815616485016088e-12
4312.268929570685,172.42368117503395,-1.2823652887030837e-12
4312.5074187508335,172.44262607003935,-1.040456013869537e-11
4312.96609511997,172.4790649476976,8.097362437487576e-12
4313.107186171907,172.49027450069957,1.6755171106736148e-11
4313.294262297615,172.50513809053572,4.095364151662184e-11
4313.395736755805,172.51320071836182,-6.600550948506553e-12
4313.977757934153,172.55944873022162,2.2872033231886167e-12
4314.749058116136,172.6207466636822,1.2212862982053008e-12
4315.5488372829595,172.6843194950014,3.004942058305406e-11
4316.391259486203,172.7512946770274,-3.736359277508634e-12
4316.527958613501,172.76216391504278,2.4468373468064356e-12
4318.209357879239,172.89588369817395,-1.2402990241248551e-11
4318.346057006532,172.90675751432616,-2.4448370342811896e-11
4318.624835463442,172.92893418493205,7.712521759418912e-11
4319.55098588209,173.00261921190477,-1.8982220284475385e-11
4319.832344421169,173.0250073782173,5.2311377897735146e-12
4321.644191268649,173.16921397232494,2.116962517961615e-11
4322.715824663762,173.254534742065,-1.8137584676751663e-12
4323.133985433457,173.28783339412632,2.2663044253088557e-11
4324.862762917145,173.4255322383947,-1.833798378074539e-11
4325.750813105554,173.49628772193083,6.651168598998671e-11
4325.762293971596,173.49720255614753,3.666290577696024e-12
4327.095515329197,173.60345465297448,-2.703260385937285e-11
4328.260649066574,173.6963376887612,1.3551361980195904e-11
4328.537554071379,173.71841589466,-7.837498877790675e-12
4328.929260189908,173.74964984179414,3.3669631322682086e-13
4329.11169040587,173.76419746647036,-1.404873684288612e-11
4329.30639739011,173.77972475999502,3.046764610345926e-12
4329.486878713184,173.79411822370972,7.83909367388344e-12
4331.8356883327215,173.98149152556925,-1.1499567292995555e-11
4334.8570068611525,174.22266280737287,2.337777924429404e-11
4334.896698895726,174.2258322712107,-4.4084539438060824e-13
4335.02437401992,174.23602750320975,-2.4356469321451917e-12
4335.901526753035,174.30607883169242,-3.731299733107871e-11
4336.907493769715,174.38643499719907,-5.7921088283988824e-11
4341.0116864047,174.7144691166305,1.1965560553760372e-11
4341.244809213622,174.73311114047723,-7.584117228001611e-12
4341.421783786362,174.7472638527457,-1.915257726534353e-11
4341.723256158893,174.77137402172366,1.7087722187796152e-12
4342.201703104156,174.8096411196748,-1.6753570281670773e-11
4342.748993751874,174.85341963854017,4.4699876704197064e-11
4342.82579773883,174.85956373477703,3.890127532322651e-12
4343.226946558278,174.89165624296427,1.5324203588871451e-12
4343.235895120477,174.89237217518325,2.5982372202692272e-11
4343.651207991491,174.92560102034062,1.479704369326256e-11
4343.811513871321,174.93842781334084,-5.447901910374124e-12
4344.4745939104005,174.9914888521699,1.424996691257629e-11
4344.715930988857,175.0108031556465,2.797887974921177e-12
4345.989511190676,175.1127460616904,-6.353064194204122e-13
4346.012459091494,175.11458318564593,2.034589845780178e-11
4346.770178632292,175.17524885415412,6.869046615778043e-11
4348.285260625439,175.2965833170531,-1.137102019680633e-11
4348.619048158937,175.32332018209982,1.96461127809099e-11
4348.8924464133315,175.34522130734345,-2.048001267852447e-11
4349.8346205036905,175.4207066344941,2.912976611882518e-13
4349.857568404505,175.42254538383855,3.5593434478435847e-13
4350.399808275705,175.46599632909266,-1.6242936890618624e-11
4350.423476637911,175.46789305350967,-3.838314982710074e-12
4350.696874892294,175.48980326618243,-6.1907438177222005e-12
4351.22000303885,175.53173074016644,4.030049795906335e-12
4351.633922765343,175.56490899194517,-9.826964618115865e-12
4352.113104003149,175.60332230316712,-4.090617323479124e-12
4354.072080955216,175.76040664872934,-2.695406334350366e-13
4354.710010215388,175.81157549519565,1.3775393376149775e-11
4355.3690139243245,175.86444261298067,-1.3138283047773647e-11
4356.0069431844795,175.91562669982324,3.2916437872563915e-11
4356.664581411463,175.9683999777946,-2.9864174705428544e-11
4357.393732695149,176.0269212537546,-2.314503515586298e-11
4358.774888018401,176.13779885584717,-2.2600355958100472e-11
4359.313799683416,176.18107161095878,2.884007032904251e-13
4359.618689534001,176.2055555879345,2.9202103172583806e-12
4359.9146169911355,176.22932148343924,-2.520763657373352e-11
4360.4210626134345,176.26999780804337,-6.592812914252069e-13
4360.447997572121,176.27216128243808,2.333938874397338e-12
4361.528325543428,176.35894658945506,-1.4073746123480454e-11
4362.426895981941,176.43114726061833,-1.2716095752442762e-12
4362.522420657999,176.43882359998548,-6.080098751520245e-12
4362.624945003365,176.44706261806337,4.4373558646048536e-12
4366.030235685933,176.7208271662832,1.0016197153384925e-11
4367.083086781238,176.805513187498,2.3380005439877648e-11
4367.127918864305,176.80911970694183,4.1651928182697515e-13
4368.782547882375,176.9422523306325,5.620676105039388e-12
4368.929019136452,176.95403994133733,-2.5412575713593418e-11
4369.134067827154,176.9705423697117,1.118885246110299e-11
4369.841170215426,177.02745628890125,-6.681512308742916e-13
4370.524755123187,177.08248606693283,-9.860790595556326e-12
4371.481559740986,177.1595249643578,2.5114885475614867e-12
4371.720872485562,177.1787963100241,2.5630450873621563e-13
4373.22351299664,177.29982485860862,-5.948449528901863e-12
4374.49946078853,177.40262734197015,-3.295665488640413e-12
4375.644405250236,177.49490048082876,3.591599678802943e-11
4378.539277083106,177.7283111348228,2.1518007727227135e-11
4378.669141253857,177.73878557239203,4.250176230321563e-12
4378.925630661383,177.75947411795738,8.035446987845189e-13
4379.640858046943,177.81717106665926,-6.089015949752596e-12
4379.769102750706,177.82751748350196,2.2829933923015654e-12
4379.840300212737,177.83326162241096,1.875370410125406e-12
4379.948431082924,177.84198568976743,-2.4284285461445043e-12
4380.2824587699815,177.86893661623932,1.237061099419208e-11
4381.581100477419,177.97373667175052,1.6531582029081482e-11
4381.90160913345,177.99960641850018,-2.1911474460810971e-13
4381.97280659548,178.00535335420352,-2.130001009115797e-12
4382.297810279484,178.0315882741188,-4.894306292868507e-11
4382.999532465231,178.08823926892876,3.3928020035422693e-13
4383.598654864802,178.1366144204531,1.2837843486500564e-11
4384.601115130123,178.21757121114769,5.403322791646931e-12
4384.796000658325,178.23331194615716,4.433164343002049e-11
4385.556389552739,178.2947345875722,-7.455603416515357e-11
4386.533561988844,178.37368419310351,-5.4072802786639226e-11
4392.921364333906,178.89021318532983,-1.8635489196311608e-11
4393.002066106547,178.89674368133814,6.314768143532408e-12
4393.906092187595,178.96990688720766,7.877149054531864e-13
4394.61643350945,179.0274056671203,-6.314202786519331e-11
4394.657937386415,179.03076549762517,5.655712170526619e-12
4394.876161850858,179.04843177202133,-5.224166993317359e-13
4395.068034767585,179.0639654921228,8.388527649897162e-12
4395.819879966389,179.1248401948632,-2.123531789411374e-11
4396.128201126159,179.14980706634748,-3.6827580721717964e-12
4396.526982354242,179.18210170492372,1.2071105962770043e-12
4397.903011459029,179.29355964082436,1.4211159432036846e-11
4398.310995234335,179.32661290535702,2.3296301466913345e-11
4400.0473419640975,179.46731928190704,-2.8004570718080363e-12
4402.377595603753,179.65624070369145,-9.177235405274249e-12
4402.787692984854,179.6894990145885,1.751822893075889e-12
4403.024233271632,179.7086835022128,2.011312002127344e-11
4404.15924089273,179.8007520941948,-9.80239619952895e-13
4404.569338273816,179.83402386412544,1.4118594660015726e-11
4405.2423551518805,179.88863337181493,-2.493114724050075e-12
4405.95197601217,179.94622201327363,-2.7320073543543154e-12
4407.452818510924,180.06805208964371,4.1256715279493725e-12
4409.070287796849,180.19939573712094,1.2159677679113045e-11
4409.111208262851,180.2027192340673,1.1997118143905525e-11
4409.8414232642335,180.26203135316035,1.1552924436499732e-12
4409.856307777174,180.26324045813845,5.279497056907603e-12
4410.239065332807,180.29433418173963,4.236020591865581e-12
4410.388219772279,180.30645163451263,-3.401833108973304e-11
4411.366833130632,180.38596530736473,2.543249220639466e-11
4411.5709212059555,180.40254996556348,2.2246598969195663e-11
4411.627055610794,180.40711170869244,-4.4336204772878876e-12
4412.173852118817,180.45154997558177,-9.998275331678453e-12
4412.288591622735,180.46087557823455,-5.993694766130774e-11
4413.071207956085,180.52449020853402,-2.170704523402556e-12
4413.2147420394385,180.53615853881257,-1.9516544811499546e-11
4413.5188837657615,180.56088441597296,-6.348146147702944e-11
4413.980257150643,180.5983960430223,-1.0394709047087788e-11
4414.492878876889,180.64007897778376,8.623300594946434e-12
4414.66514593008,180.65408765713354,-3.4794166601939107e-12
4415.2583939880715,180.70233450539476,-6.543851208477853e-12
4415.401928071417,180.71400861858274,3.1461642240093714e-11
4415.601624222107,180.7302512142371,5.5963923188782955e-11
4415.672162832285,180.73598875689532,-1.4628142897582797e-11
4416.533367332344,180.80604569259202,-5.95831273133023e-12
4416.674623096902,180.8175378169471,-1.7647238899806757e-11
4417.82298503572,180.91097856947331,7.091404119957297e-11
4418.225286845147,180.9437191025087,1.8787251805680625e-11
4418.454182442002,180.96234864633783,-5.4219646812445274e-14
4419.187231510462,181.02201714387422,9.232000365179685e-12
4419.77121541157,181.069559165711,-6.76889385267871e-11
4419.881068852004,181.0785030160811,-2.9949381075552652e-12
4419.9786316929285,181.08644639884736,-3.530744641953995e-12
4420.04900559015,181.09217621787386,-4.479819848634763e-11
4420.7820546585845,181.15186625072437,-4.4855326982050256e-11
4421.454982264309,181.20666948352104,2.3895826981171043e-13
4421.507788463063,181.21097037399144,2.726857587511525e-12
4421.844574776193,181.2384017152793,6.694187243287114e-13
4424.279136939907,181.43675964043362,-4.8306305287277874e-11
4425.410500759769,181.52897558229148,2.826824333184774e-12
4425.6383326380455,181.54754870411972,-5.637298226958675e-12
4425.990346721234,181.57624718484308,3.5256933730137096e-12
4427.139278239519,181.66993144826733,-1.1463637550215218e-12
4427.372401047996,181.68894332814503,2.9307927147057283e-13
4428.314231879568,181.76576271271634,3.3690620343291326e-11
4428.753556369123,181.80160131483683,-5.970623201558588e-12
4429.317920575405,181.8476454502021,-1.67186737535789e-11
4429.856262659888,181.89157201611835,3.2048877331199685e-11
4430.882418948873,181.975317061032,2.1058167477609575e-12
4431.55907962727,182.0305502350793,-6.535413379314967e-12
4432.743805394136,182.1272750931725,-4.580766540443455e-11
4432.887339477428,182.1389954377056,1.3211823214781863e-11
4435.632981426446,182.36326521255592,5.78337544693994e-13
4435.679700792738,182.3670825496298,-3.5614855108300337e-12
4435.893293178577,182.38453522767094,9.910665312752007e-13
4436.774508408451,182.4565483922141,-5.314494552804998e-12
4437.607817334292,182.5246597987506,-7.943273249425941e-13
4437.784867347504,182.53913282069828,-9.638130199184616e-12
4437.9984597333305,182.55659378155232,3.0401361326144845e-12
4438.222963405474,182.5749476348688,4.58145206007981e-12
4439.454079112561,182.6756115677983,-8.308674080550638e-12
4441.018323500638,182.80355451617177,4.514017458848633e-12
4441.97302834239,182.8816640497369,3.8447507665784295e-12
4442.499230708918,182.92472267030772,2.3836030424180985e-11
4443.647592647099,183.01870970642494,1.2057466996962654e-11
4444.574971494672,183.09462823582817,3.961706302756818e-12
4445.25284677311,183.15013153839064,-3.580814663725588e-11
4446.3241507393905,183.23786538812482,-1.2597837704883927e-11
4446.82287623005,183.27871545000076,5.34217608711058e-12
4447.522244655186,183.3360076735865,-1.2240424144907261e-13
4447.65218426659,183.3466533120353,-3.165495186106217e-12
4447.8277040848825,183.3610337205248,2.3200278066869742e-12
4448.677427718337,183.43065993942133,-3.951179811731935e-12
4448.742373634869,183.4359821445872,1.3905838647317995e-11
4449.834738218546,183.52551117050996,-4.864124467945678e-11
4450.767229451999,183.6019545392669,1.9870101482809434e-11
4454.05415065476,183.87153610127802,2.122691431732351e-11
4456.218553497016,184.04916137969855,1.1044593623925106e-11
4456.559896447459,184.0771821280113,-1.5186294060129214e-11
4457.802897886822,184.17923791039928,-8.958653175522131e-12
4457.883702762707,184.18587332465586,-9.806032636336492e-12
4458.339366518942,184.22329309271163,-1.7811241352334566e-12
4458.391198271214,184.2275498336003,2.177791030251585e-12
4458.846862027445,184.26497386138863,5.8595121526008925e-12
4459.054923329174,184.28206337397938,-1.609270596834502e-11
4459.5743800112705,184.32473342188294,-1.3940039675028068e-11
4459.812642868101,184.34430685623957,1.0318359412003274e-11
4460.958726487082,184.43847291508783,4.3988797149165523e-11
4461.517978306977,184.48443169691035,2.8387493661610047e-12
4462.59277519191,184.57277365692443,1.9749042794495187e-11
4462.74827044871,184.58555621121187,-2.160113127634722e-12
4463.823067333616,184.67392252915076,7.847717219990764e-11
4464.390142387517,184.7205541783944,-1.839677656932846e-12
4465.164695332163,184.78425669622175,1.0086287944910012e-11
4465.540617931001,184.81517814782387,-1.6659742727965626e-11
4465.6341044418605,184.8228682695958,3.502577595358525e-11
4466.258288346954,184.8742172386103,6.064448646471156e-11
4466.306791893148,184.8782077206547,-2.5559219213601817e-12
4466.634210945784,184.9051462630702,-2.553180719654531e-12
4467.644734597147,184.98829998073006,-1.6064201784204673e-13
4468.050529325167,185.02169720938832,-1.047446038196479e-11
4468.630450726955,185.06943046668027,2.967663260413767e-12
4469.328666161125,185.12690871027235,4.7074578160181333e-11
4470.436196904812,185.21810088369165,-9.326101300213317e-12
4470.475888939269,185.22136947682708,-1.9466880430781033e-11
4470.914643848734,185.2575023696653,3.031267229873568e-11
4471.151424288964,185.2770034817301,3.041452345881481e-11
4471.341739347986,185.29267847816828,1.5564921648643736e-12
4471.410583050251,185.29834884428132,1.3956138411015926e-12
4471.624250876775,185.31594832016793,1.2797984498421367e-12
4474.78740857131,185.57659092152036,2.2310039060139055e-12
4476.385079616029,185.70830826720697,-8.361560170159832e-12
4476.485579627414,185.71659539624665,-5.783857880087842e-13
4477.666901746242,185.8140199671069,-1.8522863000036236e-12
4478.213698253499,185.85912341129557,3.9346940169271406e-11
4478.976049870528,185.9220164792304,-4.0073984576128485e-12
4479.416650569442,185.95837037502628,1.3571107002921577e-11
4479.963447076679,186.00349144332012,-7.542822099376191e-11
4480.033683923373,186.00928771263594,3.4970109250483775e-13
4480.197318008796,186.02279190636878,-5.559473535246538e-11
4480.4569570776275,186.04422009419113,1.4979340927951926e-13
4481.901905323048,186.16349533486468,4.4961829268880275e-11
4482.205834557641,186.1885884872552,7.529588889372678e-12
4483.122212846057,186.26425725408055,-2.1969277848928124e-11
4483.635568864195,186.30665373169873,-1.5141632669969067e-11
4484.015313807805,186.33801880973357,2.2062368795462815e-12
4484.378136073508,186.36798863865658,-8.28403391002043e-12
4485.271237035235,186.4417708561636,-3.229822798174806e-12
4486.423194994762,186.53695986032622,1.003163901307536e-12
4487.588809035684,186.63330217947757,1.8807331092805439e-13
4488.203955106223,186.6841563706212,4.963258402051738e-12
4488.428115520975,186.70268946880117,-2.6752359741682985e-11
4488.840655933057,186.73679983688243,1.1875275615271659e-11
4492.754114797582,187.0605350270607,-3.0442983745398243e-13
4495.12497330394,187.25679807416887,-1.2229675415766223e-11
4495.174931604139,187.26093480737862,6.743899836023752e-13
4495.1978795048835,187.26283499438557,-1.1649583462008543e-12
4495.969014970864,187.32669403899047,-4.464480465693751e-14
4496.7767544189965,187.39359606798365,6.5463636533151295e-12
4496.897340601353,187.40358480023485,5.7089598840740084e-12
4497.031926122284,187.41473348119692,3.9040989396498445e-12
4497.778658933462,187.4765967603687,-3.277211338215454e-11
4498.255877445621,187.51613743514747,4.085679765937244e-11
4498.598853694003,187.54455785135355,5.897041598856941e-11
4500.19450040421,187.67680816177307,5.440981482433973e-12
4500.604597784463,187.71080540819605,5.225626352176662e-12
4500.88541440525,187.7340870119244,3.4356768833305736e-11
4501.184443745013,187.75888017065287,1.4098200106749818e-11
4501.650929515041,187.79756078729918,-1.8647353500239393e-11
4501.799843800431,187.80990948150384,1.2982068486816442e-11
4501.949958854801,187.82235816273266,-1.664364615819588e-11
4504.630744155502,188.0447391522621,9.25876370997945e-12
4504.767443282241,188.05608239438,1.507881328805827e-11
4504.814327361413,188.05997289690902,1.23538251912661e-11
4507.081343818544,188.24814121723375,-3.962976739009167e-11
4507.416256679037,188.27594789038386,-5.571843930835693e-12
4508.065577531006,188.32986467348312,-2.919017624607466e-11
4508.105537381738,188.3331830196002,-1.7558091702284788e-11
4508.209111614073,188.34178416842587,-7.290974285204728e-12
4509.405496789244,188.4411502979298,-4.7320639279074374e-11
4510.362390676315,188.52064438421422,-2.0620986343259976e-12
4513.4349713656275,188.77601346371407,5.260344719469064e-11
4514.118466999195,188.83284396572625,3.3993894259464615e-11
4514.343464809832,188.85155370534048,-2.097130450187157e-12
4515.724949554349,188.9664517966238,3.961206547832249e-11
4516.258076148509,189.0108013386939,-2.9367613996949704e-12
4516.424317978488,189.0246316746839,-3.5340993923373656e-13
4516.475971186494,189.02892901943008,-1.14315916959733e-13
4516.6568712068365,189.04397958058647,4.2458689774146173e-13
4517.948677954189,189.15147313525415,-1.824601600540119e-12
4518.7003584380955,189.214035963046,6.183493567996616e-12
4521.7629406774395,189.46904415208837,-1.6963554949715778e-12
4522.112751881992,189.49818243665487,2.157120893689847e-11
4522.658814096108,189.5436723813195,2.4522898611648812e-11
4522.990954498869,189.5713441651673,-5.306215407024853e-13
4523.069645768817,189.577900509089,3.264420568291259e-11
4523.228963370337,189.59117477028357,5.039751709206465e-12
4526.257206114781,189.84357531392942,-2.9316745584595543e-12
4526.327264417205,189.8494165919284,-4.421117813392831e-12
4526.530604368139,189.86637105717315,-9.22556470517888e-13
4527.8431699692865,189.97583097482212,-1.0956288136395546e-11
4527.909241213845,189.9813417501799,2.684098252694718e-12
4527.967653937326,189.98621382159678,6.433519053572046e-13
4528.170993888253,190.0031744311829,-6.502090322397715e-11
4528.241052190673,190.00901817896602,1.7258660086423206e-11
4529.729617917363,190.13320474135378,-1.833205873425875e-11
4529.840205650188,190.14243237217948,9.643051771977571e-12
4530.6526048386795,190.2102272653986,-9.846842604775692e-12
4531.846938017073,190.309916709628,2.976121590206892e-13
4531.979080506181,190.32094808654702,3.107626500120238e-11
4532.885357240861,190.3966135723893,1.215406846413993e-11
4533.282278847023,190.4297575147583,-1.1210706243158507e-12
4533.414421336126,190.44079238551845,8.987523787922625e-12
4534.321940333526,190.5165855936252,-2.0252620535649984e-12
4535.244659438453,190.59366382255726,-1.7739666715592694e-11
4537.009560588808,190.7411364023522,-1.234825641234931e-12
4538.541908510853,190.8692237072992,1.1279362385164087e-11
4538.680796684174,190.88083535730058,4.4588368474290045e-12
4538.740122244489,190.8857953381861,-3.506076929360002e-11
4538.803825898155,190.89112142672658,-7.360525843333597e-13
4539.032810766539,190.91026684361833,1.4206445065818144e-12
4541.2968900515325,191.0996184217129,-4.09868944805585e-11
4545.940234485325,191.48825031715722,4.580760093229227e-12
4546.036973761249,191.49635128392973,1.846980578760622e-11
4546.801528255159,191.56038129885084,6.425069915228373e-12
4547.717906542374,191.63714046103217,2.182430918295952e-11
4547.928081449552,191.65474765275022,-4.849116596925281e-12
4548.192366427684,191.6768890162151,1.0394744850153397e-11
4548.438424855598,191.69750454567804,9.606432084252349e-13
4548.648689034874,191.7151220069677,1.0108392415366536e-11
4548.9545394994275,191.74074983591518,4.84251645369431e-12
4549.112237633884,191.75396435479772,-2.1147264081247667e-11
4549.358296061793,191.7745840536351,-1.725418501038069e-11
4549.622581039917,191.79673237982624,2.7696804372950707e-12
4549.832755947089,191.81434694561474,-3.4140329078280615e-12
4550.2475746774335,191.84911490998994,-1.4319575320261937e-11
4551.054593663296,191.916764156775,5.629454196628629e-12
4551.180814032871,191.92734580185686,-2.2325594948721693e-11
4551.878473717429,191.98583917661372,-1.899287851485122e-11
4552.112557140494,192.00546727204525,-3.0628150782364157e-12
4552.399625306371,192.02953956144637,3.5742759624125034e-11
4553.402174840254,192.113620918505,5.123066679226675e-11
4553.405770862623,192.11392254135725,2.8576019942585565e-12
4554.282669606615,192.1874811140484,-1.7714239196194417e-11
4555.077006957447,192.2541262586199,2.053172467467638e-12
4555.254715822028,192.2690376772436,1.420633775930992e-11
4556.309501974767,192.35755597224576,5.883529038288643e-12
4556.703726563969,192.39064480064317,-3.9927607788656866e-11
4557.261448187896,192.437461471538,-4.744021272920362e-13
4558.409720851281,192.5338686463743,5.785326410803883e-12
4558.514523515002,192.5426689234725,-1.0601484974642385e-12
4559.441394390293,192.62050705528998,-3.795744919220577e-13
4559.662796178356,192.63910260331053,2.5255443988831655e-11
4560.005456831674,192.66788447010214,-8.055246649002394e-12
4560.335813054258,192.6956348709583,-2.8560036428600866e-11
4562.736111157285,192.89732375392538,-1.1577284377267826e-11
4563.159878449683,192.93294250014816,2.719848504235197e-11
4563.79449333224,192.9862897225339,1.774579159546197e-13
4564.797612445592,193.0706294100121,3.084851716732267e-11
4564.815180144006,193.07210662228036,-2.363614495131088e-11
4565.02478547142,193.0897321107447,-2.6943529134302233e-13
4565.1036414542505,193.09636323575756,1.548604228554231e-13
4566.045472283162,193.17557214212925,4.853496859628359e-11
4566.538982283256,193.21708334655696,-5.235732924138729e-12
4566.9080699249935,193.24813179477735,-9.054314170119102e-12
4567.194973377837,193.27226846527128,-1.896923421343153e-11
4567.318167304698,193.28263301366553,-2.3898575689772585e-11
4568.244406990544,193.3605683406055,-3.688489034774859e-12
4570.206039456719,193.52567549101386,7.833215763284261e-12
4571.7680809626945,193.657200468813,-7.43880937505883e-12
4574.2505770853195,193.86632084037797,-6.372548769148223e-12
4574.486966489564,193.88623971761572,-3.1161667671111016e-11
4574.774034655318,193.9104303226825,4.755980114694684e-12
4575.170462122305,193.94383889194674,-2.6242909934435575e-11
4575.525879851324,193.97379386350013,-1.1020068952399664e-11
4575.840287842379,194.00029443186642,4.760801497775012e-12
4576.195705571396,194.03025378879306,-1.804876291334639e-11
4576.592133038373,194.06367273975684,5.763925399440162e-11
4576.792220223889,194.08054124709005,-4.0132237076052454e-12
4576.879201204112,194.08787447692424,-1.7117233626085362e-12
4577.8051114638865,194.16594515461694,9.398502579430321e-12
4578.523276017063,194.22651005478616,1.231564757973654e-11
4579.226782379882,194.28584799900278,-6.919688333210302e-11
4579.300752299242,194.29208759514248,-4.796683470028404e-11
4582.402065954095,194.55378388865685,-2.131141667557256e-12
4582.5283341019285,194.5644424517734,-6.788854277783103e-12
4583.245538039857,194.62498873443818,-1.5550125252967462e-11
4585.136137756677,194.78463837791512,-1.885682711751626e-11
4585.341591313203,194.80199164711826,1.0366532303147345e-11
4585.558944433706,194.82035083824152,1.2258801605907534e-12
4586.329510318605,194.88544532723768,-1.070990647845357e-12
4588.715479655971,195.08707235154705,2.738702942994518e-11
4589.209078927948,195.1287971909742,1.002130647959444e-12
4590.04970311513,195.1998670044222,1.3460119595393703e-12
4590.541819970554,195.2414786206828,5.4995453094651325e-12
4590.709365672626,195.25564669547907,-3.2859362250528546e-12
4590.961030625172,195.2769290717547,1.8414994975312008e-11
4591.059657184294,195.28526987408097,-1.0987498185226758e-12
4591.346231211108,195.3095063232271,-6.914215286674112e-13
4591.453147480587,195.3185489493148,1.0543239310450755e-13
4591.995552061997,195.3644269869628,1.1329501123198548e-11
4592.233814918192,195.38458161302523,-5.791247059632232e-11
4592.59581361837,195.41520504044993,-5.5619311537068465e-12
4592.696313629522,195.42370730791762,-6.06534829976689e-13
4592.946105130027,195.44484039156018,-3.2062841170736136e-11
4593.23978192946,195.4696877684689,-8.351127584441452e-12
4593.5815297457075,195.4986043331718,-3.263464620731041e-11
4595.440637866049,195.65594813044905,8.550507349032277e-12
4595.601437883881,195.66956027420187,1.504645635960236e-12
4599.804558819133,196.0255344351767,-3.594390695856586e-11
4600.325243931249,196.06965537907487,2.483795920500231e-11
4601.071873637542,196.13293075293888,3.4315334542191203e-12
4601.609721581304,196.17851865312485,-7.121454268945939e-12
4602.703808731956,196.27126973870122,-4.418585286447408e-11
4602.834421026004,196.28234385100282,3.6122169840059164e-12
4603.903027972112,196.37295871256742,2.4559493388055427e-11
4604.499872050184,196.423578565855,-8.492846023283074e-12
4604.660747508837,196.437223942439,9.781598908573993e-14
4606.075672739874,196.55725773425993,5.799895131465316e-11
4607.203440533202,196.65295721825393,5.651298801619415e-11
4607.204668964692,196.65306147257493,1.9291728277718383e-11
4608.1674371910585,196.73477807573386,-4.927814940995406e-12
4608.718790334447,196.7815828075971,-9.26240019446546e-12
4609.251916927631,196.82684560069276,1.5409733841700818e-11
4609.863000497983,196.8787334315907,-3.3259936534875824e-11
4610.38701381606,196.9232335024396,-1.0898107820074015e-11
4610.504992253474,196.93325312254316,-7.205784666328569e-13
4612.384797617641,197.09293498287118,-1.3014923386833345e-12
4612.638905601805,197.1145254223059,-2.5720922161152286e-13
4612.758606609549,197.1246963033561,5.79201580205928e-11
4612.91336757324,197.13784658681507,7.1893267072681175e-12
4613.794507359127,197.2127268327324,2.335164375239327e-11
4614.125597874012,197.24086697216555,-2.0164399829569915e-11
4614.3230773147125,197.25765216248087,-3.654182326435907e-11
4615.776507642109,197.3812117030293,2.2178234326366136e-11
4616.474167325795,197.44053522063308,-1.6206773668284157e-11
4616.733401527181,197.46258075231796,-2.5368854163626758e-11
4618.844188430368,197.64213022423223,4.246912905523474e-11
4618.859340759551,197.64341942067014,9.765801384510289e-12
4619.777427784566,197.72154035381075,3.4008488027506463e-12
4620.3242242902825,197.7680751867995,-5.981428548725257e-11
4620.458720538784,197.7795222642189,4.407048570877476e-12
4620.926359298361,197.81932594614986,-1.121779972179804e-12
4621.451992083305,197.86407067374626,8.960423594918501e-12
4621.998788589004,197.9106223735544,9.376272870452945e-12
4622.089125437719,197.9183137609074,-1.8349175032559992e-11
4622.37838264988,197.94294247723442,-6.22417759340781e-12
4622.993528718781,197.99532402407684,8.50480133405259e-12
4623.002477280927,197.99608607262513,-1.3957080922988252e-11
4624.00291320762,198.08129126672682,-3.5710129927069625e-12
4625.373994633002,198.19809356934073,8.095947251547837e-13
4627.1653227687075,198.35074882697464,-2.6120298656547612e-11
4627.472099900897,198.37689800681713,-4.583236968780749e-13
4627.72139726239,198.39814898204344,-6.6862554400550345e-12
4628.520126536697,198.46624315669382,6.167894423237132e-12
4632.745536518206,198.82666813103464,9.404122448180719e-12
4632.929119723658,198.84233512497488,-6.155509983545331e-13
4633.489421428931,198.8901551210994,-2.96573748718481e-11
4634.118237410343,198.943829483065,-2.3262611780905587e-11
4634.620860684885,198.98673754835698,2.1815121345255688e-11
4634.776280500308,199.00000640672653,-3.906239962682695e-13
4635.008264148429,199.0198126766707,2.98029930582424e-11
4635.2269827506525,199.0384873131672,-1.0506966487276324e-11
4635.7736899841075,199.0851701363699,8.595539012646365e-12
4635.821623950446,199.08926343578955,-7.71573665973003e-13
4636.423100106553,199.1406298182558,-2.1435980640234914e-11
4637.136618749278,199.20157333026938,-2.300399967607715e-11
4637.188615214314,199.20601485230435,-1.225498700298312e-11
4637.332149297019,199.21827574794943,-1.5170137419817134e-11
4640.680585094464,199.5044118262421,6.22987676037834e-11
4642.639939239153,199.67194158592147,-1.5228907140637527e-11
4644.612091953326,199.84063706849133,5.541717376807892e-12
4644.697618179407,199.84795449604806,-3.0105521647747185e-11
4647.089852890757,200.05268319922084,4.105105707300387e-12
4650.998679664784,200.3874294961947,3.246356534552373e-13
4651.304139093248,200.41360045825675,-1.5802285903056104e-11
4651.608699516119,200.43969610704917,-5.419987124878357e-12
4652.425566068145,200.50969611586493,1.0049836857684799e-13
4652.59350280551,200.5240886960948,5.464240560888752e-11
4652.728177598135,200.53563102343105,-1.4621084314161555e-12
4653.203522656825,200.57637322794486,3.318619588822513e-13
4653.258936600006,200.58112307214887,2.4277580713909353e-12
4653.876450259425,200.63405750692468,1.7656475209364185e-12
4653.929256457934,200.63858447980886,1.4014939994155747e-12
4654.773057968449,200.7109289133778,1.0794321515794163e-11
4654.814156978453,200.71445292608368,-5.554969655759092e-12
4655.231583452635,200.7502466994779,-3.0921904601747915e-12
4655.721991568376,200.79230265357126,-1.6365477369843177e-11
4656.379856113874,200.84872613491788,-1.911040104998455e-11
4656.432827025329,200.85326967112746,-2.8640897313851986e-12
4656.540161992676,200.86247639783784,-1.0346917653887523e-12
4657.090691570818,200.9097017665997,7.357773460193691e-13
4657.58109968654,200.95177451522602,-3.481548321980028e-12
4658.305859041153,201.01396067232625,3.962671849807308e-13
4658.6783779916595,201.04592749055203,1.6454155733985087e-11
4659.8439920286655,201.14596837001287,1.1397968588145278e-11
4659.893950328704,201.1502566885046,4.818621839688943e-13
4660.592165760253,201.2101948871875,5.284429730667372e-11
4660.632125610868,201.21362550623277,-6.923994018958013e-12
4660.760370313901,201.2246357240671,3.2783141821232117e-12
4660.791038345221,201.22726871750785,-1.3223393117717928e-13
4661.407007978425,201.28015625028138,3.7746319889122824e-11
4661.4210827578,201.28136480119784,-7.1014883681002e-13
4661.529213627371,201.29064973356074,9.12861011115031e-12
4662.154701402399,201.34436305988734,1.6726390332797734e-11
4662.815413846285,201.401109107104,9.004064639251614e-12
4665.009297773239,201.58959102949538,-1.2746982987236081e-11
4667.664946118141,201.81786287675152,-4.314597581975775e-11
4668.610359136327,201.89915920063086,1.0321658264419405e-11
4669.189635515299,201.94897946953927,8.564029742217192e-12
4669.454490072512,201.97176016381852,-9.191100451931754e-13
4669.612908667995,201.985386696064,-3.52835309040728e-11
4669.783226827435,202.00003729676348,-9.495691716416637e-12
4670.535895586838,202.06478752223708,2.3996121125461154e-11
4671.013518964145,202.105881688215,-4.362805675456487e-12
4671.287740781486,202.1294773168619,2.153088627804888e-12
4677.428256231244,202.65820551772202,2.416717828542535e-11
4677.840076180424,202.69369006831863,1.2430034202409402e-11
4678.127144345619,202.71842720365456,-5.821272633068423e-12
4679.36737332197,202.8253172179692,-3.707404134552888e-12
4679.890563074626,202.87041719550822,-1.2672128394781751e-11
4680.177631239807,202.89516517379917,2.3077191732853527e-11
4680.850648114176,202.95319151542654,5.329835865874734e-11
4682.05238582515,203.05682399641756,-2.7469906926658346e-11
4682.423182205161,203.0888051869324,-1.0582981628258493e-11
4683.528901101818,203.18418848683817,2.5264000901072077e-12
4684.373121309874,203.25702912860498,-3.3783951661139293e-12
4684.533728951982,203.27088809390204,2.489231742843125e-12
4685.402996835251,203.34590617866604,-8.268732670255199e-13
4686.560307330092,203.4458040308482,9.91100382354366e-12
4686.684818960263,203.4565532167514,-1.5657466726778488e-11
4688.912054103084,203.64888040220487,-1.1796557399093538e-11
4688.984960303755,203.6551775749306,-1.1399695220148126e-12
4689.608005046748,203.70899620065322,-2.00993558052276e-11
4689.711743991671,203.7179578686035,-3.019809682806296e-12
4690.716482569623,203.80476420402482,5.9424870483137765e-12
4690.850903377101,203.81637916038252,-1.1759006361326269e-11
4691.2805450096075,203.8535056212504,1.060489786791621e-11
4691.281505624789,203.85358863433873,-5.392479409546505e-12
4691.599420365419,203.88106267584968,1.962893296852459e-11
4692.088524608499,203.92333446866195,2.1199451603946655e-12
4692.282915996656,203.94013634911252,-2.884480771044441e-11
4692.837789720695,203.9880997204518,3.776510989621273e-11
4693.433556247991,204.0396041858969,1.3460040997537442e-11
4693.65798447816,204.0590078709881,-2.7017137774889283e-12
4694.49640578578,204.13150456627676,-1.8994271407474747e-11
4694.609271837031,204.14126486788564,4.568808833670617e-11
4695.316600543222,204.20243777608783,-6.670843602416454e-12
4695.697738629714,204.23540410087057,9.716858924349883e-12
4697.737657494143,204.411891225297,-1.503597112122608e-11
4698.220764176854,204.4536992656303,9.43292654657058e-13
4699.220376537418,204.54021934556098,-1.297426512636852e-11
4699.697114740141,204.58148925083546,1.0762266434852917e-11
4700.696727100678,204.66803651560414,9.510714047376853e-12
4702.601758681135,204.83302668998874,1.5526789339204306e-12
4702.747571082439,204.84565790339838,4.124604265543012e-12
4704.045718642676,204.95812910685635,6.937795999690482e-11
4704.193809362746,204.970961625107,1.0242423795162893e-11
4704.388694889707,204.98784967352302,5.468775187926893e-13
4704.780401005246,205.02179557180705,4.0866796341726316e-12
4704.926213406541,205.03443263697002,-2.7327007381247814e-11
4704.986932111106,205.03969503619516,-3.7738411522131507e-13
4705.756928414601,205.10643535446025,-6.133860930420006e-11
4706.19899769687,205.1447571547536,-2.823371042715623e-11
4706.791360577122,205.19611314763634,-4.768032958344549e-12
4707.060202192003,205.219422999931,1.8361689034573446e-11
4707.125148108208,205.22505432078242,-1.7700371531821217e-11
4707.222052096787,205.23345680187833,-5.0902154895899045e-11
4708.228904280243,205.32077052792073,-7.143445283682541e-12
4709.013304788956,205.38880629523774,-4.6844900112803326e-11
4709.481183701565,205.4293936399388,2.4062815436659358e-12
4711.059097994025,205.5663035549627,4.505500825964146e-12
4712.550346901078,205.69573598268883,-7.431560005413575e-12
4712.802011853057,205.7175831941786,-2.8013104183790607e-12
4715.446282433069,205.94720471252145,6.196123650667068e-11
4715.944664663968,205.9904973432737,-1.4662685537325495e-13
4716.1800657899,206.01094736393017,5.080906191475413e-13
4717.068610110116,206.08814714317143,-8.774020920654724e-13
4717.414749850171,206.11822488768664,2.2967581425441705e-13
4717.913132081053,206.16153559003126,-6.446014144889415e-13
4718.107523469121,206.17842994378887,3.896041040798018e-11
4718.400465975234,206.20389058779494,1.777700497826499e-11
4718.719430602991,206.23161470182677,4.4490640929258097e-14
4719.106669352993,206.26527565893275,-1.7789740586032074e-12
4719.900752716324,206.33431046432452,2.4071488819626584e-12
4720.133305943776,206.35453002021637,-1.1260658409560223e-12
4720.693607648158,206.4032500627763,4.022356571717182e-11
4720.710605766828,206.40472819446722,-5.649224565871566e-12
4721.276287673486,206.4539221066267,5.030355512101819e-11
4722.0691426053,206.5228817946652,-3.0094183538706796e-11
4722.183882108521,206.53286238567432,-4.793247846134677e-12
4723.547469723343,206.65149232753168,1.8928823450269287e-11
4723.562264964089,206.65277967764743,-2.5565483941390828e-12
4724.724475352829,206.7539174766567,-5.755573960657376e-12
4724.880286203487,206.76747833011103,-2.2521647356684346e-12
4725.442235037306,206.8163907426911,-2.9873814000480994e-12
4725.660953639171,206.83542973270028,4.6870906707087e-11
4726.569913556062,206.91456220471167,5.910725070633486e-12
4727.288826231153,206.97716027270255,2.1295348906447336e-12
4728.818971269806,207.1104266809507,3.331467945472243e-12
4728.961276920784,207.12282283730192,1.3835951924892532e-11
4729.516630952049,207.17120294853652,-2.8750455935346315e-11
4729.749410502004,207.19148341521333,1.031341044077876e-11
4730.200126582826,207.23075401668578,1.923993395905611e-11
4731.143350553283,207.31294862271665,-7.19283567787758e-11
4731.385675907562,207.33406803172832,9.971836731764073e-12
4731.826846184039,207.37252017200368,1.8052553764274295e-11
4733.033483788609,207.4777083046836,4.336385125759954e-12
4733.6276308485,207.52951268261262,1.0855827538556154e-11
4734.03089327063,207.56467731000188,5.787780533767036e-12
4734.767853951578,207.62894828431342,3.885723148029642e-11
4735.654373937783,207.70627571012855,1.7451330988615588e-12
4736.122657716917,207.7471279864371,-2.7680496724762622e-11
4736.474568694625,207.77783075693307,3.21994968661734e-12
4740.630579217512,208.1405979608691,-7.129646602442685e-11
4741.284559807516,208.19771117520065,-4.938722598453463e-11
4741.915084526778,208.25278340883568,5.464068071261186e-11
4743.107214822523,208.35692824981382,2.265678945474251e-12
4743.737739541765,208.41202165302843,-1.6639499435499414e-11
4744.033694659154,208.43788386980142,-7.625285857624605e-11
4745.159184130873,208.53625018229408,-1.2527793729534988e-11
4746.084181550934,208.61711122006687,-3.1818855519381024e-11
4746.472079152542,208.65102498098344,2.1923920918612613e-11
4746.887961599911,208.68738852666058,1.455373050756245e-12
4747.1607010003445,208.7112377925188,1.8399446923217935e-11
4748.050727736611,208.7890743056704,1.2008713187481689e-11
4748.8974387537555,208.8631362242707,-1.9064246295104062e-11
4749.964515502142,208.95649236992645,-7.779145365487998e-12
4751.108320795993,209.05658461479956,8.638268461233715e-12
4751.538923043221,209.09427204973892,-2.713551668965127e-13
4752.032357600778,209.1374629322896,-8.091185717607535e-13
4753.50774754748,209.26663223002188,1.1718650391075289e-11
4754.366673723126,209.3418490476927,-4.972420685569477e-12
4755.135695579516,209.4092044065113,-4.071093594889194e-11
4756.503180979294,209.52900355509496,9.302864655945922e-12
4757.433483160602,209.61052276752142,3.2225144826740924e-11
4757.581573880532,209.62350092394442,1.7365040820897425e-13
4757.725107962925,209.63608013800473,-3.0130671267997553e-12
4758.584692990302,209.71142143531918,2.975583887241739e-11
4758.602260688654,209.71296135881838,2.287161339834101e-11
4758.709341670754,209.72234782920475,-3.5724076489119617e-13
4759.582102471881,209.79885989198522,-5.641365694262649e-12
4759.586494396468,209.7992449530196,2.1228577295199154e-11
4759.730028478856,209.8118294680803,4.0517507615559973e-11
4759.878119198781,209.82481388932203,1.599300072780805e-11
4760.879529569435,209.91262698244884,-5.2791761006433004e-12
4760.894681898578,209.91395582325052,-8.181824689918813e-12
4763.013518352797,210.0998168435692,-4.302651905042872e-11
4764.124466568459,210.19730053158045,1.537300408254867e-11
4765.006580798369,210.27472064577327,2.5087442613363072e-12
4765.220742762548,210.29351906286328,-4.5108057726056845e-13
4765.662331736767,210.33228292522523,-4.9824395205858287e-11
4768.7553280082175,210.60389511005258,-2.517904995376627e-12
4769.50744101786,210.6699687243112,3.839851001778237e-13
4770.806171987527,210.78408761152556,4.191474560859266e-12
4771.047509063946,210.8052972116191,9.435992686570966e-12
4771.225293368667,210.82092224399997,-5.438583967027567e-12
4771.762976597821,210.86818146522043,-6.3935449686375685e-12
4772.095535697041,210.89741413680332,-2.941755755542871e-11
4772.812410206592,210.96043590187338,1.5000491668626638e-12
4774.107723698032,211.07433331449488,-5.0420778289110024e-11
4775.716141307018,211.21580510847093,2.1347608666518632e-11
4775.735596288642,211.21751660447913,7.767061813363472e-13
4776.037384253224,211.24406642489885,2.043119039591872e-12
4776.212890239163,211.25950734963743,8.54132092573319e-12
4776.555791044913,211.28967722021557,1.5578646880429967e-13
4776.915930123111,211.3213661192701,4.095684968712968e-12
4777.043605246186,211.33260091971417,-2.4969034410271412e-11
4777.35035471504,211.35959463383736,6.6234166384153405e-12
4778.17054947129,211.43177964622342,-8.662823921521276e-12
4779.367490388873,211.53714417492876,4.42095788102455e-11
4779.699164313717,211.56634549603524,-7.413016227635181e-13
4779.961081699852,211.58940672594542,1.0019755504842655e-13
4780.472578094358,211.63444646327275,1.6271529770857483e-13
4781.6169529673,211.73523167191007,1.7827554795366183e-12
4782.044048464048,211.77285219638216,1.4234854990838571e-12
4783.0522937906235,211.86167638445892,1.6028250187317272e-12
4783.9371943091155,211.93964959674872,2.124881489158531e-11
4785.680108165934,212.09326903513383,-1.973092887081645e-12
4786.225944054844,212.14139020697726,-2.0561403958652037e-11
4786.732959252607,212.18609384336943,2.52224792446536e-11
4788.123783587747,212.30874742814507,1.5458958255418499e-12
4789.035378910827,212.38915824490388,-8.34967665393654e-12
4789.650524977893,212.4434282502294,-1.5993648539935915e-11
4789.805944792885,212.45714094900225,2.84040522541223e-12
4790.0930129575145,212.48247015879633,5.784629030675832e-13
4790.470719733969,212.51579910028542,-1.9114870204277754e-11
4790.730942212236,212.53876272653565,6.480542569694383e-11
4791.159266140403,212.57656337125323,-6.1849810422158746e-12
4791.7971953951155,212.6328684686301,-4.1765906797868385e-11
4792.084263559732,212.65820820813835,-1.868497829400648e-13
4793.181541862243,212.75507984367925,-1.839954937375253e-11
4793.5261375757145,212.7855065565232,5.000614488347443e-12
4794.821931374287,212.89994063279184,2.8633617249704225e-12
4795.166527087748,212.93037775831507,2.7569343533828095e-11
4796.190899189669,213.02087044819652,6.148420410993564e-12
4797.415584798828,213.12908413536462,-5.074785748249847e-13
4798.575503036064,213.2316004281654,8.668666680612034e-13
4798.615030357329,213.235094382146,-1.3110765166002657e-12
4798.940034038713,213.263823650955,5.6802229128043676e-11
4799.5429649471,213.3171259360621,-2.6138805820675892e-11
4799.727282444647,213.33342191534814,-2.7775905558305462e-11
4803.517533528917,213.66866641504097,-5.7380436512028586e-11
4803.770426911982,213.6910440381113,-1.3735251784817354e-12
4807.345376872587,214.00750449981035,2.4778907024031047e-11
4808.475512252719,214.10759492092916,-3.5216113357735553e-12
4808.493649530748,214.1092014404752,1.9865831676631966e-11
4809.644289779756,214.2111324305719,3.886912867151149e-12
4810.050983510764,214.24716576670554,1.5690620652853593e-11
4810.478257551509,214.28502581397046,2.1664955945351703e-11
4810.520481889528,214.28876742543252,2.4548173467591126e-11
4810.586388420797,214.2946076449814,-4.967633209649466e-11
4810.944743318866,214.32636418761925,-7.230244381524559e-12
4811.10145317488,214.3402521787113,-1.0567509512723618e-11
4811.845248811152,214.4061752430215,5.850643066440936e-11
4812.311734578497,214.44752536320513,1.0298904929247538e-11
4812.571236595283,214.4705298142993,-2.0103977812388716e-11
4813.517788770453,214.55445071023522,-8.398467087359304e-13
4813.910888029685,214.58930756648243,8.208366436511027e-12
4814.946562453012,214.68115640917202,1.4789664829385213e-12
4816.200131913101,214.79235571623013,-4.173616399847114e-11
4816.67808471509,214.8347606863755,1.2945152653615283e-11
4817.352961208624,214.8946443032465,2.4569373744065806e-12
4818.000827302861,214.9521391072163,-1.4041295843425e-12
4818.799391861525,215.02301826810483,-2.4715480902387313e-11
4819.108090223034,215.0504209303266,1.2986527628088095e-12
4819.584348117179,215.0927010287785,2.1655540879261178e-13
4820.256452153071,215.1523746021458,-7.334132517493338e-12
4821.118885077993,215.22895894644526,5.380060865324353e-11
4821.211561854747,215.23718949178675,8.690364480454496e-12
4823.180386356674,215.41207649555997,-2.955926932982856e-11
4823.65150420231,215.45393560127627,1.950400965656055e-12
4824.707683494357,215.54779262779542,-8.582925743615153e-12
4825.441048151812,215.61297492518915,-5.580227802910347e-12
4826.716200030363,215.72633548545375,-6.023404669813826e-13
4828.720159928772,215.9045473492767,1.3117831021196344e-11
4828.795344448031,215.91123493745187,2.8747184657294572e-11
4829.786413110973,215.99939924169468,2.1511218196862317e-11
4830.599772910202,216.07176829169325,3.1293114640347352e-12
4831.5739327265765,216.15846063299696,-8.408041690761451e-12
4832.719371317073,216.26041776081317,2.2443012408197295e-11
4833.316846582004,216.313609480172,-1.0862314466763646e-11
4833.676265198472,216.34561078283116,-2.973475057829585e-11
4834.318751090259,216.40282127625133,-3.978718263226463e-11
4834.468625989918,216.41616805912184,8.01914438595382e-12
4834.930164084069,216.45727192827167,4.6655375341344954e-14
4835.2756449716335,216.4880424899532,-3.1525656789450906e-12
4835.949155983038,216.5480356666444,-4.216864831748859e-11
4836.620676607802,216.6078598680351,-2.0016395077181957e-11
4837.697360768509,216.70379647723016,8.086087879579869e-12
4838.503720898388,216.77566018341182,9.920194598977035e-12
4839.402785467492,216.8557999337936,-6.384815980136078e-13
4839.48137363363,216.86280574011187,-1.4922907946028223e-11
4840.924777843342,216.99149942214552,2.2359951274292776e-11
4841.33213042593,217.02782585521078,-1.0532834016458021e-12
4841.507952006318,217.04350601986292,-1.186360534640539e-11
4841.628311865372,217.05424031158876,1.9793052815991765e-11
4842.926459422516,217.17003253683902,-3.906208043899081e-11
4843.561074301885,217.22665024094425,-3.087292437419967e-12
4843.58766600317,217.22902280404446,-2.443933772650397e-11
4843.883847442598,217.25544956631603,-1.4143354182577053e-11
4843.99167654844,217.2650710098184,-2.374003847682388e-13
4845.303102982637,217.38210493801307,-1.943536769804703e-12
4845.371452545578,217.3882054380017,9.013063912198821e-12
4845.52954171468,217.40231592339688,2.33278972644933e-13
4845.877239311358,217.43335181251456,2.4836794753161492e-11
4845.9601439612225,217.44075230612694,-1.029073688070175e-11
4847.022273034842,217.53557458791195,3.1617219851399004e-13
4847.380929696081,217.56759859402092,-1.5231474356411973e-11
4848.868294645181,217.70042884478374,6.849084389238487e-11
4849.305731847992,217.73950225966976,-2.1356047824383015e-12
4849.442430973869,217.75171342468516,-2.061983442605529e-12
4849.6389359673185,217.76926757745383,-3.3495866339167754e-11
4850.6453832815805,217.85918651962322,3.8723556464143974e-11
4850.841888275026,217.876745026785,-4.906121571927892e-12
4850.9785874009,217.88896005998186,2.5846675893084496e-11
4851.416024603695,217.92805047937551,1.0622991156395766e-11
4853.003216880337,218.06991531912098,-5.375373473155066e-12
4855.282853348374,218.27375270495043,2.7449237668896768e-12
4855.989132165339,218.3369251925131,4.16581726038731e-12
4855.9995631439815,218.3378582510794,7.57726304181399e-12
4856.048457725313,218.34223193337698,5.782550869138864e-11
4856.204611832776,218.35620041119768,-5.4318994748915065e-12
4858.557648639995,218.56674136094304,-6.91860309038606e-11
4858.708017678437,218.58019928827497,2.106130634561574e-11
4858.72558537676,218.58177161257686,-1.1133759764084301e-11
4858.779695447412,218.58661454675376,1.1603506137413818e-12
4859.141453992086,218.61899387606846,1.467160363923237e-11
4860.016596213863,218.69733376685022,2.744119535732486e-12
4860.94988334245,218.78089414600166,1.694400050240798e-11
4861.100252380888,218.79435869958425,9.585838327849876e-13
4861.240142662346,218.80688532371568,-1.8697804661282105e-11
4861.606787270432,218.83971861587702,-4.8094653896618966e-12
4862.356354143841,218.9068505823447,7.28589384765957e-12
4862.976715699478,218.96241861743331,-8.286948778962058e-12
4863.139045911421,218.97696029363468,-1.2186258150777642e-12
4863.297464506374,218.99115203191448,-1.7158776455147925e-11
4865.384596869725,219.17816842773934,-1.6138620103292347e-11
4865.657995121409,219.20267207807407,-2.8774729537205813e-11
4866.273305900641,219.25782509043586,1.5976630404389832e-12
4866.5502109025665,219.28264757957132,1.7602868503086668e-12
4866.749385250214,219.3005029627576,3.801830208958982e-12
4866.915627079137,219.31540660386943,-1.4869867394482638e-12
4867.189025330814,219.3399179647501,-3.157999237643259e-11
4867.477575911607,219.36578929232772,2.502823411733198e-12
4868.605254427655,219.46691119827616,3.0195245137064258e-12
4870.395141632991,219.6274632009199,6.010298989428986e-12
4870.400192409362,219.6279163365774,-2.3778409011892333e-12
4870.475946508261,219.63471275076304,5.7166309518949e-11
4871.533086414677,219.72956697476553,6.253535311392191e-12
4871.803636767879,219.7538460140042,1.0027171298175554e-12
4872.860776674273,219.8487260924315,6.7981752930715386e-12
4872.936530773168,219.8555259402195,-1.5337014918789218e-11
4877.460833024002,220.26182854435325,6.171400298697911e-11
4877.80258083854,220.29253434505623,4.382878653210308e-11
4878.0793072962115,220.317399598923,-7.90117097801921e-12
4878.704795068911,220.3736079958628,3.94081124510303e-11
4879.5113199112,220.4460956192714,4.0142177434467433e-11
4879.661688949593,220.45961158617405,-4.788367223541377e-12
4881.376302363315,220.61375958822472,-3.95222659842564e-11
4883.543175882774,220.80864436174838,-2.2528866045284423e-13
4884.394697520578,220.88525238512892,-5.036183736286573e-11
4884.395925952061,220.8853629118839,5.5145782399649547e-11
4884.7734680149815,220.91933315575955,1.1940490157825768e-12
4885.543704469929,220.9886451528143,-1.2289143398747146e-11
4885.624989652769,220.99596047701903,5.5343247981673394e-11
4886.924859779316,221.11295985084297,2.4744485739132052e-11
4887.11811200745,221.13035685366827,-1.1982236895165146e-11
4890.086068557005,221.39762543195533,-1.0060867419010126e-11
4890.727326016723,221.4553928668432,2.9279258056932826e-12
4890.974612874621,221.47767163333145,1.8628667520781526e-12
4892.22827160526,221.5906345948316,3.3692867481476407e-12
4892.638368982606,221.62759337109242,-8.619765538379163e-12
4893.391037739146,221.69543340951736,-2.8557224269114268e-11
4893.750758118651,221.72785965030812,-7.438290150173016e-12
4893.842549720964,221.7361343939206,4.169093246307812e-13
4894.16085549599,221.76482992784685,1.107507741145678e-11
4894.699197575844,221.813366167656,-2.0401461273476016e-11
4894.726043262154,221.81578668046595,4.0353022340776777e-13
4895.434689669533,221.87968583203372,3.4968395044104877e-11
4896.388838754862,221.9657367477387,1.5193478398813134e-12
4898.610769128344,222.16618881926053,-2.2812619874763805e-11
4899.5440084780175,222.25040838891832,-5.916527332606046e-11
4900.5448492666665,222.3407464343682,-3.598256580487392e-11
4901.561549014538,222.4325348361925,-7.837307417588403e-11
4901.913459991275,222.46431005424927,-1.988012531646416e-12
4902.048539650066,222.4765074539115,2.8548435638645315e-11
4903.065239397912,222.56832401730009,-2.3783058976214217e-11
4903.76949388062,222.6319353005181,-6.576048738734476e-14
4905.082073304188,222.75051748170998,2.8175867286549517e-12
4905.666372794689,222.8033149779468,-7.569174528417205e-12
4908.311857966381,223.0424405940127,-5.294022482571418e-12
4908.490527445032,223.05859518991304,1.8560349941511255e-11
4908.537411523866,223.06283436246514,2.2146932977432954e-12
4908.822201369175,223.08858540874363,2.8356005232346322e-12
4909.62189125479,223.16090233433704,3.0906778272833467e-12
4909.663964711048,223.16470741417257,2.88641087693475e-12
4909.686912611622,223.16678281229082,2.011386898571784e-11
4910.165359551728,223.21005555433743,2.9846788823281884e-11
4910.643806491832,223.25333251308896,-1.1949872876350955e-11
4910.671640455826,223.25585030828933,1.953341627262884e-13
4911.16708551454,223.30066949588712,1.6279644487853279e-12
4911.942448186381,223.37081979962068,3.744353684843483e-12
4912.312029964723,223.4042613061764,-6.512795714778425e-12
4912.905216407666,223.45794087994372,-1.2012954819412676e-11
4913.196930481341,223.4843415127407,-1.0424735864918015e-11
4913.694832403003,223.5294061266981,-1.322334322784676e-13
4914.847750968808,223.63377318353488,-1.2567352873901827e-12
4915.2122819707665,223.66677716385178,-2.7974158283922395e-11
4915.970962118582,223.73547454655068,4.638147016227713e-12
4917.246820625401,223.85102558466232,3.216456010434618e-12
4918.248230993459,223.941741604599,-2.4891342697619152e-11
4918.84696235156,223.99598845884464,-8.672684282574248e-13
4919.421098679605,224.0480131318189,-5.447325535270061e-13
4919.98116022833,224.0987682861879,-1.4403494047463202e-12
4920.254469207676,224.12353880359922,-1.0293730054714756e-12
4920.493781949791,224.14522930667098,-1.824652225603842e-11
4920.783533299312,224.171492807608,6.23753174396297e-12
4921.230996613508,224.21205459803764,8.598613906148496e-12
4921.35766962734,224.2235379617202,1.2882399639977447e-11
4922.444125913422,224.32204126567967,-2.1528446660418733e-12
4923.033640893078,224.3754986027379,-1.1599039411891395e-11
4923.628851669633,224.42947893058357,3.929092005439793e-11
4924.218366649279,224.48294913289442,3.394381965527201e-11
4925.6033581339625,224.6085958521867,6.301449196297588e-12
4928.336469305054,224.8566479379845,3.1256387281106525e-11
4928.9186690207825,224.90950507873598,2.0347316956090634e-11
4929.836756040909,224.99286966905433,2.8482036791299945e-12
4930.383552543715,225.04252753215235,1.258748207368043e-11
4930.765260208397,225.07719595407565,-5.6477333174969214e-12
4930.920350597139,225.09128273361125,-8.685887914385781e-12
4931.310903720561,225.1267584339094,-2.2988850000333712e-12
4931.347281379901,225.13006292369315,-3.14975629405934e-11
4931.894077882695,225.1797360013507,-8.003321822510118e-11
4932.367172282883,225.2227181432282,-4.597181373173759e-11
4932.387587879636,225.22457305839424,1.1398598279748198e-12
4932.756675519016,225.25810885458824,-2.6720112969959126e-12
4933.118193909471,225.29095933141306,-7.036306804190182e-14
4936.2228495825675,225.57317250185093,-4.440154812357307e-12
4936.933190897303,225.63776748000163,-6.670330255655925e-13
4938.423705506119,225.7733378299344,1.4716928534589474e-11
4939.302265204938,225.85326674743578,-6.865304427845219e-12
4939.540994536037,225.87498813457472,-1.930122217145096e-11
4939.943042356571,225.91157183702126,2.197890297371338e-11
4941.161373314189,226.02245010885485,-1.6125052823169118e-12
4941.762623144632,226.07717893111482,2.3270507184294945e-11
4941.802150465803,226.08077714251652,1.9496865163127464e-12
4942.762894352928,226.16824346630756,-2.98523442999926e-13
4943.78577020462,226.26138498485727,3.84249834776815e-12
4944.792876369168,226.35310936938032,1.3148166603314612e-11
4944.981421077913,226.37028356515907,-2.422622183671279e-11
4946.886095562221,226.543813632394,5.37298518432468e-12
4948.586634194823,226.69880186610183,-3.732342269395944e-11
4948.810973151938,226.7192522466607,6.522905029470688e-12
4949.514404069404,226.78338189501318,-1.5755037346484497e-11
4949.527579843128,226.78458317702524,7.48098013672606e-12
4952.677801890654,227.07189187665205,7.81455020666214e-13
4952.831409862813,227.0859060098876,-5.7801787402736224e-12
4953.292947956096,227.12801618110504,-3.4656429327178297e-13
4953.5400562695495,227.15056365428137,-4.3724543189535155e-11
4954.240817832717,227.21451097391963,9.051936845022268e-12
4955.835640965288,227.36007873810382,-3.769956209599415e-12
4956.561374762697,227.4263357303283,6.816862389388206e-12
4956.758627879705,227.44434593632357,6.923214188335446e-12
4957.783871322039,227.53796738540578,-7.980149265983836e-12
4959.137192665894,227.66157734593213,4.1293307417038415e-12
4960.286872296949,227.76661353933994,3.423892987784239e-12
4961.002099674836,227.83196990735627,-1.3887129432815081e-12
4961.910757824825,227.91501526957305,2.759718103407428e-11
4963.100040217837,228.02373081705906,4.0340177375566386e-12
4963.209399518343,228.03372895705084,3.958190607001761e-12
4964.139701696527,228.11879045220937,5.877419907893982e-11
4964.39868191133,228.14247295438628,-1.2923321664235732e-11
4966.474978425999,228.3323850000399,-2.1013734714850644e-12
4966.5994900555925,228.34377619509738,1.467839524976447e-12
4969.09092089216,228.57176974789547,-4.573631880674795e-11
4969.503221146932,228.60951082053248,-2.0656749155507335e-11
4969.721939747922,228.62953311888248,2.7088988407311077e-12
4970.830685081954,228.73104526605206,-2.4084198156021656e-11
4971.229795731741,228.7675917328765,3.059830284641952e-11
4972.300605549053,228.86566002907742,9.791292100576969e-12
4972.50524937073,228.88440438951292,2.8938838779883588e-12
4972.9075511761075,228.92125549116494,-4.517387870390393e-12
4974.055734559138,229.02644621710962,-7.785336537751616e-12
4974.1907387769315,229.03881621294906,-2.849900768497986e-13
4974.494489464669,229.0666491245432,-3.447632844086727e-11
4975.7975230825095,229.18606639130525,-1.0673048977547122e-12
4976.503966611083,229.25082189039423,1.615318696390727e-11
4976.578190514989,229.25762609025747,2.55866609782281e-12
4977.489442578164,229.34116999924652,-3.3384891613882706e-12
4977.9827878618125,229.38640645032788,-1.4839030203665644e-11
4978.2100501581235,229.40724638582017,-5.586344683656697e-12
4978.2835259381345,229.41398431284583,-3.063906012495386e-12
4978.893545786125,229.46992861696958,-1.2870839348812165e-11
4978.956679859612,229.47571897051185,-4.983053317082836e-12
4979.0912653794,229.48806275211285,-1.8015092438142388e-12
4979.705196844367,229.54437494355085,-2.2441931398364947e-11
4979.808935788791,229.55389097035896,3.0549277073087404e-13
4980.211642460868,229.59083333926313,-1.4752854211670314e-11
4980.315216692345,229.60033522296212,7.094668170606001e-11
4980.331988488403,229.60187388348396,7.266722688264317e-13
4980.388692472351,229.60707599927537,6.679547956540561e-12
4980.539720362299,229.62093183270446,5.860100028352653e-13
4980.615954768656,229.62792600666862,-1.2009834598740182e-13
4981.21257252037,229.682666778072,2.788136066679455e-11
4981.65684467855,229.72343382146852,7.947977804723598e-12
4981.960986401742,229.75134439388088,-7.625331206135756e-13
4983.175598117053,229.8628242504721,-2.753990302553572e-12
4983.399758529847,229.8834011791616,-2.1005937630320985e-11
4983.844030688014,229.92418612204006,3.779140075288192e-13
4983.960389657713,229.9348686750159,-1.4709782095365698e-11
4986.26508762743,230.14650717720843,8.518116724330666e-13
4986.595546950948,230.17686100315984,6.964170298423563e-13
4986.672440209089,230.18392420199652,3.447250026129173e-12
4989.147263961792,230.41131272831058,1.5303190829062873e-11
4989.22415721993,230.41837954146573,-5.387968814444967e-13
4989.426701266998,230.4369947107886,-6.132495550781608e-12
4990.909976051601,230.5733407372953,-1.1216164661194833e-11
4991.209664240586,230.6008936856461,-1.088801096648828e-13
4991.552956080643,230.63245753083945,3.134509264470626e-12
4992.7212394654425,230.7398911929097,-5.802491427976928e-13
4992.877228859622,230.75423765615523,-3.2392316091927585e-12
4993.900447967684,230.84835500899024,1.5604898771706284e-11
4994.131711153026,230.86962964386288,-4.528521781450892e-11
4995.225304157562,230.970246081851,6.090531553897316e-11
4995.662741359371,231.01049882548307,-5.511428965497833e-12
4996.756334363882,231.11114610565542,4.046870222961585e-13
4998.971381999314,231.31507237195768,-9.879503411198832e-12
4999.6673329394325,231.3791630966021,-4.187717933113862e-11
4999.887760279395,231.39946430163096,1.804649802540016e-11
5001.329441915154,231.53226424983626,1.5869840138951763e-13
5001.763386197938,231.57224435664207,-1.6475373732146542e-11
5001.983813537891,231.5925540725301,6.380671172055439e-12
5002.051936778127,231.59883098701226,-2.2990006510667627e-12
5002.17820492506,231.61046563266507,9.660868006595997e-12
5002.328573963167,231.62432137455238,-2.1817890774584377e-11
5002.621516467925,231.65131573217468,-2.3874412664617487e-11
5003.821065125878,231.76186942576092,4.5744839151225964e-11
5005.332805063396,231.90123327473285,-8.76557871134512e-12
5006.43350084033,232.0027303865015,-4.289621471616378e-12
5006.440562119147,232.0033815916028,3.6517606306002497e-14
5007.185346030811,232.07207219472653,1.953489969881002e-12
5008.347288597906,232.17925728857622,3.614960856221688e-11
5011.664967071414,232.48543828188966,-8.618953630361908e-13
5012.089694975741,232.5246500931237,1.44832080879355e-13
5012.382548208354,232.5516888810797,7.403276206788019e-13
5012.920320707542,232.60134488550602,-1.4905033589679332e-12
5013.040021714482,232.61239837661438,-2.4618820798650887e-11
5013.28135878997,232.63468484978594,-7.258146017556858e-13
5013.587312355441,232.66293992875455,-6.38314150389354e-11
5013.658495985399,232.66951404640844,-1.2481823403650956e-11
5013.797473429686,232.68234948652014,3.2120217772900003e-11
5014.051595243393,232.7058201526152,1.0542903730454587e-11
5014.2012299888365,232.71964095965987,1.0983299538597241e-11
5014.544206234134,232.75132104400905,5.7935786634583045e-11
5015.091002736239,232.80183211129784,-2.2579957311654767e-11
5015.663608868577,232.8547332817426,1.5721941260328743e-12
5016.04789661491,232.89023973155432,-1.0109441881938483e-11
5016.094286554825,232.89452613621737,-2.2578063849481987e-12
5016.381279277576,232.92104498551018,4.5392825732460765e-12
5017.559170075822,233.02990094954313,4.8817828631559856e-12
5018.2768404848,233.09623771258532,-5.842688465097971e-13
5019.488110162162,233.20822108626234,2.6703691060987978e-11
5020.54525006615,233.30597705917685,1.5116486465607358e-11
5022.350440478063,233.4729544421633,-1.9711404268965832e-12
5023.015215416704,233.53446024171438,2.3314439991409712e-11
5023.573492784634,233.58611904314432,-2.081497278953457e-11
5024.505730023585,233.67239408481996,-3.1159746307567996e-11
5025.001998646182,233.7183284041918,-1.824144181212681e-13
5028.883485570708,234.07775295756537,-5.215541132018138e-13
5029.229865462815,234.10984112227848,-1.0663646400917293e-11
5029.659342380006,234.14963035200498,-3.646156540323135e-11
5029.7310955896355,234.15627831628655,-1.4325147002817313e-13
5030.009050478145,234.1820318459052,1.82430842784899e-11
5030.305231916717,234.20947569776897,1.7818549683022043e-11
5030.88840607798,234.2635167082412,-3.215053252744386e-11
5032.265169459728,234.39112211816476,9.426488752429227e-13
5032.832244507974,234.44369166108515,-3.213235250780522e-11
5034.273459666698,234.57732324932684,3.4646484160563613e-12
5035.357939395553,234.6779030317959,-5.654032959094914e-12
5035.426378230397,234.68425109996974,2.3924958929745327e-11
5037.348153934064,234.8625413078452,-3.0209835872375373e-12
5038.168348686943,234.93865450856367,2.5444675307105013e-12
5038.343943944256,234.9549511721647,1.0699122466993296e-11
5038.824504489241,234.9995539913417,1.5558459073499768e-11
5039.644699242104,235.07568949756842,-8.590621974602952e-12
5039.863026807378,235.09595808925167,3.465013422334291e-12
5040.066352925268,235.11483480074384,1.5372602004336933e-14
5040.097288772703,235.1177069385907,-3.733054999586227e-12
5041.435066750332,235.24192543574375,-7.448284790413382e-12
5042.319967265223,235.32411040832295,3.987604063634529e-11
5042.655374261468,235.35526504120418,6.606332623209753e-11
5043.022753161169,235.38939179609142,-7.269633106785889e-13
5043.276861143513,235.41299798360797,-5.261293744594211e-12
5044.733200968584,235.54831235135944,5.293017834448599e-12
5045.100579868274,235.58245316766647,2.9563318626691597e-12
5045.808265658858,235.64822598405374,2.379111028649822e-11
5047.37126776749,235.79352519047626,-1.0449965434200133e-11
5047.418151846226,235.79788430551622,1.0627690630192093e-11
5047.468110145948,235.80252929525992,-8.819551513167876e-13
5048.405549042625,235.88969839418638,-9.06022136100525e-13
5048.4207013717,235.89110748815673,-5.396945739055033e-12
5048.639419972434,235.91144774071157,2.2640211133179773e-11
5048.898324746065,235.93552634021455,6.3353173085246445e-12
5051.421514991759,236.1702521270708,5.412795712395682e-13
5051.447626385369,236.17268181479415,6.201523228690664e-12
5051.974412157203,236.2217023683449,-1.1498553438637607e-11
5053.00250349653,236.31738711391714,-7.964159355140413e-12
5054.651299646811,236.47088167922647,-1.0170212773313994e-12
5055.307455448951,236.5319803887241,1.5847027095658974e-11
5056.435223233866,236.6370123255093,3.5910212405131e-13
5056.565087403035,236.64910841641426,1.753649344656892e-12
5056.947289205842,236.68471009061565,2.4073422770490752e-12
5056.982019735635,236.68794533433,2.9882266052271996e-12
5057.282757811607,236.71596083676735,1.426421007894925e-13
5058.792727399282,236.8566484758306,1.7708532519182553e-11
5059.035142024395,236.87923876469796,4.3277972445564694e-13
5059.28216106536,236.9022592463346,-9.37340250082975e-12
5060.034274071564,236.9723579450002,-2.5403022067551014e-14
5060.433940469261,237.0096120317349,-4.783120084356483e-12
5061.629097201631,237.12103368030785,2.9520336942640795e-11
5064.11037870365,237.35244173270326,5.734236969926336e-13
5065.376554352913,237.47057088449873,5.031604583371928e-13
5065.431803582773,237.47572609031369,-4.737159572895528e-12
5065.838003173323,237.51362956658377,-2.3942121082836586e-12
5066.09773151163,237.53786704545442,1.7456182183564965e-11
5066.697979232013,237.59388606277955,4.907579924831539e-13
5066.863246614,237.60931105392064,4.852828824598978e-11
5067.122974952301,237.63355343793773,-3.51264576725902e-12
5067.5704382655185,237.67532144266343,1.6518566781685586e-12
5067.946360860426,237.71041440317404,1.8338922612345364e-11
5068.644020538907,237.77554892070597,2.4920004120751476e-11
5069.626545502851,237.8672940783114,1.0055488874465581e-11
5069.7922931924195,237.88277284045196,-8.798673099465788e-12
5070.774818156345,237.97453878038834,4.506074676423954e-11
5070.954009435912,237.99127681820707,-1.7046744173115392e-11
5071.842553751101,238.07428339187427,-3.6296313701213168e-12
5073.807782223083,238.2579239559418,6.467408634502069e-13
5073.8766259246295,238.264358338011,6.306188263890826e-12
5075.060857539321,238.37505458789911,-6.01555582019826e-11
5076.206941146069,238.48220954469983,-3.12283353681665e-12
5076.305313719351,238.4914081764799,1.0463525177339218e-13
5076.651213303631,238.52375400253348,-8.757650262234513e-14
5077.182164677302,238.5734087138384,8.82852695128674e-12
5077.259792227977,238.580668897796,-1.6686216657639684e-12
5078.181777031799,238.66690681416947,4.873157954407177e-11
5078.458023181045,238.69274856672212,1.5831331790239446e-12
5079.059753317852,238.74904294591374,-4.9307505750646894e-12
5079.457635535525,238.7862701601232,5.541988331041691e-12
5081.636634934925,238.99019647496434,3.750125336090559e-12
5083.613646035902,239.17529495985988,-1.5597526622251204e-11
5084.2865736338035,239.2383145095492,-1.8110675105920582e-11
5084.565681512728,239.26445536007608,4.5392213432488524e-12
5084.676166141159,239.2748035910925,6.923716843755896e-12
5085.950014142314,239.39413121205118,-8.013610712607315e-12
5087.142460026243,239.50586058235757,7.427366638841433e-14
5088.114416960882,239.5969500333677,-2.2811110434858824e-11
5089.102335958058,239.6895532432866,-5.734846328335746e-14
5091.042248938191,239.8714445216039,1.784135175085674e-11
5091.428993547065,239.9077149880467,-2.7048623084969426e-12
5092.561091646369,240.0139035425801,-1.9043085880376266e-12
5092.714699618211,240.02831348442496,-1.112477743874237e-11
5094.160471413209,240.16396242692957,7.317170601494995e-13
5094.716381189709,240.21613068132783,2.1225787229783004e-12
5094.97270588103,240.24018688299498,-1.611340564266639e-11
5096.10901736064,240.34684486401298,-6.426042390203273e-12
5096.542721489035,240.38756004988463,7.620195215938512e-13
5098.018111427783,240.5260923417703,1.8090984645239827e-12
5098.171719399615,240.54051772459766,-2.2019682465348354e-13
5098.33235470317,240.55560351173423,2.240727886192587e-11
5099.2072291054765,240.63777417445405,1.2081752654063551e-11
5100.171122652204,240.72832208959963,1.5549898748929796e-12
5103.098069454685,241.00338361933228,1.3299972391634796e-12
5105.052866947193,241.187174744342,-3.92435997617958e-12
5105.7695767400955,241.25457782445392,4.5387763803417373e-11
5106.541851357456,241.32721709784224,1.0606265661532443e-12
5107.174174084278,241.38670083560365,-1.8246756954984256e-11
5107.251067342283,241.3939348251494,-6.562640340216292e-11
5107.688504543385,241.4350902601083,-4.007699380931244e-12
5108.207961219688,241.48396691725856,-4.5022883250474956e-11
5108.218693961675,241.48497683357934,8.674069122340287e-13
5108.634830391741,241.5241355623157,-1.2297360377251536e-12
5108.705204288118,241.5307581104604,4.359162871427772e-12
5109.224660964415,241.57964449615133,2.279844830414274e-11
5109.662098165502,241.62081583411123,3.124896479212076e-12
5109.738991423506,241.6280533476176,-4.923156400465728e-13
5110.0053283953785,241.6531229339823,-2.0707876878551793e-12
5110.783284978328,241.7263573877093,2.2600435571552562e-11
5111.249290435954,241.77023105561594,-4.806573043300968e-11
5112.298634767107,241.8690397903027,1.0534349853419037e-11
5113.576860861075,241.98942797331532,1.2075009735785334e-11
5115.018076018139,242.1252031827437,8.293805069779379e-12
5116.160007853475,242.23281042579003,-8.887515033810587e-12
5117.090790337172,242.32053827858235,-2.6807189579248845e-11
5117.350024536447,242.34497438984076,-5.084374203503654e-12
5117.974119162482,242.40380830148354,-1.0958787075804653e-11
5118.370800610968,242.44120751606425,-2.816141121417404e-13
5119.169365165981,242.51650514979033,1.1107511958020288e-11
5119.195956867154,242.51901271608452,-3.994468233400134e-11
5119.24699271661,242.52382537343863,-8.678205385033942e-13
5119.5999674107425,242.557112039741,5.074941655880925e-12
5120.63448883861,242.6546840091103,-2.343579748535126e-11
5120.992020170244,242.68840953422236,-3.2900002356895347e-12
5121.422622414996,242.7290308814469,2.515326838088559e-12
5121.84427609767,242.7688113657989,6.153573315962286e-13
5123.696817061988,242.94362624710712,1.0132487567555934e-11
5125.00588973105,243.06719490538717,2.4463467674156643e-12
5125.39825469578,243.10423796836116,7.369749737938475e-13
5125.548129594778,243.11838836278704,-1.451074180049313e-11
5127.147509360882,243.26941910009782,2.1874502001639952e-11
5127.302435036229,243.28405136137812,3.196781675217453e-12
5128.109454014374,243.360279012136,-1.256750435270017e-12
5128.224193516864,243.37111780165904,1.5606121250540698e-11
5128.628039347454,243.40926875389843,-1.3847172408330857e-12
5129.454485644594,243.48735175676205,-7.979408408576516e-12
5129.592502473475,243.50039287233358,-1.2104309126189144e-11
5129.678913873219,243.5085580048911,-1.2709248926400283e-11
5130.286655401119,243.56598822711217,-8.941195450338545e-12
5131.33752992686,243.6653095853006,3.954621482057265e-12
5131.935856416342,243.72186833602603,-2.27925594305068e-12
5133.328073888553,243.85349772940904,1.8676340940217768e-11
5133.75858686113,243.89420848381377,8.913647467177826e-12
5134.011013766591,243.91808040864146,-3.45872771388703e-14
5134.487573421848,243.96315168954075,5.829761932704361e-13
5134.872218255934,243.9995330515689,6.630224216264658e-13
5135.856451958029,244.09263851547433,2.7771157931039784e-12
5136.190959948248,244.12428599964346,-4.858773247675102e-13
5136.542974027122,244.15759194410253,-2.793519262826014e-12
5136.71765644735,244.17412043438136,-5.638153053660134e-12
5137.549105742413,244.2528000604201,-2.091657665993331e-14
5138.490936562459,244.34194041677424,4.782709540288423e-11
5138.85467166099,244.37637079959708,2.407505461576883e-11
5140.11913856986,244.49608148238744,4.9220371719446e-11
5140.214738685457,244.50513341510117,-6.071922247818083e-12
5140.768459414946,244.55756598105384,-2.9379012457361936e-11
5141.54717795271,244.63131345086157,2.249071439807404e-12
5142.276239954196,244.7003683911973,-4.944724323827317e-13
5142.517247603344,244.72319818990485,-1.2551445920103789e-11
5142.778698511691,244.74796571590187,4.675934118298477e-11
5143.212134823502,244.78902837836614,3.638002083666544e-12
5143.5207715739025,244.81826995475052,1.0634324842604256e-11
5143.9264770251675,244.8567109076271,5.7106687441123476e-11
5144.213545188243,244.88391270346577,4.9352237557335356e-12
5144.24983357537,244.88735140008825,4.234780100457034e-12
5145.170933203999,244.97464315296122,-9.488505877448234e-12
5146.239327649434,245.07591347544098,7.916986597502295e-13
5147.2645710889565,245.17311339652346,1.8166445303977958e-12
5147.668883395773,245.2114502252602,-8.311535073133038e-13
5148.371834003624,245.27811105916282,1.6757072792019884e-11
5148.468841094889,245.28731096019527,3.5937781722668363e-12
5148.822941117001,245.32089435947591,1.660672583519305e-12
5150.771260740415,245.50571735247115,-1.3007922822138022e-11
5151.236531905148,245.54986460613893,-2.2718969861585654e-12
5153.934061310253,245.8058982594149,3.821321952909181e-13
5155.455106895016,245.95032607537226,6.809311822395206e-12
5156.1733468822795,246.01853991826383,-4.7922582771910296e-11
5156.319323995496,246.0324050533083,4.1613136860726525e-12
5157.651179851514,246.15892493865562,1.750299069915363e-11
5157.845886832891,246.17742390080176,-1.4549636998158546e-13
5158.004408530507,246.1924854423992,-1.655754935218209e-13
5158.850728506821,246.2729042453915,4.2204044783534016e-11
5158.858778063307,246.2736691916567,-1.9966079054825293e-11
5159.5831941550105,246.3425150620737,1.515569812798536e-12
5161.3882060191745,246.51409887539197,-3.8511931174470876e-13
5163.079075623055,246.67488680736193,-7.808226147937609e-14
5163.309755396896,246.69682665821787,3.919272834044303e-12
5163.732369694503,246.73702385929602,-2.247925141029072e-11
5165.506308660748,246.90578896911626,2.8206418274241285e-12
5165.53965987732,246.90896241907586,-1.1733839320914368e-11
5165.770339651153,246.93091272563882,-6.11397615374632e-12
5166.73660078785,247.02286784196852,-5.2958575563779346e-11
5167.690749869384,247.11368718023496,-4.563246689993039e-12
5169.769146152549,247.3115744582967,1.8101467328688473e-11
5169.806258104398,247.31510866690888,1.7163666123148773e-12
5171.903059481737,247.51483038795052,1.2542090031636534e-12
5172.014697100669,247.5254662159142,1.0530197495382242e-11
5172.2141392637195,247.54446784232377,-1.2895438275386437e-11
5172.495497798547,247.57127520431413,-1.908842046031713e-12
5173.524426532137,247.6693221988952,3.021237109285853e-12
5173.595054413501,247.67605307075854,-5.249623914350695e-11
5173.856237505434,247.70094474619688,6.053256449041079e-12
5175.6455412917685,247.87150553838862,6.787972798825197e-13
5175.717322163761,247.87834909623808,6.055240498847786e-12
5176.81091516548,247.98262352662755,5.2268701108551336e-12
5176.824749790949,247.98394280354793,1.1689415868488488e-11
5177.074809105407,248.00778919472776,1.810844464484528e-12
5177.525916218611,248.05081100813982,8.128954605017215e-13
5177.667171981329,248.0642832557388,-1.0587416915982901e-12
5178.090445130643,248.1046550709267,9.079840135937987e-14
5178.305101232318,248.1251302423876,-2.3721914085000766e-11
5178.528376470162,248.14642845873067,-5.14209234933852e-12
5179.166305721143,248.2072855654712,-2.8985211530687157e-11
5179.307561483859,248.2207620814083,2.7613552165370913e-12
5179.613769033662,248.24997709611736,-8.23893626880942e-12
5179.758668597048,248.26380244832163,9.864170941492397e-12
5180.45951943004,248.33067843085985,3.373170933105256e-12
5180.612901079157,248.34531548880742,6.655797248555856e-13
5182.526688832028,248.52798278443183,3.8200876690459855e-12
5182.8318188320345,248.55711308171442,1.2774829057070489e-11
5184.218608322705,248.6895293769307,-9.031498047502403e-12
5184.430491966766,248.70976400801078,-6.0616581673224e-11
5185.536540280653,248.81540370668543,-3.0389924831981445e-11
5186.365278727159,248.89457205129006,-2.6125390641336774e-11
5187.30144141221,248.98401771634198,-2.5898215470697133e-11
5187.5598520465,249.00871040390058,1.6086361007670268e-13
5187.918790353491,249.04301115505723,-4.3679662428671486e-11
5188.053286600776,249.05586445496718,-3.806169290925761e-12
5188.405197576048,249.08949683831247,-3.9351427619261945e-12
5189.012383355031,249.14753138068195,-5.893322717524419e-11
5189.347296211749,249.17954510623613,-7.307277730900171e-12
5190.440889213269,249.28409410872024,1.126212997143085e-13
5190.456041542313,249.28554284705447,4.5214659632728494e-12
5193.223732351004,249.550237115742,-1.181571801698947e-12
5193.6025028437,249.58647265134817,-3.726448815915232e-13
5193.885014369078,249.61350117752684,-3.876344735403945e-12
5195.237766128684,249.74294241804628,-3.5676854513991977e-12
5195.520277654056,249.76997945422377,-5.1406719476110814e-11
5195.8627597596405,249.80275779142013,-1.6824357214142104e-12
5195.899048146742,249.8062310133086,-9.480887926605774e-12
5196.4746668890175,249.86132768468138,-6.962602001587809e-13
5199.9130069755665,250.1905634266388,1.8322371177961012e-12
5201.63541595271,250.3555733093463,5.578369867226755e-11
5202.469280616234,250.4354786788463,1.3938859647805304e-11
5203.142791623982,250.5000274545277,-3.4426271738856995e-12
5204.0249058480385,250.58458124040905,-1.3188757951667689e-11
5204.471456323573,250.6273901564216,2.139351174441613e-12
5204.776256897596,250.65661221482057,1.4926489957452224e-12
5205.374583386484,250.7139803763848,8.313945293918557e-14
5205.677599780591,250.7430364166787,9.689762901285151e-12
5205.774249783379,250.75230447687488,-1.82212526931897e-13
5206.0307391872575,250.77690085344605,-2.4998766699840084e-12
5207.482028232698,250.91609688409963,4.8888617125805126e-11
5208.5257660377,251.01622784652338,-8.598945451677969e-14
5209.603335366826,251.11962548894653,-4.954899591411654e-11
5210.781301602742,251.23268113924004,-1.629172183186223e-12
5211.525845358486,251.30415212521896,-2.847872583779748e-14
5211.808747919282,251.33131146683024,1.696849890267712e-11
5214.191478298877,251.5601179427293,5.135433337500176e-12
5214.905504905222,251.62870414896918,-5.660341156059672e-12
5214.944147051912,251.63241620884557,-3.167718313541722e-11
5215.141400168196,251.65136525805553,5.870302169624385e-12
5216.061930216263,251.73980512089727,5.591546860949753e-12
5217.9688830119785,251.92306514430507,-4.802241793725199e-13
5219.140041954016,252.03564786368875,-4.16950929464618e-12
5219.92321402511,252.11094776392812,-2.0468676274170526e-11
5220.293530094453,252.14655659792322,-9.85773630408679e-12
5220.443899132099,252.1610164974152,3.2810966786081235e-11
5220.862450930723,252.20126778067947,3.0548453178422666e-12
5220.867666420017,252.20176936413404,1.7552557754426966e-12
5221.645623001799,252.27659252935825,3.9860666102711e-15
5222.070618721185,252.3174729446725,-1.3998234194414348e-11
5222.494386009093,252.3582385096968,8.781728724154647e-12
5222.6447550467365,252.37270450533927,-8.241287440072463e-12
5222.800504286622,252.3876885332484,-9.606318109696637e-13
5223.34266870879,252.43985154625707,9.876528590747823e-12
5223.900856803067,252.49356189439126,1.7261304407470425e-12
5223.9329179785445,252.49664708055846,1.1301992244232571e-11
5224.144712350392,252.51702812734524,-9.164252488055529e-13
5224.8419671606425,252.5841310404894,6.621906078778927e-11
5225.751284159035,252.6716560032296,-5.648293071265658e-12
5225.973330965261,252.69303110392323,1.2638100379793413e-12
5229.370572040841,253.02017616559604,-1.3696242070410634e-11
5230.751322476627,253.15319943405615,2.587631353220579e-11
5231.981148126333,253.27171198528143,-2.254372778901877e-13
5232.289455450474,253.3014264891796,-1.5394577817561801e-12
5233.16765805722,253.38607680918923,-3.985842724295139e-12
5233.45139801393,253.41342965995395,-9.091384633242985e-12
5234.596431730932,253.5238272654102,1.5953919739595928e-12
5234.63595905194,253.5276386949969,7.772201123249006e-13
5235.750310906621,253.635102131401,7.992970938040474e-13
5237.5938278652,253.81293342640842,-1.9412470575289225e-13
5237.901400896684,253.84260895725728,-4.4085102729858535e-12
5238.055008868224,253.85743014869396,-4.2379655965122305e-13
5238.395796065806,253.89031327716273,-6.577417365031223e-12
5239.113466472593,253.95956949521647,-7.203310556613173e-11
5239.196714379129,253.96760365105257,-3.6733103162628516e-11
5240.039616876404,254.04895835244716,1.491504935478009e-11
5241.0450142976715,254.14601374595895,-1.1859958149763764e-12
5241.645831596309,254.2040221458712,-1.852833781781681e-11
5242.79305435984,254.31480399969638,4.525225739253997e-13
5243.358242123178,254.36939041185894,-2.3123655056101037e-12
5243.573721789403,254.3902032077242,-1.3868268220169615e-11
5245.234705431371,254.55066335582464,-6.000693219991957e-12
5245.5845166318295,254.5844635187904,8.260634079052695e-13
5245.665218403305,254.59226156803007,-2.304198686060433e-12
5246.062963569641,254.63069663312788,2.7078982131905644e-11
5246.965671934066,254.71793831002796,-3.401137956909674e-11
5247.635497646992,254.78268289236283,2.7540211793966065e-11
5249.664024900481,254.97880841600485,-1.2724490634151935e-11
5249.7990291177575,254.9918638136715,6.092181929926154e-12
5251.260001017062,255.13316657293046,1.5052281367395717e-11
5251.589561333777,255.16504653063123,4.5020403999549606e-12
5252.514483305964,255.25452937726044,4.339060830306269e-11
5252.815221381134,255.28362809037847,1.3757394721349435e-12
5252.822221050334,255.28430538184685,4.234770976951442e-13
5253.161601272175,255.31714506338875,-3.8929677722975646e-11
5254.589640652881,255.4553506653606,9.062112597409372e-13
5254.7016693071755,255.46619438373247,3.181253942377197e-11
5255.002407382339,255.49530521342302,1.1904229292759453e-13
5257.232490404268,255.71122466480864,-5.151719350597422e-12
5258.050105072544,255.79041009911072,5.330117650109658e-11
5258.615128122823,255.84513939931074,-3.491520075198375e-13
5258.715538860821,255.85486600628403,4.630009771664048e-11
5259.664863487393,255.94683454803334,-1.822610609567888e-12
5260.229886537661,256.00158065481423,-1.5041902622544023e-11
5261.323253215627,256.1075356331326,8.262615437737484e-13
5261.357517268995,256.11085641854913,1.593281796000565e-12
5262.152561241001,256.1879161427767,-1.0584135343982284e-12
5262.2807305020015,256.2003400523004,-1.2402369008871615e-11
5262.737128544835,256.24458282076125,1.292575514798953e-12
5264.172469357951,256.3837483281435,-3.1735992710144387e-12
5264.609741845186,256.4261522450883,-3.740440832962362e-12
5267.73848456362,256.7296606634036,-2.937569414307101e-12
5269.3377750546,256.8848718997139,6.43925492223075e-12
5270.323251017672,256.98053586076276,-8.005714143467021e-13
5271.514976437266,257.0962451511949,1.6477828386314006e-12
5271.6355626181075,257.10795479348155,1.0800910034535494e-11
5272.487818543827,257.19072159810435,8.333037999994837e-13
5274.893915520001,257.42446183063663,-1.1854456475427854e-11
5274.965771832745,257.4314439503613,1.2680631064577744e-11
5275.342819754722,257.46808242583296,-1.532688041102935e-11
5275.350238121916,257.46880330918293,-2.4441256689706704e-11
5275.675378851467,257.50040000966675,2.5799191755709147e-11
5276.33276308312,257.56428959660667,4.278302118705793e-12
5276.347647595844,257.5657362786383,-4.641061319165217e-11
5276.389151472197,257.5697702187554,-3.815281106846033e-12
5276.949123746001,257.6241994328159,-1.6458895324068173e-11
5277.371676433387,257.6652753092406,-2.6927554002079572e-11
5277.756142722545,257.702651706992,6.470483417588702e-12
5278.195556478016,257.7453732295718,-2.3825890350525513e-11
5279.1011743501,257.8334321573153,4.108263979866957e-11
5279.351322936326,257.85775834219663,1.1319733447598095e-13
5280.581615061595,257.97741726376563,-2.9587920044029314e-12
5280.750780228817,257.99387254593194,6.153995718182653e-12
5280.890011657643,258.0074164650879,-2.0169547969380408e-11
5280.984218628639,258.01658077382984,-2.0360691224894743e-11
5281.525662589024,258.06925477656307,2.1494738315792238e-11
5281.71704136406,258.08787422058845,2.9578186868699098e-12
5281.981072354064,258.1135631831454,6.100405740288341e-12
5283.405275558123,258.252153542598,-4.589263400422456e-11
5283.578530886509,258.2690157071037,-5.951196180692585e-13
5284.6221655871295,258.37059969151557,8.873930055449824e-12
5285.099384093228,258.41705726293765,-4.864444483411981e-11
5285.247474812,258.43147485587747,1.8584462664244484e-12
5286.0405975534195,258.5086973795396,-7.080245669632051e-14
5286.364345138502,258.54022244569944,2.902848106171955e-11
5286.399254212392,258.5436218477282,-5.409918744635542e-12
5288.042114406808,258.7036269090548,-3.091609137261907e-11
5288.113867616185,258.71061638892354,6.656680091834923e-13
5289.135707406927,258.81016409162515,2.8687813630150457e-11
5289.417649352268,258.8376342809697,2.3734277854296406e-11
5289.861427369718,258.88087546123194,3.1261769549756265e-11
5290.511242352368,258.9441991733148,-3.614619135970623e-13
5290.65455011109,258.9581653940943,3.1698321433346854e-11
5291.114695057782,259.00301190122815,3.869821555244913e-11
5292.578768839806,259.14572896315866,1.5208901639017425e-13
5292.65623167731,259.1532810953911,-1.237565666386642e-12
5293.896522251699,259.27421656331074,-2.1803093122731295e-11
5294.173591964884,259.30123632683035,-3.600505728629521e-11
5295.162382302416,259.3976744215199,-8.697386905434661e-12
5298.469629784362,259.7203657220689,-8.550098889610966e-12
5300.804048991225,259.94825853752525,-3.9090935266331446e-11
5301.6122825677485,260.02718405215666,-6.596030015977976e-13
5301.898856591391,260.0551714291878,-5.959051783438819e-14
5301.995040117726,260.06456523869133,4.356466290950077e-11
5302.389758841141,260.1031174138155,5.779503403166685e-12
5302.772516391115,260.1405040820665,1.1385956830044067e-11
5303.580749967617,260.21945890365714,-1.9674359938399242e-12
5305.61734060739,260.4184629843176,2.981662496340136e-11
5306.26619497474,260.4818813998378,-2.0960250078930635e-12
5306.416069873381,260.4965311340162,2.8272398017510655e-11
5306.421120649722,260.4970248365082,-4.376150109875805e-12
5306.495900301724,260.50433444116237,-5.604711051411905e-13
5306.717302087189,260.52597675484986,1.4419664645633238e-11
5307.0221919329115,260.55578161336604,4.2485954741147784e-11
5307.127399462138,260.56606669411093,2.776056754600564e-11
5308.020500412023,260.65338439274706,-6.605719889286453e-12
5308.430597786967,260.6934841767233,3.157947029930815e-12
5308.650064510824,260.71494515315266,9.073151509759477e-12
5308.726779224426,260.72244705849755,1.7448871951931178e-11
5308.881704899403,260.7375975172724,-4.029976169765925e-12
5309.0726788076345,260.7562738056488,-8.563396787517635e-13
5309.103614654957,260.7592992392598,-1.2052053716520846e-12
5309.229882801361,260.7716480702443,-7.803021008722274e-12
5310.018284192095,260.8487591584323,3.940196604744051e-12
5310.641479810964,260.9097200861919,3.879920702341298e-12
5310.803075729241,260.92552854941584,6.8164191520794946e-12
5311.587476230892,261.0022710255456,2.355623971188162e-11
5312.64659268606,261.1059085488836,-1.343505620745999e-12
5314.181129635978,261.2561039621788,-1.258313994568155e-13
5315.417028285481,261.3771011800164,3.147823710990791e-11
5315.70557886444,261.40535497287914,7.980024395897909e-11
5316.0351115183785,261.43762345310785,-8.015979630995354e-12
5319.159613191926,261.743680150584,2.893163106065455e-12
5319.667108693348,261.793408221529,8.471310382441903e-13
5321.137447851411,261.9375094456036,-3.003116672209603e-11
5321.293601957842,261.9528157355067,3.792604923792176e-13
5321.949847029741,262.0171460583956,-4.771953684586895e-12
5322.1421864198555,262.0360021871777,9.827803668236782e-12
5323.139040144768,262.1337403688552,7.1030830596855186e-12
5324.084075949376,262.2264148787431,-4.653314963517631e-12
5325.5057468488885,262.3658613840404,1.6322670044198013e-11
5325.722935253952,262.38716787966325,-2.2302500358674392e-12
5325.953210160566,262.4097591289826,-1.5827349730826528e-12
5326.642326141346,262.4773710755003,3.115787815283677e-11
5328.172127909298,262.62749735771854,4.866523411579228e-13
5329.104392806934,262.71900581770285,2.252976409156563e-12
5329.336781319342,262.74181890322205,2.169688942366483e-11
5329.383397581598,262.7463952422351,2.1353664920506093e-12
5329.405357204351,262.74855104195007,-5.0786334862966595e-11
5330.40303449391,262.84650346074966,4.311042574868129e-12
5331.59231688091,262.9632917121325,5.851768239226052e-12
5332.409766835475,263.0435809019063,-3.2603602181883993e-12
5332.669001034021,263.069045219433,6.605027863696272e-12
5334.401017422083,263.2392112321679,2.8942853910418132e-11
5334.643432046307,263.26303223389664,-1.557023449862675e-12
5335.15377544607,263.31318493726775,9.56221918281079e-12
5335.334256766076,263.33092242964136,2.1693063161510004e-12
5335.420338739694,263.3393826763528,1.0562905030512223e-11
5335.727911770798,263.3696124632787,-1.1339495073014727e-12
5336.896689288982,263.4845015462722,-6.335491613298114e-13
5337.206540638828,263.5149636905729,-8.282165052960259e-13
5337.934388038242,263.58652687073834,1.1784928147074358e-12
5340.259844850662,263.81523509115493,6.321738841940241e-11
5340.629426626807,263.851592560036,2.6430580065813997e-11
5341.249698906158,263.9126172682839,-5.316714084838767e-12
5342.0563884561625,263.99199300745886,2.5504845652950815e-11
5342.791249355981,264.0643114648809,-2.0330422521270498e-11
5343.666123755485,264.15042177359277,1.077889338565188e-11
5343.930484171177,264.1764444618815,-1.0460944730888713e-12
5344.670862323651,264.2493314751612,-2.0048746344083167e-12
5345.358029411418,264.3169891252376,2.9210408495682096e-12
5345.545736723131,264.33547207530347,4.881292772706106e-11
5345.560889052148,264.3369641059131,-2.3612396681376213e-11
5347.365317501049,264.5146741257553,2.5743950215798712e-11
5347.50885158221,264.5288127252629,4.7293399571296455e-12
5347.809589657023,264.5584376881539,5.309950186754498e-13
5348.91467735343,264.6673114489028,2.8418200891987153e-12
5350.185409635421,264.7925323986068,-1.4217454786442679e-11
5350.556549268888,264.829110984004,-8.838177857430919e-12
5352.15592903032,264.9867708433253,5.697259852536583e-11
5352.406544092651,265.0114796499366,6.542726796721046e-12
5352.714700534631,265.04186320037223,5.5324865872809885e-11
5353.26774857956,265.09639691341033,-1.906708157606744e-12
5353.786333911126,265.1475375235063,1.660622677079607e-11
5353.866075067322,265.15540168590127,2.8142524699216473e-13
5354.422945457104,265.2103241344171,-7.684989811638101e-12
5354.995867181476,265.2668356393873,-2.5233032182955555e-11
5359.169308314574,265.6786754348576,4.1478784248175083e-13
5359.2933874142545,265.6909246091544,-2.729273018672893e-12
5361.093362328714,265.86865127183984,-4.900115814337751e-13
5361.40321367847,265.8992515228241,-6.523818859427836e-11
5361.480841228857,265.9069181293038,1.1277077605648095e-12
5363.435638714786,266.10001328151407,1.823576160156555e-11
5363.528315490827,266.10916965330694,3.3069008632686152e-12
5363.722706877053,266.12837583974056,-3.7282389577945874e-11
5363.838166840573,266.1397838022061,-2.644006043146647e-11
5365.366781670118,266.29084095330467,-3.3347039197249143e-12
5365.556945844739,266.30963591698566,6.517654765639996e-12
5366.404480419022,266.39341048689283,5.921076733791836e-11
5366.555508308181,266.40834023027276,2.0707406963705684e-13
5366.705472478812,266.42316523632945,-2.6971965013520815e-11
5367.137529476207,266.4658794053662,-1.4826245167786853e-11
5367.985064050475,266.54967865160245,-3.1394800785391467e-13
5368.357253571135,266.586482748982,-1.5415169532862684e-11
5368.729847958535,266.6233294376484,-2.915209503353968e-11
5369.139121768439,266.6638063833763,4.1710953790772143e-14
5373.7914008733605,267.1241310089814,4.718262762246433e-12
5374.542779583821,267.19851435772415,-1.6677927941159894e-11
5374.775902388734,267.22159465394213,1.4653192383875494e-11
5376.2201917619,267.3646086691484,-9.666084183093353e-12
5376.394826403254,267.38190365350175,2.724567530391109e-11
5377.000859190165,267.4419266160551,1.1223743406898328e-11
5377.5339857771405,267.494734364671,8.66441263017273e-13
5377.700227604881,267.511202175043,1.8358445742451678e-13
5378.783822154478,267.61855483988063,-5.493917529352359e-13
5378.937430125748,267.633774667034,-1.1885942608791048e-12
5379.520604284316,267.6915608464412,-1.3136298297922493e-12
5379.936740712919,267.7327992442549,3.693330641973643e-12
5380.780947081035,267.816468429806,-5.211022539764412e-12
5381.54866505815,267.8925682584997,-3.878921287152562e-12
5382.150141207528,267.95219699780745,-2.267247906103013e-11
5382.915656306727,268.0280977587452,-9.510117310368671e-12
5383.31575523198,268.0677718305676,4.3646384970100505e-13
5383.681171405921,268.10400931444747,-1.2232918631333444e-11
5384.282647555281,268.16366168107106,-4.00155529759265e-12
5384.510088394553,268.1862202293361,3.8033288399007863e-14
5385.011318519017,268.2359377254603,-1.0092852195960212e-11
5385.1252344563945,268.2472378018117,-2.2296934411461975e-12
5385.548507604598,268.28922716316015,-4.434682752197998e-12
5385.626464580855,268.29696097757926,-3.9702680214596305e-12
5387.980880683864,268.5305863693643,2.082807397841862e-12
5388.237370087154,268.5560436192631,9.363987833785658e-13
5388.698551089314,268.6018200987298,-8.808837651901399e-14
5388.863818470605,268.61822536827606,-5.0753810797522135e-12
5389.9906256354125,268.7300913110604,-6.095269546948655e-11
5390.267352091121,268.75756743803055,-1.0749866079370733e-12
5390.697954334382,268.8003246733988,-4.791603456990842e-12
5391.412221092944,268.8712562942815,3.5781628494512067e-12
5391.622485269489,268.8921387692626,1.2036636132731685e-11
5391.640052967681,268.89388354944924,-2.8404770431695e-11
5393.582408971894,269.08682859000254,-1.7910937118370312e-11
5395.311906886141,269.25868774082136,1.1863270077595253e-11
5396.4847745646475,269.375266238114,1.0828751568794415e-11
5397.3306003995585,269.45935377117587,6.523211959320839e-12
5399.161662042178,269.6414333847133,8.135140163800621e-14
5399.929949598811,269.71784980770633,-2.154942163591746e-12
5400.079824497282,269.7327581285423,-2.1970709535214447e-11
5400.522312473068,269.7767756030993,-9.61033063297095e-13
5401.161470153736,269.840363601027,-5.951426151612762e-11
5401.903543213506,269.91419980059584,-4.941549926045141e-11
5402.118364027522,269.9355763446457,-2.1206526181777045e-11
5402.233103529608,269.94699427381045,-2.1716460170512975e-11
5402.460111839583,269.96958498355997,-1.8771928004658176e-11
5402.495906087749,269.97314713130294,1.245678474751878e-12
5402.620417716613,269.98553837908156,-3.149788529591536e-12
5403.4170057133515,270.0648206178619,2.2368019466085327e-11
5404.157157542757,270.1384963942919,1.5592439786356875e-11
5406.3445975249315,270.35629629506684,-1.170836547370748e-11
5406.879178865732,270.4095371065957,2.652383850407034e-11
5407.544146176461,270.47577085623044,8.20007261756156e-12
5409.849008846112,270.7054086407741,5.393205634025385e-12
5409.950050773199,270.71547787621904,-1.4248998895235853e-13
5410.922007703785,270.81234690891904,-2.421199480643808e-11
5412.070369624292,270.9268195796984,4.449238786670047e-11
5413.675623725614,271.0868775484715,1.9383241150558748e-11
5413.745201719493,271.0938161604162,-3.3943316300013564e-11
5416.309552572308,271.34960628718454,4.859650034224027e-11
5417.12974732112,271.4314450431034,-9.556554307433882e-12
5417.585411070455,271.47691637315955,2.2885320133981417e-12
5418.382026729563,271.5564209646497,1.416991823534418e-11
5418.4056058192555,271.5587744054436,-1.0139969759873724e-11
5418.984463493849,271.61655369277594,-3.315274314947444e-11
5419.981317217598,271.7160701623635,8.719821021977457e-12
5420.535037945124,271.7713563228197,-5.409841733338204e-13
5423.980123706211,272.1154572619389,2.7387504172077813e-11
5425.077401998947,272.2251011631685,6.945598699472048e-12
5426.685339285514,272.38581196806035,-1.8906512373488582e-11
5426.930903571286,272.4103599246362,-5.275959015718269e-11
5427.860457619824,272.5032933205349,-1.2980819949513563e-13
5428.4345939439145,272.5607013106786,-2.763593217342283e-12
5428.749001930916,272.59214159261757,1.4098631544684586e-11
5428.918839780876,272.60912585595634,1.947691415626584e-12
5429.55602090597,272.67285049918206,-5.542592935694788e-12
5429.659293373445,272.68317950870966,-1.067915566407684e-12
5429.915123924823,272.70876777682435,3.552381551241704e-11
5430.8703090592235,272.80431640777203,-1.461876895025955e-11
5430.887307177719,272.8060169077851,1.1564217677838348e-11
5430.901052531045,272.807392003486,-3.5191239203108326e-11
5431.62776077027,272.88009740976105,-3.140814072788026e-11
5431.739563101788,272.8912838267712,-2.0608753803990574e-13
5431.828911671732,272.90022379122536,4.335270423228091e-12
5432.68988983529,272.986378359938,-2.655591303885871e-11
5432.784096806113,272.9958060955735,1.7440891656331964e-11
5435.205153731139,273.2381487615067,3.9311451943247793e-11
5435.298098323403,273.24745447027857,8.873083858401085e-13
5435.457580635638,273.26342237522476,1.5354069853359787e-12
5436.446370971483,273.3624338433187,7.742358001928213e-12
5436.684139685817,273.3862452465949,3.4152856506372533e-13
5436.985927647583,273.41646937205144,-9.582872080492258e-12
5437.015950658023,273.4194762743772,-2.609265368459713e-12
5438.004740993851,273.51851612691877,-3.7823896794885334e-12
5438.119480495891,273.53000990479813,1.2479293316487507e-12
5438.164223306079,273.53449198336546,-2.4865679403544156e-11
5438.9956725979755,273.6177885231111,-2.377400265255934e-13
5440.157615158482,273.7342159865403,-3.868050619075448e-12
5440.909460344683,273.8095646565542,-1.775107940470599e-11
5441.070260360481,273.82568111747105,5.148152409166752e-13
5441.661305530879,273.8849237392475,-2.6778699346698325e-11
5442.601379829916,273.9791640857483,-1.6947995773790592e-11
5442.79266933248,273.9983424239463,-7.593230640893155e-12
5442.834262480849,274.00251256669446,-5.769803873861468e-11
5443.37251528459,274.0564808445741,-2.232062165199751e-12
5443.5582737032355,274.075107275547,-3.048650951076523e-11
5444.521446784352,274.1716970848014,-4.405889321942646e-12
5444.8090706947705,274.20054416396806,4.4778747258327426e-11
5445.158147601744,274.2355566841082,-9.167184374133686e-12
5445.69640040547,274.28954800326807,1.867643241531492e-11
5446.161836281426,274.336239469915,1.2289051674754513e-11
5446.651269945059,274.38534264435526,1.1227873588771689e-11
5446.834853148303,274.4037620455709,-6.367872597872349e-13
5447.634543028112,274.48400434461036,3.6433361147886824e-13
5448.264587433446,274.5472324128845,1.922815323877553e-13
5449.132716147715,274.6343653966478,-6.458296357891567e-11
5450.269507929782,274.7484847455604,7.32397448626135e-12
5451.684536246375,274.89056873991456,2.8933708189630944e-12
5451.761429504043,274.89829070291484,-1.0130738453800038e-11
5452.523616396601,274.974838791652,5.828353788815597e-11
5452.988393420733,275.021522612237,-1.100921657854068e-12
5453.302307268804,275.05305546217824,-4.999981134594896e-11
5453.990194817065,275.1221605603093,-1.0136306484918905e-11
5454.067088074733,275.12988578910455,6.647031790283237e-13
5454.915851079606,275.21516563055195,4.513100773423681e-12
5455.380628103727,275.26186993227503,1.6852958706600587e-12
5455.83371177073,275.3074030275416,-3.606448039741638e-11
5456.435187919584,275.3678548154095,1.731756438337427e-11
5456.566177416203,275.381020891563,-8.960851855392773e-12
5457.139442397032,275.438644881769,2.7035311322696337e-12
5457.926917118282,275.5178108780876,-1.3265303087170436e-11
5458.08722299521,275.53392806393447,-1.1371527922159975e-11
5458.528393267121,275.578285857832,2.0748430715041628e-11
5459.416711255361,275.6676133297213,1.3285598273321924e-12
5460.068234975745,275.73313848606836,-4.60130589760412e-11
5460.751730599408,275.8018875304547,2.8622342758730706e-12
5461.029760927209,275.82985552558057,6.6840265276395125e-12
5461.833136101308,275.91067770727716,1.162840608134798e-11
5464.366160069944,276.16558607803984,2.0031294070729793e-12
5466.428862099278,276.3732513744135,-1.258832312840918e-11
5467.216906400132,276.45260948366376,-2.6964080848728357e-11
5467.351581191154,276.46617272968547,2.255960318683323e-11
5469.561083897799,276.6887418770526,-1.1741445513213668e-12
5470.632463287772,276.79669717814136,-4.367281747044149e-12
5472.04527489488,276.93908850721,-1.0624700000619503e-12
5472.7857284870815,277.0137303898052,-3.657036398638832e-11
5473.13840141626,277.0492853534193,1.1076217551580099e-13
5473.369081189211,277.07254273260236,6.482545728624608e-12
5473.5241715768325,277.0881796608947,-7.47153319861349e-12
5473.9420645223745,277.13031576072797,-8.418437752702985e-12
5474.444701621991,277.18100086587134,-5.357483525760802e-12
5475.434946711404,277.2808691810653,1.0898824208746106e-11
5475.504119838492,277.2878461124457,-2.8619793979191936e-12
5475.665626484351,277.30413631890855,5.092388582575312e-12
5476.214955286978,277.35954741619094,-4.293918806112941e-12
5476.932625691691,277.43194759795585,2.2291891205465462e-13
5478.3618935000095,277.57616356605484,-4.645548605685033e-11
5478.78393821628,277.61875591476183,-7.403771225757022e-11
5479.113738685883,277.6520413461941,3.4114025852998026e-12
5479.747934861739,277.7160538396031,-1.0867613229986774e-11
5480.083808332432,277.7499581775967,9.42113198584578e-13
5480.453390107968,277.78726756067584,6.504633603878651e-11
5480.982872893645,277.8407233797056,-2.991080443523283e-13
5481.205235293822,277.86317430699563,4.350325019361572e-11
5481.939677494444,277.93733409129874,1.343033107664182e-11
5484.901773510432,278.23653050040457,3.732530038728261e-11
5485.706095468228,278.31780163017555,4.748046075426231e-11
5486.389591091691,278.3868734668622,-2.6626750354476777e-12
5487.581076354404,278.50730165435755,-6.067488014579746e-12
5487.596228683396,278.5088333293311,1.9781700794881915e-11
5487.99533933048,278.5491789992428,-5.4087314000603775e-11
5488.792750891166,278.6297972717476,-3.748733340365338e-12
5489.006418714339,278.651401068706,7.09444619684881e-13
5491.594211604171,278.91311768193754,2.2435008400842128e-11
5491.651739152474,278.91893713614,-5.5577932535273604e-12
5493.548782764595,279.1108751445314,1.587932014392314e-11
5494.489817678246,279.206111242492,1.2755387552730956e-11
5494.510816685788,279.20823660320286,3.03120350095499e-11
5495.303088197987,279.2884302675851,5.556388966809573e-12
5495.841924412348,279.3429778358078,1.2205553525585182e-11
5495.856808925033,279.34448470348445,-1.4820026166226024e-11
5495.896768775165,279.3485301504699,-6.4359046835119005e-12
5496.014507057253,279.36044988516045,1.0291463797264796e-11
5497.34561478379,279.4952279881165,-4.181279944848553e-11
5497.978116051713,279.55928181786356,-3.6578933267186093e-11
5500.336175952317,279.79814908407934,-9.612328889655647e-13
5502.914436868844,280.05943954197755,9.816706271701222e-12
5503.35214188408,280.10381033904076,1.5201436973275377e-11
5504.394877576393,280.20952819811953,-2.6450268700499698e-12
5504.509617078346,280.22116229683746,-1.3575002204578718e-12
5504.514578582575,280.2216653777871,7.284226886032231e-11
5504.682515317875,280.23869390285716,2.2465808108002227e-11
5504.756636117914,280.24620980252337,-1.4039165227796788e-11
5506.222823502024,280.394903003502,6.582902764695421e-12
5506.581926520563,280.43132742603655,-2.8562273995375453e-11
5506.715434489644,280.4448699694012,-4.91748735133215e-12
5508.365850097375,280.61230900286836,2.732307009812616e-12
5509.9723326284,280.77533909925745,3.8172293772245136e-12
5511.197992671961,280.8997542936832,2.581615366453227e-12
5511.964900914442,280.97761624987714,-7.13423952364629e-13
5512.507140775564,281.03267481900855,7.742191655310473e-12
5512.55709907499,281.0377478142543,6.157667648392731e-14
5512.58004697538,281.0400780648981,-4.477225547644005e-12
5512.812929626128,281.06372674429804,7.305913572684404e-13
5512.94774146752,281.07741702276815,2.8059505742527666e-11
5512.972411938221,281.0799223701896,-3.2368920021853537e-13
5513.741255242281,281.15800593166284,-4.03240946320437e-12
5513.942481584401,281.17844423380933,4.537034808701382e-12
5515.478562556798,281.3344865922405,-3.285181625753418e-12
5515.638044868887,281.35069004915545,2.264833750872152e-11
5516.123024997999,281.3999670732111,3.5629301026669427e-12
5516.507491286067,281.43903433912374,1.6062076854433256e-12
5516.653303685694,281.45385167360996,2.535204168746986e-11
5517.253071095073,281.51480365635433,4.651943335580475e-12
5517.6557639330895,281.5557314502012,-7.433156161792581e-12
5518.255531342465,281.61669450825025,-6.381763889826978e-12
5518.401343742084,281.6315165379078,7.395879530468966e-13
5518.785810030141,281.67059993917053,-2.1474905523433043e-13
5519.501065065334,281.74331732883405,4.6391033335500336e-11
5520.227684031729,281.8171996978459,-5.7024153339978506e-12
5520.535332503015,281.8484842202647,4.918164937690602e-12
5520.594658062459,281.8545171885927,4.099971160570712e-11
5521.139011529326,281.9098769157247,-4.2811014893521584e-12
5523.199044203114,282.11942779148495,-1.0635812963511102e-12
5523.417762802532,282.1416808999817,4.932929047190824e-11
5524.124130885247,282.2135549975015,-1.271830162878409e-12
5524.27773885626,282.22918607424657,-4.5278515332563095e-14
5525.123262926548,282.3152339970138,-1.0553922578373933e-13
5525.591278884213,282.36286905538725,-4.041622383225667e-12
5529.190418972694,282.72932738848687,-4.6861778480099427e-11
5531.4244890451455,282.9569166375202,2.5136167922803875e-11
5532.581799526108,283.0748503527549,-2.393225499388752e-11
5532.8734243253,283.1045717633837,3.5765216303804055e-12
5533.268232319745,283.14481175146335,5.78333819367959e-12
5533.315582874521,283.14963805163484,-5.936005318735952e-12
5533.885073288339,283.2076877386018,7.125284995587923e-12
5534.324713365019,283.2525055182613,4.0159410383653046e-11
5534.416504966552,283.26186338510706,-2.557405402800858e-11
5534.616338164206,283.28223629169605,-6.7445827941103205e-12
5534.934252901045,283.314649075277,-7.048919703185351e-12
5535.195195838037,283.3412547284603,2.2831963019668732e-11
5535.330845075383,283.3550859740971,4.900932750407536e-12
5536.082525547833,283.4317359485259,3.4276947925444736e-12
5536.192049560473,283.44290514354026,-9.217639209373403e-13
5541.0329626358425,283.93679936172475,-1.6105777779241577e-12
5544.655757254215,284.3066974388024,2.638781830217396e-12
5545.020288253158,284.3439305223922,4.4684982018876444e-11
5545.722010426117,284.4156110996029,-5.600298005114305e-12
5546.424885589699,284.4874185472117,3.934870454172069e-11
5546.740508176498,284.51966628420365,8.598118093419444e-12
5547.111784859563,284.55760265091703,-1.0161958939939355e-11
5547.649557355088,284.61255575525416,7.028443452441625e-11
5547.653153377405,284.61292323822084,2.753694221992801e-13
5548.757314403176,284.72577039124735,8.520899356074909e-13
5549.008753029672,284.7514709900203,-5.7599792762705024e-12
5549.49746623136,284.8014277519353,-3.707799971647563e-11
5549.59778769691,284.81168325872676,5.679823285385831e-11
5550.951109030403,284.95004660674437,-2.5049653401453806e-11
5552.06424628067,285.0638788610996,1.2427837070059118e-12
5552.142594292263,285.07189178838775,-6.413368515872606e-12
5554.959612199017,285.3600732607445,-4.0724281668968656e-13
5555.028696053944,285.36714238874424,3.735162576485803e-11
5555.109397825124,285.37540045196715,-2.8222423562481705e-13
5555.876724765227,285.45392559412966,-2.32477579900259e-11
5555.885179188414,285.4547908460858,-1.3478624816206398e-11
5555.975248219612,285.464008872519,-1.318396204460917e-13
5556.517982219312,285.5195576132828,1.4046820935904632e-12
5556.600735986695,285.52802792529127,2.4112231259590873e-11
5556.765269075037,285.5448691839937,1.5924147853850204e-12
5557.443549208692,285.6143017681673,-1.4910248563881222e-12
5557.790512509425,285.64982216696745,9.44361320107281e-12
5558.679056819217,285.7407970809246,-2.272003910858609e-11
5559.420917386378,285.81676470470353,-5.42606685032097e-11
5559.858354585041,285.86156367479,-1.2819509371041502e-12
5560.492550760329,285.9265194530088,-2.6014908487908816e-11
5561.155287529493,285.9944063386429,-5.2907267669197375e-11
5561.592724728146,286.0392192840939,1.507847118454681e-11
5561.693224737883,286.0495154346812,1.6570690596442335e-13
5565.01405284991,286.3898364275686,1.0313081745093941e-11
5566.601080398521,286.55254795730843,4.98332949798797e-12
5568.497959296126,286.74708816236534,-1.979847229774788e-11
5569.628005392551,286.863014993512,-4.489389968361658e-11
5570.784341426604,286.98166315293037,2.8398266813666624e-11
5571.1776192260295,287.0220218170512,-2.4371786809881732e-11
5571.416842694017,287.04657262486137,1.334259262406974e-12
5573.330630437894,287.24301703768657,1.4426067836990958e-11
5573.774902592716,287.288629853889,-1.0527648161628378e-13
5575.627443546796,287.47886689645253,1.393152077130063e-12
5576.877279921319,287.60724804474023,9.144727935724311e-12
5577.387623319662,287.65967795756615,-7.354819372228054e-13
5579.23306150114,287.8493083088227,-2.1565110052204845e-12
5580.3326181107095,287.96232447379145,-8.954643876371656e-12
5580.556957066003,287.98538552947383,1.6022586581895204e-11
5580.638406961048,287.9937584490375,-2.9039321771290524e-12
5581.176659763963,288.04909305258997,6.819951604490026e-13
5581.659093757685,288.0986937881115,4.2031391279931326e-11
5582.179778862441,288.1522320655254,-1.952856904826304e-11
5582.406951884902,288.1755921865294,7.236965188697091e-13
5582.702069602898,288.2059404560367,9.60395497898108e-12
5582.889385878617,288.22520385536416,-3.567352943735219e-11
5582.90615767455,288.2269286798976,6.194110266819957e-12
5583.42763868152,288.2805607773332,2.6903838437928766e-11
5583.509088576563,288.2889380039597,-3.775601205692938e-12
5583.786741699756,288.3174959036715,-3.010514474421599e-11
5584.03888695628,288.3434314324455,5.161205353942899e-12
5584.700422956312,288.411482245305,-6.94857850169489e-11
5584.711903822126,288.4126633289199,2.5762466480484614e-11
5584.854120199324,288.4272939105275,-2.397218688333754e-11
5585.0250972083595,288.4448837498596,2.6418200158090076e-11
5586.718142018995,288.6190905399993,1.5517264627933479e-12
5586.737164471157,288.62104816578466,1.1880691701601994e-11
5587.487163866639,288.6982369106612,-8.047331781798411e-13
5587.651429138624,288.7151442144097,1.9473568448593898e-11
5589.15822139203,288.8702567557932,2.6778858407504632e-11
5589.169716089097,288.8714402061819,-7.519614028283764e-13
5589.479732150997,288.90335920146003,-5.874170560570553e-13
5589.8383888087055,288.9402884007918,-1.669619203743505e-11
5590.938350284892,289.05356106898654,-1.9364171896569856e-11
5591.713802221986,289.13342954196827,-2.483280998021493e-12
5592.117290961901,289.17499166263286,-1.693843265335325e-11
5592.501276942067,289.2145476496651,-6.9203173395453444e-12
5593.866902705479,289.35524842503014,2.125861057141683e-11
5593.94770757998,289.3635748486269,2.1889373705111936e-12
5595.614373180719,289.53534086440146,-1.824157249281593e-11
5595.949780174653,289.56991398514333,1.6994572446118397e-12
5596.60894858376,289.63786586055045,-3.8356908332657174e-11
5596.705880233655,289.6478589552764,4.889695378468597e-11
5597.024844857551,289.68074359240165,6.698061946117885e-12
5597.608094455529,289.7408803469167,-1.900955540105446e-12
5598.747253826568,289.85835301717117,-4.435616950627064e-12
5599.1000021961045,289.89473406760095,-1.4369400545490084e-13
5599.330503424537,289.9185082769968,-3.861324528663789e-13
5599.649468048423,289.95140833521396,1.2722328407279323e-11
5599.855999151726,289.9727122782018,1.0187743100746243e-11
5600.330294316807,290.0216393949703,1.3111144561763449e-11
5601.560586437496,290.148572604225,6.955479999555415e-12
5602.176556062566,290.2121346530617,-9.353514236611794e-12
5602.313255187086,290.22624161515034,4.860878648263331e-12
5602.424817364596,290.2377547706694,-2.7131116104496692e-11
5602.5410116204375,290.24974619787366,2.5652650172725e-11
5603.868475544776,290.38676018202904,-9.741834601874969e-12
5604.222575564947,290.423314045204,4.989067461432084e-12
5605.208126965029,290.525065005286,-2.556075427428814e-11
5606.212865530205,290.62881531767516,4.613473869429068e-11
5606.395234132912,290.6476488765349,-4.9393111898338537e-11
5607.553278905568,290.767256700235,5.377064641871142e-11
5608.824580763514,290.89859064627024,-9.022467475711018e-12
5609.05696927518,290.92260114519286,-8.139650764322415e-12
5609.33369573021,290.9511939605219,1.1480176567272998e-12
5609.93503482761,291.01333230409335,-4.649971884733796e-12
5610.328271133107,291.0539703050166,-1.777282776767735e-11
5611.464850421868,291.1714432011844,-1.2695611203846577e-11
5611.738248670879,291.19970424711937,2.8482218648965466e-11
5612.601161894314,291.2889122044413,2.4602346324072644e-12
5612.874560143321,291.317178973047,-5.286218276589807e-11
5614.982828544128,291.5352000433365,4.553133854888587e-12
5616.41160221145,291.6829994861445,1.2010033758091107e-11
5616.480445912537,291.69012197003246,-7.2380945662114525e-12
5617.664677519344,291.8126547701023,4.1683801253381146e-11
5618.237777786212,291.87196290284606,-1.69757573453174e-12
5618.622065529655,291.91173487962686,-1.6206857626801725e-11
5618.6672270377485,291.9164090622608,-3.898643644161442e-11
5619.52958451269,292.00566963018554,5.802201875579814e-13
5619.863612193376,292.0402477203823,-1.4352877677205505e-12
5619.878167280149,292.04175448985524,8.895785161089902e-12
5620.519767990943,292.108178058244,8.050593662842314e-12
5621.169974006603,292.1755002518339,-1.8367823649890382e-11
5622.7059179267835,292.3345624875758,1.9057686087530878e-12
5624.426124017439,292.51275848911075,2.3326289071942726e-12
5624.585606329341,292.5292820091841,3.132565551024099e-11
5625.088243428129,292.5813619103735,2.5842492684554117e-11
5625.312314567012,292.6045801659209,-2.621801363270278e-11
5625.42411689829,292.61616547141335,3.588880274269184e-14
5625.764904094334,292.6514803217593,-1.6791869563330328e-11
5627.4235201380725,292.8233887354407,-1.0026574224949207e-12
5627.895132117536,292.8722785402186,-5.73460352846048e-12
5629.474364093693,293.0360199517872,-1.0124569422177032e-12
5630.021071319508,293.0927155605972,6.908436195617514e-13
5630.431168692946,293.1352478245772,-7.731377467108433e-12
5631.783618682202,293.275535881671,-6.811954588220012e-12
5632.233511192759,293.32221017440713,3.9369216311326525e-11
5632.5435272545155,293.3543750943824,1.869185912179806e-11
5634.539828610676,293.5615386179409,1.2448887204937147e-11
5635.0046056338815,293.6097807719014,2.2894791775388806e-11
5635.15830287681,293.62573485871184,2.963421276804558e-11
5636.621340597048,293.7776229390793,-5.565037428186388e-11
5639.3809541722385,294.06422486752336,5.1973193681987255e-12
5642.057272062863,294.34231004903,4.6080154719444075e-12
5642.756160167928,294.41495036295794,7.391775597673648e-14
5642.959486284309,294.4360851535536,4.832701503071374e-13
5643.261542061694,294.467483832639,-4.4137946938839215e-11
5644.009235475478,294.5452137451442,1.8448528982941124e-11
5644.949776248761,294.6430066177768,-2.8606870921181234e-11
5645.393581926918,294.68915704058435,1.8166210908538295e-12
5646.122643924018,294.7649785461566,6.21158173539595e-13
5647.10061224356,294.866701363556,-9.325572021405675e-12
5647.829674240649,294.94254579423404,-1.0058349781790206e-11
5647.943754890641,294.95441450754856,2.0876596288140272e-11
5648.382434351616,295.0000560387233,-2.5688243215007862e-11
5649.777993852496,295.1452778251844,-4.816040505098197e-11
5650.005256146895,295.16893011435326,2.2586761456165678e-11
5650.311285150799,295.2007815401396,-2.365577585795228e-12
5651.2986823399015,295.30356136700107,-2.848265597808791e-11
5651.828480719239,295.35871637082425,-1.5797686164637898e-11
5652.055743013634,295.3823772439995,-1.8732616045856573e-13
5652.3904295459915,295.41722406842274,-1.8866139967039573e-11
5652.956502480974,295.4761670316468,-3.9969100989490095e-12
5653.3085165576795,295.51282385882286,-3.924269831997872e-12
5653.85531305546,295.5697687921757,4.452150034646141e-11
5654.436284334352,295.63027881848427,3.794724373503805e-12
5654.714314661568,295.65923877052234,-8.408835404497122e-12
5654.983080832128,295.6872351111238,1.8525359861080538e-11
5655.47659082454,295.73864561804317,5.024775783877217e-12
5656.611282829511,295.85686711248644,2.5848771128661028e-11
5657.305209430248,295.9291777490674,2.3348422731925577e-12
5657.466805347889,295.94601812851323,-3.1935740869344226e-12
5658.299784832646,296.03283296790624,-1.51201669879195e-11
5658.647139168496,296.0690387291713,-2.7625149961506687e-12
5658.996950367283,296.10550282265046,-1.9677617371045533e-11
5659.139256016471,296.12033731664087,-3.216397212078801e-12
5659.435272739805,296.15119644549856,2.784988563770356e-13
5660.175891043451,296.22841143732904,4.484235693883253e-12
5660.615874376688,296.2742877715068,-1.841284275587806e-11
5661.5295694637625,296.3695686382757,2.8409568309067055e-11
5662.051215183253,296.4239731742922,4.555630114866509e-12
5662.4386186412485,296.46438028701834,2.270527288810928e-11
5662.539928384355,296.4749475929833,-5.569366787236839e-12
5665.125250575158,296.7446785278901,1.6913619396175245e-11
5665.234383552165,296.7560672599966,8.910245548397327e-13
5666.122927860951,296.8488007711915,5.652424365531522e-13
5666.68454726173,296.90742205060934,-6.191463685501096e-13
5666.91254384872,296.9312217677393,7.096094467120429e-13
5667.376586579141,296.9796644230769,-3.999181448964692e-12
5667.842592033657,297.02831596423596,-5.3121609037870025e-12
5668.899073077423,297.1386286959546,2.09504953408988e-11
5669.591112394816,297.2108992988306,1.5427908569079788e-11
5670.463571421943,297.3020239480193,-2.443188808515056e-13
5670.58568779709,297.3147796046865,1.8395046072332343e-13
5671.771237106803,297.43863034636666,-4.737941016042394e-13
5671.796387885047,297.4412580523655,9.547695420418825e-12
5673.614754056117,297.6312684041156,-3.572409077330731e-13
5674.416722252698,297.7150895044704,-3.093804466087037e-11
5674.448707987161,297.71843287456824,-4.614296917255833e-11
5675.693164158179,297.8485266674511,2.6721494754509056e-11
5677.476037844504,298.0349556226425,1.2312213298233834e-11
5677.803456891307,298.0691990675239,1.002934849606708e-11
5677.903956900922,298.0797103565394,1.7376242257011767e-13
5678.173203379002,298.107871743871,3.5516260943339935e-13
5678.447425192557,298.13655489076217,-3.616344437830862e-11
5679.225381770223,298.21793539763337,2.7142928561687303e-13
5679.544346393845,298.2513048818163,-2.7531266109528064e-12
5684.13806187859,298.73209868434236,4.661116789757718e-11
5684.220081353234,298.7406866521967,-4.323305864151805e-11
5684.812279512696,298.80269729538486,2.578128549941317e-12
5685.83873754592,298.9101957469268,4.745656624877126e-12
5685.846800933611,298.9110402827247,6.098092939618708e-11
5685.905302928218,298.917167647524,9.591333429534338e-12
5686.243228394372,298.95256241999994,6.031732371376292e-13
5686.530296555609,298.9826319817376,-3.957051894923061e-11
5686.995073578567,299.0313192525397,-1.955745855166014e-11
5687.139849921911,299.0464859721877,-4.901136726367693e-12
5688.843147165076,299.2249517946619,-9.086781975568147e-13
5690.035593040379,299.34992411261425,2.3349215948772285e-12
5691.8369472614095,299.5387617331509,8.192553990277344e-13
5691.985037979502,299.5542888783731,-9.432666417924228e-12
5692.209466206632,299.577820695574,4.770787857338182e-12
5692.562681052154,299.614857965932,1.085521730688955e-11
5693.576457450537,299.721172916808,4.299675184018808e-11
5693.840351388874,299.74885063682876,-1.9541705277718534e-12
5693.990226286864,299.76457038476264,-1.0348198484815427e-11
5695.980605522376,299.9733721299506,1.6019633934931207e-12
5696.250812615577,300.00172396829845,8.916250316521187e-12
5698.29669506553,300.21643454595954,-1.328272772671326e-12
5701.064852334252,300.5070689135705,-6.9222500783906735e-12
5701.217033213479,300.5230507816794,5.5281433600455604e-11
5703.942472005751,300.8093455926228,5.4935729369027175e-12
5704.202454327111,300.83666268850084,3.740697271387808e-11
5704.527128578756,300.8707789012909,-7.006964293489756e-12
5704.684332571787,300.8872983246203,3.587487194322383e-11
5705.40200297475,300.96271886620656,-2.2133498454877862e-11
5706.2153627647685,301.04820694944164,-4.749483246058404e-13
5706.933033167721,301.12364773121135,5.7439551960995e-13
5707.090237160747,301.14017412156954,7.676458610878736e-12
5707.9049900951695,301.22583397906595,7.52582275094228e-12
5708.201171531304,301.25697633853775,-1.533575997177463e-11
5708.662709620252,301.30550854658605,9.6822307956214e-13
5709.748342330862,301.4196817728897,1.9701471902122313e-11
5709.8771427804895,301.43322882870865,3.1403125628226047e-12
5709.976338917755,301.4436623515898,-3.7151812089815137e-11
5711.160899949317,301.56826936064044,-1.585549639096231e-11
5711.219566656857,301.5744413336418,-6.051572924812533e-11
5712.63212427529,301.72306720304874,-1.5476708422230176e-11
5713.288143021797,301.7921043951272,4.474436919346829e-11
5714.381736016691,301.9072080425225,-3.9670471209993645e-11
5715.407473588235,302.0151897435631,2.0055492021351734e-11
5715.583473710847,302.0337196203369,-2.028890811093769e-11
5719.908333751441,302.48923451747214,4.5163361572050355e-12
5719.983923136574,302.4971990158271,5.966806559796649e-12
5720.215906781237,302.5216426996667,2.1820551949522493e-11
5721.26840076665,302.6325544788366,-1.1016090867180632e-12
5721.427883078393,302.6493624994951,3.8455242091135776e-11
5721.77012502811,302.6854333459873,2.008435006098032e-11
5722.443141892999,302.75637275558114,1.3611746764067687e-11
5723.139092826967,302.829738308016,3.8827912156923516e-11
5723.216720377046,302.83792217952384,1.7566987760294023e-12
5723.959287573059,302.9162128117532,1.979182721667516e-12
5724.252621110723,302.94714246560835,-3.223041009044709e-12
5724.737408863317,302.99826289543074,1.934465653574595e-11
5725.072815856807,303.0336337931375,1.943493298805253e-12
5726.1252620638315,303.1446346967656,2.424138384711934e-11
5726.863348063192,303.2224923799388,-6.462815869185234e-12
5727.593563050315,303.2995296572185,2.997388309502503e-12
5727.807155432104,303.32206539207823,-2.2819308513939486e-12
5728.753481273535,303.4219205809991,-1.2999675483932596e-12
5728.879749419349,303.4352454945196,1.1102661942410873e-11
5729.015233943475,303.4495433271102,2.0293134939488706e-11
5729.228826325257,303.47208465555764,2.008861933353665e-11
5730.291346422364,303.5842294880997,-9.499802541635849e-12
5734.510024487176,304.0296996294556,2.460953317120141e-12
5734.734425051702,304.0534043278702,-3.950336624207445e-12
5735.178697205786,304.1003380396471,-6.360194835740796e-13
5735.435186608111,304.12743569823544,-4.06390687747363e-12
5736.580625185327,304.24846407890175,-7.5746780269635e-12
5736.744664134526,304.2657986046919,-3.938811966287921e-11
5736.8163419027,304.2733731816685,1.5526972182901569e-12
5737.059072120485,304.29902449794486,-2.444043150661814e-12
5737.227008855375,304.316772401452,-2.739968379668115e-11
5737.380706098144,304.3330159011154,1.8326649803778695e-11
5737.633208442671,304.359702566847,-3.1025235344094077e-12
5738.130705492465,304.4122858616315,3.881703647678336e-12
5738.562762488108,304.4579561236893,5.359131266539981e-12
5738.808326773059,304.4839148456357,-2.6649010077093986e-11
5739.078486087809,304.51247480359376,-1.2929252657644156e-11
5739.136898810286,304.51865009559253,-2.5271224264190708e-12
5739.451306796239,304.5518898437331,-1.6680661259946695e-11
5739.61534574543,304.56923304388715,1.0476520298475128e-11
5739.810409813897,304.5898570544133,1.4232204596155717e-11
5740.960377366035,304.71145670100265,6.651790450670214e-11
5742.843421634849,304.91062580702607,-3.2966479983312995e-11
5744.427374959589,305.0782107202924,5.842733476032018e-13
5744.440310579389,305.079579520777,-3.3264410146367593e-13
5744.509394434181,305.0868897765246,4.271113251499614e-12
5745.193384194618,305.1592723591134,3.554895639909399e-13
5745.264478551846,305.16679634802,-7.430582178829641e-11
5745.9680125657615,305.24125709533484,1.4195867906285514e-11
5746.824001559698,305.33186569280616,-4.040468892098196e-12
5747.448919745863,305.3980233851977,-2.7577198298437654e-11
5748.0558653671615,305.46228527738987,3.354639264474875e-12
5748.223548116985,305.4800403060639,4.7000656118714425e-11
5748.6675185076265,305.5270524550155,-2.4723726179540156e-12
5749.6428036406805,305.6303384195369,-3.079344718911774e-11
5750.5620159795835,305.72770212652006,-2.6128354596509742e-11
5751.207274321425,305.79605770449547,-3.580980348242078e-11
5751.720630330222,305.8504456592558,5.0616588785978414e-11
5752.729548327149,305.95735051127355,-2.3116011245793848e-11
5753.829482138995,306.07392075439657,-4.5338647234202755e-13
5753.978636575519,306.0897297568785,-2.1671979221002494e-11
5754.506636943155,306.1456962469773,-1.2325149676933388e-11
5755.7557251915,306.27811638171073,-3.5301819303738705e-11
5757.547966136401,306.4681682027355,2.1949485355696842e-11
5758.012743159029,306.51746349193104,-3.95180290039276e-11
5758.698606371377,306.5902149448831,1.5696338814667422e-11
5759.19204092243,306.6425603044255,1.358955695674989e-11
5760.328832700756,306.763172443562,-1.3843622005388466e-11
5761.424896389338,306.87948592593364,-4.556815162532939e-11
5761.743861012699,306.9133383770772,4.785507142225988e-12
5762.418902211013,306.9849882364736,2.335055500881876e-11
5763.962373884082,307.14884611387214,-6.17377853751511e-13
5764.281338507434,307.18271347407915,-1.2106667523308954e-11
5764.882677603889,307.24656818429276,4.625080280654881e-12
5765.439952857919,307.3057498109603,-3.185508578797122e-12
5766.365863102458,307.40409245714125,-2.319226919739784e-11
5767.158718023344,307.4883156015775,2.244295381229811e-11
5767.383221691153,307.51216621059854,-1.6144169865109105e-12
5768.080476497129,307.586246428864,2.4041858991022763e-11
5768.355103177176,307.6154267489908,-4.8582930959332764e-12
5769.653744857907,307.7534320870928,-2.044396971564995e-11
5770.61063872791,307.8551401097088,1.4909661873883206e-12
5771.089085662908,307.9060004460741,-1.263398827317464e-11
5772.32525212251,308.03742814988584,-2.1081815775498537e-11
5772.7058206238635,308.07789539371714,-1.2564396922692914e-12
5772.917614994402,308.10041742105034,3.755378675584088e-13
5774.072811866681,308.2232745862336,-1.2009360012648732e-11
5774.169654244303,308.2335750556559,1.0056537920950061e-12
5774.261445845606,308.24333846760226,8.02526981068442e-13
5774.425484794745,308.2607868538652,-2.8413920066534356e-12
5775.1072716770905,308.33331202062374,-2.750840974653698e-13
5775.215402545044,308.34481524222053,-9.471400542306445e-12
5775.446171589366,308.36936572806667,-4.0668502060597515e-11
5776.091505371896,308.43802510840646,9.59460870650976e-13
5776.43040528417,308.47408496019085,-1.4992707470877705e-11
5777.1121921665035,308.54663530670143,2.2457761715894346e-11
5777.246866957089,308.5609673413137,1.8038790196958732e-12
5777.276231115635,308.5640923070898,5.0966824690593934e-11
5777.883835588545,308.6287578023634,-4.444763920675367e-11
5778.123059056027,308.65421949395545,-1.3085695068503763e-12
5778.538673681495,308.69845784224555,2.13386948581691e-11
5780.117905655261,308.86658155373146,4.883665206116595e-12
5782.333659899925,309.102546339863,5.927175856719984e-13
5784.001389216006,309.28020934821143,1.591230458805682e-11
5785.1008565511875,309.3973634963449,-7.006263724403176e-12
5787.491169995484,309.65214105819814,-1.8591773170823256e-11
5787.530862029194,309.65637262165416,-2.085107505392445e-12
5788.257179230193,309.7338103448566,-1.8611734871259804e-11
5789.145229399056,309.82850474777797,-2.940754132684559e-11
5790.194573721956,309.94041696395055,5.764383068350181e-12
5790.492958035742,309.9722432536809,4.7161046489949305e-11
5790.964570014435,310.0225497100468,-4.4908220632153296e-11
5791.264559963917,310.054551519661,-8.222859594840182e-11
5792.115779828722,310.1453655074752,-3.4333470977562855e-11
5792.862409522875,310.225032084719,-5.9487217580227326e-12
5793.284063202276,310.270027740836,7.952636818117167e-13
5793.334021501558,310.27535912548905,3.5403538969495435e-12
5793.713704828513,310.31587917825186,-2.989015175002364e-11
5793.8638198801455,310.331900287162,-1.0429813428924952e-11
5794.425768706104,310.39187826063875,1.5805153003529433e-11
5794.9610981685855,310.4490205039825,3.125635782924615e-11
5796.266739518145,310.5884096695157,-1.2906838923719495e-12
5796.728188334591,310.63768106495303,-1.0396737443281185e-11
5796.749653818398,310.6399731466741,2.4503972712807175e-11
5797.193459495883,310.6873645641803,2.3917698513879e-12
5797.4763620548165,310.71757597048816,5.1784562293504546e-11
5799.065743359258,310.8873347676779,-1.3409705201277024e-12
5799.549241070438,310.9389854704293,-1.9601643420277266e-12
5800.578169796696,311.0489173698076,3.565749912128609e-12
5801.218946941598,311.11738857303004,-6.483511396692818e-12
5801.387707241113,311.13542296633426,-1.5685006337414797e-11
5801.9816141389465,311.1988943790759,-2.330853424050969e-13
5802.622391283839,311.2673821479244,-4.1413106187724037e-13
5804.031799239206,311.4180495999227,6.190322769740775e-13
5804.406102363915,311.4580692157421,1.2144063652850356e-11
5805.348832182337,311.55887512157267,-3.282830357986045e-11
5805.626622355344,311.588582290461,-6.081580782887218e-11
5807.404939401909,311.77879103451943,7.903318921827247e-11
5808.667381967406,311.9138572142978,-5.727995862780829e-12
5809.421773285735,311.99458203084066,-3.068266945735212e-13
5812.252852133021,312.29761951874866,-2.3223365895217474e-12
5813.411466482973,312.4216796859259,3.166898587727789e-11
5814.026612542003,312.4875573151288,1.4425591101314732e-11
5814.259495192029,312.51249915709894,8.303586411445295e-12
5814.505059476802,312.5388002902669,1.931056781083996e-11
5815.011340375282,312.5930289508384,3.0948031408148062e-12
5815.399478125321,312.6346062830425,6.440132997403514e-12
5816.173282931206,312.7175045677554,-4.3880547536380435e-11
5816.282148091747,312.7291682584607,-1.2442773708369508e-11
5816.925128114445,312.7980608664968,-1.4487789982565578e-11
5818.62926275143,312.98068857266617,-1.2100485376800823e-11
5818.664398147652,312.98445450514527,-4.901842733080753e-13
5818.955062330826,313.0156097631144,-8.269902617874665e-13
5820.67747129601,313.2002605773684,1.1024938815572328e-11
5820.956579172547,313.2301874762322,-1.7667003849093768e-11
5821.417924885533,313.27965768403106,2.4392851693692594e-12
5821.714209424695,313.311430411363,4.5017947831246006e-12
5822.050172166299,313.3474600748032,7.318216930054733e-11
5822.708215245796,313.4180366350734,2.9269981130091693e-13
5823.143765160037,313.4647547035056,3.8205280413572795e-13
5824.012237128057,313.55791940088614,-3.022437935932219e-13
5824.143556050068,313.57200775177176,1.172042271860905e-11
5824.258295551645,313.584317664776,1.7231746584056271e-12
5824.262028624388,313.584718174343,4.7862180366010595e-11
5824.538755078822,313.6144079951775,1.2530467679368694e-13
5825.697369428637,313.7387303737943,-4.28090471531078e-11
5825.85767530495,313.75593356489793,9.457982270216734e-12
5826.71262824222,313.8476906525229,-5.334533793911081e-12
5826.7188797874915,313.8483616438219,2.8402072362262247e-12
5827.564225310966,313.939100959772,-1.4900506528793336e-11
5828.150816944857,314.0020733917572,2.243048831300301e-11
5830.542180275443,314.2588592555234,-4.399381868664155e-12
5830.71768625902,314.27770933046486,-4.612413879525376e-13
5830.779125424067,314.28430828722963,-8.03371662727739e-12
5831.296962629101,314.3399300566783,2.410955497261033e-12
5831.548401254876,314.36693928597435,1.965365486333851e-11
5832.176963241173,314.4344637394337,-1.0345752580097544e-12
5835.172156477739,314.75632797329536,1.4026458154818763e-11
5835.182587456255,314.7574491776825,-1.7455554322755244e-13
5835.6506034124395,314.8077573108309,7.639314809750778e-12
5837.0486197736855,314.9580573968223,4.2706538628122014e-11
5837.638615054375,315.0214983168348,-4.06500729380836e-12
5839.000178315807,315.16792875111884,-1.2011608964714527e-11
5839.167724015046,315.18594994999245,4.300142250069361e-11
5840.948140835586,315.37748335065186,-1.3322273981229708e-11
5841.23775513143,315.4086449535104,-1.9853061920323125e-11
5841.246044841646,315.40953692344635,5.296361364494486e-12
5841.601462564548,315.4477809374149,9.92715663745263e-12
5842.089846338899,315.5003362932629,-7.835733744040463e-13
5843.163517874742,315.6158903649727,2.316996360506735e-12
5843.407867559234,315.6421915053262,-3.362289952026412e-11
5844.632539320946,315.7740284374773,-2.184616464397757e-11
5845.897500358527,315.91023154965177,-4.5904420949715e-11
5846.141850043011,315.9365449958989,-6.478884351380471e-12
5850.671758764433,316.42455946706775,4.241392017790709e-12
5851.092287115493,316.4698828478036,2.2845440584163707e-12
5852.099798135791,316.57848284609867,-1.7816325869656248e-12
5853.080298757138,316.68418933638316,-6.823226098864192e-13
5853.541479757037,316.7339147808659,-5.841914148920052e-13
5854.426531145239,316.82935374012385,6.0104034931373186e-12
5855.088650554427,316.9007624049542,-4.684819230106066e-11
5856.246695324227,317.02567534960167,1.044692886964118e-11
5856.255149747387,317.02658738004175,-2.7030408097042768e-12
5856.7290400445245,317.0777109359638,1.4750231583230304e-11
5857.171109320196,317.1254053513441,1.9207679415792906e-11
5857.8955392374655,317.2035711592617,3.742142868246721e-12
5858.890114637915,317.31090134437125,-6.57544796473678e-12
5860.158266830896,317.4477811577133,8.492140067723462e-12
5860.559326369304,317.4910762561649,4.346168687501137e-11
5860.9432369075985,317.5325228648251,-1.1863478609577333e-11
5861.436403641871,317.5857686501264,-1.6491699991297926e-11
5862.251245847181,317.6737546218275,-1.8280145011566677e-11
5862.326430365472,317.6818735988028,-3.3168640231890156e-11
5862.8040537353245,317.73345331318666,7.562861844715516e-12
5863.8974204061105,317.851544471001,7.0425050995807035e-12
5865.68021864833,318.0441462310348,-5.022954569793209e-12
5865.772010249555,318.05406437487176,-9.313792694025607e-12
5866.250457184122,318.10576339864224,-4.335270673875472e-11
5866.400826220699,318.1220125341343,2.622406350658002e-11
5866.677552675025,318.1519171570427,5.442907977254644e-12
5867.076032131293,318.1949815747894,1.5824018331989468e-11
5868.109565272705,318.3066910598595,-1.1309882822766215e-11
5868.235785640015,318.32033494328687,-4.4504551952552997e-11
5868.259934309281,318.32294534489495,-2.8899859567618424e-12
5868.738381243835,318.3746662955304,4.2944335469082316e-11
5869.308784492559,318.43633339484677,-2.0608015882273175e-12
5870.55187517932,318.5707464445908,-2.178477653701524e-11
5870.915088473501,318.6100253861578,5.6715150836461365e-12
5871.708211209903,318.6958044315942,5.946196307471392e-12
5872.940870918125,318.8291439633082,4.476455983945245e-13
5873.166424472977,318.8535456204008,-2.147169863123564e-12
5875.380950284233,319.09317529556625,2.61951283400262e-11
5875.569494990879,319.1135815369241,1.9796333072373068e-11
5876.161857862194,319.1776973810544,-3.11628396209587e-12
5878.2724938483725,319.40619977446426,7.451436816913733e-12
5879.408325010251,319.5292014778887,1.8342829125577804e-11
5879.791082557857,319.57065650450863,-9.876048134305304e-13
5880.679626864793,319.6669017918072,-9.510228441077001e-12
5880.843665813764,319.6846717428394,-5.3676966794558776e-11
5880.917889716878,319.69271240544515,4.053756203305018e-11
5881.4419030260915,319.7494815640322,-7.34261018103084e-13
5882.322487048696,319.8448913230711,1.6158811238179607e-12
5882.623225121804,319.87747904638917,-2.197364916652781e-12
5882.672195143367,319.882785554249,-6.655217429570823e-12
5883.22495525307,319.94268701623497,-1.0325087103768946e-11
5884.176468919846,320.04581375391274,8.005166661416581e-11
5884.477206992952,320.0784117479194,-9.626653364200161e-14
5884.849396511592,320.11875690712174,-8.095094680517377e-12
5888.916552543033,320.55980090088934,-1.3175055513756736e-12
5890.533692368934,320.73524884151055,-1.1634040416195826e-12
5890.616281423097,320.74421044773703,3.337934403289874e-11
5890.926297484073,320.7778509158962,-6.676264576171577e-12
5893.404373975652,321.0468156301422,-1.1362600579325884e-11
5893.486963029811,321.05578160366997,-5.0852190637730204e-11
5894.007826677163,321.11233012348913,-5.723361233889436e-12
5894.395305575135,321.15440072438207,6.444181903697079e-13
5894.595708351754,321.176160582093,-5.5560394723060055e-12
5894.756343653856,321.1936029969279,-1.0278513830752132e-13
5894.771228166483,321.195219240093,-5.420846903720057e-12
5895.05146137094,321.2256492817347,1.2188709452233872e-11
5896.470689230155,321.3797830083742,2.0801883296854962e-11
5897.067773451774,321.4446397912859,1.5292651769798022e-11
5897.874792422936,321.53231064883585,-6.011996981245531e-12
5897.9861282775855,321.54440660963354,1.931248827297247e-13
5898.581894795629,321.6091368841253,8.265170390237613e-12
5899.189080569852,321.675114592821,2.1415594012461393e-11
5899.219824041524,321.67845540478197,-3.8171586952794374e-11
5899.457037006299,321.70423329729744,-4.248212700730047e-12
5899.899916015276,321.7523636579781,-6.296696982220465e-13
5900.387085189151,321.80531147389024,3.6861367556171275e-12
5900.696442398315,321.8389361264459,-4.40260373593852e-12
5901.102868307521,321.8831140491687,1.8917954645446682e-11
5901.527068121534,321.9292272155341,-2.4885815097078587e-13
5901.885724778142,321.9682180178147,-2.334050111979072e-11
5903.007151734734,322.09014749786144,3.067362864653991e-11
5903.369102650255,322.1295063096569,4.823838462723383e-15
5903.523925220898,322.146342568058,4.264070480736451e-11
5904.368714995345,322.2382174352358,1.2071878222492486e-12
5904.746421766554,322.2792990785447,1.7132599235734456e-11
5905.483382436552,322.3594628865784,4.333164153548273e-11
5906.039456920887,322.4199571985789,-1.2635344176365421e-11
5906.482994781621,322.4682129435301,-2.697151667321262e-11
5906.668272891799,322.4883717844394,7.250004453701862e-11
5908.647260529593,322.7037313098454,1.5831092210640543e-11
5909.15932649657,322.7594676529001,-2.3765898111782416e-13
5909.610433606126,322.8085728687125,3.0758831109834093e-13
5909.980076989644,322.84881315368204,-2.9046527549130403e-11
5910.905266771554,322.94954261527,-3.136740425756816e-13
5911.004764672014,322.9603763262801,-7.82133926554031e-12
5911.455871781561,323.00949687712904,-6.460142610195078e-12
5911.965810311482,323.0650280295838,-2.6919019353444274e-11
5913.215646681863,323.2011526407605,-7.115771539915967e-12
5914.01517184492,323.2882471726297,2.0258081747878872e-11
5915.950946867461,323.49916537568635,5.679577328282513e-14
5916.781572590564,323.58968986922525,2.408507194919915e-12
5917.44856423148,323.6623901489373,2.1542090380228667e-11
5918.5882793473875,323.7866349705057,7.944212140411363e-12
5918.9986445359755,323.83137635031017,2.3434151737603833e-11
5920.387595399546,323.9828341875825,3.35931275805484e-11
5920.594620641041,324.0054122520523,3.1685649479712596e-13
5921.982370735633,324.15677993480955,-1.969946749222676e-12
5922.56430262819,324.2202642271441,-1.9334098000763185e-12
5923.699399496981,324.34411251346114,1.828014905701349e-12
5924.2584111517435,324.40511394707147,6.052679716628755e-12
5925.872689247456,324.5813022972698,1.0286851068968662e-11
5926.614549811931,324.66228783349,-4.429322076763699e-12
5927.004053043475,324.70481218453466,-8.300268501744735e-12
5927.113906481583,324.71680603357356,7.06231719915103e-13
5927.140841439663,324.71974683865403,2.4189689900582433e-11
5927.943214501034,324.8073574391396,-5.077249475687508e-13
5928.297102028805,324.84600196030306,2.4079233138744393e-12
5929.3485322936285,324.96083176366454,7.250054327572144e-12
5930.510742664633,325.0877838850693,5.99944206461118e-11
5931.065259291482,325.14836435650335,1.5297832280455623e-11
5932.229912694148,325.27562019478466,-4.829085953137116e-12
5932.437164258156,325.2982681528923,1.088992048119116e-14
5932.831478112197,325.34136001799817,4.4209227526445964e-11
5932.913497586646,325.3503237254125,-8.399547364906084e-12
5933.075093503859,325.36798450987936,6.82630925889284e-11
5934.0759342801475,325.47737690735977,5.0141378134230845e-11
5934.644930552863,325.53957671155166,-5.920975619254377e-11
5934.8977484915595,325.5672154077675,-3.927381408202121e-12
5935.032828148686,325.58198313997895,-5.4096160086517986e-11
5935.092634015469,325.5885215895487,-5.787982562633268e-11
5935.535677737248,325.6369606793022,-2.924746238394498e-11
5936.049527883999,325.69314574316337,8.845748348483882e-12
5936.611476709219,325.7545955490603,2.5334305217277834e-11
5937.171943117923,325.81588904486415,-2.0788340905340493e-11
5938.613158261724,325.9735291903951,-5.442504467746367e-12
5939.27826261926,326.0462912232697,-2.570983823713492e-12
5939.457680219603,326.06592080077326,1.8951694264995874e-11
5940.77756105951,326.21034349571363,8.321496285089901e-12
5942.260835827753,326.3726832145783,-9.131318770718099e-12
5942.839062309974,326.4359792479502,5.415871459583475e-12
5944.50736120326,326.61863546587455,3.42391182069563e-11
5944.590863094214,326.6277791434926,7.91872714883953e-12
5945.841584638552,326.7647518258874,-2.357489378551943e-12
5946.432897622225,326.82951945798743,-2.5255241272520234e-13
5946.516625835712,326.83869088850923,-2.2295080336991262e-11
5946.680664784588,326.85665977979033,-4.6600933284647274e-11
5946.760975519974,326.8654572302227,4.115184268237407e-11
5947.362451665846,326.9313482955309,-1.1517165402476292e-11
5947.828937426706,326.9824558977403,-1.177283645167068e-11
5947.962699380247,326.9971114312049,-1.5775574515512046e-14
5948.127966760588,327.01521928956015,2.474419242087675e-11
5948.594452521441,327.06633346982875,3.566040135461497e-11
5949.195928667303,327.13224484932766,1.0091644457747369e-11
5949.276239402688,327.14104602078703,-4.43570089432336e-11
5949.440278351557,327.1590232508169,-9.82362277701956e-12
5949.524006565044,327.16819931971435,4.718707821401353e-11
5949.666085891301,327.18377058743044,-6.207016561977846e-12
5950.702720915408,327.2973924695309,1.6691654143047624e-11
5950.945451132709,327.32400012647724,-5.043895174724258e-11
5951.7578503056775,327.41306178137836,7.62174315440288e-12
5953.238757482944,327.5754418774324,-2.5571688167286737e-13
5955.761213410117,327.8521198350398,-5.89404541017211e-14
5957.325189949023,328.0237249409501,7.695187720824118e-13
5959.343972722922,328.2452996321359,3.903293280718069e-12
5960.291753316308,328.3493506840568,-1.0507430094586755e-12
5960.684852570041,328.39251150882257,-9.220217667102214e-12
5961.103493637428,328.43847985892967,-5.344116288598914e-12
5961.8675539780725,328.5223848561123,-2.3261938473062505e-11
5962.581820732454,328.6008315148433,1.647890067548987e-13
5963.367840695697,328.6871695633807,8.257236159572925e-13
5964.773638795432,328.84161369586656,1.5893782373813383e-11
5964.878366016351,328.8531207202756,-6.51113893840611e-11
5965.66438597958,328.93949202054296,-4.535333796048819e-11
5968.131112369596,329.21062057055184,-7.036814375419286e-12
5968.359108955936,329.23568631867204,-3.149904489510694e-11
5968.372044575711,329.23710847826186,8.773797009561311e-13
5969.352545196029,329.3449150183234,9.891428724789878e-13
5969.598603619289,329.3719720463767,3.989004613985058e-12
5970.275264283259,329.44638462416276,1.5812421217874233e-11
5970.637262976901,329.4861971929692,3.9977245465417815e-12
5970.751343626541,329.498744268068,2.2157004952744297e-11
5970.87819518301,329.5126962233139,-9.868802449821254e-12
5971.751614822813,329.6087686153116,-1.7368162251968836e-13
5973.217802200147,329.7700744951849,-2.089410917596208e-12
5974.541594656599,329.91574849676783,7.140303910067618e-12
5974.651221772123,329.92781363317533,7.49888946774911e-12
5976.3655673471985,330.1165166778035,-1.462240299046174e-11
5976.633359070519,330.1459981869152,9.23891224085144e-12
5977.0538874211,330.1922973188691,-2.963726171834851e-12
5977.669033479212,330.2600292471994,3.1256437372484765e-13
5977.73787718006,330.2676098588919,-2.128190097519987e-12
5977.846008047814,330.27951668906246,2.469087741033751e-12
5977.881006393551,330.28337057793294,-1.408979952561079e-11
5978.38426084866,330.33878959901597,3.729420944612412e-12
5980.512464530994,330.5732016775308,5.343115233931991e-13
5980.645011884285,330.5878039332061,-3.476893576746833e-13
5980.883933587941,330.61412587827397,3.971788540880731e-15
5983.263980762395,330.87639249804323,-3.5193240618868203e-13
5983.513278119528,330.9038695770148,1.2299297629765261e-11
5983.67407813445,330.9215932551699,-5.908436509267543e-13
5983.956815979956,330.95275830391745,2.456601909591285e-11
5990.800144878356,331.70751991177787,2.2884686884139982e-11
5990.868405168259,331.71505279283286,3.5703816537094047e-12
5991.314955640022,331.7643340971595,-5.89333061327746e-12
5991.591682094039,331.79487546851794,-2.769000693130653e-12
5992.331175067249,331.87649775121906,3.3890071302178507e-12
5992.980495906281,331.94817549942485,-3.5319919177212724e-11
5993.910049949523,332.0508013723024,-4.383826375455656e-12
5994.60397654805,332.12742356398525,7.263078373257e-12
5994.661428655225,332.13376772528323,-9.495534506223735e-12
5995.127434108306,332.1852287244362,5.0129119179622704e-11
5995.879279290327,332.2682634485758,-6.029529703774367e-12
5996.010762925079,332.28278573569656,-8.60328693814358e-12
5996.26741703973,332.31113394335006,-1.8315379278511256e-11
5996.945532457546,332.3860396393612,-2.4901170905233672e-11
5997.05439761791,332.3980658453592,3.696596205041808e-11
5997.6526348296165,332.46415630139165,-7.699437285914374e-13
5997.697377639554,332.4690995432527,3.93201461756676e-11
5999.312403858108,332.6475543581189,-1.0424481270120663e-11
5999.9702683923515,332.72025988706633,2.0451270991975857e-12
6000.489498741008,332.7776495447163,-2.3116861269077275e-11
6001.03497753343,332.83794574788107,-6.112851313265027e-12
6001.339236187679,332.87158031040235,3.14404273640734e-14
6001.66731408527,332.9078499045867,-3.065395794526204e-11
6002.198237790967,332.96654866358153,2.4933173380367238e-11
6004.054601082234,333.1718284261801,1.3245875036034666e-11
6004.073218667581,333.17388751146774,-3.0943653926555035e-11
6004.361769244481,333.20580171703864,2.7786760052033993e-11
6004.401296565166,333.210173628251,3.717909932063375e-12
6005.991172005459,333.38604533567286,-1.1245927367773413e-11
6006.036333513386,333.3910417728648,5.9820962154799565e-12
6006.0399295356865,333.3914396199102,-2.2722792780020086e-12
6006.438635313993,333.43555203501256,6.294742256778634e-12
6007.279334926535,333.5285758100189,9.78615184935156e-12
6007.360139800716,333.5375175900464,-5.2139436954666275e-11
6007.9058725781515,333.5979109384843,-1.0030359818343862e-12
6009.143493789085,333.7348922339728,-4.258755878260191e-12
6010.1183124434765,333.8428061136923,-8.853150581241245e-12
6011.11231826289,333.95286206605965,2.2147087303519054e-11
6011.513871939597,333.99732710028434,2.8662452759680443e-11
6012.332042349817,334.08793432974755,-7.944943077938294e-13
6012.843181648242,334.144546051826,-4.479055945923041e-12
6013.04971275073,334.16742196686874,5.232104206907909e-12
6013.600242319398,334.22840387373765,-1.1008835447420784e-13
6014.001795996093,334.2728873108668,-1.0383494483237031e-11
6014.097739367929,334.2835161949469,2.9909916388610155e-12
6014.345026222562,334.3109121292872,-3.280633358137977e-11
6015.430555826742,334.43118699410917,-1.1022325161639422e-11
6019.280310958691,334.85790841794943,8.599099384194063e-14
6021.211275356933,335.0720466265549,8.21552596600618e-12
6021.430488094127,335.0963610083766,-1.9224509210592857e-11
6022.35175242694,335.19855440454165,-2.8681505535119854e-11
6022.714965720632,335.23884898379816,-4.858016804517819e-12
6023.057207669398,335.27681924328624,-4.506864389667477e-11
6023.347466985299,335.30902394609166,3.74680078392272e-11
6023.947728530558,335.3756287806598,-1.2638310109473712e-13
6024.17449668532,335.40079263200215,-4.6621011950507534e-11
6025.084039998555,335.5017317227634,-2.332731902158304e-12
6025.335478623895,335.52963850993,1.895556347709651e-11
6025.861516266126,335.5880263874409,-1.3715893249962828e-12
6026.3277757041305,335.63978340706836,1.8425420181731012e-11
6026.997827734106,335.7141693882408,-2.4643584328735504e-11
6029.737952370742,336.01845102316923,-8.024767256295458e-14
6030.302481277618,336.0811572441929,4.0026931623755965e-12
6031.487207018625,336.21277220428817,-7.268473440612892e-11
6031.970704728792,336.2664929354517,-1.0073100529126791e-12
6032.318882628154,336.30518114523426,3.426332052173938e-11
6032.502465830335,336.32558111464834,-2.864084429084833e-12
6034.632693845365,336.5623398159392,-6.4781571974247435e-12
6036.719826179891,336.7943898300733,-4.49247092815156e-12
6037.904551920833,336.9261448387969,-3.5214147997479513e-11
6039.103112287103,337.0594647250273,3.0802474522729214e-11
6039.320780998162,337.0836795844836,8.937605489772643e-12
6039.448456119284,337.0978833875676,-2.592808598258636e-12
6041.769013020452,337.35609668514076,-1.2290229400027231e-11
6042.476698803188,337.4348621241846,-1.2022474945614789e-11
6042.886796175035,337.48051019031124,2.1812483918186075e-12
6043.48362641084,337.54694908474744,3.255439836206632e-11
6045.727393158064,337.79678297227014,8.533057572989397e-12
6045.873939849567,337.8131035496126,6.640405328949642e-12
6046.265645958596,337.85672892496837,-4.7610857941358594e-14
6046.639949082494,337.8984187232949,-1.5779766485317787e-11
6047.073385390078,337.9466979869845,-4.757850005188111e-12
6047.226032745149,337.96370177491673,-8.891088586405005e-13
6047.732313642575,338.02010080019653,2.270373473637803e-11
6048.075289883898,338.05831058457557,4.278446019129314e-11
6048.270566443098,338.08006663164633,-1.7818119740421027e-11
6048.709410615379,338.12896146578623,-1.5786734243060975e-14
6049.510630685281,338.2182403961996,3.152825303771994e-11
6050.16753460408,338.29144718407446,1.1866432990338911e-11
6050.288285496894,338.3049047885766,-2.29181976510055e-11
6050.812463518274,338.3633271845448,5.447212005479484e-12
6051.746409485575,338.467432914868,2.9181455117992845e-11
6054.258702248412,338.7475546322409,-3.123772697690744e-12
6055.084112481269,338.83961360041974,2.2605759960675722e-12
6055.160916466382,338.8481802768818,1.143370503066395e-12
6056.058004467195,338.94824905161335,-5.156567405114852e-13
6056.556729947014,339.00388751672864,1.8094126779943938e-12
6056.565019657215,339.0048123663237,-6.879968991430011e-12
6056.806521442828,339.0317563039408,-5.837172173860804e-11
6056.9602186851525,339.0489045995762,2.089416717084519e-11
6057.4804096487205,339.10694653016606,7.805069769149088e-12
6058.287428618752,339.19700205598457,-3.06840527460584e-12
6058.313897100472,339.1999558861994,-4.247436807515152e-12
6058.726842370678,339.2460414329495,-4.089037490536838e-12
6059.632460235457,339.347121259045,-1.948202711272266e-11
6060.778811646124,339.4750920359105,-2.897687169611841e-13
6061.102559228622,339.51123737003445,3.325894923276302e-11
6061.51550449882,339.55734412939165,9.655350700334606e-12
6061.7858285257225,339.5875284377102,-7.897795312238673e-11
6061.990877211611,339.61042501673774,1.1323197765349311e-11
6062.720028477984,339.6918513178275,-9.64912681315194e-12
6063.139149852587,339.738660171993,-3.4076171556344114e-12
6063.444444562686,339.77275852670135,5.942962760961999e-13
6063.696871465618,339.8009533746801,-1.0609167169105435e-13
6063.936561408814,339.82772665308687,2.1762970677960464e-11
6064.927719329359,339.93844986417986,-4.1604008120189315e-11
6066.895630965405,340.15834081221004,-1.3765724857724964e-11
6067.267745042607,340.19992819768635,2.0494737798319993e-11
6067.629997720995,340.24041592564464,-1.3320545191724396e-11
6068.072066995846,340.2898277531959,7.46931673406009e-11
6070.392713168557,340.54927458485923,-1.4824765602384304e-11
6071.233035576413,340.64324658413284,6.898694266998409e-12
6071.794236277097,340.7060120642146,-4.030467168807264e-11
6074.364179806675,340.99351229764,1.6560842033214389e-12
6074.427808018219,341.00063194514956,1.0339316180229835e-11
6075.624282440847,341.1345247498301,2.9231345169212645e-13
6075.62768608769,341.13490567634074,-1.3520509862050804e-11
6076.186457587929,341.1974446926315,-7.621714717377992e-11
6076.417302072471,341.2232830273803,1.6628819561335448e-12
6077.258090956615,341.31740050386463,2.1364781816709777e-11
6078.084866671216,341.40996205165106,5.839965944867744e-12
6078.646815495749,341.4728821334262,-2.122351572879857e-11
6078.647041818285,341.47290747539756,-1.927733278026019e-11
6079.000915514342,341.5125328632141,4.0545643450422184e-12
6079.3393489493665,341.5504314691727,-3.315061678027879e-11
6079.825756167344,341.604904237473,7.007154984235353e-12
6080.922389432457,341.72773224013775,-6.968682036182734e-12
6081.23411423197,341.7626509043689,-2.293789305515006e-12
6081.389835807948,341.780095132177,3.369600706313754e-13
6081.865613387398,341.83339541092323,1.2877920621100075e-11
6082.275710759107,341.87934103163917,8.422146489588927e-12
6082.758714330232,341.9334587357777,-1.3511891929700001e-12
6083.1688117019385,341.9794111032214,1.8603004071740216e-11
6083.366620564859,342.00157715542633,4.0989913659825735e-11
6083.79837579577,342.04996125747175,-1.0767942869294395e-11
6084.11203565686,342.0851133052038,9.329813189207216e-13
6084.320769637109,342.1085072511891,-1.1383199820126774e-12
6084.952598218413,342.1793245887138,-1.0454799312931546e-12
6085.541289625502,342.2453135935974,1.2892740973138126e-11
6087.171515950092,342.42808613788907,-4.244739039058129e-11
6087.8611398956555,342.5054179429876,8.354409396807197e-12
6088.838538631514,342.6150347248594,-1.1793185185665888e-11
6089.543033258414,342.694055801472,4.685469989417394e-12
6089.761168445708,342.71852523328715,3.700277643976275e-12
6089.931171007512,342.7375959697203,-1.8829697855779614e-11
6089.96630640365,342.7415374936459,7.42291575438792e-13
6090.424248468695,342.7929119728178,-4.2841734606170164e-11
6090.5597329923785,342.8081121181707,4.807099088644047e-12
6091.641138487647,342.9294482116818,-1.857215490314118e-11
6092.764933033231,343.0555632755835,-2.3950379522835316e-13
6092.904376952182,343.0712136469737,3.397733942651504e-11
6093.25704987924,343.1107971959166,1.1707686474790645e-13
6095.456197034813,343.35767828866796,-1.6507120435089958e-13
6095.94831388081,343.4129366056504,-1.492729315484785e-11
6098.4805419316235,343.69734339504373,-6.135378399885287e-11
6100.552281782347,343.93011837602353,3.9491288468392584e-11
6100.995805811082,343.97996178863986,-8.644098498853133e-12
6101.58891680512,344.04662150877203,-1.300181339114354e-12
6102.1751035708585,344.1125093821762,7.224133244399808e-12
6102.192671268928,344.11448410354274,-2.4474982416886867e-12
6102.673471962085,344.16853137649775,-4.6604320391873694e-12
6103.229306291686,344.2310185603845,-3.021487979551628e-11
6103.702400685581,344.2842085611593,-1.2796649718362705e-11
6103.759104668817,344.29058406645714,3.66571791430588e-11
6103.842606559657,344.29997269899087,9.220484938268103e-12
6104.2527039312945,344.34608433989956,-1.995028745316257e-13
6104.692344005589,344.3955212241483,-3.025304999469061e-13
6104.748148983251,344.401796667032,9.38322014994544e-12
6105.373636747092,344.47213863166877,-2.6803464077225024e-12
6106.5106070661,344.6000200623839,-2.3335272518474506e-12
6106.760666378109,344.62814883066693,5.554421150501957e-12
6106.808977547793,344.63358340890915,-4.63148137228821e-11
6107.699724730868,344.7337922733785,5.637250691471793e-12
6108.5419067592065,344.8285510104528,3.5536827863144e-12
6109.936642689447,344.9855094960509,2.4083275334277463e-11
6111.952817716107,345.2124658064391,-2.237041384483815e-11
6114.938732957463,345.54872116640183,2.5826178300997374e-13
6115.400271044709,345.6007113942818,1.6514144420091993e-13
6116.015417102107,345.6700109820083,5.71894799911452e-12
6116.091651507499,345.67859969264515,8.440224536095959e-13
6117.7378260627975,345.8640869105493,3.927457150800224e-13
6117.939560373852,345.8868213089882,1.509568543150034e-11
6119.991440376195,346.1181000098406,-1.3656404410998531e-11
6120.283950348083,346.1510767365514,-2.058153107517452e-11
6121.700268696543,346.3107706547888,-1.3422243116334476e-11
6122.394195294327,346.3890263376803,-6.8607135395401406e-12
6122.9095894663615,346.44715425289394,-3.624224154996525e-12
6123.033085154161,346.4610832450997,-9.120580756541972e-12
6124.154779924925,346.58761127764217,3.3265700666032646e-12
6124.5472064950745,346.63188276908056,4.631290244117491e-12
6125.207363178615,346.70636455678795,1.1354992989260214e-12
6125.458801803744,346.7347350821875,1.3416115787119522e-11
6125.9318685350445,346.78811568525566,4.454811365934082e-12
6126.07702208204,346.8044955622506,-2.3147348501242987e-11
6126.984451788717,346.9069034209037,2.7383214504011003e-11
6127.170869057915,346.92794339508185,-1.4232520186951074e-12
6127.554855036168,346.9712839673569,-1.8425338356662526e-11
6127.79416777501,346.99829661672095,-1.826145573992736e-11
6128.00596214488,347.0222039844075,5.590875293241552e-12
6128.165444456041,347.04020690752407,1.2524943235718633e-11
6128.230390371125,347.04753836464636,2.2438388931501913e-11
6128.604288628032,347.0897475965167,1.1517459515281113e-12
6129.366701838136,347.1758241128127,2.0236230394021337e-11
6131.316640908341,347.39602111253197,1.4697839070289827e-12
6132.001529671991,347.47337884255234,2.9477911091782888e-12
6132.738311796355,347.55660754060597,2.4973446311461558e-11
6134.317619206021,347.7350436307143,2.8499170185286393e-12
6134.954230747065,347.80698338942966,3.644252267487308e-12
6135.752960006386,347.8972536855004,7.56230680102718e-13
6135.913595308157,347.9154096874068,-2.8878168471973896e-14
6136.055015782406,347.93139430331394,-1.965601993717059e-11
6138.173852201959,348.17092839118385,4.58882982663883e-12
6138.904458221876,348.2535424486434,1.9951987910659015e-13
6139.284800399459,348.2965539390859,3.693204457433866e-11
6141.211702297155,348.5145010970788,-8.735190901772086e-14
6143.878158776685,348.81621027208934,-8.844138987943473e-12
6144.369452057758,348.8718143263791,1.2537941723908544e-11
6144.6677747610265,348.90558034422025,9.22481442826187e-13
6144.917072117822,348.9337986260185,-3.367863151532509e-12
6147.697938672635,349.24864602453846,7.683205527317734e-12
6148.549158534775,349.34504890502694,-9.568249897567154e-12
6148.999051043202,349.3960058021742,-4.248106641630082e-11
6149.318015665469,349.43213546277235,-8.757379216271402e-12
6149.92421316072,349.50080564066576,1.308619130725867e-11
6150.471503794866,349.56280865155077,5.821449545625274e-11
6150.681664866496,349.58661944022,3.147080263861978e-11
6151.331479843509,349.66024719946597,-4.2838799394486673e-13
6151.650444465771,349.6963905643549,2.678381205567312e-11
6152.203938866829,349.75911403698814,-5.998506496810384e-11
6152.330611878903,349.77346975660845,6.332687424373234e-12
6152.778075186894,349.82418267024417,1.2091858549216457e-12
6153.131049877161,349.86418939050304,-3.776611553039749e-12
6153.38688042675,349.89318707181684,4.5702200622549045e-11
6153.976306126138,349.9600014243462,-1.3930093015176706e-12
6154.110891644178,349.9752582637546,-2.626830899239955e-12
6154.322686014002,349.9992683034095,-2.237404552697102e-12
6155.085051445616,350.0857005960931,-4.383113781867761e-12
6155.313843933817,350.11164176653284,-2.121271795083762e-11
6155.449582442475,350.1270326567012,6.137259341787523e-11
6155.519160435851,350.1349219809947,-2.132616708299387e-11
6155.873095741276,350.175055453189,2.6505002514685527e-11
6158.929337098829,350.5217051121061,-1.4234195775149905e-12
6161.093739892596,350.7673033729936,-1.1519291265295977e-12
6161.667004869556,350.8323671253439,-6.914712503230247e-13
6161.893292716478,350.8580517429696,6.059359808036679e-11
6162.3898014867245,350.9144108716093,3.822237298437638e-11
6163.139622334018,350.9995322747219,9.678098690548651e-13
6163.209996229608,351.00752181432887,-9.385068533634664e-12
6163.270941255641,351.01444096926116,1.694091807972459e-11
6164.091135998519,351.10756522472036,-1.6970520662403905e-11
6164.267390105473,351.1275785927254,1.412268930277076e-12
6164.813932615674,351.18964124684953,1.897534721610532e-12
6166.141979944087,351.3404706378626,4.185209891841421e-12
6167.45429153266,351.4895447982793,3.175447731004445e-11
6167.637126610754,351.5103167628952,7.058827405035773e-11
6167.771801400878,351.5256176122284,2.910629571494566e-13
6168.949438199307,351.65942706649594,1.2428115239783294e-11
6169.288036347032,351.6979051455797,3.005210431039758e-13
6171.2229878006665,351.91783232162965,5.0232319795098256e-12
6172.261242289794,352.03586907730926,5.958505631585055e-12
6172.385753917727,352.0500258502623,6.978976809030585e-12
6172.478911000613,352.0606178483533,-1.837011432733867e-11
6173.735836309478,352.2035463950533,2.082515864364154e-12
6175.147344034826,352.3640876382401,4.932933147098949e-11
6175.843191862639,352.4432450790447,-5.625534139514754e-12
6175.90479574045,352.4502533704735,-2.645564790152499e-11
6176.003827164359,352.46151970840674,1.1976926393443164e-11
6176.04832982044,352.4665826244874,-2.594383523015862e-11
6176.308552294495,352.4961879821625,3.142308813655936e-11
6176.6680325149955,352.5370878870113,-3.3091433369548743e-12
6176.77406360804,352.54915204184533,1.1865393134272555e-11
6178.295109176591,352.72223849813224,-3.726644199177512e-11
6179.305468092472,352.83723523368764,-1.3806895418783338e-12
6181.617392023651,353.1004438588262,5.1859260017780385e-12
6184.1187596665095,353.38533122054827,-2.9348433519566296e-11
6184.275497182541,353.40318630712096,2.779547097320673e-12
6184.587221981792,353.43869844378185,2.207154577911436e-11
6185.072908737982,353.4940321434202,-4.165383208726698e-13
6185.359976897942,353.52673951184755,1.3724821266110328e-12
6186.325984039382,353.63681355135674,2.359092668811729e-12
6186.613052199337,353.6695275460344,-1.2781955340820006e-11
6187.109320815696,353.7260853918017,-4.681672849099536e-13
6187.410463754765,353.76040771835903,-1.2577492995250884e-11
6187.731569645229,353.79700713343647,-4.8296373244587643e-11
6188.8586031238365,353.92548061911907,-1.8720680559177596e-11
6188.961861759304,353.9372525103545,5.740530145325748e-12
6189.285218305983,353.974117701109,-3.367905619115133e-12
6189.746653289603,354.0267282555316,4.17096478826117e-11
6190.260503435259,354.0853195455045,7.0748146651847985e-12
6190.738950368501,354.13987838947764,1.797503107177068e-11
6193.530337172887,354.4582732787676,-1.0521148432588304e-11
6194.719530277674,354.5939602095173,-9.303329803343318e-12
6195.212964826843,354.6502687375757,6.39148194442241e-11
6199.515748291907,355.1414730791739,1.5720829735600648e-11
6199.599010028892,355.15098157513575,-7.231170475954212e-12
6200.451265946691,355.2483166016587,-5.098031235334765e-12
6202.223633205327,355.45077917787586,-1.2137178130466782e-11
6202.973632596583,355.5364711752229,-2.828276028924669e-12
6203.742475895688,355.6243269591795,-1.3731621774147672e-11
6203.880492723023,355.6400993056242,3.1513056386349927e-11
6204.173078135564,355.6735366678209,-1.28312937336173e-12
6204.815667120632,355.74697881194936,-2.1412028984936837e-13
6206.01861940979,355.8844858919372,-4.434941056299146e-12
6206.567124643903,355.94719328089286,8.867369419172535e-13
6207.770076933044,356.0847391717764,-1.8092255224069943e-11
6209.037179234998,356.2296488191498,3.471975145132851e-13
6210.282369692708,356.3720813743674,1.4767179960902101e-12
6210.446408641224,356.3908472889575,6.09635259226829e-12
6212.159045473918,356.58680107188854,1.4893488455542174e-11
6212.9024362314685,356.6718740005337,-2.8488081836725993e-11
6213.066475179978,356.6906478322021,-5.797524602702762e-11
6213.091131819263,356.69346976339017,-3.059604576289604e-12
6215.808473264461,357.0045357835439,2.106845932725358e-12
6217.563931676613,357.2055631425287,1.1523984780873522e-12
6217.94097959505,357.2487484136927,2.1383095112190472e-11
6217.961573735713,357.2511072438149,4.510768618235513e-11
6218.520825542894,357.3151663147595,-1.9933228883111854e-12
6219.896360475662,357.4727504247185,-5.4000152988978134e-11
6220.046235372951,357.4899225067645,-1.3618302390846592e-11
6220.569288065502,357.54985508908067,-1.0613059864414026e-12
6220.793716291583,357.5755721372629,-2.165261706902045e-12
6220.853254341925,357.5823947098217,5.353759778358861e-12
6221.449872085591,357.6507658186119,5.0389992164829e-11
6221.584368331456,357.66617970446345,-2.8105720224274713e-12
6221.894144237779,357.7016827098634,-1.74364931802038e-11
6222.182605542065,357.73474446643144,7.595346790493259e-13
6222.198285956868,357.73654170827973,3.3992277517559426e-11
6222.756741861814,357.8005531927602,3.1942924058903183e-13
6222.8342046986045,357.809432612789,7.308192580806812e-12
6222.980902271589,357.826248583943,-3.906525574565802e-12
6223.425174423775,357.8771780048322,2.2245923030118413e-13
6223.859448126723,357.9269647611454,7.187267067184914e-12
6224.081330217765,357.95240349218307,-1.6846671892478314e-11
6225.340355300653,358.09676760292035,-2.1233631594945865e-11
6226.176690649688,358.19268080733417,-5.408347684055753e-14
6226.331513219912,358.21043769263844,-4.286207000628982e-11
6226.502387124594,358.2300360475941,-3.797206103865561e-11
6226.741878407449,358.25750536686144,4.00877198020982e-11
6226.7548140271965,358.25898909464945,1.6463015309478097e-12
6226.904688924479,358.276180111497,-2.6395715537407026e-11
6226.909739700774,358.2767594550835,1.2022521407502742e-11
6227.483876020501,358.34261817549486,1.416230717300834e-13
6228.154271306529,358.41952636978596,-5.3312502427795724e-12
6228.317246536503,358.4382242477916,1.1280738674832396e-12
6228.728407626253,358.4853982523406,-1.9171168269674666e-11
6228.847044913109,358.49901051788004,-4.1790104718890365e-13
6228.883333299828,358.5031742450877,3.5258270559573193e-12
6229.4614566773225,358.56951135659233,2.4018450754882596e-11
6230.053682496437,358.63747304495394,-3.674516700482521e-11
6231.454848514781,358.798291503567,1.2042570100046411e-11
6232.958538875915,358.97091739727546,2.5866259982639236e-11
6233.4440885814865,359.0266681229009,-3.5387338525801322e-12
6233.676477091842,359.05335246449295,1.5558460866569088e-11
6233.712854750659,359.05752967101404,3.5168187553412066e-12
6235.016128504467,359.2071992422782,-4.292744665205165e-11
6235.932012633498,359.3123992294056,-1.9442791145754906e-11
6235.952051025731,359.31470104547896,-6.4288357167636825e-12
6236.53024984404,359.3811221014974,-1.0671788637722878e-11
6236.993633720326,359.4343581437588,-1.804004017704048e-11
6239.059677771948,359.6717645747036,-9.838653163615473e-12
6239.281587525477,359.697268611711,5.104458212943185e-12
6241.5667412105095,359.9599535661755,-7.0744021844541795e-12
6242.224125435876,360.03553958009434,3.669618555376171e-11
6242.496487627324,360.0668581071075,-1.5446159986718135e-14
6242.637908101455,360.0831203779805,6.012416176625821e-12
6242.824565524272,360.10458511534284,2.014340804197629e-12
6243.134416871388,360.1402179992218,-1.4363030004949156e-11
6243.355489228927,360.16564238636886,-3.3936091320969835e-12
6243.402208594122,360.1710154538822,-3.5524948084634203e-12
6244.793032905945,360.3309888017043,1.3803132394656369e-11
6244.960832589655,360.3502916188993,-3.5582934414427897e-12
6245.102884253057,360.36663292095034,8.498313416365683e-13
6245.430962149999,360.40437568072974,2.435806093348637e-11
6246.677861346407,360.5478396306764,-1.6278648525981255e-12
6249.182914282394,360.83614900625497,-2.1924895714365706e-11
6250.461051089186,360.9832957528949,1.9658628230025848e-11
6251.26652603187,361.0760422990586,1.7977399392824037e-11
6252.326994127954,361.1981682994298,-6.4562381782951694e-12
6252.352158737325,361.2010665666591,5.1992871650599197e-11
6253.254372953865,361.3049844055402,1.8383238991918587e-12
6253.3170128876445,361.3121998856908,1.7341140628689048e-11
6254.04665829174,361.3962529031736,4.524357491236953e-12
6254.896244854971,361.4941351490098,9.622889619030072e-13
6254.948872508266,361.5001989036191,-5.888085222478748e-12
6255.244752179599,361.5342910888274,-1.220941493519321e-13
6255.283559038833,361.53876265668134,-4.0240179903973657e-13
6256.575949168871,361.6876957369818,-1.866887448896014e-11
6258.5141395550845,361.9111075306225,2.6045104921215598e-11
6259.335562728817,362.00581241184227,8.383726379453072e-11
6259.561370267988,362.0318487666878,-4.96285676619786e-13
6260.2790406674685,362.11460476975515,9.83782944363497e-15
6262.73355189318,362.3977110607075,-2.5089233778881198e-11
6263.585148958782,362.49596122683164,8.831523672836149e-12
6263.9410608192575,362.5370273268744,1.0556551153732033e-11
6264.282403761786,362.5764146167457,5.348429555231931e-11
6265.020112553469,362.6615455774656,6.653525816560334e-12
6265.068423723093,362.6671209946804,2.657731323224317e-11
6265.239297627722,362.68684127845813,8.131506814323349e-12
6265.246400400208,362.68766100970277,-2.4168439606133935e-11
6267.734324451615,362.9748495923855,-6.886591270745179e-12
6268.1123606475785,363.0184974303525,2.877101672420368e-12
6268.69709265855,363.0860154312322,4.8172605994596075e-12
6269.240485506515,363.14876571604674,2.831527912547618e-12
6269.659126572849,363.19711354014305,-2.2506097311719987e-11
6270.1239035934295,363.2507932734884,1.2858795832103879e-11
6270.595021431356,363.30520940477436,-3.729137580178989e-12
6271.619050258888,363.4235032289482,-1.4059708900855028e-11
6272.083827279463,363.47719974219746,1.7629124037664263e-11
6272.502468345787,363.5255694931588,-4.2020400525182114e-11
6277.341837362552,364.0849441131827,6.8237613604691415e-12
6277.652649324751,364.120885094562,-2.878328417731971e-11
6278.405647495674,364.2079659977324,-3.716087469125884e-12
6280.07249163038,364.4007662887726,-5.721865035898478e-12
6280.303651709188,364.42750812096386,-6.852607579654957e-13
6280.496753052656,364.4498478699983,-2.5114227300696058e-11
6280.619782263975,364.4640813850442,-5.217790524915187e-11
6282.118511120354,364.6374949482368,8.531578433207596e-12
6282.330497865424,364.6620266589538,4.5138975891059904e-14
6283.277125465699,364.7715832062841,3.949092945870004e-12
6283.330110207384,364.77771580493294,-4.533354870359613e-12
6283.445721051579,364.7910970991764,-4.654895200554783e-12
6284.244285597033,364.8835331035537,6.3728838652052805e-12
6284.710545034072,364.93750932519777,1.5621400121387634e-11
6285.243897938977,364.9992574891377,-1.57135749891802e-11
6285.38940857419,365.0161046830458,-1.847551766585239e-12
6285.9510003094065,365.0811293257101,-1.2681539971395956e-12
6286.893098934711,365.1902245100667,-5.5279163881685834e-11
6287.113210677012,365.21571584418984,-4.901538257299803e-12
6287.139157357339,365.218720810821,-3.7999380860462834e-11
6287.655450534283,365.2785169254671,6.913939326435185e-12
6288.642847717835,365.3928891041307,4.038735494168161e-11
6288.876718644604,365.4199814691503,-4.966699687007216e-11
6289.101222311413,365.445989648268,-1.2555136922710833e-12
6290.008082437255,365.5510565383385,-3.0189145352121326e-12
6291.238374550365,365.69361978916584,7.159751652819024e-13
6294.888598240923,366.1167628937903,-1.8379929562939228e-12
6295.734918207493,366.21490548152786,-3.848759572659615e-11
6296.241363816865,366.2736412137748,6.35113609223047e-13
6296.733480662088,366.33071967376605,4.3490064702393983e-13
6297.520056371629,366.42196038093437,-6.358465683234858e-12
6297.594685141221,366.4306177132764,-1.094012409679358e-11
6297.6709195465055,366.43946141378626,2.412271635882397e-13
6297.963772775135,366.4734353410637,7.944825765711377e-12
6298.824977254261,366.5733528978937,-4.4824761233117315e-12
6299.272440561744,366.6252733028121,1.50929245480162e-12
6299.317094099473,366.63045477866837,1.0182938617400926e-13
6299.610860164928,366.6645435147523,2.359747476102537e-11
6301.269565470875,366.85705019482805,4.092827408342964e-12
6302.48154176196,366.9977422658279,-2.6956284831792843e-11
6302.840644777884,367.03943387741873,-4.4337704184437913e-11
6303.6915213818575,367.138229544639,-4.4530074977220455e-14
6304.888853314135,367.2772748839871,1.2050596499950004e-11
6305.022718370645,367.2928221828403,2.0082180750132634e-11
6305.501165303468,367.3483924626837,-4.267548074390547e-11
6305.957384797442,367.40138501476747,-4.4089221475470175e-12
6306.9352776704645,367.5149858856676,-2.1876098406309084e-11
6307.258497166416,367.55253785580436,-3.872915590140259e-11
6307.278253911083,367.5548332769258,2.5234601349952264e-11
6307.756700843899,367.61042343552066,-7.431684131054563e-11
6307.87819986035,367.62454092764835,-7.775224355382028e-13
6308.223619132639,367.6646781607106,-1.1074581642509729e-12
6308.496852667014,367.6964290695558,-2.4490238773918136e-11
6309.206459678583,367.77889487203254,5.332385675570419e-11
6309.8261623725075,367.8509201805406,1.805430177662493e-11
6310.479154673025,367.9268222474155,-1.3800973024260168e-11
6310.740427034075,367.9571940432992,5.930419314818028e-12
6312.601511671162,368.1735735620798,9.857897571606607e-12
6313.093628516324,368.23080032888686,2.2102233295902293e-12
6314.421092432289,368.3851893053888,-5.846473819615617e-12
6314.929068236437,368.44427736265004,1.4605987900566896e-11
6315.726479791083,368.53704235135183,-1.082636819282935e-11
6315.759783228935,368.5409168828991,7.201328140146136e-11
6316.888511614231,368.672245548641,3.903802567169812e-12
6316.922954211444,368.6762533479359,5.5899270908346935e-11
6317.711087778224,368.76796788364743,-5.107523584396944e-12
6318.084896762483,368.81147176646533,-2.195680216297096e-11
6318.41534225007,368.8499311497352,-1.403917372462517e-12
6318.74715321956,368.88855148053784,-1.9171244146410285e-12
6322.391365517917,369.31284416096366,1.1268915348451411e-12
6324.146823928653,369.5173180629489,-3.5249629025073227e-13
6324.31769783321,369.5372243026968,5.678989486198712e-14
6325.449137066411,369.6690467695642,-7.274378953400311e-11
6326.032221947675,369.7369904143805,8.281579252613838e-13
6327.208884298262,369.8741194182525,-7.131725861119526e-12
6327.379758202813,369.8940352961827,-3.3107985015139545e-12
6327.646980345697,369.92518193519595,-4.812977015919717e-12
6329.615804814516,370.1547029603814,-6.609303423227745e-12
6330.09498603988,370.2105756088472,-4.9063473471364036e-11
6330.792151570437,370.2918728342685,-2.5494863223053672e-11
6331.025034219457,370.31903152635874,2.0584565359480413e-12
6331.9135785231,370.4226624260416,4.830760965612417e-13
6332.528724579464,370.4944154145177,1.9315194982832435e-12
6332.6738781262275,370.51134769576794,3.0410484287095445e-12
6332.774288863173,370.5230609183594,9.18184008156994e-12
6333.417268883099,370.5980709259882,-4.441991067557481e-12
6334.01045531691,370.6672787708069,6.282068165709795e-11
6334.602818185995,370.7363969974362,-4.898699497507469e-12
6335.394801760006,370.8288175131544,1.5872354693634637e-11
6335.600811060621,370.8528596601588,2.6949593914593664e-13
6336.780019546152,370.99049326712384,-1.1128637047116885e-12
6337.291680644608,371.0502207535944,-2.500098656854998e-12
6337.918129022484,371.12335421446375,3.268805587166984e-12
6338.071826264469,371.1412983954444,-1.999111347763994e-11
6338.409017436091,371.18066705063893,9.815365083092357e-12
6339.947150393225,371.3602778748756,2.0875989625911977e-11
6340.334553848939,371.4055226123186,1.2422361666421108e-11
6343.361478822114,371.75913149176085,-3.869069414767763e-12
6344.366217380758,371.876543522253,4.789576851681699e-11
6345.991015721552,372.066454029852,-5.7852913474227144e-11
6346.325928574428,372.10560552962517,1.8095129201537012e-11
6346.755316213628,372.15580420740696,1.4169476121435223e-12
6347.360196004402,372.22652501326604,1.9079662456493893e-12
6347.4195215634045,372.23346154996676,4.925519952053867e-11
6348.998396441222,372.4180925422941,-1.0314742567649825e-11
6349.236659292394,372.4459585900132,-5.937979789305143e-11
6349.976289313936,372.5324687303732,2.1945043003730197e-11
6350.159289104722,372.55387468647575,2.1287369416159964e-11
6351.287413962972,372.68584797518696,5.798063030120052e-11
6353.1100689445275,372.89912016099413,3.0447629045213415e-12
6354.668528225839,373.0815268580613,-6.206962678329534e-11
6355.530885695224,373.18247896184056,2.2928032936416346e-13
6355.62267729608,373.1932253763855,3.418398027730967e-12
6356.269060962732,373.268904525297,-5.414449242840697e-12
6356.397305663221,373.2839204387709,1.9496317358528128e-11
6357.328088135245,373.39291296106876,-1.743902782519624e-11
6357.555261156149,373.41951683085085,-2.0378904196491643e-12
6358.329889523277,373.5102394696253,3.367682556607669e-11
6358.7770988455195,373.56262059841356,3.040119426989073e-11
6359.197133055986,373.61182209175803,1.1488216466430037e-11
6362.081573836219,373.94978424976716,-2.7429472721430345e-11
6362.225375732308,373.9666371414525,-3.293159092434835e-12
6364.318025314093,374.2119287289399,-5.166178452524707e-12
6364.891008642613,374.2791054936985,2.6206908989826647e-12
6365.143435544953,374.3087020305677,4.709096517749503e-12
6366.855502795982,374.50946938388,-1.940503646407215e-11
6367.163899388814,374.545639571256,2.227085301646522e-12
6367.436337020853,374.57759378184755,-3.7831926777050566e-11
6367.4372976360155,374.57770645482145,3.4885036726934154e-11
6368.182712726378,374.6651431940519,-9.233740272714485e-12
6368.458087528925,374.6974470808534,2.0037803917032204e-14
6368.865337001317,374.7452235869844,-2.502408805130443e-12
6369.173644322045,374.7813947181712,1.4038455973854974e-12
6369.880973014573,374.86438632153704,-1.573580158248291e-13
6370.918671753713,374.9861572606388,2.327711731748439e-12
6371.248232066858,375.0248343582299,1.0811928299007068e-12
6371.325921226099,375.03395222561056,3.326830718949725e-11
6371.516998235753,375.05637815475313,1.7699281399163532e-13
6372.173154029021,375.13339360366587,-7.948463588373061e-12
6374.068715209552,375.3559272281236,-7.302721238905186e-13
6374.724871002805,375.4329735192201,-2.5985917503143652e-11
6375.279984869871,375.4981615867234,-1.0707679865388645e-11
6376.3223295185235,375.62058141923796,2.8324850507942864e-11
6377.012824805612,375.701688761704,2.6968681812837427e-12
6377.212266966283,375.72511738275256,-5.52235534880354e-12
6377.863866122069,375.80166633455036,-5.357414297941472e-12
6378.53002036453,375.8799332825322,-1.8151762803777566e-11
6382.195801248357,376.31077481269057,-5.712474178817683e-12
6383.453433185354,376.4586421132683,2.2066683602737086e-12
6383.841570933572,376.5042836706929,-1.7073926318724797e-11
6384.087629356024,376.5332193965463,1.7068710669490546e-11
6384.3146376639415,376.5599158756795,-2.069838860666381e-11
6384.423502823971,376.57271890016136,-3.1300424047680504e-12
6384.6936621372515,376.6044917738057,-1.4548491786492539e-11
6384.765250632933,376.61291137287793,3.3852163802038178e-12
6385.001324437416,376.6406769329148,3.6547000863647535e-11
6385.425585859363,376.69057855225924,1.0733265514543914e-11
6385.522970153663,376.702033358751,-1.0810227283993152e-12
6385.572269600916,376.7078322621438,-1.3308291864065026e-12
6385.738449817508,376.72737972839036,-9.118323555021034e-13
6386.245780600864,376.78705924111387,1.603632124320917e-11
6386.744148991006,376.84568908509084,-2.1875477924544365e-11
6386.917301214211,376.866060404283,-8.449746107251641e-12
6387.906180813552,376.98241244514895,3.7048063433258274e-11
6387.980150731313,376.9911165047275,-2.0524700983322617e-11
6388.8003454728,377.0876357893399,4.18771827592858e-12
6390.808560210876,377.324011797055,2.68093274890132e-13
6391.221402376665,377.3726144033769,9.439031549534092e-12
6394.180471925773,377.72106822847337,-5.9704651811865655e-12
6394.191458652669,377.7223623029385,1.1156964654420061e-11
6394.544131578912,377.7639031558988,-3.003148917328344e-12
6395.668077003575,377.89630640845036,2.4421834803284002e-12
6395.692404216938,377.8991724651801,-9.944108382641644e-12
6395.754488402227,377.9064868252937,1.1445457954622389e-11
6396.177191966786,377.95628893279627,2.4996048528051938e-11
6396.902761040242,378.04178173599723,-7.279178359703239e-13
6397.31889746492,378.0908188928515,3.37100992987258e-13
6397.677554120096,378.1330852427273,-6.4297888740369186e-12
6398.344724302645,378.21171506534887,-1.7432957786324542e-11
6398.43186999392,378.2219862890359,-3.27725746341394e-12
6399.388763858916,378.33477755450326,3.883424125259777e-12
6399.935560353196,378.3992372790566,4.371936730871714e-11
6400.12181290906,378.4211951302412,2.8088474166932057e-11
6400.668609403337,378.48566223833075,-3.064287304485348e-11
6401.625503268316,378.59849292998854,1.716629137616394e-11
6401.712648959591,378.6087694202541,4.484359837571799e-12
6402.824256006658,378.7398658449253,3.3970285911485346e-13
6403.163142085913,378.77983661168525,-3.011069752165005e-11
6404.212575675583,378.9036281018727,-4.1431577230104806e-12
6405.169380268439,379.0165107287335,-1.94534843379642e-12
6405.843597898411,379.0960642222047,1.243158676769304e-11
6406.193752352107,379.13738357693796,-7.217982396996409e-12
6406.285756444213,379.14824073118655,1.7585412636326492e-12
6407.691836186585,379.3141878022453,-1.6550165610202888e-12
6407.772537957158,379.3237134186997,1.0293831811858102e-13
6408.034078134325,379.3545850827209,1.7609793132836658e-11
6408.187281237395,379.37266944679834,-5.811143789046169e-12
6408.375825943228,379.39492618936845,-2.457855466894357e-11
6408.483956810615,379.4076907831936,5.0493547927291623e-11
6408.794377737036,379.4443364379793,-9.607482197867491e-12
6410.586707944283,379.6559584126117,5.7468270844450676e-11
6411.055128765009,379.7112750168282,1.6337515615015434e-11
6411.083216713603,379.7145920984649,-2.5565619815468303e-11
6411.396876573907,379.7516351416755,4.046513660909966e-13
6412.652978315798,379.8999981721263,-5.294081783187002e-12
6413.074631993042,379.9498078329493,-2.6232484395301004e-13
6413.231835985132,379.968379071264,-4.546660191567334e-11
6414.751666950786,380.1479472432491,-2.5331993188243576e-13
6415.681220990959,380.25779511122937,1.687023172263459e-11
6415.882838366947,380.28162287219135,-3.025645682190943e-11
6416.665454680548,380.374121967231,-5.178916979098436e-12
6417.046009348616,380.41910461388943,1.6048780579353044e-12
6417.595008720709,380.484002605032,-4.8108727535965356e-11
6419.876621705475,380.7537747820598,6.052228300912025e-13
6420.361409455244,380.8111072176398,-2.738499396582184e-12
6421.337593588414,380.9265667809737,5.760795730426981e-12
6421.772182885362,380.97797409357804,-5.213845799477866e-12
6423.23315476828,381.1508171060151,-6.474234446830695e-12
6423.530743178295,381.1860286797425,1.907207149299285e-11
6424.455905293905,381.29550711895206,1.981147074009317e-11
6425.481059448395,381.41683646402333,1.3564205363565299e-11
6426.0368937766325,381.4826288251609,1.2008266994570395e-11
6427.49993148695,381.65583120161205,3.3917920885803137e-12
6427.538738346134,381.6604259058622,-1.684709513658547e-11
6428.80224462374,381.81003929692207,2.901447555708826e-11
6429.138118091579,381.84981545065045,1.8856891881614962e-12
6429.452526075724,381.8870514159398,2.465409506766795e-11
6429.958312832826,381.9469565722564,-2.021311003408831e-12
6430.678186109292,382.0322261662273,-5.019901339293555e-12
6433.872355015561,382.4106933035625,-1.4035919791910444e-11
6434.441529830229,382.4781527853261,-2.90632673558411e-12
6435.156832637968,382.56294004583003,-5.5129869764351556e-11
6437.221483542179,382.8077229628349,1.0445327962367267e-11
6438.224767346148,382.92669962250403,-2.367230494628111e-11
6438.496470685425,382.9589233628931,-1.0737657903325596e-12
6439.055228352863,383.02519572922046,4.814353984119088e-12
6441.536571429994,383.3195689586631,-2.2661228106017942e-12
6442.060852553156,383.38178137175396,4.8750863303431714e-12
6442.658266198069,383.4526780313539,-9.927255884659683e-13
6443.150383042771,383.5110837791415,1.911317183285594e-12
6443.380088367307,383.5383473506343,-6.221145914098354e-12
6445.022666896257,383.73333222399015,1.7034034481592802e-13
6445.16441679607,383.750161198834,2.524079263967824e-12
6445.611880103082,383.80328781804843,2.8992170697638783e-13
6445.656533640765,383.8085896651948,-8.019692139302602e-12
6446.011546495194,383.85074270258485,8.121746459546971e-12
6446.114338654139,383.8629483327123,-4.0945814044588523e-11
6446.300996076678,383.8851126946091,7.482494382776167e-12
6446.685462361591,383.93076760215837,-6.802292402297815e-12
6447.206703210874,383.99266867235843,4.006046426611893e-11
6448.087197957395,384.0972450739288,-3.002029512607911e-11
6448.352965346048,384.1288130847412,-1.4618738062336962e-12
6448.471664242303,384.14291263159254,2.307670976330716e-11
6449.359982222666,384.24843896210496,2.890379505505153e-11
6450.021278063957,384.32700599473463,9.158327380179813e-12
6450.764579548104,384.4153255444798,2.821395577158783e-11
6451.91310617072,384.5518142123546,-1.9741238424309696e-11
6452.214249109201,384.58760547374266,5.710859611532284e-12
6452.6185614108435,384.6356611859228,9.612370924114907e-13
6453.321512009705,384.71921958863345,-1.0000877689710781e-12
6453.361862894977,384.7240162979798,-1.0039378353016673e-11
6453.563926631413,384.7480370650824,3.6242337214199202e-12
6454.128860403186,384.8151987894416,3.427583016259638e-12
6455.142801508039,384.935755155844,8.265932577116259e-12
6455.962996249138,385.0332891703743,5.499765160672387e-12
6456.434608225266,385.08937683995833,-1.8361526755059327e-11
6457.4201596181365,385.20659930613385,-1.759662413613708e-12
6458.608481377545,385.34796327476613,2.0131702218272204e-12
6458.721182713598,385.3613716911476,3.237634917131e-13
6459.960588100114,385.5088429065613,7.820705096226423e-13
6460.216418649119,385.5392865443657,3.651195855648702e-11
6460.461982932605,385.56850963851997,-3.8955003190833654e-11
6460.6435141379925,385.5901132642031,1.9616516568031045e-12
6461.882919524492,385.7376283677694,-1.77669212664355e-13
6462.239071538245,385.78002312307876,1.5805690628037068e-12
6462.540303748803,385.81588229260007,-5.079643237759028e-12
6463.198436096992,385.89423324701835,2.724963617411525e-13
6463.282164310141,385.9042017008494,1.8308341877600293e-11
6465.0166991525975,386.11073975985573,-9.782240784866874e-13
6465.3187549278755,386.1467124250673,-1.7502204509598307e-11
6465.932418567148,386.2198005160851,-5.009461829756996e-11
6466.0161467802955,386.229773186621,4.264544265891674e-11
6466.370020475313,386.27192367638406,-2.25016581141722e-12
6466.43162435299,386.2792616533904,-5.105101649167974e-11
6468.323390849948,386.50463441039057,2.2073562376140172e-13
6468.523388758918,386.5284647136747,-1.3469778880789283e-11
6468.548539536994,386.5314615505085,3.288518794916417e-11
6469.143585590971,386.6023675644453,-9.246336402302887e-13
6470.086404676408,386.71472775776124,-5.3023087164743714e-11
6470.834098084955,386.8038455463921,7.156667178375252e-12
6471.210933511412,386.84876457034403,2.4145523582559978e-12
6471.654292825964,386.9016166335795,5.43789393221695e-12
6473.931513885366,387.17313710509137,8.213992352050471e-13
6476.91847900589,387.5294274916546,-1.9981406105974496e-12
6478.29230519702,387.69335504430455,1.8889539079077256e-11
6480.478798374061,387.95432326546756,-6.710744797433432e-11
6481.467677972755,388.0723796070876,-5.3412061350996806e-11
6481.607526758033,388.0890767597929,-9.703946910770421e-13
6482.3698921877985,388.1801052082609,-1.0406437875464118e-11
6482.663795303303,388.215200876773,4.8053768296131424e-11
6483.094308270199,388.2666123242753,2.819862871353013e-12
6483.795159094386,388.3503145636453,-2.95372845316071e-12
6484.016066738595,388.3766993209731,-6.2573769303684595e-12
6484.249505135787,388.4045817026805,2.5219456969089974e-11
6484.645466117581,388.451878425062,-1.2489566313778629e-12
6484.89665075699,388.4818834091976,-1.7443661969513806e-12
6485.729945830591,388.58143207670156,2.752196359265116e-13
6486.537040238847,388.6778629049358,2.4770312994556003e-11
6487.194678448092,388.7564457288051,2.089668491288289e-11
6487.370335312435,388.7774367521912,-3.025697943364874e-12
6487.62151995184,388.8074543442745,-3.639788211519985e-12
6488.778693372739,388.9457563126532,1.7473219861506065e-12
6491.033734771389,389.2153431077137,-5.268832477682635e-12
6491.1570317988235,389.23008578207674,5.395384112604295e-11
6492.095623672557,389.3423227636166,-3.3692339073300642e-12
6492.0987733343445,389.3426994280472,8.229870529357312e-13
6492.70050346271,389.41466299434796,7.267812311370504e-14
6493.052517536928,389.45676500593856,-3.0177113043742607e-12
6493.125499176964,389.4654941296917,4.851069278261771e-12
6493.549266459755,389.516181652626,3.494390154013905e-11
6494.178082427763,389.59140149248515,5.5468517528196665e-11
6494.282809648253,389.6039298156791,5.915424709440996e-12
6494.646544741982,389.6474443398837,1.84811270951193e-11
6495.239703512609,389.7184106107313,-5.305928636999169e-12
6496.166094059224,389.8292581210692,-4.102456926214264e-11
6498.287401167299,390.0831432401632,3.467177424653404e-11
6499.811026814371,390.2655469957094,1.1447291229787874e-11
6501.273570385108,390.4406784190414,-1.799740700014996e-11
6502.011656379764,390.52907505413873,1.8198090221289844e-11
6502.25096911794,390.5577384226737,-5.42839037261359e-12
6502.999575363151,390.64740856294776,1.8543138325097375e-12
6503.128032554787,390.6627965606883,-2.4398682824054374e-12
6509.411032070142,391.4158135115673,-5.264283052970077e-12
6509.546859850546,391.43210048943433,6.945267099587364e-11
6511.387185631447,391.6528056709535,-7.023789852896245e-12
6512.725114471091,391.81329894160893,-3.7141509427168456e-11
6513.041245025354,391.85122567483285,3.0627433022411567e-11
6513.06809071121,391.85444648332776,2.339832703771937e-13
6513.637759664402,391.92279558924133,-1.0978838237259005e-12
6513.798394965726,391.94206975660353,4.638430073799374e-14
6514.695304419241,392.04969607608,-5.45501581595088e-12
6515.131211419473,392.10200889907674,1.731081044973732e-11
6515.256518949312,392.1170475953288,-6.161297601904849e-12
6515.804543874617,392.1828218251491,-8.21175521896217e-12
6516.589335403047,392.2770225367658,-1.9324803193631673e-11
6516.735806653184,392.29460514494116,1.6820429356874857e-11
6516.896112528612,392.3138489333094,-6.571385061132994e-12
6516.99530866522,392.3257570898973,-4.3003975198071894e-11
6517.665134370167,392.4061721168785,4.751643923454791e-12
6518.432852339411,392.4983496331974,-4.3053914903970316e-11
6518.84407503789,392.54772833287984,1.785101071517572e-12
6519.588618784404,392.63713940238256,3.94723630964468e-13
6520.272848694312,392.7193164836847,5.803158505789567e-12
6520.341692394874,392.72758519719616,2.442186187203016e-12
6520.565358665333,392.7544500197076,-1.1983485132464767e-11
6521.526418131488,392.8698945052614,-3.993427431626765e-11
6521.5622123792955,392.87419451427434,-7.641162884763545e-12
6521.777033191156,392.9000017104775,7.101641134031135e-12
6521.891772692094,392.91378612737935,-5.214974716240391e-12
6522.961758927757,393.04234234263595,5.384225277131856e-11
6523.629169263517,393.12254073331087,8.631772702754777e-12
6524.203305582018,393.1915375528763,-1.0291068716235156e-12
6524.791111812862,393.26218344449507,-9.340938963364012e-12
6526.800588927588,393.50374188860377,6.818308939741204e-12
6527.623254362465,393.60265563230166,2.4005569707403283e-12
6528.041895428028,393.65299601467075,-4.222871537058924e-11
6528.78585576356,393.74246306856645,-4.406818178160975e-13
6530.329897006735,393.9281786524561,1.554764983029056e-11
6530.748538072288,393.97853990751395,1.6110709827592996e-11
6531.509194762757,394.0700528707324,-1.060200925027901e-11
6531.738556830009,394.09764901698054,1.6978952463551823e-11
6532.226865160846,394.1564040177013,-2.6588487069775603e-11
6532.602787750319,394.2016393573043,6.304939223503302e-12
6533.144231704431,394.26679671043155,2.8059740189666517e-11
6533.320458148401,394.28800496154685,-7.818236144501403e-13
6536.148867625121,394.62847266203175,-8.773494541764121e-13
6536.88322054688,394.7168939495243,-2.9355803743425916e-11
6538.19602627074,394.87498980006256,3.397464183186486e-11
6538.45526046644,394.90621207269123,2.6585057391547457e-11
6539.443886079703,395.0252939086591,6.459470121391034e-12
6539.549347592785,395.037998011276,1.7251250518146775e-11
6540.76811105967,395.18482753564854,6.62959716372239e-12
6541.506286326227,395.27377189753076,-1.160765126994507e-13
6541.896928715286,395.3208453198459,5.6467859067403496e-12
6542.101016785277,395.3454395801898,-1.5565722438178912e-11
6542.682948675041,395.4155712846204,1.796111958497429e-12
6543.093313861646,395.4650303244343,-1.9880124373604377e-11
6544.197070011281,395.5980753235782,-1.1337877693937714e-11
6547.232552506621,395.9640832478233,-6.274877543716724e-13
6547.733782625866,396.0245361599479,-1.1356841379238449e-11
6548.415748048177,396.10679482559976,2.544901958154538e-12
6548.979721204425,396.17482773662414,5.882007983240387e-12
6549.309974316025,396.21466937504067,3.816752719614018e-11
6550.184382229646,396.32016739085344,-1.8862956401198517e-11
6550.855827401386,396.40118734906224,-4.958250645122922e-13
6551.239813378446,396.4475247648555,-2.7016207083914237e-12
6551.446344480096,396.4724489793643,6.763003832821013e-13
6551.636494821432,396.49539705518185,3.6049230130649265e-12
6551.637455436593,396.4955129876114,-1.202782375679921e-12
6552.209505811717,396.56455425690774,-1.1051802994843988e-11
6552.283448066884,396.57347885348645,-6.935524148285784e-11
6552.444474403647,396.5929145720559,4.728494786238785e-13
6552.625195875452,396.61472804266265,-9.209243496508425e-12
6553.789506015396,396.75527720615963,3.0022317721493818e-12
6554.194580271897,396.80418141405767,2.8543724825889574e-11
6554.604094231236,396.85362469525097,5.694106441755313e-12
6555.672550271822,396.98264087996677,-1.487914435656982e-12
6555.840095970117,397.00287394885027,7.872006989306102e-12
6557.419224830694,397.1935973138717,-5.299440417034858e-13
6557.592480157049,397.2145254695614,-2.7604953433691324e-13
6558.093607172907,397.2750615795397,-3.3537282132446886e-12
6560.568129123115,397.5740514840999,-2.744815225553906e-12
6561.052676718626,397.6326112869582,2.121331334611668e-12
6562.187142392562,397.7697335919929,1.046699838617078e-11
6562.639477931303,397.8244137757629,1.6460721560662026e-12
6563.063739352731,397.8757036699361,1.6245262505901366e-11
6564.549758908948,398.05537798032,2.284530413415398e-12
6565.031712591087,398.1136596338875,3.894372451758806e-11
6565.128644240195,398.12538189285664,1.7950309848101827e-11
6565.3040747819105,398.1465977177942,1.731699441529437e-13
6565.616369159987,398.1843666769175,1.0859692319250388e-11
6566.344518314703,398.2724361930493,-4.267116640905562e-12
6566.543480167535,398.29650229416814,-1.7383509092567556e-12
6566.551543555167,398.29747764375594,-3.335056621967223e-13
6567.170017816512,398.37229202966097,4.889431165748676e-12
6567.578001580973,398.42164806954173,4.48008533253107e-11
6568.409423202121,398.52223920680166,-2.1690146030734673e-11
6568.584853743832,398.5434656337401,-1.5933110329030934e-12
6569.314574587143,398.63176515813797,-9.374938647375332e-12
6569.574076599089,398.66316844030507,1.411304441039203e-11
6571.901646991445,398.9448916588185,5.353525042922977e-12
6572.4916422687265,399.0163190454103,-2.5458648366786175e-11
6573.157961223241,399.0969942173519,-6.248165636829578e-13
6573.630890902557,399.15425956973337,-1.845124726932541e-12
6574.142552000174,399.21621941008436,-6.899060140937389e-11
6574.478425467683,399.2568947868592,7.182919031590642e-14
6574.817998060829,399.2980202523731,-1.8132380838382975e-11
6575.079435134345,399.32968421169295,5.5711265786486896e-12
6575.65763395126,399.3997172508566,-1.542430171973668e-11
6578.007644273612,399.68442037713265,-2.455289536891611e-11
6578.269081347121,399.71609969730594,-1.4377415600363332e-13
6579.075379852662,399.81380986971664,-4.4489617053754236e-13
6579.554410195506,399.87186617208613,-9.015826736933834e-12
6580.601853397317,399.9988262582716,7.521001532686885e-12
6582.143149844912,400.18568280800423,-3.331865173441594e-11
6582.787118141397,400.2637662105919,-2.3390590222180962e-11
6583.128865949897,400.3052074272957,4.193471118106948e-11
6583.405592402678,400.3387655637944,1.679323144220745e-11
6583.9182141154215,400.400934035771,-5.70219000224721e-13
6586.0874413562915,400.66406180939646,-2.2553082348566127e-11
6586.6605416185475,400.7335934809995,-6.231828909406121e-13
6587.644775306995,400.8530202354725,1.3524051228040044e-11
6588.046884730392,400.9018172614264,-2.366626306894407e-11
6588.825109118579,400.9962652783637,6.419606408991788e-13
6588.869460892836,401.00164829987693,-8.83942902318797e-13
6589.121125839653,401.0321938254442,-1.1303807673562043e-11
6590.049060411785,401.1448308324282,2.902958611940778e-12
6590.105359528084,401.15166519093333,2.3003180105395683e-12
6590.15964814196,401.1582555423895,9.387632122510521e-13
6590.911493320618,401.24953116480884,-8.974218315259512e-12
6592.131800813187,401.3977012860241,-1.6812973444303935e-11
6592.717898304722,401.4688751798398,3.2884037689819e-11
6593.693272703284,401.58733570283556,-3.3839868709740556e-12
6594.02362891814,401.62746187914917,3.000664682295051e-11
6594.103370073452,401.6371478091079,9.81303206313286e-13
6594.510139237634,401.6865587182255,-2.151979180416649e-11
6594.811103631624,401.7231193123883,-1.299436074708743e-11
6594.905338264001,401.7345671030635,2.888033361613675e-11
6595.397201123153,401.7943221327997,1.2478211660996052e-12
6596.484213139128,401.92639596019706,1.358382835863024e-11
6596.830517585042,401.968477116997,7.181784911621294e-13
6598.020561913638,402.11310209703373,-1.1155388946358519e-11
6598.180044224255,402.1324858161619,-1.4011086605729322e-12
6599.150113861453,402.2503996263705,-8.177825619288682e-12
6599.160544839906,402.25166762584854,-2.076338817256315e-12
6600.112058501423,402.36734294503873,1.0057803672164767e-11
6600.271540812039,402.3867328085084,-1.976595966796569e-11
6600.656274912854,402.4335107189332,1.4452423321682442e-11
6601.005983005589,402.4760323564074,-2.6631069404808287e-11
6601.949206956928,402.59073188939755,-1.1565424789687904e-12
6602.880078699486,402.70394541579066,-4.352353521465509e-12
6604.093688286225,402.85156976418375,-3.711257725930843e-12
6604.708697291,402.9263902626973,3.3952032078969104e-11
6604.947920756915,402.9554954894168,3.86708394829218e-13
6605.138084929439,402.978632647994,-5.060592377978701e-13
6608.222358900656,403.3539873935631,1.3992407132838429e-11
6608.4066763946785,403.3764242979653,3.282126692208339e-11
6609.670182670745,403.5302473260246,4.915528931338011e-11
6609.756758782216,403.54078843698187,3.831727769719871e-12
6610.730561492062,403.6593637071216,-2.0188596869059857e-12
6610.987050892588,403.6905980936094,-3.1722361170537953e-12
6611.894871631562,403.8011590787333,-6.052242488293605e-14
6612.540864261599,403.8798419851737,5.094657729732323e-11
6614.088035049884,404.06832104455117,-3.0940511169936744e-11
6614.406999671083,404.1071833564949,6.112951311910646e-13
6616.174405420326,404.3225561656424,2.7260924587515014e-13
6616.493370041522,404.3614307361496,-3.4600111176580735e-12
6616.8051979431675,404.3994373136793,-9.430082051626045e-12
6618.081056427942,404.5549616652544,-1.0241790491601787e-12
6618.242981770205,404.5747021536972,-1.916776605592423e-11
6618.958209136215,404.66190205086957,-2.0129342046521013e-11
6619.271821217744,404.7001403343254,-2.688058976215296e-12
6620.234067620971,404.8174770029028,3.5670185458216198e-12
6621.240288594215,404.94019418922767,4.926704759064489e-12
6621.457881863493,404.9667339875356,2.484244339626565e-13
6623.353052005328,405.1979243089609,-1.6048788248932017e-12
6623.526204228255,405.21905031157564,-5.9928438586557055e-12
6624.191864330768,405.30027148969367,2.874563553540282e-11
6626.158575189799,405.54028935021233,-2.401493229926564e-12
6626.428782280972,405.57327105483523,2.1764568468963464e-11
6626.557280966267,405.58895618422395,3.5833084321349032e-12
6626.601934503896,405.5944068677429,4.416400107392578e-14
6628.935845712722,405.87934945387656,3.925985102406816e-12
6629.111276254365,405.9007714749674,-5.615801569744129e-13
6631.374003834331,406.17712650149673,2.0762556155871162e-11
6631.859779861078,406.23646836539547,-2.6400697073755917e-11
6632.4800521333045,406.31224646113475,-5.331625151678793e-11
6632.543275477858,406.31997079727336,-1.648720615716459e-11
6632.740995067886,406.3441277384906,-1.4517067294633085e-11
6633.1635477500795,406.39575670252196,-3.330233403625915e-12
6633.178700078921,406.3976081281204,5.232683822004545e-12
6634.583194299285,406.5692381687892,1.3157701576119883e-11
6635.107310708828,406.6332948200526,-2.272852130439929e-13
6636.049381669345,406.7484459154805,-2.160124400574965e-11
6636.4084846844435,406.7923440522165,-9.831775871571517e-12
6636.722069103427,406.8306797631798,-1.5811999376488724e-11
6636.911739137077,406.8538678134635,-1.557758824218842e-12
6638.526497531658,407.05130642921984,-1.9320961012146695e-12
6638.739204737578,407.0773179970151,-5.2823519559961945e-11
6640.194000513986,407.2552446043949,7.604580537265813e-13
6640.920317710126,407.34409032650456,8.246005425615026e-13
6641.3987646418445,407.402620978639,-3.8710441267561577e-11
6641.791459026833,407.45066427122435,-2.455759153952984e-13
6642.998144385002,407.5983111953165,-1.702140059622773e-11
6643.011320158503,407.59992349718743,-4.695448748774897e-12
6643.476591316713,407.65686015999773,8.395197483208174e-12
6643.905738801256,407.7093797930185,5.022614832650219e-12
6645.2693263878755,407.8762799486538,2.102814668310135e-11
6645.585443110609,407.91497683868704,-4.660446222767889e-12
6646.186692930784,407.9885828911664,4.9772850127228195e-11
6646.446421265136,408.0203813468388,2.4331008066509352e-11
6647.12528480356,408.1035002581096,-6.366756807594567e-13
6647.351003070022,408.1311387040605,3.5459303055831757e-12
6648.479731452752,408.26936179597055,3.4478320502284833e-13
6649.327623105867,408.3732093034152,1.59687376933689e-11
6650.119160317681,408.47016662121945,-2.7943922862969743e-11
6650.187345166404,408.4785192890504,6.350524748357839e-12
6650.3077050232105,408.4932636226433,9.181682379705183e-12
6651.310165261031,408.61607746043575,8.774453198968308e-12
6651.446370245532,408.63276569225303,-2.689001821410369e-12
6652.437528161837,408.75421554154156,-3.182926361257286e-11
6655.562613209095,409.1372610001755,-1.7991653416451838e-12
6656.050338128602,409.1970582633297,-4.844086171322444e-11
6656.066197087558,409.1990027164007,1.2296213412261972e-11
6656.727492927943,409.28008774472084,1.6701079283173208e-11
6658.004085705015,409.4366404145817,3.065967018776893e-12
6658.121823985947,409.45108054991476,2.896102124694335e-12
6658.3732626101155,409.4819193594585,7.665211861464065e-12
6658.4083980061105,409.4862287892718,8.912785483666873e-15
6658.564387397737,409.50536148903814,1.3733389877073708e-11
6658.931450697057,409.5503849849811,5.504910893389731e-12
6658.970978017551,409.555233501548,-2.9240875791377833e-13
6659.016976921239,409.56087587436906,-1.6130703990215383e-11
6659.958718455723,409.67640147399595,1.3189144968012116e-12
6668.308674846918,410.70142441250107,-2.2918644979598876e-11
6669.156133970681,410.805528486682,6.791151612827721e-12
6670.000237225948,410.90923346829805,8.66888856774867e-13
6670.152418103999,410.9279315289828,6.418728118651765e-11
6670.859520472556,411.01481691697467,-5.543880116061965e-13
6670.876429318772,411.01689470861913,-2.1604013518178356e-11
6671.208899139244,411.0577503114297,3.9337731705004704e-11
6671.97685726151,411.15212874178536,9.184850437199307e-12
6672.365235162771,411.19986268998423,1.0264201589845785e-11
6672.694795475246,411.24036978677645,-3.4832195235063468e-12
6674.126163043595,411.4163260326571,-1.0200977660274527e-12
6674.68736374183,411.4853240400829,8.968950896711627e-12
6674.950331010017,411.51765710349645,-4.952987888232587e-12
6675.254754375701,411.5550889801056,-5.151217239808616e-11
6675.279561896597,411.55813938643433,-1.015852408736462e-12
6675.848571997409,411.62810966772474,-1.1533877946047525e-11
6677.0019708504,411.76995961647634,-9.862591423266366e-12
6677.444129395401,411.82434467272776,9.232392599748492e-12
6678.1711054431535,411.91376982347947,7.232175561649796e-12
6678.517409888887,411.95637207431054,3.3137705097854006e-14
6678.924659360431,412.00647458724177,5.264945208264832e-13
6679.1553391310235,412.0348556876979,-6.754668775545978e-11
6680.58327538998,412.2105600171128,6.495731186939079e-12
6680.777666773965,412.2344823422052,-3.1789878210352166e-12
6680.813955160571,412.23894816549,-8.180488857827202e-12
6681.221204632108,412.2890679066725,-3.089601223288987e-11
6681.567509077834,412.3316896145844,1.9381737308132385e-12
6681.913511760181,412.37427638896315,3.5784778343762113e-11
6684.282963230916,412.6659729701125,1.0590272631207965e-11
6684.855253759342,412.73644157142905,1.2856974093468465e-11
6685.06363065029,412.76210141511075,-2.917291524417604e-12
6686.839593925202,412.98082866154914,2.9196450828820324e-12
6687.185013196601,413.0233771720918,-1.036235443047154e-11
6687.384187540559,413.047912331135,1.6858664809214836e-11
6687.845725625922,413.1047694017417,-2.2296939404430737e-14
6687.967361692494,413.11975445321195,7.841960962560597e-12
6691.265674402751,413.52619659065795,-2.246439538352786e-13
6691.830862158687,413.59586325799233,2.919690851257065e-11
6691.993672675193,413.61593284189115,1.3704731251816574e-11
6692.2551235797655,413.64816280658675,-1.1899379931786373e-11
6693.006474619099,413.7407914779849,4.750577753374127e-11
6693.6727935731005,413.8229458547888,-2.4225513859024715e-12
6694.304381997848,413.9008256508002,-2.962395846682603e-11
6695.286111044364,414.0218951136251,-4.665008874550478e-13
6695.467552977373,414.0442729639594,-4.0046895248411346e-12
6696.742540118452,414.2015385647977,-2.08662825705463e-12
6697.437996908238,414.2873335650683,-2.2368175422907406e-11
6698.324516876005,414.39671198406074,1.660402431134397e-11
6699.457994271274,414.53658098314696,-1.8870771305744063e-11
6701.004176781034,414.72741518523753,-8.389060372624181e-12
6701.180403224816,414.7491683451403,2.9985617058919727e-13
6701.352759545441,414.77044433550395,-1.8123847707327747e-11
6702.070429942744,414.85904081044396,-2.5504373222954456e-11
6702.152360144622,414.8691557045996,2.337050136900827e-11
6702.883789726351,414.9594616181464,2.9196188521270427e-13
6702.932787410119,414.9655114667047,9.033775879882294e-13
6703.095584095357,414.9856126383476,9.166606897875143e-13
6704.439414936855,415.15155956874577,-1.2030265502801386e-12
6704.49710719752,415.1586846130952,5.210760173159928e-11
6706.316090711627,415.3833620993102,-2.295053603838367e-12
6706.476005551381,415.4031173998089,-4.9170781933866135e-12
6706.96208334128,415.4631685827078,1.375726255636762e-12
6707.947799445483,415.5849596093858,-2.28406412371559e-11
6709.219101292078,415.74206286321703,4.53911337508027e-13
6710.214815845466,415.8651307464741,1.413064258542785e-11
6710.542893741359,415.9056843720358,3.9797670519833274e-11
6713.761465295905,416.3036363235339,-4.859599993729571e-12
6714.0289892014725,416.3367222142852,-9.487409480081596e-12
6714.786708720544,416.43043996752704,1.3983116054194772e-12
6717.169919375224,416.7252738508311,-9.934753701206003e-12
6717.915691552249,416.81755697633326,8.219294513263034e-13
6718.366304520245,416.8733215615294,9.330024158416265e-12
6718.984778780993,416.9498655299559,2.652643608972352e-11
6719.306289537003,416.9896593132149,-2.021942265472982e-13
6719.497400493295,417.01331425456596,3.2720467250591577e-12
6719.73917009406,417.0432404820051,-7.010699378123597e-13
6720.662849791361,417.15758341737865,1.1304128715463131e-11
6721.145476156056,417.21733431321184,-1.5443366155426523e-12
6721.469868757545,417.25749770597184,-4.443988516068402e-12
6721.876322326765,417.30782389034044,1.4641070785608448e-11
6721.971922440959,417.3196613276643,7.515715696346209e-13
6722.510758649803,417.3863844787023,-3.4934137608031273e-12
6722.814900367844,417.42404818032355,-2.8215918287272582e-11
6723.332662128511,417.48816965850267,7.292764819134335e-12
6724.697944622241,417.6572748304779,1.3983885902114903e-11
6726.5284504955935,417.88405688685714,-3.8574089842535066e-14
6726.879311578664,417.92753224668866,7.334532883998474e-12
6727.119001520721,417.9572336424971,3.151938279542495e-11
6727.121369111543,417.957527029932,-8.492042857014984e-12
6727.676723131097,418.0263483160793,-7.733204668894349e-12
6728.929798427771,418.18165437601664,-1.6342826603444012e-12
6729.172213049045,418.21170256532713,-1.3036911640186911e-11
6729.727209980193,418.2805005647277,-4.7845694427323634e-12
6729.8476591090375,418.29543231389925,-1.6727175780919662e-11
6729.935943959484,418.3063769151498,-8.583881340434249e-13
6730.07807106326,418.323996598461,-1.9936928740574665e-11
6730.756138699114,418.4080626541865,-1.509929058146908e-11
6730.994868026001,418.43766206095296,-4.420187310466392e-12
6732.308243327916,418.6005227052895,1.6807959809448926e-11
6733.128438067534,418.7022442863176,5.391573459741873e-12
6733.216722917979,418.7131942229906,1.5161062560550367e-12
6733.575153249827,418.75765167646733,-2.1470718915649252e-11
6734.064614570646,418.81836521554055,2.5083052511771373e-12
6737.559253725461,419.25197389546446,2.8399537245458402e-12
6737.610248080387,419.258302850631,1.4974422483467146e-11
6737.730127629546,419.27318139775804,-1.2233409572278336e-13
6737.733531276371,419.27360383664245,7.730145554768993e-11
6739.511848310273,419.494346360688,-4.6594740829270103e-11
6739.76159202653,419.5253517174835,-1.6005466352302986e-12
6739.850446456652,419.53638315625017,5.116923241541033e-11
6740.110085518752,419.56861865041833,1.2133125978483426e-11
6740.402595489363,419.6049367205983,1.9118989108254722e-11
6740.573469393442,419.6261531726325,4.283843004846979e-11
6742.183355554904,419.82607009108574,5.872214517546279e-12
6743.753968380921,420.0211560248421,-2.53374539832954e-12
6744.437463997222,420.10606725535524,-4.902520576189381e-11
6744.49042107623,420.11264651665846,-3.1150442698680404e-13
6744.7469104765405,420.14451287958025,-4.733105424567831e-12
6746.61098005704,420.3761421623947,1.112999339231582e-11
6746.819219897475,420.40202201920914,-5.160655949400444e-11
6747.2944756733295,420.4610893639819,1.3512323945036408e-12
6747.474057985551,420.4834099030368,-2.672208684082356e-12
6747.7475593354175,420.5174049131776,-2.410571314854219e-11
6749.758745186327,420.7674287549105,-5.177866847367868e-11
6750.442014480069,420.85238744559433,-2.7494533831272132e-11
6751.508267641456,420.9849840847237,-2.2538628389367802e-11
6751.8921781771805,421.03273138905547,9.45307764706256e-12
6751.982082494557,421.0439132635478,2.8700766038548967e-11
6752.584217488653,421.1188078089601,1.145142840226025e-12
6752.765899575386,421.14140703868634,5.88277383063582e-12
6752.943608435617,421.16351263148823,5.3590860776025e-12
6753.439410573707,421.22518961664673,1.3088859106149068e-12
6753.532567656219,421.23677871257587,-1.0500502161058452e-11
6754.070909726123,421.30375364795685,4.8699713609538724e-11
6754.198495574492,421.31962733812696,-4.1684300072024945e-12
6754.224606967682,421.3228760438942,-1.3463511366474256e-11
6755.097065987334,421.431432150721,8.869705002352586e-12
6755.596511926036,421.49358224765035,-8.708097832285802e-14
6755.974218694858,421.54058640667176,-1.0126796857516591e-11
6756.896848504697,421.6554151984949,6.9325948900274435e-12
6758.41228754244,421.8440579551992,-2.417562424722422e-12
6758.915720538893,421.90673495642045,1.731169272193326e-11
6759.1307538417095,421.93350785179103,-2.1619056598352318e-11
6759.6563388360955,421.99894982201437,-3.376811043953898e-11
6760.464977269029,422.0996454575307,8.326057457822346e-12
6760.7201489657555,422.13142319263153,1.0222718755869526e-12
6761.822464191126,422.2687134896933,-3.0356688693290135e-14
6762.2694056958735,422.32438518917417,-4.433498787370459e-13
6762.370084248832,422.3369263674748,6.43377503363944e-12
6762.649089020026,422.37168200022694,-2.7331227664874766e-11
6763.667902354931,422.49860778627493,2.8523895592408856e-12
6764.515032052306,422.604159442976,2.017863180412611e-12
6765.855911891548,422.7712589790944,-6.749646790107413e-12
6769.592245205533,423.23705302416215,2.0195193695915594e-12
6769.769954065744,423.25921369830996,2.508484119740834e-12
6770.11170187384,423.3018320144121,1.4626141878662105e-11
6770.800309875899,423.3877127313452,-2.9234229131348957e-11
6771.164285122776,423.43310994555856,-2.29043864395674e-12
6771.547042667841,423.48085243511196,-1.0151302374070926e-11
6772.599625916767,423.61215819651034,9.600175762300267e-12
6772.819092637826,423.6395384074537,5.248825921784606e-11
6772.896720187272,423.6492232712304,6.883080284688824e-13
6772.941373724859,423.65479432603934,-3.478117859377387e-12
6773.119082585065,423.67696596361975,3.487944328597903e-11
6773.312602625883,423.7011109262835,-4.59992274692119e-12
6774.197475463789,423.81152286278166,-1.2539486142616895e-12
6775.378077090295,423.95885746271216,-3.645760707575942e-11
6776.326907565311,424.07728651225034,-4.081541154552207e-12
6777.602766048819,424.23655997189155,7.172984920198305e-13
6777.619942711322,424.23870444754414,2.973804651593202e-11
6777.770311746879,424.2574779852619,-1.9564515279301027e-11
6780.920265922196,424.6508447516072,5.688064476878376e-13
6781.785649831758,424.7589460327302,-5.4633869429646545e-12
6783.258267289912,424.9429329017821,1.0228030925365315e-12
6784.540871457428,425.1032123107502,1.2434199543808206e-11
6784.604499668656,425.1111643385455,1.467049426618026e-11
6785.741168218876,425.25323370188346,-1.3177175366647695e-12
6786.006022770123,425.2863406296636,-3.054919509926182e-12
6786.168833286537,425.30669265244296,4.6885295368288546e-12
6786.662178561607,425.3683659393766,2.5592035500388572e-11
6786.67917667991,425.37049096073173,1.3947390641396186e-11
6786.962916632702,425.40596352349513,-1.4211505362667114e-12
6787.131766203057,425.42707343992885,8.036479563292259e-13
6788.037713489055,425.54034577894816,-2.546935104081201e-11
6788.338451560147,425.57795098325477,-6.483664205730623e-13
6788.99460735162,425.66000448465144,-3.79733984238059e-11
6789.259461902867,425.693127285314,-3.352380472587044e-11
6789.49333282885,425.72237633748597,-9.950678630799683e-12
6789.840687161607,425.7658200440431,-3.914911056419016e-12
6790.002447790754,425.78605225108936,-1.471357474989939e-11
6790.136971698609,425.8028781929335,1.6524803738308705e-12
6793.474139044242,426.220390137694,-1.5691400710876376e-14
6793.654860515775,426.24300599904177,-9.758878018682833e-13
6797.887373171324,426.7728434886678,-7.470635465011105e-12
6798.136670526994,426.80406150301474,5.277878844497371e-12
6799.096035083676,426.9242076588633,1.1188807820873928e-14
6801.736036900747,427.2549161792789,-4.817332938628301e-12
6803.118839313475,427.4281887114575,-1.8955173805383584e-12
6803.1906956252615,427.43719365405695,6.218868314582097e-12
6804.043280965449,427.5440458356284,-3.1759779248529464e-14
6805.450787795682,427.72047410405906,-1.1269733906723411e-11
6805.478621759159,427.72396340569975,-1.219370493504746e-12
6805.901894902274,427.77702723269726,9.325681536101852e-14
6806.116551000804,427.8039389517678,5.276488630554811e-11
6806.225416160535,427.8175878452659,7.753327190259963e-11
6806.420480227408,427.84204441268815,-1.1684731487682074e-11
6807.551891794497,427.9839113390026,1.8158338098188315e-11
6807.850214496398,428.0213217479584,-6.37733255636271e-11
6809.883524682005,428.2763475691055,1.6682837100592525e-12
6811.757153897156,428.51141299127556,3.1559274171594102e-12
6811.803454564182,428.5172226892545,-2.918585179119974e-13
6812.508504935946,428.60569561822166,-2.5572842207701205e-11
6812.850163471856,428.648571779793,-1.6244210186345776e-11
6813.058897451042,428.6747677397863,-2.6299468162054706e-12
6813.648892727438,428.74881605091184,3.4649315271712925e-12
6814.012195291185,428.79441611646615,4.6915868884481065e-12
6814.046637888285,428.79873931889404,-1.4880541741720044e-11
6814.906359947959,428.9066579043768,-1.5785568243466142e-12
6815.673357454395,429.0029485190649,-5.1138933655865273e-11
6817.505125705286,429.23295672358773,-3.2403593195628366e-12
6817.6250052543855,429.2480116996017,8.924870560212398e-12
6819.09452082878,429.43258113405005,3.0613808127090807e-13
6819.339618635378,429.4633690020273,1.8978284634960728e-11
6819.6061819256165,429.49685450478603,5.815223062493872e-11
6820.642816943203,429.6270883470293,1.1636406986825885e-12
6820.875699591474,429.65634842829616,-1.0124547220062178e-11
6821.104265756094,429.68506714491303,3.94161605294938e-11
6821.81159444654,429.7739471672146,-1.196996038550086e-12
6822.266702442101,429.8311390440054,7.541390296733779e-11
6823.008775493021,429.9244010275349,-3.3693583051582514e-11
6823.143450282541,429.9413277236395,-9.043684193074289e-12
6823.338335805193,429.965822639841,1.680047877696375e-11
6823.511412587063,429.9875770294134,-1.7196402084440597e-11
6823.770392797254,430.0201298345515,-9.658638454279448e-12
6824.024034299045,430.05201278235637,-5.43920559740879e-11
6824.498583444568,430.11166718751963,-2.5140663942886737e-13
6825.646856079397,430.25603087734555,2.5542469627930235e-11
6826.318301249985,430.34045788672165,6.991391079555811e-12
6826.830922961959,430.4049201446669,-4.686071744142317e-13
6826.848099624456,430.40708019639396,-4.4147746277896424e-12
6827.996372259274,430.55149358309905,2.7481290509461704e-12
6828.49217439714,430.6138560260895,9.0581567499004e-12
6828.845389239565,430.65828647166484,6.359443499247067e-13
6829.028972440712,430.68138007658655,-1.9170762706592847e-11
6829.093650539183,430.6895163199583,7.764911130388375e-12
6829.63500522019,430.75761957249784,-8.92032476829752e-12
6829.85916562905,430.78582087760986,1.8177057419855637e-11
6830.460641771085,430.8614963171937,4.211383494962739e-11
6832.7244946763685,431.1463854203757,6.421658806692391e-13
6833.209776563684,431.2074668354194,2.842118020841723e-12
6834.91878341982,431.4226104892571,-1.1579140486582803e-11
6836.337215367071,431.60121507278996,-7.546771719740282e-14
6836.6059815351555,431.63506145769776,-5.20004515244023e-13
6836.695872021232,431.64638188474544,-2.283084812079382e-12
6837.937178519263,431.802721986415,-1.69160402274799e-11
6838.845177801174,431.9171006771501,-7.287665333576119e-13
6838.879908330396,431.921475907788,-6.783668013445864e-11
6839.025631456358,431.93983383988194,-8.147227234738811e-12
6839.567795870804,432.0081381532452,1.7207546660361108e-11
6840.389219041357,432.11163505806405,-2.93837290604705e-11
6840.871515979818,432.17240884582077,-6.588696988203532e-13
6841.633839914087,432.2684773131691,-1.5767890667870652e-11
6842.901497959051,432.42825195489723,1.4200965454472872e-12
6843.114699303538,432.4551265957276,1.540051388133885e-11
6844.1057679465885,432.5800646327586,2.1365017913771804e-11
6844.316333883956,432.6066117389371,-3.280243068705369e-12
6846.8734587146155,432.92906650489687,9.371105716766451e-13
6847.107075655475,432.95853172698855,1.0105875268412207e-12
6848.673900082778,433.15617535432415,3.13746559921803e-12
6848.9305541958765,433.1885547343924,-1.2434996382560202e-11
6850.592903296441,433.39830541230043,-1.8215401877657355e-11
6850.999356865349,433.44959836034303,-5.599863544403444e-11
6852.892907537588,433.6885976153724,7.685533429763745e-12
6854.867249252252,433.9378644499271,1.5280024192400455e-11
6855.897543452301,434.0679708365637,1.1135306129208844e-12
6856.097541360781,434.09322900080315,4.92925022221872e-12
6857.01391962485,434.20896979696096,3.9059911334726125e-12
6857.907020562881,434.32178549476146,3.804259636438089e-12
6859.023396735417,434.4628257788663,7.363637133948992e-12
6859.039043203073,434.46480267914205,1.2252262978258256e-11
6860.1009044392795,434.5989772865712,-9.33462447991574e-13
6861.2628469861875,434.74582176200187,2.022129782585843e-11
6862.014692163596,434.8408520280171,-1.2103158503129358e-11
6862.339757447846,434.881942222493,1.4228531132365891e-12
6862.615132249515,434.91675276592065,-1.6323511433760198e-14
6862.698187779419,434.92725221473603,2.2767674872320813e-11
6862.756552723063,434.9346304838672,4.7503735095622604e-11
6863.172167345153,434.9871726819889,3.0917788658345187e-13
6865.221528864495,435.2463004668052,-7.894160448277159e-13
6865.661409090276,435.3019304058314,-1.5993214121774827e-12
6868.052950946733,435.6044417579694,-6.255386747626728e-11
6868.636035825935,435.6782134126623,1.5374600154467705e-11
6869.963726059619,435.84621559080097,-6.153607472862812e-13
6870.308486478858,435.8898459126755,1.2626960850605376e-11
6870.955528995139,435.97173672562343,2.03108440004909e-11
6871.016172257499,435.97941223641124,-9.970067413214185e-12
6871.385170617927,436.0261171684345,-1.597160044752384e-11
6871.618609014551,436.05566527370235,-3.869142805135876e-12
6871.868757597349,436.08732963077534,1.262331810777189e-13
6873.572939999363,436.3030794579093,-2.6215470207422537e-11
6873.6373025031835,436.31122881194085,7.256317845794308e-12
6874.3359504477785,436.3996940690947,1.4700479843392177e-12
6875.091034559008,436.49531558203125,-7.359997938133113e-11
6875.3414849051815,436.52703415758805,2.1569403203318065e-11
6876.019552540453,436.61291462118095,9.98230639575025e-12
6876.614269167014,436.6882452581895,-4.351813545611852e-11
6877.648550424694,436.8192694994846,6.40232722960099e-13
6877.813817803936,436.8402076353404,-2.5643446134133e-11
6878.006905315388,436.8646710103275,2.7354959245570148e-12
6878.990912679546,436.989351269697,-8.16276577939914e-13
6880.901193653475,437.23144746192906,3.370841251609871e-12
6881.8889340903315,437.3566534214758,2.469481121564541e-12
6883.929436319619,437.61536435834694,1.8315517889945292e-11
6886.359935916585,437.9236223184541,-9.06889633102256e-13
6886.681748435657,437.96444565307536,2.2266812142203396e-12
6888.522794673617,438.1980271472733,-3.0751364288214976e-11
6889.003712298792,438.2590535301045,-1.1732316226993343e-11
6889.239429014116,438.2889665255629,-1.7724538850556798e-13
6889.318284994968,438.2989737600874,-2.402995519901656e-13
6889.359130018965,438.30415725131843,3.738834343962615e-12
6890.260115800251,438.41850584683914,3.047932540595249e-11
6891.841433704205,438.61923493590183,-1.0890757821994468e-11
6891.983917896243,438.63732383456625,-3.2593353472600348e-12
6892.23349689933,438.66900971945836,2.2044034707864344e-11
6892.2930349494045,438.67656868108566,8.347745905435163e-12
6892.648452669571,438.7216939376138,4.281479901522673e-12
6893.993484278508,438.8924856004968,2.718411062382498e-11
6894.629403017404,438.9732459513,9.467197656876676e-12
6894.880107348595,439.00508692467906,9.669166376676209e-12
6895.857506079035,439.12923355786796,2.4675143020292973e-11
6895.876528531001,439.13164991459485,-1.3472517401752795e-11
6896.076224676056,439.1570170321831,2.211759331523621e-11
6896.719863545419,439.2387825627113,8.838418142473946e-13
6897.542501315906,439.34329856933994,8.140094374877417e-12
6897.616471233427,439.35269704722907,5.506106891747416e-13
6897.771293802959,439.3723688364918,2.6736828434344724e-11
6898.057895485222,439.40878567362523,2.690368601518533e-12
6898.297585427036,439.4392428659707,-3.0366763764097576e-11
6898.309080123985,439.440703513703,4.15435730430192e-11
6898.783629269304,439.5010072829283,-2.337362169533499e-12
6899.211294336683,439.55535676858455,-3.707992275170537e-12
6899.467124884982,439.58787040725963,3.593767734757526e-11
6899.661831863349,439.61261662730357,-1.0309422871001705e-11
6900.000642500688,439.65567931985737,-1.915603418651712e-12
6900.5640460760405,439.7272923641066,7.581083079429115e-12
6900.815230714799,439.75922180012253,9.757405979285228e-12
6901.256654966588,439.81533643670343,1.920785952828594e-11
6901.558621468942,439.85372502348355,4.434928252550453e-11
6901.766861309185,439.88019924697136,5.132652938201797e-11
6902.191122729733,439.9341394839998,-1.4077233285100736e-11
6902.242117084609,439.94062308622665,-1.424866285172731e-11
6904.082950831124,440.17470526004564,-6.3130670026821244e-12
6904.753737149631,440.2600186048912,2.0685555691565538e-11
6905.152635300884,440.31075603168796,-3.580379847818213e-11
6905.292484085792,440.3285446433279,-1.0648328797875412e-11
6907.71039131992,440.63615674497004,-1.5297916362441642e-11
6907.915844871347,440.6623000149741,-4.468601452140225e-12
6908.788831976132,440.7733933446491,-1.4426818313750421e-11
6909.773587463997,440.89872678307825,-1.902181319711756e-12
6910.330862713274,440.9696611603124,3.735563566301822e-11
6910.901265957696,441.0422724964137,-2.1291233708400655e-12
6911.389979154126,441.1044895994888,-5.222736602464885e-13
6913.314588891796,441.3495506089262,-1.4684261915079014e-11
6913.361939446057,441.3555806261102,-5.657469884814037e-12
6914.841989101429,441.544083398415,3.6166908623974475e-11
6915.930455869295,441.6827389587095,-5.860127944518189e-11
6916.3678930632905,441.73846853417854,5.627805819517337e-12
6916.4994521380395,441.7552298729006,2.511391410078449e-11
6916.756030810192,441.78792030274724,1.4381812446957477e-11
6916.94715559752,441.81227210724506,-6.380577692547839e-11
6917.384592791507,441.86800987516875,1.864511960971068e-12
6918.473059559361,442.0067164154254,-1.3018178683212343e-12
6918.652909687701,442.0296373502761,-1.06478213321085e-11
6918.653870302862,442.0297597771291,1.1197312730108244e-11
6919.462673447989,442.1328447818859,-1.2095431894349176e-11
6919.638103989326,442.15520565490795,-2.0901219876370486e-12
6919.8160806656815,442.1778916448157,6.336557505227366e-12
6921.388209853652,442.37831013658587,2.3296812477051757e-12
6923.110618804936,442.59793888806365,-7.452307395974542e-13
6924.122192316,442.7269526747633,-5.1631023827467975e-12
6925.072519037956,442.84817235735375,3.969074073969339e-12
6925.770178704678,442.9371734817334,-1.2432841202877157e-11
6926.684532634709,443.05383208029895,1.2430006276646182e-12
6926.918451338844,443.08367926457254,1.433835140966726e-11
6927.851690670395,443.2027672748044,2.419034342095417e-12
6928.287419125319,443.2583748345326,1.9845693197715958e-13
6929.23404672162,443.379195271195,-5.015784937805147e-13
6930.309337715924,443.5164573623102,2.0828430750877717e-11
6930.859071378867,443.586639703553,-5.508726656731176e-12
6931.212945072862,443.63182031565174,-1.491970414943048e-11
6931.294799833784,443.64227140176524,4.166680247258641e-12
6932.382079663856,443.7811052748152,7.646254577063518e-12
6934.077642929247,443.99765382153976,-1.270877477740421e-12
6934.163724901715,444.0086491771922,-6.465475530908041e-12
6935.175387684817,444.1378803306246,2.7528438463816384e-11
6935.831948342468,444.22176035285213,-6.7839738403342245e-12
6936.5538736128365,444.3140003080206,-2.582860730299401e-12
6937.034495759075,444.3754144322701,6.5028037888492765e-12
6937.457302425544,444.4294443854063,-2.2738241770237382e-12
6937.829732095163,444.477039450796,4.53758189482863e-12
6938.49393744243,444.5619286563076,8.46940932671365e-12
6938.537719636915,444.56752455424504,-4.287808837836283e-11
6939.020496882686,444.62923171022294,3.4116425498667557e-12
6939.813578119228,444.7306103217284,1.2357572464089796e-12
6939.922711095176,444.74456156439663,6.258117061405756e-12
6940.492290774778,444.817378536833,2.7853581017565237e-11
6940.680265900299,444.8414112175366,-2.8826747030077193e-11
6941.640563408845,444.9641957212383,3.353177290199566e-12
6942.178335898483,445.03296321579586,3.271204207307796e-11
6942.510009816206,445.0753785737788,1.1908750263192758e-12
6943.2380219188235,445.16848583663597,1.089959743734888e-11
6944.265468219956,445.2999050895852,-2.7849929834599186e-12
6944.297666445395,445.3040238348648,-3.360384109198885e-11
6945.056120256068,445.401049551251,6.668185217275183e-13
6946.108703503938,445.5357195320696,4.082394558441445e-11
6946.628160171716,445.60218756330875,-6.741290267328961e-12
6947.170324585831,445.67156650712855,-2.5595845885976714e-11
6949.458278380348,445.9644078437609,-3.6410087907780143e-13
6950.1144341712115,446.04840877405974,-4.584698342069021e-12
6950.637891727989,446.11542739071814,1.5142736645485378e-11
6952.098849774819,446.30250151633396,-5.480038962115585e-13
6953.713621997626,446.50931712786627,9.438998684424476e-12
6955.548581402616,446.7443920142406,-4.800900643193178e-13
6956.829188897699,446.9084861576337,1.880916163557043e-11
6956.960178392739,446.92527255782306,6.458480775361351e-13
6957.143761593755,446.9487994120384,9.55098060920312e-13
6958.374053701571,447.1064818368236,6.147725156080143e-13
6959.072941799624,447.19606840506924,2.3090740064295005e-13
6959.423802882219,447.24104672314087,-2.460629913834167e-13
6960.438045747278,447.3710794189348,3.229774332933461e-11
6960.527064890231,447.3824931709842,3.467273768300014e-13
6962.148672069117,447.5904360472135,-2.4585232923091325e-12
6962.499533151708,447.63543424403673,1.4747022269971223e-13
6963.596811430781,447.776175641111,-8.681906721744872e-12
6964.0418178734335,447.8332603076609,4.428720569773078e-11
6964.433523980001,447.8835107167629,9.481977479198054e-12
6964.484861592005,447.89009682308017,-4.4489670073878987e-11
6964.998711735034,447.95602137358424,1.7798233915001553e-12
6966.606168693991,448.1622819285547,-5.078140422126676e-11
6967.530116206266,448.2808596318652,-4.9856680475391295e-11
6967.882027176106,448.32602736580475,-1.6622971100167738e-12
6969.110699816911,448.4837452496121,-3.679055716445937e-13
6969.3152543627,448.51000548094254,-5.084848496091827e-12
6971.406058146982,448.7784621534573,7.655773545042066e-11
6973.169476834713,449.0049455753336,-6.496561867573696e-12
6974.747315650264,449.2076427352405,8.579419382875182e-12
6975.131301626341,449.25697845540475,4.53339978746561e-13
6975.354741573646,449.285687969306,-1.1199326133868242e-11
6975.415988362731,449.29355765172727,2.8341478852216225e-11
6976.051907101339,449.37527179027154,-3.920209009494845e-11
6976.133926575187,449.38581165194415,-2.8893672241274225e-11
6976.961841444114,449.4922092778433,-2.294993253284644e-11
6977.760646139794,449.59487784320146,3.818955920388873e-11
6978.541073404037,449.6951957502788,-3.2494912310008387e-12
6978.584526172622,449.7007815983524,2.1042588732097675e-11
6978.730475621004,449.7195436366495,-1.7494212870724816e-11
6978.731209913629,449.71963803214925,-1.1661796963223423e-12
6978.908918773626,449.74248332647267,-1.567877143381121e-11
6979.028798322614,449.75789472448076,-2.3392458946040977e-11
6980.047700928353,449.88889283761785,2.5711761480706898e-11
6980.211739876043,449.9099847590082,-1.350416172636768e-11
6980.217991421264,449.91078858462794,6.719078108446488e-12
6980.918842243313,450.00090876468397,7.862635028303346e-13
6981.77856430217,450.11147004935833,5.608514166093168e-13
6982.260517983101,450.17345582460354,-3.607100881944528e-11
6982.274441880455,450.1752466901059,7.371409430685048e-11
6982.424556930788,450.19455443248296,-1.9398106712673788e-11
6983.967500504122,450.3930313256108,5.255967062187363e-13
6984.058633252837,450.4047555787961,-1.768479504776837e-11
6985.3140761384675,450.5662842218299,-4.3129852298226744e-11
6986.734697131131,450.7491001370664,3.799142060275401e-12
6986.980755552654,450.78076851426545,3.6399679005200307e-13
6988.293156406209,450.94969685367556,-7.356578866323956e-12
6988.683709522113,450.9999738163666,3.121843808863239e-12
6991.5036645679575,451.3630776693528,-3.417723957231914e-11
6992.4473826559415,451.48462567969744,-2.4029133520610144e-12
6993.622411703358,451.6359887658278,1.450470355085686e-12
6993.669131068326,451.6420075149092,-6.045663167500569e-13
6993.684015580837,451.6439250611049,-1.6432290700516018e-11
6994.634568624962,451.7663916303705,-1.1042383919235627e-11
6995.228159923026,451.8428766986623,-6.62792793353737e-12
6995.586604085587,451.8890658729722,3.588580168540984e-12
6995.856317037335,451.92382268915776,4.404032686102962e-12
6995.980828664594,451.93986845058413,-1.2010633211477738e-11
6996.112895709376,451.9568881876104,-2.2952672198749344e-13
6996.440973604724,451.9991696147552,1.6122495199729897e-11
6997.315847992319,452.1119297803993,1.3803999981835494e-11
6997.445712159227,452.12866881924805,-4.761866039157596e-12
6998.3205865468135,452.24144517703843,-1.6151763582898888e-11
6998.648664442159,452.2837399461818,1.686075444782216e-11
6999.174956065939,452.3515919464222,-2.6476147803174023e-12
7001.193018363861,452.6118173551579,3.452384163627231e-11
7001.237850445588,452.6175992211613,2.5775684117917417e-12
7001.324996136538,452.62883825886655,-3.7149150215105695e-13
7003.568076354882,452.918172799552,8.111645945051968e-13
7003.70877636695,452.9363247596099,2.7931145158872652e-12
7003.968504700756,452.9698337341174,5.958336470406294e-12
7004.199664778492,452.9996580066138,2.751038439731008e-11
7004.286810469441,453.01090179886916,-4.277242803280096e-12
7004.812306190991,453.0787057609763,1.2924820899147056e-11
7008.182296662676,453.5136517274499,-1.4478311672456192e-11
7008.592394031835,453.5665949967225,-3.1594258792839882e-12
7010.204215252393,453.774709949162,7.84923190814931e-12
7011.747398979284,453.97400741622187,-1.716509735546575e-11
7013.035561891494,454.14040331591474,1.1865304535460916e-12
7013.126694640194,454.15217636644536,1.830271868728957e-11
7013.150843309262,454.1552960554917,9.149823915317546e-13
7013.341727942698,454.17995620665107,3.082812352777303e-11
7014.406945046473,454.3175826185589,-1.4681550383600179e-12
7014.79653754716,454.3679233223457,2.261350903874879e-12
7015.648793460437,454.478056243647,4.809700815447853e-13
7015.967758080881,454.5192779439823,-8.243883528930587e-12
7017.648196679196,454.73648199245156,-1.6385855410370534e-11
7018.195096274733,454.8071823797676,-1.4425110276393629e-11
7018.503794629691,454.8470917595752,9.554175700564391e-12
7019.278422993611,454.94724559274977,-8.578337496005672e-13
7020.752852292171,455.1379091570139,-2.2977033302760242e-12
7021.77148708138,455.26965574295,1.7549135585044137e-11
7022.681462917692,455.38736493200264,-1.1465399411790328e-12
7022.942899990509,455.42118573399165,3.589832832619098e-13
7023.418485191506,455.4827130329189,3.3139589446974846e-12
7023.435016833462,455.4848518356197,-4.957096347846774e-13
7025.142047132437,455.7057282013573,6.698832648458068e-12
7025.634163975382,455.76941423853316,-4.0287634308248913e-13
7025.895601048196,455.8032492602837,-2.6162464058777243e-12
7026.312396323033,455.857193246573,-5.7026424612753936e-11
7027.031295150448,455.9502446918208,-2.7517118817232673e-11
7027.9750132382505,456.07241031197117,1.7120472264985188e-12
7028.046691005745,456.08168976909155,-1.5506103296553014e-12
7029.140853569728,456.2233526177537,-1.715868952281828e-11
7029.4103540301485,456.2582486266249,-4.450805321993109e-12
7029.9298106976885,456.3255137501215,4.7162706549579045e-11
7030.380423664877,456.3838682388685,3.975391643032581e-13
7031.365151489572,456.5114037495291,-1.3372129687166503e-11
7031.655410803489,456.54899964696824,-8.822095415630981e-12
7033.350479929123,456.76858481998505,4.223249984542083e-11
7033.521353832915,456.7907233587374,-3.543644645517249e-11
7033.760845114526,456.821752916634,4.639426534289427e-11
7033.876771552806,456.8367732421676,-2.1934880720266192e-11
7037.8928439244855,457.3572794657393,-2.0670133979881705e-11
7040.394705692239,457.6816854238483,2.139486193159872e-12
7040.9688420089615,457.7561475461049,1.8184986026118181e-12
7041.630604324192,457.8419817807304,1.6779107143373442e-11
7042.956778193017,458.01401815253075,-1.8018472294316838e-12
7043.18021814024,458.0430068303813,1.7954631979949477e-11
7044.347945754861,458.1945205736518,1.747072550106956e-12
7046.520068666567,458.47642235721406,-2.078042054863741e-11
7047.628813979567,458.62035070229354,6.180053088517982e-12
7048.719003316936,458.76189234029835,-2.0942341464444606e-11
7048.761138381945,458.76736326628964,-8.773871789190505e-13
7049.3683241512945,458.8462054707458,5.184987899854991e-11
7049.926587677815,458.9187011843864,-3.167949444798367e-11
7052.490142594964,459.2516763545441,-8.095845208568933e-12
7053.338740876205,459.36192580642313,-3.045300115484329e-11
7053.990998881044,459.4466758470807,-1.8532658965682192e-11
7054.332746688591,459.491083399183,-1.9638038143303152e-11
7055.51168735253,459.6442943660113,3.020776683337049e-11
7056.670301692205,459.79488874008626,-2.10341468458371e-11
7056.830607567116,459.8157269243653,6.959857430049263e-12
7056.878541532272,459.8219579594879,1.0857235155145138e-11
7057.012049499748,459.8393131590082,-2.0749736888680102e-12
7057.972134516408,459.96412786783037,4.24287257566494e-12
7058.183928884982,459.991664228385,1.3645038307789876e-11
7058.866553157005,460.08042097487805,-2.18597258127295e-11
7059.701378422559,460.1889789945064,2.9626488691253926e-11
7059.994320921884,460.22707534728283,-1.4993680135795775e-11
7060.537713767119,460.29774625283943,1.371420078901602e-12
7061.19386955759,460.38308978204344,3.874151244470374e-11
7061.482330860323,460.42061128641063,4.3274374821471283e-13
7061.840987514035,460.4672655644799,-1.6649281238499885e-11
7062.2437834506,460.5196643325094,2.049360850974919e-11
7062.724899735343,460.5822555257034,7.102040764933195e-14
7062.740052064148,460.5842268488344,-2.8907310835801247e-12
7062.803755716119,460.5925147618901,2.0969213229854023e-12
7063.109544563016,460.6322992576133,7.786165679978598e-13
7063.381055525804,460.667625491065,-1.7023767867090878e-11
7063.418901769677,460.67254976561713,-4.9527279574987995e-12
7065.114465033861,460.8931910415418,1.2577181798195013e-11
7065.173207181664,460.9008360242117,-9.774933784507693e-12
7065.4735680480635,460.93992741021856,-3.85057564894827e-11
7065.655833545413,460.96364972248193,1.2350166707773257e-13
7065.980226146263,461.0058717480125,3.842816154376168e-12
7066.09156200001,461.0203633553739,-6.063231626452431e-14
7066.729491240724,461.1034013876707,2.4717790487538418e-11
7067.3252577539215,461.1809579477103,2.4398930201117182e-11
7067.463274580489,461.19892583575603,1.4120293147886542e-11
7067.952378811984,461.26260328871115,5.398794188073785e-12
7068.590308052691,461.3456631876345,-2.1435035926552148e-11
7068.975042152453,461.3957601030177,1.4494489852490068e-11
7069.026036507282,461.402400373835,1.8003003257624805e-11
7069.208302004626,461.42613461334895,-1.2092172940740347e-11
7069.871649839615,461.5125195753103,3.3363347201553104e-11
7070.6041154758095,461.6079148705224,-7.797417794697209e-12
7070.856542377048,461.6407928852483,-9.61787310726572e-13
7071.629358898362,461.74145773099127,-2.725549233084039e-11
7072.031749968172,461.7938763838802,-1.1236486132549655e-11
7072.164688355959,461.81119464832426,3.783261123916402e-12
7072.3328929055215,461.83310760318415,-5.073415706562437e-12
7073.112077906654,461.9346232246334,-2.23670187766438e-11
7073.1709093265545,461.94228849277863,6.771988494523552e-13
7073.420700820676,461.9748350564793,1.3727437611796138e-11
7074.588428435108,462.12699928271644,1.7239886343279187e-11
7076.007773217298,462.31198505362175,1.6744952484401847e-11
7077.722386595826,462.53550320638976,-1.8180703413555646e-11
7078.08551061484,462.5828472466225,1.8566177988354358e-11
7078.392706437369,462.6229012758697,6.254077690478828e-11
7079.237468542429,462.73305537607246,1.753517173846164e-11
7081.059073628509,462.9706312079236,-1.8415567785529903e-11
7081.937633310082,463.08523582203173,3.425540565464287e-12
7082.120605437527,463.10910559682463,-1.2948687594434606e-11
7083.371924214311,463.27236391599143,-7.606766279354277e-12
7083.64515774736,463.3080162605768,-2.1864660398411168e-11
7084.110099478498,463.3686864365069,-2.1548339545092268e-12
7084.1816879738735,463.37802836216656,3.0065189218498787e-12
7084.360803809427,463.4014024590778,7.897131512118383e-12
7085.478634734562,463.5472895047449,3.492390313054747e-11
7086.693712903137,463.7058943034559,-5.077819950665896e-12
7087.228157186379,463.77566421148134,-2.9545638752068962e-12
7087.678035860805,463.83439844158534,-2.4195206325539915e-11
7088.082060228772,463.887149307663,-6.317500024567293e-11
7088.615186808452,463.9567608217797,-4.364404557780102e-12
7088.6634979778255,463.96306917650526,1.9643116323507157e-11
7091.2717064319595,464.30370649445723,-2.8113513835548547e-12
7091.804833011629,464.3733493326672,-1.1684364976394574e-12
7093.778769856962,464.6312521825817,2.6030387211270313e-11
7094.600193026363,464.73859559772507,-2.3498800502132755e-11
7095.316902806903,464.8322652416319,-5.82973316366249e-11
7095.593629258857,464.868434251234,2.2839543478964073e-12
7096.106250970066,464.9354392331595,1.7820629747834285e-13
7097.453965762962,465.1116226466269,-4.634100471682576e-12
7097.949767900093,465.17644604919707,-1.2323402690763788e-12
7098.257340926816,465.2166618066648,-1.4979485185928905e-12
7098.9397112136485,465.3058892394631,-3.4529058459909424e-11
7099.924603750931,465.4346899135165,-2.171225041112721e-12
7100.25202279432,465.47751254599973,1.3437706991299858e-12
7101.161071962175,465.5964160393123,-2.752256907845529e-11
7102.4733835428315,465.7680930442945,-4.014252068410303e-12
7103.641111157087,465.92088220352167,1.869437992405443e-11
7103.913802772941,465.9565656512121,-3.1213069620800774e-12
7104.368148812661,466.01602278829233,-2.3425131312035718e-11
7104.546125488838,466.0393144066756,-1.3769724458429501e-11
7105.489843576254,466.1628275391297,-3.6090927612050284e-13
7105.590645348198,466.1760213710039,5.279222594685796e-12
7106.88044155796,466.344857882662,-1.019954591556218e-12
7107.348457509973,466.4061295418475,4.111996832742845e-13
7108.838972089294,466.60129144704433,-1.1613718675517958e-11
7108.8973370328595,466.60893434753604,1.3804604739677076e-11
7109.717531770736,466.7163456417728,5.669497962086158e-11
7110.339018641461,466.7977427473341,6.779437197030567e-14
7110.366269193955,466.80131195755536,5.836533095692052e-12
7111.069144349192,466.8933775401544,2.47166184125966e-12
7111.889339087062,467.0008216472397,6.3622571682093015e-12
7113.25001716203,467.1790954779418,1.2953518876868948e-11
7113.92033700345,467.2669322336276,5.035338697655693e-11
7114.9455804257705,467.4012931504414,2.4758103617343817e-12
7115.701577372834,467.50038099294767,-5.965185403294648e-11
7116.6041964512015,467.6187002556223,-3.849418936692627e-12
7117.421811106951,467.72588972045816,-1.55915226675574e-11
7117.629439873507,467.7531118589496,-3.0160809691798234e-11
7117.80674386664,467.77635875509526,6.494668926970274e-12
7118.794573574322,467.9058868822422,1.4379404358116316e-11
7118.971067833983,467.9290313983327,3.489975233839797e-12
7119.036569497075,467.93762108315,4.349465823849837e-12
7120.585826224094,468.1408088435848,-3.353585048339773e-12
7121.903621110128,468.31367477248955,-1.2543051589148774e-13
7123.210806473532,468.48518056734224,-1.5035385739770478e-12
7123.407311462802,468.51096520571144,-1.0372021224203302e-11
7124.714496826195,468.6825072082901,4.289373180000317e-12
7124.89749661611,468.70652479184076,-2.2705031761948677e-11
7125.430623195686,468.7764978539442,-4.918554353167573e-13
7128.258373810794,469.14772870773913,-8.571749096273037e-12
7129.307807395857,469.2855372170827,-1.7199811461180973e-12
7129.552458841538,469.31766703611817,-3.2585593444374134e-12
7129.864677777741,469.35867202452835,-3.458972387889091e-11
7130.069259985864,469.38554161550167,-3.285503864808684e-11
7130.160962314188,469.397585943655,-3.2959421896469726e-12
7130.770982150416,469.477710851815,-4.055552121201486e-12
7131.081567788426,469.518508299243,2.8736461440501475e-11
7131.755785415439,469.6070772933745,4.5217182571598436e-12
7132.083293730872,469.6501036370476,6.051070493937769e-12
7132.476392981492,469.70174958657645,-5.288944934122395e-12
7133.068096995887,469.7794938849176,6.367557790501172e-11
7133.151598886167,469.7904657610192,1.669590314735053e-11
7133.515306316011,469.8382572294237,6.216400380010745e-12
7133.678116832109,469.8596514604929,-1.4207505509095993e-13
7133.7698191604295,469.87170188479666,2.898850012470235e-11
7134.083355800183,469.91290429401334,1.1443146825204339e-11
7134.632595323692,469.9850852042172,-1.4130740986432442e-12
7136.2135837996675,470.19288930297284,-2.4569032621120127e-11
7137.113952221733,470.3112537209126,-5.678009413245308e-11
7138.016166433269,470.4298757693267,1.0061134103670636e-11
7138.2234179955785,470.45712707535125,3.488689337934808e-13
7139.776346185563,470.66134526604264,-6.259996661645339e-13
7140.135002839128,470.7085168091413,-7.044714496358901e-12
7140.391492238873,470.7422524776464,-5.155321351151761e-12
7140.684002208831,470.7807273571386,1.1130773852752723e-11
7142.584641819276,471.03076365538953,2.8081532904310947e-11
7142.647027767664,471.03897188978146,-4.563849400305765e-12
7144.6060046591365,471.29675456673823,-1.762255915312699e-12
7145.064516300714,471.3571005353027,-1.0344978789399974e-11
7145.603414117869,471.42803129840746,4.1433165786203593e-13
7145.98643947844,471.4784490825139,4.423375522620219e-12
7147.477043329566,471.6746835971228,-4.5405779702723286e-13
7148.160538944329,471.7646778844544,-2.4035625714630777e-11
7148.371372697646,471.79243961395304,-7.918738264294759e-13
7149.670837930412,471.9635659765806,8.818179149279775e-12
7150.087502439114,472.01844304301113,1.51051490995397e-11
7150.1204626196495,472.02278422122873,1.3834033550937736e-11
7150.803958234403,472.1128117904094,-5.270898707370061e-12
7150.930837452375,472.12952480889925,9.344245905547229e-13
7152.062249017322,472.27857180319177,-1.570172612908323e-11
7152.900622526409,472.3890305119226,-1.656861058862962e-11
7153.174020772306,472.4250545083225,1.2894184385761361e-11
7155.231342572678,472.69617924519287,-2.7732047378305473e-11
7156.188236433308,472.8223103392102,-2.530622899591874e-12
7156.222679030343,472.82685063730116,3.1847468260587055e-11
7156.440663334433,472.8555863094165,5.0476590131781566e-12
7157.010812593057,472.9307500896385,1.1347840403513158e-11
7158.283596852953,473.09856508300675,-4.138465969964726e-13
7158.491150178624,473.12593355610915,3.4852039568667754e-14
7159.061299437239,473.2011188716449,8.604763494466866e-12
7159.235934076136,473.22414905757813,1.523841526080597e-11
7160.835313814584,473.4350956181388,2.436397967691854e-11
7161.761464203779,473.5572696648558,1.6562352243555463e-11
7162.015482909325,473.5907815553381,2.801972374689452e-12
7162.350979171469,473.63504434573355,-3.8325140193096025e-11
7163.142290058442,473.7394520161743,5.032405525241952e-12
7163.535403140252,473.79132469385974,3.429879070001752e-11
7165.819760909867,474.09281020810454,2.69106072453398e-11
7165.956864899544,474.1109080088957,1.8413953856749483e-12
7167.0349006875285,474.2532213811908,-4.242901941173709e-12
7168.021769779804,474.3835184487668,-2.6539505766543115e-12
7168.826675138203,474.48980399110474,-6.268360692728354e-12
7168.918679229886,474.50195363880306,-6.838119526660485e-12
7169.00600346496,474.5134854298584,3.0827571770969793e-12
7169.386647403414,474.56375383046816,-4.660816657147477e-12
7169.586089563131,474.59009352217464,3.794777280385449e-11
7170.1747809660765,474.667844396722,-6.4606922215420055e-12
7171.159014651219,474.7978504124527,1.5196576912955203e-12
7172.074013600578,474.9187273169323,2.2872952328272745e-11
7172.506729443596,474.97589707254855,-2.376332158978298e-12
7172.593470267733,474.98735755261913,-7.62333785480174e-12
7173.002531580536,475.04140593295074,-8.528329838164586e-12
7174.788733453547,475.2774490115444,-3.448540368400199e-11
7175.509114696907,475.3726626127962,-2.7183496942598974e-11
7177.371550974766,475.6188672205672,2.257229630769022e-12
7177.537868241001,475.640856625371,4.922300072608913e-13
7180.639017101218,476.05096401322106,-4.567274402475518e-12
7181.649540723635,476.1846376606141,-3.790742229878475e-12
7182.080232232962,476.2416159250245,7.11722764145655e-12
7183.222164048252,476.3927041522632,2.3415234071461526e-11
7183.53598862005,476.4342302771693,7.0449702316152935e-12
7183.933733780097,476.48686361037835,9.241550245432803e-12
7183.942682342016,476.48804780071106,2.7046914540553356e-11
7184.520311577229,476.5644903495915,-2.970017503269196e-11
7185.290740391448,476.6664572586879,-3.2960180337354694e-11
7185.422718163999,476.6839257261104,1.8299080269274827e-13
7186.509551632108,476.8277902939839,-3.4791007579458534e-12
7186.965304647294,476.88812497266315,-7.600955041286003e-12
7187.351658213756,476.93927522996984,-9.34253478624937e-13
7188.199988678104,477.05159734238003,7.028932923423161e-13
7189.460331456967,477.2184958973146,6.1548775797418435e-12
7190.764847465728,477.39127482716225,-2.73066778807808e-12
7191.435167306882,477.48006871638785,2.5197053449241467e-11
7191.533690760067,477.4931203190951,-5.0297949456454286e-12
7191.617432804112,477.5042139389782,-1.6020778065157548e-13
7192.020290349998,477.55758378119833,4.2294268931285227e-11
7193.430480362706,477.7444267630963,-1.4371315710391107e-11
7193.763114895146,477.78850448099615,2.1552999250484156e-11
7194.920994941375,477.94195216146636,2.4587486878102354e-11
7195.103260438599,477.9661090875639,1.5750972285352347e-11
7196.5863088718415,478.1626906565854,-5.4005777425901495e-11
7197.252627823968,478.25102599656344,-1.4124106992049838e-13
7198.240368259154,478.38198792317456,8.808243610814608e-12
7199.063033690827,478.49107670336076,-2.4437418998234882e-11
7201.347391460034,478.7940571998228,2.1666479526026196e-11
7201.620789705863,478.83032518295,-1.3870072532995573e-11
7202.543735108079,478.9527698187895,1.2882849651741014e-11
7202.6870428646025,478.97178347326604,-5.109306196172655e-12
7203.438888040634,479.07154229349317,-3.0979647915901527e-12
7203.9505491364025,479.1394381657528,-2.5683405148831593e-12
7207.181294346675,479.5682595956166,-6.341758034631391e-13
7207.208544899157,479.5718774181143,-1.9687317009340263e-11
7208.609333704771,479.7578665766192,-1.9238361606754777e-12
7208.988104191169,479.8081638806081,7.852497469495175e-13
7209.3624073122355,479.85787055496814,1.4395274941621602e-11
7209.58983431702,479.88807364763534,3.4479480349031446e-12
7209.839625810964,479.92124791971804,6.492253328339967e-11
7209.840854242421,479.9214110679029,-2.7596051389565733e-11
7210.21839629736,479.97155380771324,7.430866679721941e-13
7210.512553396659,480.01062370671207,-2.3082225416091165e-11
7211.139495910062,480.09389943007454,-8.02739392208879e-12
7211.617942840243,480.1574556050559,-8.381232300404126e-11
7211.826182680143,480.1851191911309,-1.07981043840755e-11
7212.508463694484,480.2757622923795,-2.664565711913244e-13
7214.929746908976,480.5975063202048,1.2069486269738467e-11
7216.196849202971,480.7659239665422,3.147370018422346e-12
7216.511991478277,480.8078158799089,-3.1461827070240952e-12
7216.98116042064,480.87018597208237,-6.597800305400926e-13
7217.496314435291,480.9386738698607,-1.4137134463722998e-11
7217.786532255167,480.977259451687,8.245672454271839e-12
7218.118295444509,481.02137055165485,-2.5451354701176794e-11
7219.067530783968,481.147591699375,8.566645446904722e-12
7219.64932562103,481.2249619748069,2.400916404847914e-12
7219.851842001625,481.2518951792193,-1.865113185025164e-11
7220.250801761803,481.30495613327474,4.014077531433839e-11
7220.749753560399,481.37131998085596,-2.3806274223708138e-11
7220.774918169618,481.37466715969464,1.9081774887186146e-11
7221.105171279944,481.41859565537897,3.052031590444359e-11
7222.093000987112,481.550003451845,-6.93391832143185e-12
7223.884253635946,481.78833385760055,7.372127985361729e-13
7224.827340533521,481.91383755298796,1.9324341801620644e-11
7225.169582479605,481.9593863248366,-6.79777682035608e-12
7226.419329566873,482.1257327271218,1.3333951739915877e-12
7228.1000699267415,482.3494914452226,4.231496142624429e-12
7228.744038220859,482.4352374044882,4.7175808655327574e-11
7229.002942989639,482.46971336303926,-1.0939163537215767e-11
7230.449538323192,482.6623658360205,-4.1390465178781184e-13
7232.752047200918,482.9690853679388,-3.4354316388667045e-12
7233.033151745909,483.0065382772961,2.659075249268238e-11
7235.364723018473,483.31724082821955,3.259594019991694e-11
7235.798427139023,483.3750467948979,-3.407337121167165e-13
7236.743853964847,483.5010693927488,-1.7628332978001689e-12
7237.278510738963,483.57234484687905,-2.991226160081621e-11
7237.411566061245,483.5900833596473,-4.388845614168516e-11
7237.635905013812,483.61999225440263,-2.1155981456934126e-11
7237.911011998632,483.65667081452165,2.0253306333611786e-12
7239.05928463091,483.8097789886534,1.1755675291776789e-11
7240.041809576684,483.9408060093523,1.549395971389826e-11
7240.1650035002285,483.9572360913853,2.7538392347019055e-12
7240.204620092693,483.9625197219727,-1.734423499690922e-11
7240.292678620357,483.9742641150064,1.2548022415618766e-12
7240.658170229886,484.0230113706479,2.6389807269206574e-11
7240.865689608388,484.0506902563475,3.9750289810234115e-11
7241.190082208952,484.09395925403544,-3.5554976458039e-11
7241.465189193763,484.13065582550746,-1.037461469526674e-11
7242.779477328827,484.3059882020751,-2.2902226787478417e-12
7242.810220800218,484.3100899103034,-6.587082615665088e-11
7243.111720825705,484.35031612561653,-5.827719046675665e-11
7244.693265049243,484.5613536150798,3.2645747380221794e-11
7244.866026236086,484.584409247277,-3.8012741407952424e-13
7244.998168721541,484.60204453161435,9.473694317058337e-12
7246.248663932565,484.76894727176966,9.928725662226107e-13
7246.752474131906,484.8361986147793,1.2320816588258492e-11
7247.114321940816,484.8845029258984,7.358278481567192e-11
7248.59330787508,485.08196293135603,5.9437403793164216e-12
7249.079818192775,485.1469259263035,5.641618780607735e-12
7249.886432289884,485.25464150693807,3.2740298847055164e-11
7250.073391474924,485.27960982483967,-4.65432271959627e-11
7251.053892086973,485.41056579844184,-1.0681774147854577e-12
7251.095004927192,485.4160572293053,-2.2247340501240014e-12
7251.257815443196,485.4378040913478,-2.4340335234213794e-12
7251.280763343286,485.44086931847113,2.3793176549862222e-11
7251.522100414098,485.4731060988821,-1.0533381381652142e-11
7251.699884714689,485.4968544565922,-6.3368808521291145e-12
7252.220748357296,485.56643457098755,-2.3609253742510165e-12
7252.859638212567,485.651788164874,1.3483681603974217e-11
7253.5704736515445,485.746762290001,-5.012385821791303e-11
7253.7848279861755,485.77540381894073,-6.456207800109398e-11
7253.837531079995,485.7824460137108,4.90490756371529e-12
7254.980945311377,485.9352417798807,-3.748081019319002e-11
7256.253729570653,486.10535373705704,-2.6971976354914493e-12
7256.409451145463,486.12616850546283,9.41460130980749e-14
7257.605568470645,486.2860642954976,3.4958082892972696e-11
7257.832515167796,486.31640528179196,7.093305694043822e-13
7258.497784232466,486.4053519839319,-6.470204103198174e-12
7259.842081546186,486.5851098772001,-1.892430625811152e-11
7261.009809159516,486.74128409012167,-2.17159531272157e-11
7261.301523227084,486.780302430771,2.8007803209866906e-13
7261.954844949747,486.8676934455272,5.4274744041981656e-12
7261.981690635486,486.87128460362095,-2.138047647753699e-11
7262.178675932197,486.8976358114626,1.3708786311569277e-11
7262.351272406083,486.9207250539779,-2.7681593470570695e-11
7263.474181768984,487.0709566234408,6.521675297515161e-11
7264.513095102822,487.209971235182,4.259430357315362e-11
7264.780783720526,487.24579325693645,-1.1954760835216573e-11
7264.985921676937,487.2732456586894,2.4880289987357076e-11
7265.131644802568,487.2927473952834,-1.6747746967122697e-12
7266.25088270234,487.442545053219,1.9816588055205602e-11
7267.289796036163,487.58161280404676,3.1544718834761224e-12
7267.469646164177,487.60568935537543,3.746948387905768e-12
7272.179782174265,488.2364477849677,6.03132614866221e-11
7272.938928782504,488.3381472354187,1.251084985749565e-11
7273.435705365612,488.40470390227466,1.0514848502797777e-11
7274.549233637298,488.5539076633231,2.3406217929379423e-12
7275.3167252806825,488.65675861815816,2.24139491501394e-12
7275.681256274992,488.70561293230156,-1.4213575771438127e-11
7275.80515682863,488.7222185977932,-3.6029127094667125e-12
7276.577863961219,488.8257863899241,5.1515181402433356e-12
7276.892436656752,488.8679524737459,-1.212140869952956e-12
7276.957114755069,488.87662230816846,6.55767107892681e-12
7277.485684696812,488.94747783411384,8.406435222077622e-12
7278.122728762532,489.03288130433145,-2.7235998007035083e-12
7278.761543176876,489.1185296179837,-2.260423588082866e-12
7278.862221729554,489.13202866576944,1.0841969727848077e-11
7279.126074171179,489.16740706376515,-5.046987560312725e-11
7280.017555640282,489.28694997570915,1.1188716104863668e-11
7281.66455374824,489.5078421480227,2.962595428035817e-11
7282.203554668384,489.5801427517686,-3.464271204691527e-12
7283.12408470108,489.70363335168923,-4.782652870224054e-12
7285.414062825285,490.01090535305815,-2.332698498847791e-11
7285.851232202134,490.06957624328936,-1.5757086101800902e-11
7286.357780911846,490.1375626808871,-2.1786127588459584e-12
7286.535489771562,490.1614149963441,6.217242028725204e-13
7287.463321236707,490.2859591960362,3.961291654601118e-11
7288.181259448012,490.3823399941805,-1.2238538684172674e-11
7288.946699095165,490.48510815860385,-5.502703717798123e-14
7289.312458520905,490.53421894329,-5.198065961055388e-11
7289.433511176144,490.5504733143052,-1.0661793331011353e-12
7289.6112200358575,490.57433569822075,3.151678562786335e-11
7290.10702217251,490.6409140754049,-5.409200133531578e-12
7291.138517139138,490.77944202828184,5.829155430386372e-12
7291.327542151576,490.80482987862865,-3.653714303540681e-11
7292.319839223731,490.9381155748636,6.816713308778573e-11
7292.403341113947,490.9493324058811,1.9439001976821855e-11
7293.114402875323,491.0448547242139,8.142611622405193e-11
7294.112080149623,491.178895979294,1.5611837538947117e-11
7294.72398726859,491.2611168042787,6.2258700080863e-13
7296.264624858232,491.46815996473856,-1.8517933739097432e-11
7296.925337285348,491.5569651636165,-1.9991757518324652e-11
7298.55118550422,491.77552681242366,-7.672111742243035e-12
7300.731042374843,492.06863986816546,3.1393081265964905e-12
7300.9155861906875,492.09345845277784,1.3278773132765736e-12
7301.0966370876195,492.1178078978681,5.680455479839727e-12
7302.032154736074,492.2436348220098,2.0367071331329368e-11
7303.401033247787,492.4277777432617,5.7571385632972884e-12
7303.623903615038,492.4577617577751,1.354271826829152e-12
7304.073528303933,492.5182551021484,9.422668336953084e-12
7304.426276669142,492.5657171320758,-5.635107028951031e-13
7304.973896725251,492.63940354418594,1.6974906514553153e-11
7305.457950179899,492.7045411897614,2.4875866164168585e-12
7305.461381489223,492.70500294634195,3.391677625832629e-11
7305.98464666959,492.7754220859805,3.6465480858103835e-13
7306.17562057484,492.8011239212712,9.280252587293698e-13
7306.600616287117,492.85832351743386,-9.94807708837149e-12
7307.007206905482,492.9130491111401,2.502886482982798e-12
7307.009890090929,492.9134102680934,-1.2751637328336125e-13
7307.390232265746,492.96460569385,-1.1593595556655077e-11
7308.292535748619,493.0860696499045,-2.082680712117338e-11
7308.620524371347,493.13022569040584,-1.921681341437996e-12
7309.254782148168,493.2156193712385,-7.826110147000404e-11
7309.2699344769535,493.2176595048539,1.13563588981274e-11
7312.031524574677,493.5895550090122,-2.6206654163790427e-11
7312.048522692931,493.59184453238737,9.385292980908595e-12
7312.117366393187,493.60111733445973,-3.4417075185353517e-12
7312.788976274989,493.6915834308939,-2.5906459847903014e-11
7313.361897990722,493.7687627624547,9.60625698713586e-12
7314.628807908656,493.9394519816547,-3.893856510692923e-12
7316.088338861269,494.13612944751674,2.9071127356125485e-11
7318.131990747703,494.4115854178714,1.2321149664922733e-11
7318.5650636788105,494.46996753009466,6.481074647532619e-12
7318.920481398187,494.5178836049849,2.573007849980968e-12
7319.877375258047,494.64689998781705,-3.6241245169566014e-12
7320.670230170499,494.75381205392546,-7.850590695109506e-11
7320.907250757593,494.78577520736275,6.290177793948932e-13
7321.627124030348,494.8828592789413,-1.5012486704744798e-11
7321.801669397009,494.9064003807,2.3009530076260782e-11
7321.982541749721,494.9307954012516,5.077995596839429e-12
7323.094883083457,495.08083483886094,-1.6827280323335629e-12
7323.186015832012,495.0931283944095,1.5323737572013308e-11
7323.419275683889,495.12459519975164,1.355728168793482e-11
7323.763494185141,495.1710321821283,8.174627846703539e-13
7324.722096784016,495.30036448490625,1.2714002876099326e-11
7326.138984701514,495.4915585148772,-3.095718656955546e-12
7326.588609390364,495.55223833799096,2.953652033326465e-11
7327.54347891652,495.68111664288745,-1.3099596444328544e-12
7327.547211989222,495.68162052696863,4.239035234253737e-11
7327.861393649202,495.72402917635543,7.108943816518774e-11
7328.419671006195,495.79939066674564,1.3670825917278069e-12
7329.368769294711,495.927521992395,5.816591366501087e-12
7330.333458725823,496.05777517673806,-1.3124500844343249e-11
7330.538775226366,496.08549939712225,-2.507588213687255e-11
7332.740784094528,496.3828890529563,-1.8959404701081007e-12
7333.141932901102,496.4370753398601,-4.555390095292337e-11
7333.4778063671865,496.48244665920987,-6.26269914973169e-12
7334.751743616594,496.65455480043863,1.4528530169362084e-13
7335.790883272613,496.79496406884215,2.4294813655209765e-12
7335.860056398749,496.8043114955617,2.5174296422338524e-12
7336.775474045359,496.9280210064722,-5.991076371059996e-11
7336.957739542461,496.95265420251735,-3.708367723980859e-13
7337.500445872658,497.0260046288413,-7.56455109355706e-12
7337.950503090725,497.08683701703126,2.5120299580798396e-13
7340.103871363606,497.37795060851926,-2.968561903384394e-11
7340.184408420801,497.38884006041053,-1.4281598343875959e-11
7340.366673917897,497.413484701797,-3.8081150891922376e-12
7342.287907667,497.6732974572798,-9.44725303754572e-12
7343.772053764776,497.8740484176691,7.344329287552498e-12
7343.939688734431,497.89672587929806,1.8678653515349007e-11
7344.218796608108,497.9344844127716,6.470909552977482e-12
7344.722380484679,498.0026143499355,4.279939575301155e-12
7347.383546014337,498.36272139691755,-9.788595918644481e-12
7347.795365953084,498.41846023709695,6.869537232961934e-12
7347.9916923979345,498.4450336498173,6.415435202193685e-12
7348.7203633508225,498.5436678035928,-3.654821505198175e-11
7350.054586773949,498.72429593171256,-9.070305832679346e-13
7351.977261445701,498.9846466884984,9.543047033612891e-12
7352.9190029766305,499.1121934301428,-1.7471248053861474e-13
7354.223683697302,499.2889225972772,1.252399436752535e-12
7354.674790802588,499.35003586386716,-6.635323653369401e-12
7355.104267711352,499.40822228531067,1.82435215157252e-11
7356.328939460732,499.5741620095527,-3.760281760894637e-11
7356.479802634662,499.5946054746829,-3.0576292008758146e-13
7357.8520847928385,499.7805826487894,-2.6656647520794182e-11
7358.17684831287,499.824600977885,-3.309784271570941e-11
7359.020951564979,499.93901951224325,-1.9019442762830908e-11
7359.606836562752,500.0184441751684,2.5951948245307527e-11
7359.865082479592,500.0534549218349,-3.825345191909138e-12
7359.880234808374,500.055509181605,-1.2644193502392612e-11
7362.7054531164695,500.43860885577766,2.286747011071304e-12
7362.928893063336,500.46891359224554,4.917419894246077e-12
7363.8198049524035,500.58975542698283,3.2797903536715905e-13
7364.323224115984,500.6580448458334,-1.881676901189141e-11
7365.112572278098,500.7651302780398,-3.1294305248196635e-12
7365.280117975637,500.7878615262702,1.0309854146410544e-11
7366.099578419859,500.8990467561364,-2.368756509811212e-11
7366.2780215721305,500.9232597453309,1.3273676866112275e-12
7366.82728875752,500.9977936077037,-2.601120002534733e-11
7367.538124196117,501.09426003347875,1.9531871186798025e-13
7368.67443565444,501.2484865123477,2.494489783428054e-13
7368.741076476806,501.2575321118679,-4.988366202770001e-12
7368.84157648524,501.2711737973384,4.014417625578627e-12
7368.9258742776365,501.2826163674168,4.5987679547136276e-12
7369.658443016101,501.38206065298766,1.9048142957657573e-12
7369.87738793512,501.41178377048857,4.809138815096628e-11
7370.588223373703,501.50829013448197,-4.25231692946616e-11
7371.632784725461,501.65012158706355,-1.648344819738083e-11
7372.050677665169,501.70686908426615,-3.438020965168936e-11
7372.303104566028,501.74114878788214,4.2685489531602895e-11
7372.836231144959,501.8135515101591,5.859720429925495e-12
7372.913035129439,501.8239825181039,-6.153728708441148e-13
7373.00482672975,501.8364491871959,3.1187775554417043e-13
7373.112957596535,501.85113517160687,9.621016373406328e-12
7375.173786144874,502.13107140498823,-2.376815214514107e-11
7375.3423817296625,502.1539763416419,6.159485337962719e-12
7375.875508308586,502.2264089113049,1.1562663645122369e-11
7376.8925512915575,502.3646026932628,-7.993220528487439e-12
7377.815538186753,502.4900328129304,-7.606226667955982e-12
7378.9410276311355,502.64300343024394,-1.400882309093241e-12
7379.522088175128,502.72198726231096,6.670726378945907e-11
7379.774981552305,502.75636512006645,-1.9218888488548228e-11
7380.018596941684,502.789482859385,-2.3371082621199305e-11
7381.075736824655,502.9332059982848,5.833805734011665e-12
7381.4568749015525,502.9850285613081,-2.921581584593844e-12
7381.79007901337,503.03033583362037,4.818633109235198e-11
7382.693507824028,503.15318943091575,5.315013931467941e-11
7384.480066783625,503.39618055658724,-4.320535291144572e-13
7385.4687678330765,503.5306797457007,5.9173191045062546e-12
7388.89914757549,503.9974753833693,6.796853643882129e-13
7388.96511571482,504.0064542513894,-7.943861228006957e-12
7389.01199979264,504.0128356525629,1.2570055886534039e-11
7389.236338745046,504.0433710324842,-2.762067133578895e-11
7389.71088788917,504.10796625116365,2.666288336967786e-12
7390.828087623357,504.260054890579,2.47721293798517e-12
7391.2315763581255,504.3149889945074,-2.0373793333496707e-11
7391.568767527676,504.36089913101523,1.908515757778624e-11
7391.5889706327125,504.3636499436642,-3.2490593693691388e-12
7391.953501626824,504.4132850153353,6.999108999403837e-12
7392.9096473624795,504.5434868432765,-6.92822992319262e-12
7393.964461148334,504.68714419384656,4.962971535733509e-12
7394.305954970266,504.7336573612443,-2.019647698449375e-11
7394.436944465016,504.7514993559378,2.7392671842018594e-11
7394.772440726783,504.7971985270761,2.2494199113009824e-11
7394.972273921761,504.8244195216997,-1.5033809483996444e-12
7395.3368049158635,504.87407731194344,5.035268833435589e-11
7400.967409345703,505.6414104421178,5.268507140958275e-11
7401.388898307623,505.6988740301122,-1.0221841153147328e-11
7402.396409317633,505.8362460420418,1.8612096692453838e-12
7403.8666591801775,506.0367450780496,-1.4006343160187808e-11
7403.902947566643,506.041694255058,9.850381701280697e-13
7404.916092763834,506.1798814484207,6.186548561976375e-12
7407.321997324792,506.5081087933574,-8.143784652959181e-13
7407.4792013159895,506.52955917759454,-3.651560880096899e-12
7408.518114649121,506.67132968398215,-7.178730974262618e-11
7408.999032273017,506.7369626167987,-2.8908729845993656e-11
7409.959329779289,506.8680313671846,3.6360833148482126e-12
7409.983924808808,506.87138850808316,3.079179397324348e-12
7411.460275334821,507.0729259243106,-7.331913415447341e-12
7412.060042736009,507.1548119682562,4.38506750495126e-12
7412.266573836673,507.18301112454594,1.1961755315358524e-13
7412.368665649515,507.196950734183,3.4253522423388935e-11
7413.272273004247,507.3203375949331,6.881181701437296e-12
7413.536393262005,507.35640584530097,-1.556682054418728e-11
7415.180076994212,507.58089610292393,1.218295276566459e-11
7415.726873485313,507.6555872465445,1.1027290335850335e-11
7416.232660239585,507.72468145781966,-6.34990634522983e-11
7416.547068221966,507.7676342886,-1.173910404114646e-11
7416.93976260531,507.8212847696132,-1.6865981122933713e-12
7417.407778556612,507.8852295035736,-7.770741754308117e-13
7417.736350590106,507.93012451077993,-3.480195824180727e-12
7418.006015762951,507.96697216320206,6.636171854752688e-12
7418.050758572487,507.9730860503472,-1.697267826591093e-11
7418.29632285465,508.0066418708585,-1.5241495739343086e-11
7418.40986158607,508.0221570649846,-2.2890726585774927e-11
7418.503842232973,508.03499980470184,6.015996760482093e-11
7418.556545326751,508.0422019131104,-1.2191675558046724e-12
7419.103341817848,508.1169270657473,5.9918829491084025e-12
7420.079285791686,508.2503131571259,1.0038573051117941e-11
7420.448373423173,508.3007623839248,3.8043845703612096e-11
7422.232743335846,508.544696716151,-2.805756867774417e-12
7422.237437023704,508.5453384494663,-3.326259335783941e-11
7422.3314176706135,508.5581878154353,-1.8854623133594126e-11
7423.792835905726,508.7580190139331,-5.717584823522743e-13
7424.2025284073015,508.8140465493282,-2.5778698302109555e-11
7424.752474560155,508.8892593463408,-4.2497891423040644e-11
7425.369988203429,508.9737195788067,2.298752177272512e-12
7427.346608230998,509.2441183824908,2.0856982278992103e-11
7427.7115440917805,509.2940489587215,2.6881132407728177e-11
7428.542993371517,509.4078171289327,-6.654158207133986e-13
7431.20862626547,509.77264463067485,2.8949125384989593e-11
7431.328999953022,509.78912246804083,3.717888514651995e-11
7431.419549290599,509.80151785496645,5.418229500868825e-12
7432.428933752451,509.9397037019185,1.261050503283762e-12
7432.721876251236,509.9798113671508,9.468734193203107e-13
7432.919835994202,510.0069155440171,2.86611974158934e-12
7433.17385469942,510.04169623802363,-1.6984944026289302e-11
7433.177539993788,510.0422008438462,-2.778918696359563e-12
7433.652885040029,510.1072891605559,5.8027355616848904e-11
7433.767624540388,510.12300089968187,2.3067099625212876e-11
7434.715405124885,510.25279356455474,-1.0102742798142231e-11
7435.146007361594,510.31176733328147,5.87817052131248e-12
7435.243721081197,510.3251503363162,-2.019009824602163e-11
7435.6176193351275,510.37636157036417,2.017872653791932e-11
7436.3102282237915,510.4712320312887,1.6134684969182507e-12
7436.494772039519,510.4965115068491,5.862664687769441e-11
7437.743558510382,510.66759125449124,7.349744361443332e-12
7439.816828538929,510.95168604577833,-7.917529384920451e-12
7441.01835372774,511.11636415288825,-3.755586098309972e-11
7442.316501255121,511.29431496871723,-4.293410911071467e-11
7444.617225950663,511.6097759058858,-1.986049237969161e-12
7444.9279486386395,511.6523877252127,-1.8218691131235424e-12
7447.363423564083,511.9864449488778,-3.8266953404769517e-11
7447.433001556917,511.9959900854807,-1.4249155746840514e-11
7447.5719035575385,512.0150457821733,-6.226168593707307e-11
7447.786936859582,512.0445464857746,2.1243084352715347e-11
7448.28273899587,512.1125694837665,-7.339299667945995e-14
7449.056482183837,512.2187344499036,2.1828245590069237e-12
7449.274466487623,512.2486459724742,1.210108656437319e-12
7449.817934772672,512.3232237949748,-8.998243236452522e-12
7450.577081380283,512.4274073367872,-7.225653682193391e-12
7450.5792842581495,512.4277096701479,-3.9113992430920676e-11
7451.2901196964685,512.5252727506005,9.726787529659388e-12
7451.305272025244,512.5273525285799,-9.512881136520504e-12
7451.740176914298,512.587048496156,-1.864609973917093e-11
7451.8236788044505,512.5985105414161,-2.651500181497956e-13
7452.182335457478,512.6477436874634,-9.846193895183756e-12
7452.860897229594,512.7408970013635,-1.290733409245889e-12
7453.319408870492,512.8038465204245,-6.401352935310354e-13
7453.349328777133,512.8079543887538,1.0042082207890101e-11
7453.6691169616115,512.8518608951765,9.70978451287479e-12
7453.807133787918,512.8708110098669,-5.0948806209268376e-11
7453.993791209401,512.8964401789822,-9.694628548541237e-12
7454.222837680856,512.9278904925995,-1.86975959166944e-11
7455.330368391438,513.0799788910928,-3.8061563250211605e-12
7455.631332784028,513.121311845743,-1.8771998322864503e-12
7456.305715122931,513.2139342243637,3.787943532197817e-13
7456.764226763825,513.2769128386889,2.9148913081615523e-11
7457.380779791853,513.3616052457758,2.275270277752203e-12
7457.445801147259,513.3705372702923,3.1096507698663526e-11
7458.055820982528,513.4543398717216,-9.627453077089624e-12
7458.684636947174,513.5407318009889,-3.170443331850311e-11
7458.702204645097,513.5431455009714,3.658994423464468e-13
7459.550967637595,513.6597673944835,4.419470679222589e-11
7459.730158913666,513.6843903646985,1.8366898712621216e-11
7460.179783602237,513.7461766423597,-2.6143042180636372e-11
7460.7898034375,513.8300099654964,-3.0363040370665555e-11
7461.031003457639,513.8631593019868,-3.910766019668824e-12
7461.2885289129945,513.898553508385,-5.752678850340913e-11
7463.489384789217,514.201088185121,9.10051190968419e-12
7463.662461570515,514.2248834991594,-9.910433905681194e-12
7464.5888521121615,514.3522568957516,2.2188517482912982e-11
7466.623479994445,514.6320620712082,-1.573695984179329e-11
7466.856630458244,514.6641301536635,2.993363815827493e-11
7466.979165529877,514.6809843271819,2.606349683328143e-11
7470.434414401403,515.1563528484617,1.3131681153219936e-12
7470.730595834013,515.1971113277145,1.947731003956027e-12
7470.7525554564145,515.200133326306,-4.7027663383570816e-11
7470.946075496529,515.2267651923685,1.3917247115862236e-11
7474.062815495012,515.6557801481571,2.8175836003050215e-12
7474.9858916619,515.7828746534223,2.017314169653479e-11
7476.03260056601,515.9270106241372,-2.3521663343765077e-11
7476.1524801147025,515.9435198018878,6.22628169438708e-12
7476.911160245901,516.048007358209,4.626935629038736e-12
7478.553738765362,516.2742642084828,-7.669152607548143e-13
7478.593712446182,516.2797709995023,-1.0773344036406374e-11
7478.793154605602,516.3072466747443,-5.94310976394074e-12
7479.518874556308,516.4072299434323,-7.450208608356187e-12
7480.09205025664,516.4862038731119,-4.754266061142291e-13
7480.541674945172,516.5481587959509,2.0117753481630263e-11
7482.494852933348,516.8173353551782,3.44255310210932e-13
7483.00555341329,516.8877289572945,-1.953132760795815e-11
7483.552349904224,516.9631032637515,-1.2753511935117642e-11
7485.8073912904865,517.274012355613,3.7513061242746105e-12
7486.346138225079,517.3483048198683,3.731497712821285e-12
7486.892934716007,517.4237127739094,4.5199654593495566e-11
7487.7794546800915,517.5459832293907,-2.2347822059269933e-13
7488.754678192261,517.6805045629629,-1.3657020152666027e-11
7488.909768577631,517.7018991866369,-1.4736595985588332e-12
7489.754290527226,517.81840824766,-1.3761093059276615e-11
7490.746093459639,517.9552527605789,-6.697844764063552e-12
7490.951231415834,517.9835590356766,-3.635157619768515e-12
7491.737251371526,518.0920263787181,3.593498649114122e-12
7491.805134456566,518.1013944837653,-1.1320567517303601e-11
7492.899461731015,518.252427219593,5.105201282183646e-11
7494.636034728489,518.4921442827964,5.433247264800512e-13
7495.314314852922,518.5857893629162,4.557582284014707e-12
7495.350061322203,518.5907248465197,-2.7594910939187155e-11
7495.770143308291,518.6487269608607,-7.116068286258297e-12
7496.721444473947,518.7800882865772,4.0382017121429276e-13
7496.855865277959,518.798651255263,-5.065904967951208e-12
7497.4109791414985,518.8753137572819,1.324920925283608e-12
7498.849826680279,519.0740483380836,3.378482928357093e-11
7498.904238513066,519.0815644850336,-3.660048101419634e-11
7500.516327546054,519.304274212219,-4.3826141505394973e-13
7501.30766609427,519.4136149670699,-4.707437895141681e-13
7501.676753725621,519.4646164530519,-2.649168671786533e-13
7502.054460492988,519.5168115515531,-9.940929886152222e-12
7502.519731649078,519.5811107390575,-9.059251689910498e-13
7503.1120945142075,519.6629794197063,-7.386299880106879e-13
7503.380936122227,519.7001373379871,-4.401230681463437e-11
7503.489801281569,519.7151845047566,2.7158225690424208e-11
7503.973298987354,519.7820154158641,-3.1991401495737925e-12
7504.321476883559,519.8301445698684,3.415775754696696e-11
7504.759181892564,519.8906523594779,-1.7944347300303005e-13
7504.816276910801,519.898545363145,-2.2831769254309542e-11
7505.185364542148,519.9495707036289,-2.4482490629085217e-11
7507.006921846154,520.2014326972566,8.803046516683647e-12
7507.988966483124,520.3372428150517,3.3715890233831834e-13
7508.045759737978,520.3450974807004,5.293132889972783e-12
7509.896413383878,520.601080557573,4.9341563619532564e-11
7510.620424595449,520.7012432172194,3.9269800899234243e-13
7511.362991782603,520.8039830164641,1.3758737459756092e-11
7511.664958284035,520.845765276014,3.276344425584136e-12
7512.167595376314,520.9153174883892,6.18458927604144e-11
7513.371940800619,521.0819872531885,8.42146372079186e-15
7513.807984848909,521.1423381223999,1.0871587965057961e-11
7514.21124726092,521.1981549520933,-3.9156191150871445e-11
7515.138598417516,521.3265239325251,4.368893020513869e-12
7515.77328872298,521.4143903407305,4.499749116352426e-12
7515.851636733495,521.425237339316,1.028072397449928e-11
7516.8385058241465,521.5618754765173,9.338863062731183e-13
7517.103826850728,521.5986138757324,6.591642628493744e-12
7519.791206874744,521.9708023609259,6.207192932353202e-14
7520.908104844899,522.1255261921599,-5.47609792973229e-13
7521.047953629379,522.1449010574519,9.346519044222356e-12
7521.762968500674,522.2439659451131,-3.726329712825534e-12
7523.129959727778,522.4333879847898,2.6092037595488554e-11
7524.262853707234,522.5903975848211,-8.674044247954383e-12
7525.629844934323,522.7798825738774,-3.705220298353264e-12
7526.003743188102,522.83171633875,-2.3416792247871147e-11
7527.86589153077,523.089905558822,-4.295263421830441e-12
7528.177616327549,523.1331328370708,5.354251072004127e-12
7528.809115477447,523.2207091219869,2.258085873708785e-11
7528.89528672176,523.2326599173933,-3.062730089421911e-11
7529.346798693426,523.2952808058191,1.173362176233101e-11
7529.58456740417,523.3282588227664,6.756521502825744e-12
7529.89222970236,523.3709324779383,-1.5026422229720003e-11
7530.245369102682,523.4199160886635,-1.0521565452654172e-11
7530.290022640095,523.4261100994888,2.4542479952238062e-11
7530.597458615748,523.4687563575459,5.531620897355841e-13
7530.819505418047,523.4995588624297,-8.298814940476061e-14
7531.180543493014,523.5496442835381,4.23159009533722e-15
7533.337047594521,523.8488577925842,7.196454875491303e-11
7533.4332311192475,523.8622051882527,1.3637983425923815e-11
7534.137965893795,523.9600064897472,2.9409687490925547e-11
7535.316049043202,524.1235183056742,2.9869064449460446e-12
7535.945523859412,524.2108966169719,-3.99427450765208e-12
7536.074983159244,524.2288679548838,-9.110575526549728e-12
7536.6591040925005,524.309958550032,1.0984627775930844e-11
7536.874673027053,524.3398864975578,8.184976853393264e-12
7537.244989089802,524.3913003549775,-3.871792407588472e-12
7537.456604913691,524.4206817588921,-1.2787692945245719e-12
7537.518387335205,524.4292599794139,-5.694516342508035e-13
7537.908206157437,524.4833862488849,-1.0746121468147488e-11
7539.431351488294,524.6949015253244,-2.1259900713417102e-11
7542.440002112899,525.1128306822353,1.901126628124146e-14
7543.077931352157,525.2014663281403,-8.007670227080821e-11
7543.7968301777755,525.3013610954031,2.9683208690224213e-11
7544.371460631939,525.3812158608558,1.497875132001219e-11
7544.900586321457,525.4547523372225,-5.273635530908148e-12
7545.260004929468,525.5047063176701,1.3056133680528868e-11
7547.337831594448,525.793540770193,5.6526441596586754e-11
7547.695225868787,525.8432294363906,-4.406412426200711e-11
7548.115486398977,525.9016614329086,1.134792029256166e-12
7548.226375891971,525.9170797793524,2.4559120446961402e-11
7548.787590418895,525.995115894515,-1.2727855373512892e-11
7551.360471096026,526.3529457154148,-3.1215507188824364e-11
7551.963923791209,526.4368900637047,3.202002351047124e-11
7552.340971706714,526.4893433820249,-2.1023030454046157e-12
7553.531016029269,526.6549145135527,-3.3689495711305027e-12
7553.54963361444,526.6575049895765,-5.070828977137737e-12
7554.815493643735,526.8336534447795,-8.520662622895117e-12
7556.287781670203,527.0385641433587,-4.743776333844338e-12
7556.336539199966,527.0453508216225,1.0165944193864283e-11
7556.4357353360165,527.0591583064248,-4.408935754669676e-13
7558.390532790476,527.3312909274431,2.7466844162800045e-12
7559.279077087953,527.4550108426872,3.127491615657278e-12
7559.534338055737,527.4905557837803,5.502431570658224e-12
7560.0413532411385,527.5611609127124,-5.55888620357963e-12
7560.331660332655,527.6015901762203,-3.069666542736124e-11
7560.7989080439565,527.666664119775,-3.805708154043778e-11
7560.889471212737,527.6792773863393,9.779707279860278e-13
7561.551967818938,527.7715517904436,-4.823035294987902e-12
7561.810481551842,527.8075605084332,7.760527332484478e-12
7562.29688876548,527.8753161464282,-7.1297079586128274e-12
7563.076657175725,527.9839455578137,-1.325587733269859e-13
7563.997667514823,528.1122657869107,1.412840780818511e-11
7564.088230683601,528.1248843897581,6.674556650758796e-12
7564.983383614658,528.2496184894442,4.6215857867894277e-11
7566.675303074177,528.4854174586101,-3.907344376402223e-11
7567.296234195129,528.5719684446592,-8.696373549561281e-13
7569.018643140941,528.812090529905,-9.674562853709822e-12
7569.1331424874425,528.8280548910373,1.8709926070844548e-12
7569.921907237899,528.9380369744025,-7.39513841849445e-11
7570.1042758381645,528.963467326369,5.380628269797756e-11
7570.371964455494,529.0007962201898,1.855597553420296e-12
7571.727097612428,529.1897883567204,2.5073119379206497e-11
7572.003824063759,529.2283858622609,-1.1560269968795953e-11
7572.533622436247,529.3022855006452,-3.2666142698833496e-11
7572.584658284717,529.3094045776204,2.8767741541508006e-13
7572.974957414471,529.3638496510346,-2.90809807286791e-11
7574.7376694669265,529.6097754615355,3.4888121110151315e-11
7575.667223501145,529.739485790127,4.4587795773294283e-13
7575.838097404493,529.7633313323909,-1.2005195222626363e-11
7577.034482544228,529.9303025681247,-2.2521075665512814e-12
7578.333124209665,530.1115748858654,-8.739980149193165e-12
7579.232188757564,530.2370899929939,-4.871041936192863e-12
7580.7905587560745,530.4546835900659,3.09660665561564e-11
7582.239102980108,530.6569824444202,5.049487997545825e-11
7582.510792486425,530.6949299992173,-1.1353738798082186e-11
7585.376046082095,531.0952099393396,-3.1786204286592244e-12
7585.428749175834,531.1025740517615,4.331444204619692e-13
7585.700438682148,531.1405375697983,3.074288316606653e-11
7586.156267137338,531.2042341102127,4.1460414496680914e-11
7586.563214843584,531.2611033880692,-3.9669539139091224e-11
7586.951757455945,531.3154034760665,-2.0043534345868646e-12
7588.797195612013,531.5733474042707,-9.753171654832e-12
7589.021356020018,531.6046834321592,4.202533880518698e-11
7590.886770958558,531.8654910506363,6.933592363447658e-15
7591.257869092179,531.9173827119404,-9.67099751310724e-12
7591.723874540711,531.982549114115,-5.5985072942337916e-11
7592.0656223473825,532.0303418167512,-5.184165494601802e-12
7594.3953817737265,532.3562110336208,-2.1603066437081096e-11
7594.396788749379,532.3564078609965,5.052557122094019e-12
7594.876299397228,532.4234906214949,2.3207819179603138e-12
7595.49266004943,532.5097246963836,3.275433767482538e-12
7596.048014066522,532.587429419706,-3.464345127769729e-11
7596.867714663689,532.7021317022767,2.2945108239773085e-11
7598.0876650613845,532.8728646277998,-1.0114132685608869e-11
7598.106083986527,532.8754425795516,-4.3605497363676385e-12
7598.894684023943,532.9858225716874,3.97616458039381e-12
7599.643949116509,533.0907074820913,6.302975631138407e-11
7599.875589501164,533.123135456189,1.921063080549148e-11
7600.239715628203,533.1741124715298,2.524558269807313e-11
7600.5848947441855,533.2224391937873,1.6640032934138086e-11
7600.670674952991,533.2344491725571,9.049712082412706e-12
7601.037484265473,533.2858072104856,8.307648408901485e-13
7602.1227598741525,533.4377743173712,-1.2511770864475435e-11
7603.31580297653,533.6048567404913,-4.998436101151214e-11
7603.489058301924,533.6291228551601,-1.0891660790193321e-13
7604.543816761779,533.7768640952737,-2.820124164047586e-11
7604.796243662381,533.8122248629704,-1.1298321039837183e-13
7605.713356215669,533.9407068020898,1.4452459356785987e-11
7606.195700930627,534.0082866056001,3.828313205793238e-12
7607.161962049139,534.1436793089782,-3.811516724176908e-12
7607.4312085237725,534.1814092433416,1.6077806187908243e-12
7607.502886291069,534.1914537873175,1.7838088355722603e-11
7608.610506273013,534.3466818359656,1.6139802807477486e-12
7608.658817442266,534.3534529473151,4.585374372371275e-11
7608.836794118024,534.3783978581548,3.734604728403871e-11
7609.642001238157,534.4912616222064,1.4481018009997482e-12
7610.991918905666,534.6805028260039,-1.9960937314194028e-11
7610.999968462001,534.6816313715998,1.921038567070789e-11
7611.025222343275,534.6851719665917,7.08235363380761e-12
7611.07542079576,534.6922098261796,-3.0870701768642597e-13
7611.342073357042,534.7295954875948,5.4885124436969917e-14
7611.754284330783,534.7873915465772,6.168319184040475e-13
7614.132924505862,535.1209615874163,-3.3859466847901314e-11
7614.306001287048,535.1452371819872,3.253067459877745e-11
7615.0350632745485,535.247500822236,-1.3397968033346029e-11
7615.70524606396,535.3415142665751,2.8347624737459165e-11
7616.070902385806,535.3928121344848,7.418777995490966e-14
7616.231537686182,535.4153484141736,-1.3062555899393902e-13
7617.250110862905,535.5582598850016,-3.935931324754161e-12
7617.362976911194,535.5740967942702,6.115963163811164e-11
7618.439228517053,535.7251238717341,1.5000592821703254e-11
7618.541917571987,535.7395350260003,1.5112787778546386e-11
7618.96552013927,535.7989845243345,-2.046520037161909e-11
7619.054539281939,535.8114781252268,3.498136029151869e-12
7619.608170728686,535.8891821093591,-5.253999652614348e-12
7620.714576110372,536.0444866394269,-7.154160056491e-12
7622.255378410699,536.2608044067337,-8.944436615863926e-14
7622.683043476561,536.3208533170093,8.795546382763215e-13
7622.750823458209,536.3303706861749,5.51766405229537e-13
7623.372578143737,536.4176787138481,-1.7186635952090714e-12
7624.078856944101,536.5168644245299,-1.10999081799502e-11
7624.719290824382,536.6068111991202,-1.2089751168492369e-12
7625.116075368467,536.6625420382193,3.585366015538213e-11
7625.210056015286,536.6757426251366,9.288811275157566e-12
7625.331108670342,536.6927460048797,-3.5598016117136295e-12
7625.6628718590655,536.7393477334765,1.9384128072172972e-11
7626.920503787443,536.9160217336562,4.847007302536799e-13
7627.123843732383,536.9445899671197,2.3174335624611368e-11
7627.554699953767,537.0051256030041,-2.2315791374455855e-11
7628.381475660749,537.1212978128095,2.4633094293715962e-12
7628.834291504519,537.1849293745177,-2.7110267913086537e-11
7628.928272151341,537.1981363983649,-5.617641394813126e-12
7629.831968777312,537.3251404540996,2.046382806415658e-12
7630.368423561604,537.4005400536878,-4.794873427382693e-12
7630.685871817533,537.4451604232441,-5.431608124965265e-11
7631.866040909716,537.6110606848022,1.524692599115274e-11
7632.557119602956,537.7082198065539,-2.458765409744407e-13
7632.941407341196,537.7622508306307,2.046066661633261e-11
7633.950565479627,537.904151857928,-2.2062189822183435e-13
7634.1215764333665,537.9282001264422,-2.725104060020259e-11
7634.617378569252,537.9979249210378,5.0924685749887995e-12
7635.249207144752,538.0867857143929,-2.830563669349858e-13
7635.463204390616,538.1168840972609,2.7485205014987394e-12
7635.802104298838,538.1645515729226,3.576414035173668e-11
7636.198305431968,538.2202813518596,-6.447754187088002e-12
7636.555568940313,538.2705366312483,1.9342925910574706e-11
7636.647930120195,538.2835292079865,-5.581574212435136e-11
7636.653969174116,538.2843787356461,-1.0321560245020477e-11
7641.937747352626,539.0279174438181,2.4221200172451444e-11
7643.280726960465,539.2169848860053,6.0390052356134294e-12
7644.261632437503,539.3550997795226,9.088766068484759e-12
7646.164474921386,539.6230771414844,7.399282930247574e-12
7646.552852820705,539.6777806081699,5.702162526096617e-12
7647.1499370358315,539.7618860150509,-3.6327297369660007e-11
7647.21118382472,539.7705136218549,2.2660296085994862e-11
7647.847102561283,539.8600972066935,-5.0772540064577127e-11
7648.3111452856265,539.9254728560844,-1.2154998324063619e-11
7648.785605157112,539.9923202037781,-2.0424859300815073e-11
7649.547778206652,540.0997125644324,-7.60652310087076e-12
7650.336268855973,540.2108244114347,1.3131000877056322e-11
7650.543897622019,540.2400847681814,-3.120705222959606e-11
7652.087246057158,540.4576080645918,-1.5585328316916618e-11
7652.149885990445,540.4664376162706,1.833855329039316e-12
7653.2183420248575,540.61705535353,-1.3257158702025814e-12
7653.311917804935,540.6302475129428,1.1685276517681528e-11
7653.619984969694,540.673679454254,1.6468591361572378e-11
7656.121352591345,541.026392121565,-2.925528229435358e-11
7656.337326392525,541.0568515452427,3.4223574445176465e-12
7656.804848204507,541.1227904717078,2.100180098536273e-12
7656.807215795318,541.1231244051905,1.6942238320408182e-12
7658.113920847904,541.3074425180205,4.108686680145646e-12
7658.3450809249225,541.340052224015,-5.089164303419552e-13
7658.712247325711,541.3918503383752,-2.755780834232274e-14
7659.139164267635,541.4520809013133,3.366817324112362e-12
7660.13300536425,541.5923076173947,-1.988219026474804e-13
7661.74924616681,541.8203911164844,-1.5583049446299446e-11
7662.701775763246,541.9548343917804,-3.7205858100578975e-12
7663.768028919747,542.1053488236989,-4.180959519941468e-11
7665.23534161013,542.3125118627311,1.0893274190220506e-13
7665.464326471782,542.3448447454991,-3.49491400309306e-12
7665.618023712639,542.3665474855039,2.2315392696073975e-12
7666.074346306506,542.4309848469919,-3.4057136011271994e-11
7666.684276869127,542.5171191957644,2.9993968877129094e-11
7666.709770904185,542.5207196107059,-1.0100014484619095e-11
7667.197255667369,542.5895673289895,1.1686091270467908e-11
7668.393372990349,542.7585141277485,-1.7248902531301734e-11
7669.603160225582,542.9294185549804,-3.3038750903079653e-13
7669.66615724726,542.9383187673664,2.1726990740877657e-11
7670.799277548543,543.0984183637426,-1.2303912090077428e-11
7670.9306241315335,543.1169779714164,2.5655236790513193e-11
7672.764773796754,543.3761812074696,3.781242262961676e-12
7673.879125631171,543.533692403159,-4.651161227458587e-13
7675.561485454578,543.7715336217046,-4.722137598865821e-12
7675.9948601483775,543.8328097954333,2.1995620764988625e-11
7676.542390931483,543.9102317945054,2.1138289510590958e-11
7679.310994525035,544.3018026998386,-2.8087257285282287e-13
7681.003888430154,544.5413027121998,-8.967338485917932e-14
7681.285830370553,544.581195217887,-9.245449238209696e-12
7682.109998332748,544.6978167192889,6.496857435603847e-11
7682.380157644118,544.736047553463,-1.1619425913048644e-11
7684.694764740819,545.0636477616443,1.2348517661126718e-11
7684.976706681216,545.1035594361279,-1.6246275768864444e-11
7685.531429508827,545.1820902219463,-2.3092566695386223e-12
7685.627118894659,545.1956373129854,5.102621066226374e-13
7685.774475318205,545.216499422528,1.3048881255223602e-13
7686.505321485364,545.3199754945311,2.7893503501949846e-12
7686.922747948173,545.3790807879915,9.927214683351956e-12
7687.51356678675,545.4627429756151,-1.0504944766781673e-11
7687.6683277461025,545.4846587769838,7.165019989597758e-12
7687.920157404426,545.5203214837977,-3.3205966104102254e-12
7688.087703101731,545.5440490149185,7.841073532353102e-12
7688.761214096903,545.639435691456,4.338894254604387e-12
7688.816600376062,545.6472802011434,-5.833317254155316e-13
7689.581408832585,545.7556078851028,-1.4033043693106687e-11
7689.711767137901,545.7740729467504,-3.561405325475878e-11
7689.80231647538,545.7868993110635,-2.5171171169150984e-11
7690.345709319019,545.8638743841494,-2.189424421233111e-12
7691.508310713006,546.0285825779761,-9.305608659334354e-14
7692.588789530063,546.1816786151489,-1.7795150331897953e-11
7692.827052379479,546.2154416323707,6.348580173424134e-12
7692.855846957989,546.2195220365446,-4.2817489013079624e-11
7693.489789139101,546.3093601893956,-5.937535257865187e-12
7693.801212172286,546.3534957429041,1.263016260521395e-11
7693.845865709665,546.3598242863472,6.959796329777857e-12
7694.144188410265,546.4021051528196,1.0837568116396147e-13
7694.929940548979,546.5134765693448,2.8991408119547815e-12
7696.126414960216,546.683085034187,9.529493969380923e-12
7697.404551756616,546.864298834269,-3.7554604948387366e-11
7699.94791739226,547.2249858683601,-1.480484411765413e-11
7701.459190820948,547.4393633315509,-7.098385424247687e-13
7701.680352448773,547.4707391243085,-7.047177607304769e-12
7702.056275035943,547.5240726366269,2.7059104704291983e-11
7702.445778263269,547.5793356299656,7.828716408031952e-12
7702.627220195358,547.6050796937315,2.671011922398895e-12
7703.435721574064,547.7198020643611,1.771449749440759e-13
7703.683488733786,547.7549614166007,-4.7734187326611735e-11
7704.228741198119,547.8323393476007,1.913998932516553e-12
7704.462179593803,547.8654687585238,4.386268133126648e-11
7705.316549110087,547.9867288320185,-2.833258208933567e-11
7705.349509290536,547.9914071169638,4.343027200523158e-12
7705.421187057805,548.0015809476839,-2.4587342538205473e-12
7705.597276450257,548.0265752038063,-3.243406956079715e-11
7707.530382097414,548.3009991751774,-6.767306077300986e-13
7708.7858249787505,548.4792589067197,5.938763415445437e-11
7709.225945356522,548.5417582609376,-3.8536241729843103e-13
7709.312027328672,548.5539827603193,1.8198464139817254e-11
7710.570153395443,548.7326647977524,-1.386919958061514e-12
7710.788377852773,548.7636605182784,-1.1476979942291776e-12
7710.9751999869995,548.7901966766245,-4.156239309930519e-11
7711.337645037342,548.8416800934158,4.123230168364785e-12
7711.369706212229,548.846234331503,7.118624776144189e-12
7712.686409713672,549.0332862931608,-4.984609155548571e-11
7713.232142485566,549.1108228923238,2.1301481406732647e-12
7713.43623055431,549.1398207183298,-4.329441523924102e-12
7713.56754947477,549.158479555287,-1.2299257352801197e-11
7713.71313554967,549.1791659543542,1.3591964250159566e-12
7714.695180185781,549.3187153731154,-5.280866538396524e-13
7714.9163141510835,549.35014115737,5.7394268984006305e-11
7716.369744437621,549.5567134206831,-1.235102738864099e-11
7716.450446207626,549.5681844934913,7.289244911965326e-12
7718.112926067043,549.8045186106817,-2.3371139946988103e-11
7720.3149349314635,550.1176292433902,3.468649602875113e-12
7721.366365184846,550.2671669562424,1.9756712220022178e-11
7723.159985420482,550.5223082591747,1.685347116703977e-12
7723.212249700377,550.5297437072908,2.4465514298347526e-13
7723.673430694936,550.5953564230658,-3.3289786278564636e-13
7724.067682935102,550.6514502192648,2.8533376755663266e-12
7725.239397603769,550.8181774560252,2.5374327434394166e-11
7725.524743190927,550.8587840724987,2.8308733017013156e-11
7726.127941900625,550.9446282851305,-2.543362290409403e-11
7727.6780221880645,551.1652586729344,1.086188570724259e-11
7728.01771799837,551.2136151251306,1.6297073683399136e-11
7728.110079178216,551.226763311522,3.207322328031565e-11
7728.998623475067,551.353261126768,1.802817453837609e-11
7731.977491241107,551.7774544361354,-1.3958826555293073e-11
7732.937788746043,551.9142364600962,-3.2373179794462616e-12
7734.038978638019,552.0711077000992,6.647357617773084e-11
7734.535247250022,552.1418115029852,1.1680996458624413e-11
7734.598950901798,552.1508877439167,1.2121776089855947e-11
7735.17625070969,552.2331425145773,-1.361093753563781e-11
7736.079858063171,552.3619025276099,2.2754177763095913e-13
7737.207982912912,552.52267639187,-5.673833881265386e-12
7737.420003603357,552.5528949780763,5.9904163658251135e-12
7737.781851411478,552.6044698251427,1.9247676460084517e-11
7740.123002429966,552.9382167569833,-2.0369840385536076e-11
7740.557111416273,553.0001130290437,2.9839543487829816e-12
7741.510855612601,553.1361122930085,3.945213800909387e-11
7741.832098550676,553.1819237392882,6.29131953537525e-13
7742.755311766952,553.3135908577204,-7.036700896072713e-11
7743.772011491169,553.4586090305474,-2.474105131262498e-11
7745.916431198349,553.7645433174306,-5.0407661922505815e-14
7746.042699342539,553.7825600412048,2.145648283895102e-12
7747.5600596032,553.9990894064214,4.2709753751781613e-11
7748.829364772044,554.180253552082,3.564091331898007e-13
7749.983319367238,554.3449798091465,3.2123345658930506e-11
7750.797832137197,554.461265736952,8.932142268655647e-13
7751.446761933973,554.5539205493263,-1.5864126266493012e-12
7752.766299502337,554.7423492994485,-1.929767826536366e-11
7752.882102721049,554.7588874233991,1.0557121348096883e-12
7753.018801843627,554.7784100573423,-2.5240766157501505e-12
7753.356905849474,554.826697732746,3.702099479224261e-12
7754.363758006186,554.9705078214918,-1.943724754730855e-12
7754.454142630697,554.9834184960775,-4.0705309791218165e-12
7755.115678621208,555.0779178651613,4.2810111608903745e-11
7755.70033518652,555.1614418406544,1.709978634764813e-12
7755.842386848731,555.1817362769776,-1.9707333843833187e-11
7757.133397654866,555.3661956261762,9.589881420070564e-12
7757.631224124167,555.4373331682408,-5.212493681595349e-11
7758.9378260728645,555.6240634188232,1.8418019664482627e-12
7759.115802748511,555.6495010120916,3.6093613019332078e-12
7759.271613595074,555.671770998761,-1.80361046460841e-12
7759.545011840225,555.7108487896057,-1.8831199248778132e-11
7759.58497168974,555.7165605094142,-1.2246222247670546e-11
7761.185401311114,555.9453444492207,-8.299471127848208e-11
7761.384273890624,555.9737768940299,1.0950629807208313e-12
7762.920217789262,556.193392493658,1.8304035655203426e-12
7763.564398573133,556.2855130565268,7.762004290554878e-13
7764.589641992425,556.4321429439163,-8.679705761220648e-12
7765.5739649470415,556.5729386220955,2.081178238607944e-11
7765.947609215405,556.6263886589434,2.75124472298991e-11
7766.659508371285,556.7282333781964,-2.4271206655684596e-11
7768.712884601989,557.0220429082374,-3.9781273570202215e-12
7769.966364758944,557.2014366322287,-3.0729672478733994e-12
7770.376462126649,557.2601346258906,1.865535233449473e-11
7770.8658957824555,557.3301922239486,7.704890061176837e-13
7771.049478982765,557.3564714854392,9.872681468853647e-13
7771.090324006592,557.3623183851537,8.226895839644965e-13
7771.659018509648,557.4437292847325,8.92277663408661e-14
7772.392637134099,557.5487585334951,-4.483022221514998e-11
7772.479213245057,557.5611539435796,8.090907202227043e-13
7773.557743168941,557.7155824869202,3.482421223085838e-11
7774.648172656455,557.8717366442032,-4.192932753472968e-11
7775.744236331149,558.0287197140505,-6.599287164328252e-12
7776.386152627532,558.120668070349,-3.057361375350229e-12
7776.559304849447,558.1454717662328,2.872545265488434e-12
7776.724572227979,558.1691464898229,-1.501946637914407e-11
7777.129454106481,558.227148365495,-1.0079358662646577e-11
7778.281713793768,558.3922333385244,7.793255236912981e-13
7778.851863050796,558.4739280274503,7.655125611895755e-12
7779.025015272712,558.4987395879192,-8.085648689596774e-12
7779.2908719316,558.5368361519057,5.245562286859779e-13
7779.666931569085,558.5907267379025,1.2747844616453423e-11
7779.9543568148665,558.6319174797557,2.8220279374687437e-11
7780.032196855211,558.6430729517366,1.8482286716407834e-11
7780.350290131469,558.6886609410053,3.837700555587173e-11
7780.839215817167,558.7587356535934,-7.265932886543731e-12
7782.184247420424,558.9515334833843,-4.613307299194202e-11
7783.070870486766,559.0786409166682,-4.535785128859011e-11
7783.330598819634,559.1158786497812,-1.2923175760735018e-11
7783.740696187321,559.1746776005087,-9.579952758749629e-13
7783.9730846956745,559.2079983810829,-2.0288972261176187e-11
7784.06729166497,559.2215064311533,2.2863657490068104e-11
7784.966356212107,559.3504287801056,1.8812563583865737e-12
7785.12696384986,559.3734608563759,-3.909346410714351e-12
7785.337331126252,559.4036294751577,7.048780618500102e-13
7785.513152702351,559.42884454546,5.928326993404481e-11
7786.296969779211,559.5412609007232,-2.648221525051498e-11
7786.488348550793,559.568710482963,5.153414476722072e-11
7788.079932713458,559.7970185757408,-3.2874109877317877e-11
7788.945316618777,559.9211749489411,-4.9514057023222955e-11
7789.447418077881,559.9932176208931,-3.25968066471366e-11
7792.114320892974,560.3759488099529,7.063105585117841e-13
7792.297293019831,560.4022122146944,-1.8367449788767693e-11
7792.446790711586,560.4236712326115,-1.9957677859716962e-11
7792.793095155398,560.4733816300974,6.909395340850162e-14
7792.873495162,560.4849229943005,-4.583500111865497e-11
7792.944500246213,560.4951158230414,-3.510449373334337e-11
7793.34339839579,560.5523796535583,1.2766567366911069e-12
7793.924266563298,560.6357714347787,-2.246853652984798e-11
7794.9073749176005,560.7769246039683,3.2026091216303843e-11
7795.253679361409,560.8266506979229,-8.751488877624835e-13
7796.509691821983,561.0070209295751,3.4294044700487098e-12
7796.9795950557655,561.0745090635228,2.4483045197336274e-11
7799.840724540741,561.4855161045764,6.033346673290497e-13
7799.994332509416,561.5075864653537,-2.5190297386162975e-12
7801.552702506514,561.7315173124705,9.60099814649976e-12
7802.562848921919,561.8766947627641,4.629967801782896e-11
7802.754227693491,561.9042016875497,-5.3489315357025e-12
7803.806810937135,562.0555018336458,2.3233844930904653e-11
7804.271587953806,562.1223161858098,-3.057346602296723e-11
7804.513913301699,562.1571534175444,3.0856127714423202e-12
7804.8122976117575,562.2000512965274,6.829806912723693e-12
7804.946793856445,562.2193879822627,2.1622725744046775e-11
7804.95508356656,562.2205798146887,1.9171996606282723e-11
7805.41986058323,562.2874039977991,-1.4104811408906837e-11
7806.077992926796,562.3820350105983,5.6069293674566596e-11
7806.472443826864,562.4387558286493,1.5657148518363535e-11
7806.663822598432,562.4662765360355,2.209243265083108e-12
7807.760606734351,562.6240096293095,-2.115056760970847e-11
7808.719614197957,562.7619466440419,-3.727762200516182e-12
7809.606539027584,562.8895308693981,7.356773296240595e-11
7810.074417927678,562.9568411342113,-1.9925775909864908e-11
7812.312955331482,563.2789386963861,8.761997770561106e-12
7814.405392405762,563.5800977134369,1.591241228737184e-12
7814.71571022652,563.6247678163559,-3.199368230623841e-12
7814.722812998945,563.6257902778384,-2.8391538095517072e-12
7814.818502384727,563.6395650898229,-3.737357193016998e-13
7815.118012022872,563.6826816093709,-8.833382459698303e-12
7815.628355413706,563.7561529375579,-1.0668050802679485e-11
7815.808836730555,563.7821369874249,8.565184898235336e-13
7816.773299837114,563.9210017380419,-1.275994605892785e-11
7817.096656380857,563.9675629020911,-3.4567159261285958e-12
7818.030931764514,564.1021030856267,-2.904421391809815e-12
7818.328520172344,564.1449606351231,-1.3324282677835448e-11
7818.500100705634,564.1696717517092,-3.534662521922604e-11
7818.788651279472,564.2112301765169,1.382760426906877e-11
7819.272238256723,564.280882110039,1.8347335853331134e-12
7819.791694922384,564.3557052205624,1.9762803407886906e-11
7820.542956685433,564.4639265853244,2.0337499356989237e-11
7821.466032850986,564.5969125317848,2.8602162606000592e-11
7821.724278767316,564.6341203728667,-6.191223955259425e-12
7822.161880672394,564.69717246928,-7.952342695301035e-12
7822.223484549639,564.7060489789827,2.0453733991091767e-11
7822.243735432974,564.7089669463411,1.2458527541247942e-11
7824.052974472971,564.9696922561805,6.031128938955182e-12
7825.225258720848,565.1386596562083,-1.1035473467031693e-11
7826.254187434254,565.2869853410187,-5.137275097169035e-12
7827.185930514126,565.4213180126399,4.393032161714397e-12
7827.88205998307,565.5216918798716,-1.9735458052348037e-11
7827.983431334365,565.5363092080366,-2.023244999313513e-12
7828.401125613234,565.5965409865161,-3.6902692800723706e-11
7828.702254718297,565.6399659870652,2.6977114467049727e-12
7829.95453410601,565.8205716724057,1.3546360733535484e-12
7831.978909551002,566.1125913485065,-1.9589229719795555e-11
7832.107545285956,566.1311498276716,-3.870083144581582e-14
7832.488429377082,566.1861023601056,5.702667795943826e-11
7833.428009521977,566.3216728971576,2.9865734061785097e-13
7834.624126844156,566.4942823070951,-9.089145154306732e-12
7836.033548613163,566.6977070981783,6.519274644532731e-13
7836.721765576193,566.797052187873,-1.2002645742256313e-11
7837.327798352757,566.8845410984903,1.155567626556562e-11
7838.024963877673,566.9851946042761,-3.1225155584855574e-12
7839.484494827002,567.1959438651287,-3.546371003034625e-13
7839.924347388251,567.2594641576998,-1.3193420233883526e-13
7840.289612674288,567.3122158096401,9.299755696699782e-13
7840.369443101198,567.3237452557539,-3.727771335235968e-11
7844.550048543988,567.9276899295073,2.4078490597341946e-11
7844.741427315529,567.9553448729074,-6.729376411768834e-12
7846.004844311665,568.1379302507805,-6.604570002397008e-12
7846.039574840721,568.1429498218537,-5.2820962765867715e-11
7846.134303611333,568.1566409959457,-7.627206415482075e-12
7848.437429840886,568.4895632993791,7.105926791824834e-12
7848.628808612421,568.5172319470696,-5.480986455149178e-11
7849.326632989084,568.6181258467379,1.974091553054451e-11
7850.56817963493,568.7976551988892,3.6763066188678164e-13
7852.4993225569,569.0769575517737,-2.6959777768851766e-14
7853.1372517953505,569.1692367328064,1.6845182892373556e-11
7853.988128392218,569.2923313236608,-4.743294782714291e-14
7854.100980609147,569.3086584266156,-6.524935843347371e-12
7854.977577563586,569.435489698897,1.0851944075975341e-11
7855.797772298725,569.5541731799344,5.564826638394961e-11
7856.262055176475,569.6213611425362,-3.756683495430822e-11
7856.333732943698,569.6317342311228,1.4026925059282908e-11
7856.411689918626,569.6430161437605,-1.2142118231195675e-11
7856.677951444167,569.6815502849317,9.543838121058161e-12
7856.754666156388,569.692652903192,1.8286892953617006e-11
7856.862495259573,569.7082587680317,-1.8624836036164393e-12
7856.945550789086,569.7202793550049,3.1205512355298277e-11
7857.506017191429,569.801398710669,8.629053015068964e-12
7857.530207354169,569.8049000149642,-2.497572289178092e-11
7857.555104147021,569.8085036087464,4.044708042557075e-11
7857.574860891523,569.8113632334523,1.0642426175482704e-11
7858.793459637298,569.9877591815621,-6.629600809991033e-12
7859.3025745965915,570.0614632524733,2.958026928072247e-12
7859.509105696871,570.0913639176367,-9.36686488926082e-12
7859.995183484033,570.1617392245178,5.619614697837402e-13
7860.179727299434,570.1884589842907,-3.333630797588404e-11
7860.21683925055,570.1938324312326,7.139519374823555e-12
7862.852161197626,570.5754660972251,5.80337845348936e-13
7863.763488681087,570.7074695894247,-3.895516247217158e-12
7864.405480418095,570.8004696613776,-1.593595719227985e-11
7866.009910927807,571.032923532527,-1.6551707625950724e-11
7866.399366376547,571.0893559558725,6.566469433142417e-12
7866.731836195063,571.1375333239357,1.524282028395567e-11
7866.921238411259,571.164980034731,2.968779957375918e-11
7868.455727555274,571.3873707501317,8.979995302272714e-12
7869.338397510662,571.5153141490658,-5.9099041772018684e-12
7869.407989334628,571.5254021249775,-6.78413101248722e-12
7869.499423846351,571.5386565352853,-9.489351959486697e-13
7870.226941807018,571.6441235315668,1.0277286617373573e-11
7871.166926818508,571.7804059382106,-3.482969178054316e-12
7871.685512141007,571.8555992694575,-1.6872633052000525e-11
7872.687972372783,572.0009670689587,-5.040564325726789e-12
7873.281131139223,572.0869903549919,-3.940018706662641e-12
7874.482237627878,572.2612015554762,-2.953445796009286e-11
7876.372370812918,572.5354045603838,-2.1304800374221345e-11
7876.645769057941,572.575072091911,-1.775374180653629e-11
7876.874472271853,572.6082558495664,-5.297770854099572e-12
7877.068486450475,572.6364071471814,-4.214397126641195e-13
7878.648321930641,572.8656657858845,-2.5428239938785205e-11
7879.694427306248,573.0174972067065,1.2186194536924175e-12
7880.473612304559,573.1306009832361,-1.8679327899359762e-11
7880.996891314892,573.206564616487,1.0721000005261901e-12
7881.065810455825,573.2165698812648,-4.086014322653812e-12
7883.307463573698,573.5420472517916,4.5938438795520706e-12
7884.30365842898,573.6867197146883,-3.450780118055791e-13
7884.60465048354,573.7304349015749,2.74042918470979e-11
7885.233212462036,573.8217307471425,-3.9283625458776665e-12
7885.439969884828,573.8517629384667,2.051021416649265e-12
7886.273340393292,573.9728207118293,3.0983427865569752e-12
7886.36952391788,573.9867934280021,-1.8402940189058656e-11
7887.07662628222,574.0895204165442,8.078581831296198e-13
7887.36571877315,574.1315220815027,4.492986414597932e-12
7888.018724899418,574.2264016907561,4.651754390374882e-11
7888.881816654436,574.3518180922491,-2.3743334160904582e-12
7889.112317879468,574.385314690784,-9.423545869761256e-13
7889.2509042852025,574.4054546348862,4.846558579858838e-13
7890.323587530137,574.5613533245989,2.1292630211636376e-12
7890.766541974726,574.6257364038653,-2.7579860018931873e-11
7892.185378781643,574.8319875448774,-1.5838114529969905e-11
7892.333332447253,574.8534971656583,7.87836044918963e-14
7892.544948270838,574.8842627420747,-1.903288423031049e-11
7892.554466412405,574.885646547922,-3.31470296303158e-11
7893.774773897049,575.0630761633532,2.0165020892029897e-12
7894.119369601692,575.1131844721981,-9.822694179554448e-12
7894.294004240024,575.1385792582179,-2.768210727177073e-11
7894.58107239728,575.1803249718962,8.20435163348732e-12
7895.46742764694,575.3092291414272,-6.79583534483578e-12
7897.656802653582,575.6276957387007,8.046436954505175e-13
7898.39497791509,575.735090652887,-1.3320045002629622e-11
7898.610546849325,575.7664550269419,-1.680155288539654e-11
7898.645682245105,575.7715671605099,-3.969701284614731e-13
7899.1687349328695,575.8476730254107,-8.032942504100335e-12
7904.5472418764575,576.6305556053895,1.3881384756937429e-11
7904.935619775378,576.6871075902079,4.833549873888422e-12
7905.217561715528,576.7281630992951,2.4381313256567253e-11
7905.915955671717,576.8298673626387,-1.8465840502755027e-11
7906.083322824677,576.8542416930723,2.8975909849636996e-12
7906.136547719688,576.8619931499992,-9.513865384647114e-13
7906.621575619508,576.9326330423534,4.756067319245847e-13
7907.104009605988,577.0028994536764,-5.4146889921114567e-11
7907.429315042437,577.0502825439967,-1.0601120102569566e-12
7907.642262400816,577.081300923049,1.6878579318295088e-11
7908.508023509958,577.207418185731,-1.221566873529684e-11
7908.789965450107,577.2484922483198,1.1963070941916872e-11
7909.068743897232,577.2891068844395,2.915778599181526e-11
7909.431099675198,577.3418998629913,-6.861868819524489e-11
7909.962249697603,577.4192894820823,-2.978052825269964e-11
7910.395953816892,577.4824848926381,1.639309069787398e-11
7912.9049661255885,577.8481432965706,-1.6171786652050435e-11
7913.211084397212,577.8927642944766,-3.995673732025224e-12
7914.053012431999,578.015495923934,-1.1455815003238278e-12
7915.420003656926,578.214796183181,-1.1116131118706797e-11
7915.608637633382,578.2423007452552,5.788579638737545e-12
7917.49052888635,578.5167336203705,-3.0381440804897115e-12
7920.132280922243,578.902085717115,2.2063723401629122e-11
7922.067534120624,579.1844624834706,3.722288189913885e-11
7922.534781831248,579.2526498951588,2.2642965179230624e-11
7923.773617628796,579.4334578484924,1.6457094162197962e-11
7924.3938898970855,579.5239971412325,-3.337247073779192e-11
7924.544917783598,579.5460433042056,5.005013647239347e-13
7925.632725694628,579.7048475197806,3.921389385466681e-12
7925.775209885985,579.725649764669,8.1537250613951e-12
7926.688678637501,579.8590222204575,-6.486839999992252e-13
7927.351401565263,579.9557937549497,2.8341144619623775e-11
7927.963219410487,580.0451392551204,-1.73083612936617e-11
7928.160472522936,580.0739461580854,6.985670527509987e-12
7930.677637491144,580.4416166065062,-2.3065555419179507e-12
7932.907617367508,580.7674367802306,2.4058091268673622e-11
7933.431898486658,580.8440522804021,-2.8417940423166885e-12
7934.320532054894,580.9739237666844,9.911581280252877e-14
7934.3842357066205,580.9832344485742,4.620338746619943e-12
7934.710831184083,581.0309695674508,3.526362971892625e-11
7935.175395709243,581.0988735954,3.001567929656806e-11
7935.297930780643,581.11678484837,-3.816620920803183e-11
7935.722192199171,581.1788023207667,-4.077661552706695e-12
7936.035056154793,581.2245381149093,-9.712222286963154e-13
7936.281203847356,581.260522307072,-1.4396261828649618e-11
7938.100530607811,581.5265232690793,3.324710562247052e-11
7938.2767570505375,581.5522923046933,-8.655623168738147e-12
7938.82355354046,581.6322522680983,4.79319409045151e-11
7938.905737726892,581.6442708252623,1.8678307738768578e-11
7939.039122474662,581.6637771810512,1.4641976490725522e-12
7940.074604496193,581.8152185413933,2.343177195957995e-11
7941.417687205808,582.0116765539971,-1.3355118357388057e-11
7942.616439934601,582.1870509144604,3.48672173605125e-13
7943.170071380638,582.2680546695084,3.1477914560192163e-12
7943.213524149033,582.2744126351357,-1.7778103435110384e-12
7944.734391158696,582.496966287945,3.386997883845175e-11
7945.181030897553,582.5623326968707,1.3965015836436542e-12
7945.230899924087,582.5696313332314,6.078010866843808e-11
7945.334638866143,582.5848143072398,-9.594625129748374e-14
7945.896333699752,582.6670260111313,4.880089601642882e-11
7945.897218874062,582.6671555730571,2.8725876140108977e-12
7945.989010474157,582.6805910803115,7.218424710625239e-12
7946.450850320092,582.7481927863676,-1.6105754092255523e-11
7946.90343984076,582.8144442898954,1.4042201250159297e-11
7947.892140887904,582.95918664044,-5.0274844804520054e-11
7949.194467845779,583.1498702001435,1.0368477006232956e-11
7950.930814517503,583.4041504709222,1.3559512815559021e-11
7952.215786268757,583.5923646434672,-1.1189227581283078e-11
7953.1208622067215,583.7249524435485,-1.5194052639067109e-12
7954.5833164946425,583.9392244746845,-3.469773023374636e-13
7955.320009339495,584.0471762210763,1.6343410902714622e-11
7956.797842278686,584.2637615370153,1.0669000062371908e-11
7957.5925090314,584.3802413674425,4.270819640931412e-11
7957.678426290522,584.3928355542345,-1.9686836620876744e-11
7959.258515755254,584.6244773127271,3.166954784212275e-11
7959.372925829479,584.6412516617522,-9.606696330948273e-12
7959.56048225614,584.6687509590329,1.8114594325458395e-11
7960.063119347514,584.7424501989384,6.750370125576512e-12
7960.724895491291,584.8394903238985,1.9836487227134456e-11
7961.382760018176,584.9359648613957,-2.788565395945506e-12
7961.457450396701,584.9469185622792,-1.6966572830334216e-12
7961.611463232011,584.9695056048728,-2.3294737690864927e-11
7961.83337298349,585.0020509659909,2.0490088171063553e-12
7962.765116062883,585.1387106294455,2.2577610713925358e-12
7963.954680075904,585.3132083815876,-3.727103601902507e-11
7964.129918240952,585.3389163602432,-6.411248439029374e-12
7964.198535618483,585.3489828950253,2.5174165294580244e-11
7964.279072675467,585.3607982209138,8.224203564473473e-12
7964.337437618812,585.3693608238381,5.1111677280375496e-11
7964.936937202341,585.457315829039,2.5204509972615935e-12
7965.376350949562,585.5217881992673,1.4735058761129865e-11
7966.08831171449,585.626257201203,-1.7572897123965877e-11
7966.180672894253,585.6398104303693,5.528192167611124e-11
7966.28196880465,585.6546749370616,1.6002919324804114e-11
7966.583468829205,585.69891919547,-2.229874371921625e-12
7966.743342174227,585.7223808267893,1.7794196306756886e-11
7967.782255504967,585.8748542451933,4.9584747763463625e-11
7968.165013047871,585.9310336743551,-7.931082617590426e-12
7968.706456998107,586.0105089889418,5.685725546859053e-11
7969.337654383507,586.1031654899169,-9.309448859214034e-13
7969.841464581296,586.1771274794808,3.0778396292019805e-12
7970.586069931995,586.286448026982,-1.787646984563452e-11
7970.993422504357,586.3462585351451,2.2032549192407288e-11
7971.88937133617,586.47781910347,-4.0110080892134214e-12
7973.5451394570055,586.7209899770222,1.1307371086268214e-11
7974.52590788234,586.8650522682093,3.666841727694775e-12
7975.0386188636685,586.9403699820741,-2.746604103386366e-12
7975.756199984494,587.0457914387226,-1.6495851277091593e-12
7975.868798216328,587.062334359202,4.105777199091942e-11
7976.873818413968,587.2100021671575,6.053505915735779e-11
7977.042221622887,587.2347475025732,1.2177248986100616e-11
7977.967411393656,587.3707051287471,2.68135873935537e-13
7978.460921378911,587.4432333973698,3.497108547927375e-14
7979.43472408224,587.5863606307704,7.952067136152768e-13
7979.983723449941,587.6670589679741,3.5523719604350042e-12
7980.921505583185,587.8049179772673,3.1247039850770003e-12
7981.077316429615,587.8278245777499,-8.492817103748258e-12
7982.450449811465,588.0297157256351,-1.0189108259407714e-12
7982.750124162366,588.0737813200036,-2.3295702890393483e-12
7983.622164478966,588.2020198394941,-3.228688596150089e-11
7984.7277048005835,588.3646160076316,1.3873601944525324e-11
7984.90313534107,588.390419337735,1.0318506965330428e-12
7984.920312003479,588.3929458102325,2.973452454317907e-11
7985.650423877168,588.5003411726856,-3.330447333654313e-12
7986.263785748347,588.5905708541036,1.0389653610206702e-11
7986.563172167117,588.6346151388905,-6.114872023924681e-11
7986.660570291868,588.648944236805,-4.419993913963557e-11
7987.24469122407,588.7348830900124,-4.2487424864700536e-11
7990.360258109609,589.1933673578504,-2.618713859346845e-11
7990.664145840772,589.2380967978976,6.811900640005151e-12
7990.76154396552,589.2524332535316,-7.663542204109265e-13
7992.644615871081,589.5296451855171,1.0490693702798293e-11
7993.422318452567,589.644151872023,-1.2001997063156413e-11
7993.98426727112,589.7268985300344,1.5897760884355676e-11
7994.427489531837,589.7921668702911,-4.921205667072311e-12
7995.590749776229,589.9634842901523,-4.809489485639996e-12
7996.027919151777,590.0278742028846,-5.490297779390687e-11
7996.41067669464,590.084252782456,-3.039407728370799e-12
7997.6471109539625,590.2663927986732,1.1040494777609426e-11
7997.934179111108,590.3086850426207,-1.0040606162752108e-11
7998.405715642719,590.3781573380032,-2.101575655200572e-12
7999.059668552617,590.4745121338839,1.2442176717183091e-12
8000.78207749548,590.7283331853237,-1.902333715508562e-11
8001.061185368404,590.769468779922,-3.678716713212897e-11
8001.132938576433,590.7800441734554,3.6368975863734013e-13
8001.315204073032,590.8069079194072,-1.8158282298542853e-12
8002.094972481919,590.9218433303796,6.965192803883676e-13
8002.597822064496,590.9959677176455,1.2261216855107452e-11
8005.439407294038,591.4149295423092,-6.000006503037873e-12
8005.997506105262,591.4972328114477,-1.1020929177936957e-11
8006.977272421558,591.6417335957353,2.9150909187494707e-12
8008.885810699523,591.9232650360137,2.1613506971070972e-11
8009.32298007505,591.9877620133035,3.8280390974791536e-12
8010.215120393202,592.1193932120696,-2.5586446009419496e-11
8010.513024395446,592.163350842038,9.882955064463989e-12
8011.26486956889,592.2742976477792,-4.904293719361671e-12
8012.01671474233,592.3852548661998,-6.114685401251849e-12
8012.2622790238975,592.4214974686063,5.249225977501736e-12
8012.401448840498,592.442037904693,4.873787580290864e-11
8013.348000991318,592.5817514699565,-3.989314434870956e-12
8013.486978432468,592.6022662921152,3.3202017230777087e-12
8013.578770032539,592.6158160844408,-1.911852051786942e-11
8015.408829534234,592.8859922186674,-8.206701148423435e-12
8016.517574842508,593.0497089954089,2.473929974110202e-11
8016.586150726264,593.0598356196525,-1.978168236771428e-11
8017.881821271886,593.2511840132585,-4.219019115022695e-12
8018.619996533066,593.3602137100291,2.351001019901068e-13
8018.845145218359,593.3934705377584,-1.2492698387889698e-11
8019.736372699661,593.5251233697006,4.392021102788068e-12
8020.014327581952,593.5661860790249,1.069842302256001e-12
8020.81361258149,593.6842736319364,1.792928002764206e-11
8021.086050211213,593.7245266611826,2.998036647749438e-11
8021.13070374854,593.7311244122892,3.017929021922061e-12
8021.396965273915,593.7704664538396,6.817644517456954e-12
8021.761496267087,593.8243306287833,-1.117285973783201e-11
8021.868879009711,593.840198286358,2.4108848624811003e-13
8022.408792765004,593.9199831012216,1.3790593636901075e-12
8024.387334018095,594.2124044829316,-3.2259410772723465e-13
8024.4376494051085,594.2198418589406,-1.281865887249979e-12
8024.447064443316,594.2212335493172,-3.780912998594325e-12
8024.754500418366,594.2666783075398,-4.420942151781146e-13
8024.811595436481,594.2751182053986,-5.329233163056944e-11
8026.243306252727,594.4867761460125,-1.9856160466331515e-12
8027.369049679163,594.6532277067234,2.8001644740550797e-12
8027.597842165046,594.6870596427855,3.3909469209269066e-12
8028.124133786423,594.7648869447955,-3.006194248147661e-11
8028.228771734013,594.7803612727811,4.715282938524925e-12
8028.550371760132,594.8279221864663,-3.1800742402292116e-11
8028.575735029291,594.831673200843,2.8875908418918023e-11
8030.102565651544,595.0575004475993,3.253094780373534e-12
8030.263742868827,595.0813420137072,-1.201134538810853e-12
8030.429984693612,595.1059332451765,-3.120941791461591e-13
8030.846917017037,595.167609971682,2.851002608583061e-11
8032.7265299505,595.445700545398,1.9012680104529722e-11
8033.271569922866,595.5263519146903,-3.4693606229383036e-13
8033.326956201951,595.5345479120791,5.043497630026262e-13
8034.091764657464,595.6477291585194,1.3210590160483589e-11
8034.222122962608,595.6670214889743,-5.495693570424105e-12
8035.4212528952185,595.8445009751875,1.857660612948951e-11
8035.434188514838,595.8464156803624,-2.3098627615933927e-12
8035.667805454426,595.8809957344048,2.129775751905796e-12
8036.605813910015,596.0198501678245,-9.859355961148894e-12
8037.817879462236,596.199297580052,1.9252578656277505e-11
8038.27826455403,596.2674651051516,-2.5631912362255767e-11
8038.524817113237,596.3039728399613,8.91756296672496e-12
8040.967126988982,596.6656730559063,-1.0269205607810906e-11
8041.603738523432,596.7599717453276,-2.9932807520716653e-12
8043.356122697619,597.0195838774432,2.765793143845194e-12
8044.63142542519,597.2085529319091,7.588364951479284e-12
8045.428836972682,597.3267252816645,4.160543844861161e-12
8045.984746737218,597.4091152203731,3.048082124265021e-11
8046.657763592636,597.5088689138597,-2.1097860500522477e-11
8046.782158284706,597.52730744888,-9.391248157106014e-12
8046.852484401247,597.5377317381364,-7.664578596250364e-13
8049.323664296234,597.9040872737676,-2.5534645212248368e-11
8050.018283685598,598.0070857279414,6.819692400674394e-12
8051.018959736836,598.155482017012,-1.029821633286453e-11
8051.256261970768,598.1906757027781,4.3904126488696686e-11
8052.840517036895,598.4256590882057,7.478883577108791e-12
8053.532076036586,598.5282485281663,-1.4403841884549179e-11
8054.010522965068,598.5992289767146,-9.59459253162587e-13
8054.133284358951,598.6174420396851,6.864561478578351e-11
8055.225662738134,598.7795211463704,7.1997307816726266e-12
8056.76186062011,599.0074881331886,2.7063564043795178e-11
8057.862288555602,599.170814938595,-1.9561013688752404e-11
8059.393318726715,599.398089340076,-4.36332639271474e-14
8059.954938119244,599.4814699857272,-2.455212449788171e-12
8060.338924093473,599.5384816863265,-6.917454803273593e-12
8060.972193590664,599.6325112907627,1.8377094080143222e-12
8061.595327588279,599.725043159068,1.1495816244810472e-11
8062.144834925902,599.8066478204066,6.759855366244624e-13
8063.363961756672,599.9877142741888,1.525766611041733e-11
8063.364696049292,599.9878233406249,9.866681969546083e-14
8063.911492538964,600.0690432351927,-1.7893694992407885e-12
8064.529006180649,600.1607739151076,-2.8586332266549225e-13
8064.732929536179,600.191067951557,-3.271650433072654e-11
8065.010959859273,600.23237225628,3.4221079119008186e-12
8065.174998806172,600.2567426208891,-8.089461830417859e-11
8065.427816741802,600.2943033624987,-1.2564939238836693e-11
8065.876720967915,600.3609992205529,-1.7081612432629093e-11
8067.307786763427,600.5736443218264,-6.067124934391084e-12
8068.578038714644,600.7624253568937,-4.5228067817482865e-13
8069.680998953838,600.926368108092,-4.395621385658225e-11
8071.463440084855,601.1913554929074,-1.5585416905242463e-12
8072.3458082762045,601.3225547999355,-2.1995316025563644e-11
8072.711073561929,601.376870284573,5.0397553424502096e-11
8072.9617778917855,601.4141518090773,-2.8599101051855608e-11
8073.105579786616,601.4355367004525,1.0138359276418145e-12
8073.201269172308,601.4497669543282,4.755454472221703e-13
8073.784354048326,601.5364828901968,7.853724000028927e-14
8074.112431942117,601.5852771363817,8.610283382461516e-12
8074.499910835232,601.642908505848,1.3417518072969841e-12
8075.421895618896,601.7800503097011,-4.197278626621611e-11
8075.749973512687,601.8288544522345,1.7432012792745437e-12
8076.454708285732,601.9336959436641,9.962313893972516e-12
8076.71128695655,601.9718687322513,-2.4996484047544003e-11
8077.171418063236,602.0403283073653,-6.423545601470849e-11
8078.317501644884,602.2108627385026,-3.965434901127177e-11
8078.391725547053,602.2219079076679,2.642650830933153e-11
8079.370352703744,602.3675457218242,4.440179379856146e-11
8080.330574766576,602.510461664862,-1.1362797242270668e-11
8080.609682639419,602.552006246673,-2.5167786171247538e-11
8082.492699219357,602.8323265457925,4.620496465734171e-12
8083.768825511469,603.0223376303126,5.408327513209455e-12
8083.992985919044,603.0557174887106,3.2977125314588716e-11
8086.783892387787,603.471390518646,-3.1280677212765385e-11
8086.975271159157,603.4998994155918,3.951301388635607e-11
8087.179825703935,603.5303717984644,-7.945552567957356e-12
8087.794971754764,603.6220144260687,4.46280605783066e-12
8088.34226238322,603.7035540143597,-6.785407953198354e-11
8089.176127029898,603.8278002225712,-1.0732414261335868e-11
8089.9162788462145,603.9380939069678,2.4387935161012554e-11
8090.543118253953,604.0315102408892,9.33958783613543e-12
8090.734497025321,604.0600323903358,-2.1860469221521015e-11
8091.2128961754,604.131333594492,1.5260120848027977e-12
8092.397621902907,604.3079247375405,1.6253705385481014e-11
8092.828134866382,604.3721019241768,-1.003831234171582e-12
8093.320251707035,604.445466671262,1.2277103465081194e-11
8093.525389662742,604.4760499419466,-3.096628844315572e-11
8094.059970994101,604.5557523677813,1.0330348217000543e-11
8095.211345505715,604.7274323234992,-7.376298866235829e-12
8095.774852181403,604.811464971286,-3.954899879202059e-11
8098.9644983707785,605.2872296039016,3.5193558897386493e-12
8099.141802363168,605.3136815993649,1.667398739045445e-11
8099.564609027455,605.3767624931728,1.0824575035462452e-12
8101.742949527331,605.7018134977453,7.202721887542213e-13
8102.506110853217,605.8157127685232,4.19822328525522e-12
8103.670990564093,605.9895878480643,-7.2572129518614185e-12
8105.148960552926,606.2102321384285,3.0750482569170585e-12
8105.208629368539,606.2191408662926,-3.538989754019346e-11
8105.960474541731,606.3313991587689,-9.938955255597666e-12
8106.13670098435,606.3577131031701,3.319401342005239e-12
8106.16525540903,606.3619768732559,-1.2911959467321032e-11
8107.587194098261,606.5743209196692,-3.200644856163455e-11
8108.2902339634475,606.6793225603159,-4.065661414646718e-11
8109.295933128216,606.8295433302537,-5.178852894065832e-11
8109.612976516828,606.8769038015888,2.5224878697190763e-12
8109.900044673859,606.9197881199945,9.975853811847862e-13
8109.948939253956,606.9270924974467,-5.742166456453921e-12
8112.106040592771,607.249386406059,4.398171486219265e-13
8113.513547414601,607.4597291224432,1.2337611391023957e-11
8113.702092118825,607.4879086706586,9.305510557158679e-12
8114.390700116627,607.5908323314599,-5.0423397675495374e-11
8114.677960649107,607.6337706703007,3.0462745488797562e-12
8114.871617739167,607.6627184693199,5.717589839891285e-12
8114.9226120937665,607.6703412038148,-2.6994828375366478e-11
8115.092779366644,607.6957784826475,1.2754792583995321e-12
8115.479180709942,607.7535412686758,2.665248602855445e-11
8115.600679725263,607.771704614542,-7.74464021079775e-13
8115.639486584121,607.7775060554764,4.019123580181438e-12
8116.2568355127505,607.8698005166923,-1.4564863506207796e-11
8117.095915648535,607.9952553350081,-2.196586855657347e-11
8117.229677600444,608.015255912218,-1.5277198524706584e-13
8117.529619767496,608.0601055622883,1.399722194094263e-12
8117.712756607077,608.0874904000196,-1.353237313214357e-11
8117.885833387927,608.1133715037981,-2.8512343566972978e-11
8118.5432176068625,608.2116787370212,-1.523984623328723e-11
8118.614895374017,608.2223981293871,3.180600302041366e-11
8118.808552464073,608.2513599726151,-1.2232317641341729e-11
8120.942809006167,608.570588487178,1.6113515889528685e-11
8121.357552282849,608.632632884732,2.309136974548227e-11
8123.801227639768,608.9982640021781,8.094453927096202e-14
8124.440117492737,609.09387503991,-3.1719103458497755e-11
8124.464712522185,609.0975558814536,-2.256451424585576e-12
8125.602327849339,609.2678212299921,-6.597743964396881e-11
8125.95423881739,609.320496096858,1.1195190339861678e-11
8128.395381870518,609.6859549669387,2.943043100056295e-11
8130.568191286351,610.0113344558847,-1.608492798465461e-11
8131.989862159163,610.2242775722758,1.7439419951033575e-11
8132.47077978167,610.2963196181155,3.9800768606128716e-11
8132.5902884104025,610.3142228172167,2.8422614390534786e-11
8135.457655605769,610.7438526555043,-7.922755258319966e-12
8136.019604424039,610.8280695893939,-1.3316536359884553e-11
8137.697764695487,611.0796031187905,2.3167441291513356e-12
8138.295178335389,611.1691598651207,-5.896348174915476e-12
8139.659664917968,611.3737312046239,5.565451601722601e-13
8140.3963577623335,611.4841945080046,1.8128080091181863e-12
8141.5928321715655,611.6636209958732,-5.640472135119057e-11
8141.8816090675955,611.7069306984062,-2.943175166673259e-11
8141.975589714229,611.7210259033234,2.3017935286760242e-12
8142.556457880996,611.8081480443711,1.4981706349975303e-12
8142.987417204888,611.872789961504,-2.624958120752917e-11
8143.615979182795,611.9670775020628,1.824888426422249e-11
8143.686037483016,611.977587059444,3.985088133767448e-12
8145.326426951568,612.2236903429364,-8.308824431763362e-12
8145.420407598205,612.23779151148,-2.863624356051765e-11
8145.709184494228,612.2811215746731,8.080507980361563e-12
8146.306927560001,612.3708159186193,-2.8250906442914477e-13
8146.68995291896,612.4282942540686,-6.602921185224487e-12
8146.877269191707,612.4564046759964,-1.5587607575992966e-11
8147.851161166554,612.6025663788216,4.4601349457853746e-12
8148.032843252127,612.6298351590208,3.211132875105716e-11
8148.06133606721,612.6341117189804,1.7318525586500349e-12
8148.476648923531,612.6964487922864,1.8266810511068043e-12
8148.626523819314,612.7189452940046,8.920828155049212e-12
8149.446718553578,612.8420653833363,-3.4482596448212818e-12
8149.588468452201,612.8633448301788,7.2872608820718e-12
8149.703207952232,612.8805697561747,-6.000686407596149e-12
8150.107053774175,612.9411978373222,2.928775296056173e-11
8150.3808292231515,612.982300578201,-1.3628486016674131e-12
8151.187848184006,613.1034688229062,5.357759778291353e-13
8152.532879785422,613.3054425574438,3.4017637563679752e-12
8153.679231183067,613.4776082175902,-5.729420281456808e-12
8153.9285285372025,613.5150523356824,-9.696677524141556e-12
8154.415924027395,613.5882617718588,-1.6859214807791886e-12
8155.490028078208,613.7496134517123,7.315405027294049e-13
8156.391583434101,613.8850613088171,-6.797485470890695e-13
8156.741874935185,613.9376924358022,-3.105157514134611e-12
8156.836980909913,613.9519824522132,-3.8000258337741095e-12
8159.233168662096,614.3120733037923,4.5002653202919593e-13
8159.796050432964,614.3966765805867,2.4036229031388664e-12
8159.966519469198,614.4222998782595,-1.4242156099549293e-11
8160.114967273495,614.444613588091,4.405495094664196e-12
8160.704962546303,614.5333018584532,-8.517837888293923e-12
8163.0261921036845,614.8822920374382,-4.756868245241515e-11
8163.293132596531,614.9224321350771,2.5885333004217664e-12
8163.318386477753,614.9262296533532,-6.150202300029847e-12
8163.347901517579,614.930667952487,3.318757960407407e-11
8163.600328417642,614.9686270894406,4.573915215066354e-11
8164.298722373182,615.0736554191006,6.593918305644568e-12
8164.3846396322415,615.0865767503815,-8.374056786230766e-12
8165.969779872054,615.3249947179071,-4.164617568666165e-12
8166.321375245422,615.377883789686,7.098591550227132e-11
8166.754091086645,615.4429786116069,-1.0771460721968185e-11
8167.036033026533,615.4853938912405,-2.819310514085987e-11
8167.328227400596,615.5293530897998,-1.805328363683437e-12
8168.2083172729435,615.6617677611474,-1.89852059556573e-11
8169.112762020941,615.7978616316636,-3.682644429231966e-12
8169.237245985059,615.8165941982597,-2.7301383851010726e-12
8169.727654086554,615.8903944521514,-1.6048987705749118e-11
8170.660893413008,616.0308474750425,5.837473578216468e-11
8171.754486391945,616.1954542242685,-2.5939111300226105e-13
8171.901334845133,616.2175594148872,-7.079569502826406e-13
8172.311521484334,616.2793071738046,-3.503582240124011e-13
8172.613487984992,616.3247659121887,-1.5355486092198715e-11
8172.715545850442,616.3401303200806,4.80508634902734e-11
8173.6660712272105,616.4832373701842,3.1707567752874336e-11
8173.66827410507,616.4835690454174,4.70874289060185e-12
8174.761867083995,616.6482363775051,-2.3629154035084276e-12
8175.604049103034,616.7750626187134,-4.5748862547071817e-14
8176.554375819766,616.9181903228402,-5.819750228164029e-13
8176.800166423724,616.9552112941594,4.901932839432614e-12
8177.012454930122,616.9871870764912,-1.6290471718386262e-13
8178.515047610533,617.2135376006966,1.8702195548174425e-11
8182.661587655529,617.8383880367792,-6.460897919055456e-13
8182.723459348988,617.8477140045654,-1.770868998374215e-11
8183.201906277256,617.9198330578411,-1.701686619644861e-11
8184.558089318266,618.1242812325272,1.6514234727967895e-12
8185.001702614162,618.1911644619881,-3.9737024852610766e-11
8185.403915137872,618.2518088627994,-2.4204976545934025e-13
8186.252499583759,618.3797656623061,5.0752480674679265e-11
8186.388148818862,618.4002212404735,-8.271051643236893e-12
8186.705089104041,618.4480163938205,3.7345707250543475e-12
8186.793943533575,618.46141613042,-2.223373438334286e-11
8187.018673520749,618.495307297384,1.1476133324048621e-11
8188.002907201733,618.6437489510375,-1.0721612531510473e-12
8188.010476450473,618.644890610661,1.730425809457352e-12
8188.848733021329,618.7713302539387,2.6063772751991883e-12
8188.921803932866,618.7823526239843,-5.326791096851499e-12
8189.695560949843,618.8990759132962,5.312277187734842e-13
8190.09522733854,618.9593709628974,3.8229407600117845e-12
8190.697465432045,619.0502322358122,-1.561090729301278e-12
8190.875174291111,619.0770449235604,9.84153477269219e-12
8192.053620810513,619.254863488803,3.4831883154974897e-12
8192.52094396153,619.3253860612302,-7.911100042928819e-12
8193.29474875683,619.4421678605511,-7.177035185921494e-12
8193.472457615897,619.4689890505534,3.5530519929200424e-11
8193.762716928371,619.5127984730841,1.7659735015526008e-11
8195.573891027485,619.7861976821728,8.137290947558252e-13
8197.381044121777,620.0590501403096,3.3275716050052996e-12
8197.64760741037,620.0993022083055,-1.5857541292196103e-11
8198.553822506896,620.2361539149754,-3.829830457242086e-11
8198.941136686903,620.2946486237863,-3.925802908092313e-12
8201.45590639937,620.6745127341994,-2.6979694912714023e-11
8201.882144372821,620.7389089064741,5.5720333537690016e-12
8202.449747493965,620.8246677670637,3.077732164750625e-11
8202.837061673963,620.883190271704,-4.20500443706493e-12
8205.494686497264,621.2848273320858,-3.357999788093187e-12
8205.526747672093,621.2896734137122,-5.689083661566358e-12
8205.966600232758,621.3561595209434,-8.362869056620589e-14
8206.28592193997,621.4044289667961,8.29561504960571e-12
8206.755825173052,621.475464098054,-3.039780311699572e-11
8206.886814667383,621.495266465702,-4.565068963428288e-13
8207.111242891164,621.5291951899451,3.86788125192077e-12
8207.48514114396,621.5857226307861,-2.2119740540843358e-12
8207.844291934764,621.6400229158954,3.652399571434843e-11
8208.614933237013,621.7565447879687,1.8681523346280087e-11
8208.811918532965,621.7863309521678,-1.3615180246744349e-12
8209.347982280608,621.8673928186437,1.638365654333875e-11
8209.592585946852,621.9043827710946,5.219569524183533e-11
8209.703399998718,621.9211408814812,-8.590654798939769e-12
8210.173303231793,621.9922055942145,-8.616296132620872e-12
8210.59855292757,622.0565207400635,5.197825827251793e-11
8210.638244960719,622.0625239687713,-6.857398707886433e-14
8212.891859249155,622.4034198691493,-2.0684055143039857e-11
8213.918344929469,622.5587235734369,-1.046849141979291e-12
8214.70274541603,622.6774137149312,2.4989045352867482e-11
8215.90976019126,622.8600731120611,4.5320011663286725e-12
8215.978603891266,622.8704921437569,1.160514181383617e-12
8216.19586773303,622.9033741397575,1.3490927505093995e-12
8217.609221232815,623.1173006518835,1.2775260315243683e-11
8217.701582412496,623.1312818075969,-3.1893382391151946e-11
8218.821808585617,623.3008683389938,3.799094637479313e-11
8218.964024960527,623.32239955719,2.330736780118438e-12
8218.977440887717,623.3244307156324,4.041532076206193e-12
8219.266080733236,623.3681313129771,5.126594805802557e-11
8220.496372834337,623.5544169853345,-1.5697311307921143e-11
8222.375985766561,623.8390739341651,8.89117765874204e-12
8222.991399633402,623.9322890916768,4.5409926197417024e-12
8223.434443349564,623.9994001043808,4.64145944652448e-11
8225.526207737696,624.3163035102074,2.3576096192625217e-12
8225.831996583092,624.3626374337559,-1.2835445909866042e-11
8227.221770993565,624.5732413815665,3.594736113832316e-11
8227.85464945491,624.6691584505621,-6.362822995650072e-13
8230.236899477984,625.0302709270587,-3.505265659417987e-14
8230.478669077082,625.0669253241986,3.3680625812649634e-13
8231.460713711318,625.2158229953749,4.3349032314464665e-13
8231.771436398345,625.2629384890683,-3.964404455057313e-11
8231.962815169618,625.2919585145389,-1.2461689514266795e-11
8232.406126702064,625.3591833578702,1.743161419770247e-11
8233.004858045324,625.4499821872083,6.022822585762474e-13
8233.554399329705,625.5333270557315,2.6863468543433884e-12
8233.578994359146,625.5370573322834,1.2082149197838622e-11
8233.605675331837,625.5411039920757,4.485538015445639e-11
8234.112120936263,625.6179182611062,-1.727034631522738e-12
8234.40001265789,625.6615858508025,4.0956797549643984e-11
8234.516433234414,625.6792450274879,-4.087751812356658e-13
8235.256585050362,625.7915202961425,-5.798376897266399e-11
8236.162607771323,625.9289706268008,8.895659008098369e-13
8236.695734348436,626.0098569281391,1.369326438956271e-11
8237.269870662249,626.0969711078533,-2.189092341414528e-12
8237.68079159398,626.1593242102614,7.108213695686734e-12
8239.323383939869,626.4086020811045,-2.4974337125424967e-12
8239.447895566469,626.4274998447358,-2.6373291878159244e-12
8240.760474957178,626.6267340764668,1.3126692847575916e-11
8241.361683279156,626.7180010800165,4.611257788664312e-11
8242.127466180524,626.8342611263358,7.901752497071547e-12
8242.474820511026,626.8869995168011,5.167350328918931e-12
8243.702834293324,627.073465191325,-1.1873534846972204e-12
8243.99025953862,627.117112803066,-2.466390603826252e-11
8247.223104509687,627.6081486178164,3.906416748017291e-13
8247.633291148783,627.6704655017671,-9.597080264687662e-12
8248.621120851827,627.8205525120902,-1.2050493489886221e-11
8249.373233840943,627.9348376929117,-6.160473436829024e-13
8250.426311221721,628.0948725670565,2.9269316378480775e-12
8251.027382493243,628.1862257862837,1.968027328153937e-11
8251.649363499844,628.2807639572419,1.89229446398066e-11
8253.460160394385,628.5560370939297,4.7675365979749275e-12
8253.97351639574,628.6340872695413,6.119528020015097e-12
8254.290339746238,628.6822592236762,4.019218431964191e-11
8255.886075676885,628.9249137617854,-2.14181552349975e-11
8256.029877571624,628.9467832065867,-3.9423821444019615e-12
8256.808794752598,629.0652478363205,-1.7481817519586105e-11
8256.909397864032,629.0805492642756,4.0058686699532206e-11
8257.674823676969,629.1969743129907,-3.366538180316484e-12
8257.71435099717,629.2029869067799,-3.312987552091971e-13
8258.153854016045,629.2698426854089,1.4492297745492786e-11
8260.592478595583,629.6408630184632,2.769346599243144e-11
8261.631137940216,629.7989213191647,-1.9044825116131485e-11
8263.468073890217,630.0785062559709,-4.2387223694407585e-11
8263.672299008986,630.1095935236773,7.232188160883086e-13
8264.723173511853,630.269570406637,-1.59834974635352e-12
8266.59875160773,630.5551442427378,-4.046472711824044e-11
8266.671493093361,630.5662211013217,7.526620683541697e-12
8268.743610124644,630.8817978970899,9.821767511150493e-13
8269.14135528293,630.9423822604413,-1.6644923514131074e-11
8269.602893364965,631.01268718595,-2.1531711659403094e-13
8269.619802211055,631.0152629421033,-3.422869828500257e-11
8270.33445999192,631.124132913988,6.19736169004437e-12
8270.454909119924,631.142482892991,7.471695119903412e-12
8270.784215444946,631.19265285733,4.1311984846642724e-11
8270.967530828628,631.2205819026622,1.861206181534972e-11
8271.166972987445,631.2509686485624,4.082416885086135e-11
8271.442079971117,631.2928847904271,5.865794668629642e-13
8271.877808423515,631.3592765635016,1.26251964463136e-13
8272.473574933707,631.4500589325876,1.4964328402573647e-11
8272.496282679916,631.4535192480394,-1.0379552245840462e-11
8273.008904388616,631.5316375340753,-1.1792564999006886e-12
8273.7386252261,631.6428478484412,-1.5292243696073544e-11
8273.998127235975,631.6823986244704,3.0151162573077617e-11
8274.174353678494,631.7092580545395,-2.889710524780644e-11
8274.44946066216,631.7511894367798,-9.500635822001776e-12
8274.832218204656,631.8095310703894,7.582911831900654e-12
8275.972468938333,631.9833492327087,-1.1810877902579965e-11
8276.037147036392,631.9932093856291,-1.4828410350927328e-11
8276.068652462787,631.9980124045268,-1.9163964857956044e-11
8277.155876961544,632.1637715563628,1.3478735567799279e-11
8278.119139297565,632.3106495255762,-2.0402475680401432e-11
8278.260395057292,632.3321896009575,2.0786491742691744e-12
8278.441295071829,632.3597755611868,-1.3907006928836355e-12
8280.206992068428,632.6290633994319,4.5849026755379145e-12
8280.23254771302,632.6329613325144,3.838540573436561e-12
8280.310881892052,632.6449095071097,2.1959152645768032e-12
8282.36806663248,632.9587287409549,1.3775799625775751e-11
8282.604847064884,632.9948541039304,7.086628500213076e-12
8283.194060266493,633.0847542782878,-6.277375469120763e-12
8284.50637184072,633.2850053608262,-6.902854078261685e-13
8284.78888336017,633.3281191186456,-5.026568540061771e-12
8284.852751724762,633.3378662000126,-1.618639288641472e-11
8286.10119493439,633.5284087539142,2.6005085246891834e-11
8288.520241313432,633.8976953061505,5.782170076498047e-14
8289.158170550894,633.995098208456,7.919657032319894e-11
8292.028852119454,634.4335040363378,2.91202648914354e-11
8292.416166299334,634.4926656512212,-2.744684069890993e-12
8292.437028256076,634.4958523598194,3.2251842334893004e-11
8293.106853955403,634.5981739318637,-2.90154751856979e-11
8293.39365429596,634.6419876499065,1.7964266199167474e-11
8293.966829994511,634.7295547024838,3.397744343273681e-13
8293.997765841228,634.7342811058941,-4.913527966603165e-13
8294.689324840347,634.8399426449572,-4.045975286710083e-12
8294.797455706748,634.8564644812086,-9.866103336782173e-13
8295.198844665589,634.917796518521,-5.9462629270598476e-12
8295.622611944751,634.9825511728923,1.7479559879816532e-12
8296.719890217584,635.1502384697073,-3.700121750831638e-11
8297.504098328482,635.270095622751,-8.979501148897685e-12
8298.017077125534,635.3485046363929,-4.959787264215279e-12
8298.044162964954,635.3526448524767,3.1424532619140435e-11
8299.23515406807,635.5347076032247,-3.75119791383088e-11
8300.55942681543,635.7371753433526,-5.8119112232949854e-11
8300.774995749362,635.770136682835,-3.0054207634243513e-12
8300.830334250059,635.7785982957396,-2.3937486144725297e-12
8302.49879783483,636.033743605636,1.0319181492408158e-11
8302.962181706278,636.1046144374469,-3.162543945672948e-12
8304.57347483213,636.3510795357226,1.0416259612029638e-12
8305.059463346426,636.4254262398233,-2.6002106364440032e-12
8305.710850004807,636.5250824373427,-6.951636521587276e-11
8307.044400739902,636.7291278756314,-1.636015022596802e-12
8308.075250681852,636.8868797775491,-7.6727745451399e-11
8308.46503555587,636.9465340106282,2.980057511563248e-12
8308.585951160183,636.9650399861418,-2.1043809887344716e-11
8308.789428155045,636.996182482725,-7.1103808006716306e-12
8310.196557771722,637.2115669129158,5.4274036781950665e-12
8310.761580810577,637.2980632850085,-6.042454648530289e-12
8312.493103026412,637.563169437483,-1.0208734079992784e-11
8315.083023308123,637.9598044253976,1.501569754075494e-11
8315.332320662126,637.9979897463169,2.6548105147560547e-12
8316.318921933496,638.1491204554984,1.2250312344945406e-12
8318.240773033269,638.4435671793335,3.707074985987127e-12
8319.519761054,638.6395585842589,-1.3254294648020552e-12
8320.408305348945,638.7757363508921,3.9581688813221855e-12
8321.00604841437,638.8673542778365,5.1985963711959705e-12
8321.577830968476,638.9549993160673,-5.606272367419022e-12
8322.076034640988,639.0313708089174,1.1554015289396641e-11
8322.964578935927,639.1675904155901,4.798459131146006e-12
8323.097544985532,639.1879762248906,-4.786376229608094e-13
8324.50098930779,639.4031664114182,-2.737602357431696e-12
8324.58081973456,639.4154079052574,-4.072904378512274e-11
8325.107111355404,639.4961143531901,9.341130784075694e-12
8325.211749302889,639.5121611165099,-1.90017408166139e-11
8326.56655303012,639.7199453942209,-1.0458275859787405e-11
8326.888063783812,639.7692599949678,-5.071944154887676e-13
8327.745205755698,639.9007411516166,4.432247942547742e-11
8328.063765507655,639.9496100237358,4.210322836845877e-11
8328.066915169416,639.9500932090402,-8.248613842185828e-12
8329.49951115849,640.1698847453777,9.233555480793192e-12
8330.205789957015,640.2782572634194,-1.7062565081118735e-11
8331.96009535979,640.5474803721858,1.7176613167360233e-12
8332.082253226801,640.5662293450963,5.703975541994197e-12
8332.130564395928,640.5736442917496,-1.1138658524554578e-11
8334.080908310667,640.8730249699023,2.402883521702414e-12
8335.181693333518,641.0420280346747,6.3999286525419965e-12
8336.721267198336,641.2784356073646,5.923601189073418e-11
8338.052374901652,641.4828675821736,-4.346637649773833e-11
8338.18704969028,641.5035528002751,1.797861498158585e-12
8338.41147791396,641.5380243355171,-1.2024903809647161e-11
8338.784929806103,641.5953875378015,-5.510664321118791e-12
8338.992449183697,641.6272641756642,-4.7213675417820255e-11
8339.59194876645,641.719356567386,2.1664045250599144e-12
8340.936980367025,641.9259982767223,1.3754994475061376e-11
8342.157466393955,642.1135344716931,-1.7499526703373452e-12
8342.239053338088,642.1260718534326,2.9077825684710012e-11
8342.820024607818,642.2153526558553,-6.817004024338787e-12
8343.019720751634,642.2460424112386,-4.223557321107789e-11
8343.79445221462,642.3651118491019,-3.0035422879699417e-13
8344.166943491608,642.4223644305606,2.7225530081651303e-11
8345.166658926692,642.5760351318829,3.980071008439675e-11
8345.24108148882,642.5874756908472,-1.536535761667162e-11
8345.643294012318,642.649307309749,-3.1443275237469763e-13
8346.177738292794,642.7314713588281,-2.0731144300104348e-11
8346.217430325925,642.7375737168335,-3.027430147259973e-12
8347.343366126586,642.9106901484203,-4.0148384981009515e-12
8347.732958625109,642.9705967488437,-2.134512268351117e-13
8348.200151010022,643.0424393637777,9.719017316577844e-12
8348.2990453824,643.0576473839368,-8.708450535806426e-12
8348.710357349459,643.1209010522896,-1.7562264104798152e-11
8348.980564438509,643.1624565833482,5.151707402642839e-11
8349.619406512664,643.2607103598567,6.003365320527244e-11
8350.576300368664,643.4078944971809,-3.018813876492797e-12
8351.330616235391,643.5239310937003,1.9530629419104613e-11
8351.697233171404,643.5803316527446,1.0466697173989684e-11
8351.772685504962,643.5919395900901,-9.210226687782749e-12
8352.306038404406,643.6739960673532,6.585507554429583e-12
8353.1077048251,643.7973425043889,-2.414424960966416e-11
8353.457412915024,643.8511531901789,2.1039690665253918e-11
8353.64099611495,643.8794026173783,2.3941463407201884e-12
8353.955239383262,643.9277592036623,7.115349382927933e-13
8354.339884208886,643.9869518439749,-3.3819209267028525e-14
8354.438318389513,644.002100227942,-2.830926282707892e-12
8354.653887323406,644.0352755165371,6.646480462232253e-12
8355.732327972953,644.2012565318631,-7.299816957678227e-12
8356.533500254805,644.3245775014489,2.34991118287446e-12
8356.717083454734,644.3528373311381,4.437921773328181e-12
8356.813266979163,644.3676435635148,-4.587040084215375e-11
8357.028300280463,644.4007458264206,1.0075346059640694e-11
8357.326622980345,644.4466710840072,-7.489052174500027e-12
8357.659092798287,644.4978550477869,-1.0132333320973796e-11
8359.37710981458,644.7623774293029,8.836301441166573e-12
8359.670052312329,644.8074870923516,5.973502710921851e-12
8360.166952112488,644.8840073707561,2.549710957953313e-12
8360.305435414642,644.905333971266,-2.862611807939355e-12
8361.012777931604,645.0142711077464,-5.022802056071958e-13
8361.019969976114,645.0153787948927,-1.972858705546965e-11
8361.78548506089,645.1332855182707,2.2280844758684677e-11
8363.355500633455,645.3751373758934,1.1759964727948215e-11
8363.591395891484,645.411479605589,-2.999745562621189e-11
8364.65104041169,645.5747420108823,-3.422763046824189e-11
8365.409494217807,645.691611818055,-5.744102544360567e-12
8365.416555496453,645.6926999371047,-6.587021699846418e-13
8369.545089027224,646.329050184824,-5.99189781191169e-12
8369.951858188097,646.3917644159312,1.6138346102191347e-11
8371.065688218358,646.5635063915473,-2.6124508000145814e-12
8371.743110828756,646.6679696782311,-1.917058156842916e-11
8372.86251343659,646.8406078855672,-6.780361274327573e-13
8373.019525051757,646.8648246149601,1.8477317135974106e-12
8373.440053396955,646.9296871561885,6.562990217972152e-12
8373.634938918296,646.9597475191617,-2.190025857474421e-11
8373.998152207481,647.0157736779511,-6.364794804414935e-12
8374.06699590745,647.0263931890906,-4.072066418831682e-12
8374.154320142101,647.0398635477447,1.5745101164291587e-14
8375.070279702188,647.1811650197694,-6.466206054614601e-12
8375.961026874835,647.3185918985072,1.8299159018552065e-11
8376.346138176752,647.3780124354126,8.126339087416948e-13
8376.940868630745,647.4697814115577,7.283217108814866e-11
8377.252833580325,647.51792129278,1.053882783424548e-11
8378.637358553848,647.7315915040426,-7.477987158542435e-13
8379.703611707579,647.8961677043435,1.0875620170550915e-11
8379.995895353537,647.9412853494549,5.309277931356809e-11
8381.021138770582,648.099556965543,-2.2272794049264444e-12
8381.17483601104,648.1232855955182,2.4482852366705823e-11
8381.483232600873,648.1708988791338,2.2090896213697103e-12
8382.009929088352,648.252219488389,-4.276706786795682e-12
8382.241089164761,648.287911634689,2.0422377782526202e-11
8382.821923383983,648.3775993713824,-6.153711484562785e-11
8383.035172505388,648.4105291408755,-7.709754574979277e-12
8383.038857799746,648.4110982286312,1.9336099613464456e-12
8383.84707752892,648.5359105720935,2.368540710290966e-11
8383.97799158233,648.5561285950076,3.290293533574363e-12
8386.450070480083,648.9379692404317,7.862914755384636e-13
8386.85824661658,649.0010275059215,1.5724377157734468e-11
8388.034517919876,649.1827643300994,-4.3784486479128705e-12
8388.451045376065,649.2471249623126,2.2122233294756315e-11
8390.286244923778,649.5307328124644,-1.0955810619521975e-11
8391.241162224333,649.6783282484514,-1.7002822055601084e-11
8391.808237259213,649.7659853449163,1.7916450259373474e-11
8392.217511061295,649.8292535863379,-1.7776740486143877e-14
8393.13790403956,649.9715452700273,-2.99107854145663e-11
8394.271024337882,650.1467457812528,2.9887745381980405e-12
8394.274695800983,650.1473134930585,-4.425501792432511e-12
8394.713539967883,650.2151729742393,2.0158201288793186e-12
8395.766617348167,650.3780272180262,6.774603017784531e-12
8396.591938298847,650.5056741111349,-8.802790869284785e-13
8398.72843166392,650.8361695885577,-1.551886876695036e-12
8399.042345506297,650.8847361993509,-2.7727689746461896e-13
8399.227157137651,650.9133298446314,-3.3650229846164563e-12
8399.262292533374,650.9187659862259,3.2939689937312227e-13
8399.553752614593,650.9638615100508,-2.334405871613228e-11
8401.27221599115,651.2297788111082,-2.1638759967161685e-12
8401.862211263491,651.3210880060041,1.1590954584373315e-12
8403.007169515797,651.4983030034606,-1.0259897382397147e-11
8404.552994925467,651.737601955295,-2.5252536471651636e-12
8404.732982103114,651.7654674342946,-2.5878322104290232e-12
8407.381541428185,652.1755843899633,1.6341805215083797e-11
8408.626896585154,652.3684664430452,1.889972867084335e-12
8408.971115084962,652.4217844436108,-1.2471585485087771e-11
8409.09886564535,652.4415730244399,1.952167287060241e-14
8410.540307092577,652.6648733521321,1.657822069583108e-11
8410.611504552087,652.6759038701326,-7.73454252020067e-12
8411.562778051988,652.8232922369901,-2.6305858615222512e-11
8412.180696559688,652.9190401950688,-3.696511772488752e-11
8412.232960839454,652.9271389934548,5.578277521310664e-12
8413.053155573007,653.0542417924842,-4.959303430010522e-11
8413.239812993814,653.0831691915475,1.2441498587318583e-11
8413.388068422542,653.1061456652037,-4.762319838416528e-11
8414.369859071152,653.2583127873634,8.227622396307866e-12
8414.481661400607,653.2756420870018,-6.339633490984551e-13
8414.774349913267,653.3210097360635,3.157623411440358e-12
8414.987942291795,653.3541182291056,-6.03307412052897e-12
8416.060536262685,653.5203914089326,4.3226367040993395e-12
8416.258749989956,653.5511207585641,-2.5727852559636863e-12
8418.999835207505,653.9761492161144,-2.6630451217412115e-11
8420.605089278853,654.2251217035978,5.323345932614372e-12
8420.965063634127,654.2809596993376,-8.612955824341263e-12
8421.309282133921,654.3343559329992,-2.472821664632483e-13
8421.408958577234,654.3498184573453,4.556295339722879e-11
8421.62841146546,654.383862207394,-3.7324743018168975e-11
8423.313633013984,654.6453203699991,-6.038391781440281e-12
8423.66962031152,654.7005576552045,2.8295361101028385e-12
8425.574294748256,654.9961388840766,-5.308718273274737e-13
8425.647365659735,655.007479890491,2.1696305056291545e-12
8425.673971191565,655.0116092394456,-8.851511869365438e-12
8426.546430204848,655.1470276911706,8.806125404580708e-13
8426.991196491002,655.2160673465302,-8.797309841025579e-12
8427.49552848935,655.2943576064836,-6.908415257055441e-12
8427.879246646811,655.3539274478843,1.9639003337317926e-11
8428.602537394552,655.4662211824067,2.879608279724388e-11
8430.140924321226,655.7050938517347,-3.661178171500452e-12
8432.205575206046,656.0257505496307,-2.7762450318553494e-12
8433.370708900697,656.2067397357903,6.8790313286963305e-12
8434.151259379405,656.3280026382272,-7.803618684702902e-12
8434.42663417923,656.3707863387284,-3.865512049619528e-12
8435.627205032966,656.5573297629188,1.5795435611970389e-12
8436.158156394387,656.639836889125,1.182084033096903e-11
8436.321131622579,656.6651634477315,9.382320752893742e-12
8436.656538610921,656.7172876616977,6.581017224437244e-13
8436.897814071024,656.7547845653853,-2.3795945610418514e-11
8437.850075848512,656.9027871589241,2.7605240842222003e-12
8438.388060826064,656.9864093367179,-1.3941601791961286e-11
8438.753683199744,657.0432432213975,1.7182222337546296e-13
8439.39087814428,657.1422973778353,1.0439394718430963e-12
8439.614887669903,657.1771222096683,-2.5586739814049057e-13
8441.106225805943,657.4089912681935,6.323360509341828e-12
8441.422479576579,657.4581667800494,-1.2637190758284718e-11
8441.460325820237,657.4640517610743,3.5547909308964917e-12
8441.764584470584,657.5113640566597,-1.9574292037652878e-12
8441.858070978302,657.5259015742698,-9.013235662102806e-12
8442.034297420729,657.5533059131263,1.1081678233667443e-11
8442.530099555168,657.6304093847656,-8.371973761382259e-12
8443.059705550517,657.7127747839904,-3.7160512971493365e-12
8445.35293642954,658.0694823267482,2.7837299727158236e-11
8446.118451514109,658.1885782553114,-1.3395917981284348e-12
8446.289847218257,658.2152448268272,-1.1172791477050689e-11
8447.016466171912,658.3283017231837,-3.9519375114865034e-12
8447.418575591926,658.3908713551656,2.8237781627216775e-11
8447.958537124789,658.4748959431281,-4.0396263057808944e-11
8448.136513800004,658.5025924573284,2.126751333685961e-11
8448.519765481118,658.562235599888,-4.8707746735652125e-11
8448.71114425226,658.5920197341283,-2.350733772610265e-11
8449.4770503723,658.7112238805785,-2.5175774386519637e-12
8449.763727493533,658.7558445322248,-4.6844238074577286e-11
8450.696472680305,658.9010347067523,3.8628230959200344e-11
8451.035029330393,658.9537380574641,3.2126471572196445e-11
8452.087612571659,659.1176079140643,5.486693852963323e-12
8452.278991342795,659.1474046261324,-1.132430900840227e-11
8453.307920053961,659.3076152157398,-6.058946823937873e-12
8453.948697189471,659.4073980489644,8.983776132502852e-12
8454.049197197492,659.4230487559828,-1.1486194024310695e-12
8454.866063724981,659.5502649879945,-5.873186499863197e-11
8455.53588942396,659.6545907142496,-5.536810122921046e-12
8455.97920095609,659.7236412776601,1.1286031794638433e-11
8456.43413040427,659.794505220766,1.0963998473430653e-11
8456.9365889506,659.8727771585347,-3.246237479614446e-11
8457.147710634945,659.9056666389703,3.9713846110782835e-12
8457.446438201465,659.9522051584248,-1.0262153715518186e-11
8459.432967398401,660.261726704386,2.3338350878643568e-11
8461.083128991857,660.5188940133637,1.6118718666601956e-12
8461.253598027923,660.545463399345,-4.675407338825426e-12
8464.373076525391,661.031761343874,7.868222297865217e-12
8465.40686363731,661.1929587713252,1.4895827725689012e-11
8467.42294936776,661.5073817076932,2.2844152109602906e-11
8467.68119528351,661.5476624080975,7.860275890080241e-13
8467.821744413046,661.5695855067837,3.878804739571355e-13
8468.714982395415,661.7089228322583,8.879070025267043e-12
8469.292488408524,661.7990165504341,7.440629852917219e-13
8471.82019373841,662.1934230428506,1.932270315101253e-11
8472.617962373168,662.3179260412338,-2.8479230628620746e-14
8472.744230517033,662.3376330328757,2.463813233638817e-12
8474.76292399203,662.6527355592567,-6.1038125295867616e-12
8475.546096046486,662.7750029044987,-6.498678587145011e-13
8477.594078238728,663.0947834278646,-2.20301164548277e-11
8478.584021546805,663.2493850241539,5.370148892685785e-14
8478.598906059226,663.2517097085366,1.68452200147577e-11
8478.638865908642,663.2579507150068,-1.8023984543925736e-11
8479.44862966366,663.384427519853,1.6408020197792787e-11
8479.64456507219,663.4150324387904,3.818592925780349e-12
8480.335479050385,663.5229581691016,-6.6291903974947714e-12
8480.720213147955,663.5830602125535,4.8866239779536575e-11
8480.82026679547,663.5986907495575,-1.1097977791162352e-11
8480.894490697545,663.6102862425479,-7.901911719113553e-11
8481.102970690197,663.6428561899313,7.175666312858583e-11
8481.817477588893,663.754486654396,-8.995354719281903e-12
8481.91772361186,663.7701492709792,3.6871602478561946e-12
8482.67280771798,663.8881309005951,2.9014384113290397e-11
8483.09342533513,663.9538568120533,7.955195608425479e-12
8483.908974159,664.0813041495452,-1.0951678843864772e-11
8484.274390325918,664.138412390916,1.9194449689534805e-11
8484.657147868158,664.1982334275684,2.015990546467802e-11
8484.993453862013,664.250796795963,-2.0783924887369245e-11
8485.344314942398,664.3056372905323,-1.1511796167640209e-11
8485.713402572415,664.3633290893724,4.431078159888681e-11
8486.510903390843,664.4879943875841,-2.557437428378179e-12
8487.497772477978,664.6422779453543,-4.050374278519796e-12
8488.500143435547,664.7990033747179,-3.37937798646281e-11
8488.830588919693,664.8506741419704,-8.67064749625734e-12
8489.1347582979,664.8982379713817,9.828086035785933e-13
8490.592882268316,665.1262726245079,-5.019099287849013e-11
8492.005439864648,665.3472185426807,-2.960365546942106e-11
8493.463563835048,665.5753303012668,-1.051379701574064e-11
8493.524282537841,665.5848301029854,-5.833077295909793e-12
8494.562070538648,665.7472087000758,2.9073284952753805e-12
8494.617409039312,665.7558678542589,-2.341680284161991e-12
8494.939118452863,665.8062088140887,2.93037208073406e-12
8496.646732152562,666.07344743661,-4.191908217120842e-12
8497.474194371254,666.202963178509,-1.8248667953161587e-12
8497.96640048336,666.2800100680025,5.869317194300426e-12
8498.43888379808,666.3539738712898,8.383205442586279e-12
8498.744013791433,666.401741922883,-2.1700269514197994e-12
8499.2159828515,666.4756319816973,-2.524694959114211e-13
8500.411036452437,666.6627443336203,3.3268362578138496e-12
8500.52316820775,666.6803024162003,1.1988660894684314e-12
8501.448735181126,666.825240602908,7.44419927505081e-12
8502.755920537365,667.0299648003975,3.184002147965456e-12
8503.42610332464,667.134937356528,3.62802600563063e-11
8505.8100482534,667.5084082059655,7.478974957322173e-12
8506.644873514091,667.6392173938036,1.4989321614276088e-11
8507.156280622217,667.7193563705488,3.472133756784494e-11
8507.444831195371,667.7645752080645,4.811360881941261e-12
8508.333375489794,667.9038288552622,-2.012532590066049e-12
8508.598710346669,667.94541524816,9.495964579919562e-13
8513.176477526948,668.6631008467765,2.413789256934379e-11
8515.292164259537,668.9949209060494,-3.8369227134347275e-11
8515.295313921299,668.9954149541425,7.503020543603412e-13
8516.049629787636,669.1137403232312,-1.8197575815029273e-11
8516.26851309613,669.1480773024173,1.4146110470194324e-13
8516.536620410534,669.1901374236612,2.7186401143691453e-11
8516.627169747746,669.2043429156129,-9.757659308770294e-12
8518.381475149503,669.479590324272,-2.3676933970623346e-12
8519.877205209652,669.7143124931479,-1.6792594510942924e-11
8520.364195832535,669.790743929602,6.9452466433908255e-12
8521.128256162945,669.9106692696292,8.488078924937489e-13
8524.665881582794,670.4660678496798,7.898152353710556e-12
8525.42790374828,670.585733651843,4.826828610176009e-13
8525.638167920777,670.6187548247769,1.2936514876647936e-12
8525.670620131048,670.6238513911045,-7.605814986228781e-13
8526.430528690773,670.7431993281768,3.766061042754772e-11
8526.595061776257,670.769041580696,-1.4156730750566913e-12
8527.233814577958,670.8693714852045,2.806807540802647e-12
8528.206882986893,671.022227312159,-9.705773784396745e-12
8528.505205686617,671.0690932486214,-2.7467273506166293e-12
8528.867952499308,671.1260823010163,-2.430656894774523e-12
8528.881128272697,671.1281523161399,-7.991193646501884e-12
8529.16698182914,671.1730628910741,-5.256323795547394e-11
8529.192345098258,671.1770477978721,-2.3959929462731476e-11
8529.34221999386,671.2005953785446,7.442791697055195e-12
8530.149238953727,671.3273972019778,-2.925980541772992e-12
8530.588652700122,671.3964445702096,-3.831549981534196e-11
8531.215444328624,671.4949417551451,-3.51544220291827e-12
8531.494270553503,671.5387602343962,-1.8577713170307056e-11
8531.65661459238,671.5642738059113,2.2014500051709916e-11
8533.07828546335,671.7877206839091,-1.7869775279631438e-11
8533.329724085452,671.8272436738889,3.710014211055023e-12
8533.377314793184,671.8347244658443,9.207152114291366e-12
8534.229659973322,671.9687118237098,-1.878447604392165e-12
8534.250926796783,671.972055106929,-6.071215005278563e-14
8534.451418842686,672.0035741724182,6.842936313791063e-12
8534.482086873084,672.0083955145576,-3.4622795509072274e-13
8534.621530790317,672.0303178071151,-1.2241194042091818e-11
8535.025555155959,672.0938374107297,-3.8915269580740537e-11
8535.401944218354,672.1530149731342,-3.8445142515700383e-11
8535.727277316624,672.2041673924443,-5.140511744304831e-12
8535.798371672754,672.2153458823838,2.075268799894964e-11
8536.37366097663,672.3058046689773,9.337981004145422e-12
8536.723815426853,672.360866119763,1.1197729170568266e-12
8537.148543320847,672.4276572041672,6.823875288720872e-13
8537.281090672377,672.4485017741184,-6.792251063777641e-11
8537.982812833037,672.5588609113353,-3.071752694118324e-11
8538.290248807567,672.6072139148274,3.462276575261873e-13
8538.527029239782,672.6444555224872,1.9736786932368147e-11
8538.556949146305,672.649161497604,1.3998488457681578e-12
8538.757441192207,672.6806964660949,-1.3126650973806347e-11
8540.250920596067,672.9156259739707,2.9121146324360396e-11
8540.939199167036,673.0239084193249,1.4466226341532321e-12
8541.787090813104,673.1573137607869,3.94782453296307e-12
8542.254523351527,673.2308641950751,-1.4136474700302213e-11
8543.861184397922,673.4837027429795,4.717450337883369e-12
8545.114664551527,673.6809946079667,8.647183371662493e-12
8545.117690994097,673.6814709907798,1.8833066185009174e-11
8546.289618150699,673.8659530434398,9.859236670371815e-12
8546.41290134572,673.8853614685152,-4.131982105695226e-11
8547.195517651586,674.0085749766967,-2.5657367726484395e-12
8547.3390517299,674.0311739123576,2.2448576785668795e-11
8548.20164934417,674.1669948655393,2.2262335281100994e-13
8548.22776073716,674.1711064682022,-3.0140666702302985e-12
8548.529816509554,674.2186702713874,4.5635386428245526e-11
8549.416878387372,674.3583629208131,-2.030931186606267e-12
8550.819794622726,674.5793208252455,2.7337000867256947e-11
8550.862725589697,674.5860829813216,3.866282839721726e-12
8551.476444548127,674.6827549881702,-3.987835633507999e-12
8553.581611030011,675.0144100875533,2.7621651897808877e-11
8553.868679186633,675.0596421079813,3.3960886056550307e-12
8554.57902048324,675.1715738725173,-4.2060846657756845e-11
8555.38801599837,675.2990623594618,-5.4803497483175825e-11
8555.973845668505,675.3913899748719,8.896518393309351e-13
8558.095873218104,675.7258775536235,2.2077580335620108e-12
8558.478898576555,675.7862613020764,-3.917558643175471e-12
8558.520134635746,675.7927623064843,2.0812343964416086e-11
8559.270435781751,675.9110552935448,3.92762580118253e-13
8559.33230747514,675.9208104894711,-4.501115195676426e-12
8560.485630877836,676.1026657743154,4.8392608343159425e-12
8561.2238061377,676.2190736297188,4.3629162978956146e-12
8561.622978387097,676.2820259862592,3.5284089232400865e-12
8561.975157170951,676.3375695698678,-6.632607412041694e-12
8562.735079561848,676.4574278806568,3.6831473700284404e-13
8563.31898800166,676.5495317219669,-1.370546240730058e-13
8563.447445192096,676.5697949893021,3.8570779839894727e-13
8564.185620451954,676.6862431185398,-3.7317065128901144e-11
8564.27294468655,676.7000192966526,1.2003896825825107e-11
8564.703546921468,676.7679527000597,1.065306308696215e-12
8564.750238623628,676.7753191611836,3.285818430854187e-12
8564.959377468007,676.8083150920362,-1.854628274546357e-11
8566.16973427911,676.9992894623432,-7.046350350865716e-12
8566.241412046164,677.0105998798259,5.217386961968082e-13
8567.810123745447,677.2581589736694,-1.4233866474294428e-11
8568.335708735782,677.3411119138246,4.7359674321773734e-11
8569.60604995703,677.5416305459565,1.0499547380388105e-11
8570.440875217564,677.6734207918483,-3.173133823116221e-13
8573.527393533654,678.1607875374729,-3.548246193479682e-11
8573.578387888183,678.1688411105923,2.3730026913613426e-11
8574.535281743523,678.3199728913071,-4.443907281230185e-12
8575.037918833874,678.3993661319166,2.98025887363323e-12
8576.338941916742,678.6048887726928,1.7976605646096474e-12
8576.438618360007,678.6206359482208,8.608841408466605e-12
8576.608998123918,678.6475534645607,5.952824359909798e-11
8577.314721173481,678.7590531023741,3.178438601449984e-12
8578.064754503144,678.8775635318265,-2.3224387394796177e-12
8579.269518620798,679.067946247225,-1.319623671559506e-11
8579.76694022196,679.1465590387331,-8.946917903683716e-12
8579.843654933993,679.1586834809287,-9.784424333080732e-13
8580.521935055758,679.2658875587782,6.353069818461818e-13
8580.62161149902,679.2816424147327,-7.187869955274894e-14
8581.798452381297,679.4676676893939,2.296418853853389e-11
8583.651473610818,679.7606296721276,8.097343821594958e-12
8584.093989240568,679.8306005882816,-5.622274292345034e-13
8585.166912636798,680.0002670471956,-1.1935451072466048e-13
8586.515286273565,680.2135218274495,7.1813042154678555e-12
8586.861981751914,680.2683595699945,-1.652182090059741e-11
8587.477292514695,680.365690355804,-1.891140011754745e-12
8588.291880723153,680.4945538769651,1.0021662850894956e-11
8588.500614700783,680.5275764491587,1.9719574359292003e-12
8589.599635658733,680.7014593141695,3.7449283278428566e-13
8589.81884839306,680.7361449706258,2.1347435613299e-11
8589.871112672794,680.7444147890027,2.512071030834356e-13
8591.10701129712,680.939986670413,-1.829834454925224e-11
8592.42738625765,681.1489573987769,-2.602917666875606e-11
8593.463644063326,681.312984476898,-2.0738762282876418e-12
8593.507309322906,681.319896593716,4.806762768453006e-11
8594.685392467842,681.5063978821978,-1.4150483964465084e-12
8595.157258424415,681.5811057302944,-2.1691016519388894e-11
8596.450025744198,681.7858032247145,2.3250454867601902e-11
8596.717083171285,681.8280930825223,1.3613573320679569e-11
8597.030997013473,681.8778045639834,7.6419305637798e-12
8597.93883157579,682.0215797078903,-2.20713839543621e-11
8598.571332832182,682.1217588696136,4.00521746934056e-12
8598.791176755767,682.1565807318013,-1.767042294857654e-11
8599.289003223636,682.2354365300384,3.421656399221694e-13
8602.311446968226,682.7142901360045,9.18836997481739e-13
8603.635342510124,682.9240913395464,3.9691087603733624e-11
8604.988094240027,683.1384988081496,2.1880224729237093e-11
8606.11572494757,683.3172509681325,-4.0041370087212375e-13
8606.179428599153,683.3273499778976,2.6702487587132333e-11
8606.816040132439,683.428276808833,3.4748236406762734e-12
8609.713382555006,683.8877086749447,-1.8706742068891546e-11
8609.745086641396,683.8927368502651,-7.525773102282872e-13
8610.478897639203,684.0091223008833,-1.4899479888414093e-11
8611.00886072268,684.0931828002433,1.041013001822927e-11
8611.76575667089,684.2132474003523,-4.9984112014526435e-14
8611.778932444275,684.215337535329,4.607277553608034e-13
8611.870065192394,684.22979443986,-1.0710550947336398e-11
8612.137589095792,684.2722341571654,-7.018228106376498e-12
8613.173263490475,684.4365449106645,8.78641633560589e-12
8613.212880082732,684.442830514045,-1.0675127952699364e-11
8613.978395166914,684.5642934874774,-2.1465282929000418e-12
8614.32162538885,684.6187567467267,6.393951131288246e-11
8614.546129053186,684.6543818269838,4.3701565213124895e-12
8615.452989169049,684.7982952281228,3.0102473591546e-12
8615.770169607584,684.8486334861091,1.4622233392672576e-11
8615.95243510382,684.8775608485547,-5.521547776925006e-13
8616.231261328629,684.9218145512887,1.1954911346751589e-11
8616.33014186967,684.9375086488751,8.898786846695619e-12
8618.502443312047,685.2823369001562,2.365781788171811e-11
8618.684708808278,685.3112734360857,2.4982389853649597e-11
8619.698348139786,685.4722103469262,-1.7864213611847226e-11
8619.775227564754,685.4844173711504,4.4480623337123936e-11
8620.579007590552,685.6120492241838,3.0374261785325e-12
8621.673424132654,685.7858502469522,-1.0091789277789136e-11
8621.974162201432,685.8336134259922,3.8166832471476686e-11
8622.178387319973,685.8660493812745,3.030783379074628e-13
8622.452609129035,685.9096037353407,-1.674392104245278e-11
8622.726007373381,685.9530286624687,1.7556783280139623e-11
8623.039591789659,686.0028382139506,-6.798976891874514e-12
8623.367010831098,686.0548471816296,2.3091373323802044e-11
8623.792260526323,686.1223990343861,2.6682371872370773e-11
8624.544105698267,686.2418394506141,-2.110066085727445e-12
8624.638971519067,686.2569108639425,-2.963477654064656e-12
8624.903208710264,686.298891324345,1.89615783265409e-11
8625.596688938986,686.4090735266346,2.3328867549047623e-11
8626.18449516432,686.5024728655688,-2.1333404463582874e-12
8628.334624493042,686.8441714056893,-5.7625108602143064e-12
8628.407365978592,686.855732971405,-4.477664268780511e-12
8629.534070017986,687.0348242851363,-1.2723141882842045e-11
8630.286183006214,687.1543867988472,4.736159770188908e-13
8631.463805959273,687.3416130597736,-1.50254691630055e-11
8631.826251008471,687.3992421043483,-1.1317209339523127e-11
8631.878954102016,687.4076221387098,3.6406427839509134e-12
8632.19078200092,687.4572052563104,-1.53356776675405e-11
8632.221058995832,687.46201963486,-3.9566218124411426e-13
8632.520088325575,687.5095695272818,6.432590120824253e-11
8634.553398495724,687.8329382790613,-2.7923854002038984e-13
8634.91792948817,687.8909197435701,-6.300110610128917e-11
8635.559619460148,687.992991427335,4.885850555157581e-12
8636.376712309728,688.122974894896,3.928042373300989e-12
8636.675741639468,688.1705476780016,1.8092587303779285e-12
8637.822347020403,688.3529771887298,-3.0797002023707915e-11
8638.911788227057,688.526334087034,-1.1808642238306171e-12
8640.076921920985,688.7117597167127,-1.0773657083473374e-11
8640.748113101477,688.8185880356384,-3.3828232771658886e-12
8640.93225204967,688.8478974611832,-1.6647012297077645e-11
8641.626178638855,688.9583554782563,1.491030234290486e-11
8643.598152748176,689.2722992769976,-4.946203968370554e-12
8643.89109524567,689.3189426536624,-8.018911598909784e-12
8644.346758986221,689.3914982439952,1.3366340729332072e-11
8645.241012908291,689.5339019108181,1.3328011685296217e-11
8646.616547825059,689.7529749577178,2.3723292992825818e-11
8647.504508708185,689.8944135773286,-9.938198445064385e-13
8647.51170075269,689.8955592195734,3.1109116759057885e-11
8647.559277629149,689.9031379062901,3.625785932737227e-11
8647.705000754026,689.9263509109331,-5.3637652764593594e-12
8648.111694473711,689.9911373663903,8.212850537666414e-11
8649.487229390463,690.2102831514483,6.517427973538486e-12
8650.090682083299,690.306434286778,2.0623730630323308e-11
8651.095420631184,690.4665391863414,-3.8318994028096034e-11
8651.632218670706,690.5520854749745,-1.6565214344402576e-12
8652.216785962142,690.6452505006938,-2.8932608818755558e-12
8653.390209366118,690.8322830798721,-3.664722156957836e-13
8653.76472497641,690.8919826612645,-3.530742946306105e-11
8654.829551037783,691.0617351498529,1.5904291156890085e-12
8656.522897582272,691.3317281621596,1.1089431934959792e-11
8658.647141840363,691.6704996830218,-4.131821663612378e-11
8659.193938328994,691.7577154786434,-1.4409459008403919e-11
8659.272272507938,691.7702104827268,-1.1992090493283468e-11
8659.354244202897,691.7832858242665,1.0691629919168999e-12
8659.842675748312,691.8611983234526,-2.295147485609993e-12
8661.365745632269,692.1041800973379,1.0418548032717711e-12
8661.9125421209,692.1914232757249,-1.1084777005965976e-11
8661.967475754802,692.200188422162,-3.7163916241069397e-13
8662.286440373166,692.2510831423951,-1.3706610448676389e-12
8663.546350615708,692.4521356088993,-5.691408093277394e-12
8663.964511369735,692.5188708340459,-2.7536784143922186e-11
8665.061789641331,692.6940032828368,8.706958434520488e-12
8665.504744084788,692.7647078556428,2.940191748009395e-11
8666.872586533564,692.9830662501324,-3.83977749301651e-11
8668.048665460416,693.1708396290965,1.5440041181394626e-11
8670.321823998816,693.533845530045,-7.2495867494578136e-12
8670.908058535484,693.6274781069167,4.285247505343523e-12
8671.298172834964,693.6897901363558,-1.0283696930247747e-12
8671.377556901158,693.7024703077644,1.4988937507020455e-11
8672.010058157412,693.803505111671,-1.4608108473827937e-13
8672.574120580486,693.8936138152053,6.496457604751232e-12
8673.349977370803,694.0175661430059,-2.4794982583442603e-11
8673.923845867543,694.1092555783202,-2.2630121050127923e-11
8676.094390792197,694.4561077313683,-1.0576924299637965e-13
8676.732320028901,694.5580650525831,-2.8973353628548686e-11
8679.591232796323,695.01508412207,1.9865787721719088e-13
8681.064255109583,695.2506167753463,1.633801352500191e-12
8681.378168951696,695.3008159948798,-3.7451940562518637e-11
8681.769875055581,695.3634578322034,-1.3382754600553019e-12
8681.842211674384,695.3750262498639,-2.5097213992301618e-11
8682.167517110007,695.4270518406494,-2.665460574452247e-13
8682.30821712114,695.4495543778074,5.711569257190262e-11
8682.921832975977,695.5476959009042,9.614160974617952e-13
8683.45648974719,695.6332143880007,-1.8853651648304623e-11
8684.020853933627,695.723490296445,1.4199928203426829e-11
8684.64203903719,695.8228620831702,7.1391735563181325e-12
8684.700451758736,695.8322068076246,-5.817957563492037e-12
8686.002778713486,696.040566213352,-2.2443887265388227e-11
8686.219788569897,696.075288676399,-1.2636471718921605e-11
8687.148114169044,696.2238343553296,-8.774241136776671e-12
8687.42642613914,696.2683714357796,-4.791333478238457e-11
8689.498900256154,696.6000655232973,1.6178286919286962e-11
8691.25400155923,696.8810267911703,-1.2043676093372466e-11
8693.742358111507,697.2794667567283,1.8931841016475594e-12
8693.90299341128,697.3051918786424,-6.974164459130648e-14
8694.540922647955,697.4073584703589,-5.490947398082551e-11
8694.849621000873,697.456800279479,2.0184857912465406e-13
8694.902605741963,697.4652866089883,1.2786007057428079e-12
8695.54053497863,697.5674649472389,3.897042183244479e-11
8696.232842100779,697.6783615768528,5.178423804870855e-12
8696.693137919507,697.7520985589019,7.534189962631472e-13
8696.829926313747,697.7740120962762,-1.4221724906482152e-11
8696.961904085541,697.7951552973481,-1.7647070279732695e-13
8697.20216360529,697.8336463551855,-2.0244547912282324e-11
8697.683081226947,697.9106955205744,2.0204869755818182e-11
8698.667973758145,698.0685012209747,-8.430340695481224e-13
8698.766407938672,698.0842739490932,-4.901844352105599e-13
8698.939484719205,698.1120075634958,-1.629018687383922e-11
8699.668546703966,698.228837633709,-1.114250738781933e-11
8700.370927716067,698.3414014156209,2.3080774715251977e-11
8701.22743849772,698.4786783762064,-4.177421438882025e-12
8701.538655323126,698.5285618892846,-8.710326517453807e-12
8703.197223560102,698.7944362515392,6.291432697145688e-12
8704.33401532047,698.9766972647946,8.361801247712353e-12
8704.672613464067,699.0309890651464,1.0701364602045119e-11
8706.506104271017,699.3250129355604,-3.678319489838344e-12
8706.785575516275,699.3698351887784,-9.573466672767586e-12
8707.384306858663,699.4658659673834,-1.3400489850755757e-11
8707.462998125991,699.4784877847159,2.757556463863941e-12
8707.801012858654,699.5327055199551,3.899252524580658e-13
8707.890663190254,699.5470858319217,-1.583847722433334e-12
8709.964592061127,699.8797945757608,-1.3593907102367399e-11
8710.417675719504,699.9524907840444,4.01687137811061e-11
8710.921485916093,700.0333303864211,-9.380226037787015e-12
8711.13191480142,700.0670964454432,1.0269572806598124e-11
8711.429503208366,700.1148497788458,1.0680497483562548e-11
8711.621842594512,700.1457149096753,3.4141198114313076e-11
8713.467774882194,700.4419704402517,8.292047032288727e-11
8714.4622132174,700.6015948647437,-2.5578408772260315e-12
8715.319355188285,700.7391954832009,4.130262092338576e-11
8716.174191177957,700.8764393917293,3.4323790621495842e-12
8716.389760111615,700.9110511068535,-1.364174843904139e-11
8718.246692957307,701.2092354074279,-3.1212331288808546e-12
8718.830992432333,701.3030747331583,1.5714135041183086e-11
8719.062495765653,701.340256236832,4.455253347679232e-12
8719.32919610425,701.3830919178054,-3.798436535639768e-12
8719.499665140189,701.4104722366234,1.3335311095676403e-11
8719.88269049846,701.4719947836797,1.0266879967093792e-11
8720.122799136505,701.5105630468294,-4.798989124934092e-12
8720.329330236198,701.5437386537735,-1.6559425760225378e-12
8721.476477534025,701.728022094944,5.864519869449334e-12
8722.052699790236,701.8205984472364,9.158459436258717e-12
8722.75584275742,701.933574273103,-2.809473418631696e-12
8722.859718749654,701.9502650734892,-3.6004598076966806e-12
8724.204750348677,702.1664027772731,-2.286013231862921e-11
8724.53293134515,702.2191443557011,8.723198173025462e-12
8725.178820865971,702.3229502886038,1.6532895471678442e-11
8725.183960914304,702.3237764166057,-3.72657129486081e-14
8725.32726867001,702.3468095768636,-4.670766402385357e-11
8725.435399536265,702.3641891767691,-2.016805529166297e-11
8725.681457956101,702.4037383252595,-1.4372847434808411e-11
8726.087794587304,702.4690515486328,1.132952596358605e-11
8726.859451828492,702.593093586319,1.4648198882823574e-13
8726.961049502019,702.6094259840902,5.660101519259925e-12
8728.007724454395,702.7776959425769,-4.491716247207818e-12
8728.256315177976,702.8176638951018,3.0865517681292034e-12
8728.508851465522,702.85826737363,2.5536459999663375e-11
8730.31964835743,703.1494466881385,-1.3702287942585344e-13
8731.467920983321,703.3341222343452,-1.6152515649786568e-11
8732.932187109955,703.5696539352148,3.155623754212666e-11
8734.37036195943,703.8010272200347,-2.7908854283553428e-11
8734.395615840609,703.8050903998236,-9.525026506424502e-12
8734.96500314069,703.8967041088756,-1.739511205162014e-11
8735.57416546139,703.9947241816814,3.806763873985742e-12
8736.15828639219,704.0887212739559,-1.2019043245233179e-11
8739.000097937613,704.5461169713366,1.2131912273403116e-11
8739.974168454864,704.7029299562042,2.7429622764412232e-12
8740.200243807714,704.7393277163674,-7.624401456399437e-12
8742.316891154063,705.0801501310484,-4.414503293906578e-11
8742.906886425806,705.1751658384453,1.5671003774503066e-11
8743.573205374067,705.2824807918612,4.757506948791746e-12
8743.772647532596,705.3146038249567,-2.8476809559664827e-13
8744.084969570238,705.364909261038,9.621554905776054e-12
8744.346783845522,705.4070808407026,4.692847181093789e-13
8744.485953661802,705.4294980505955,-6.3909163623444306e-12
8744.583351786316,705.4451869678701,-2.3834570982481106e-12
8744.756970483997,705.4731539498749,-2.28592353657574e-11
8745.494679267147,705.5919923215253,2.624516907781314e-12
8745.986796106798,705.6712735736998,-1.9887330966773445e-13
8746.782498913493,705.7994727215587,3.579740885054698e-12
8747.274615753138,705.8787656479813,-8.430893976544476e-12
8747.674536126193,705.9432065919301,1.5880803554991452e-12
8748.185943233962,706.0256161806172,-9.53340735081133e-13
8748.22624634049,706.0321109420631,6.085502813068184e-13
8748.283341358474,706.04131173619,1.2943990804566527e-11
8748.684325450036,706.1059315366001,1.0947267030700526e-12
8749.900810586498,706.3019899219962,-2.5501218651263812e-11
8750.686830538702,706.4286856239625,1.4934140204339938e-11
8750.857704441352,706.4562296738342,-1.7482814005262264e-11
8750.864807213757,706.4573746181691,-1.2406890473228933e-11
8750.904499246843,706.4637728648456,4.641544646118921e-12
8753.202362202044,706.8342315319189,-3.599188913430491e-11
8753.549716532001,706.8902400366678,6.2692920281264606e-12
8754.333458165496,707.0166211677221,4.341745321478431e-12
8755.307528682708,707.1737092797102,-4.43779930235755e-12
8755.927513017205,707.2737031028505,3.3067494636271577e-13
8756.213428183051,707.3198191544253,-2.168059400706966e-11
8756.502685386107,707.3664757848178,1.777097673014924e-11
8758.97501826617,707.7653212064495,-4.5918044932922803e-11
8759.3172602103,707.8205417506381,7.013291242264797e-12
8759.659008015597,707.875684718741,-1.8760265727466057e-11
8760.520603520423,708.0147176434137,-1.751491783891548e-11
8760.755792148064,708.0526716596099,3.233501465931261e-11
8760.809154093367,708.061283187771,1.674654055940897e-11
8761.094348797844,708.1073086778437,-6.070118325548202e-11
8761.43609660314,708.1624628331231,-3.3834875107731877e-12
8764.743042251954,708.6962768626229,-3.5344814152498865e-12
8765.827597394931,708.8713918718047,-2.2349279337135705e-11
8765.919313553937,708.8862015878326,7.030192946190946e-12
8766.211507927463,708.9333842272202,1.367876578136246e-12
8766.795416366933,709.0276766590979,3.6336368335698975e-13
8767.245761514789,709.1004049178786,-5.468270263712024e-12
8768.926035388715,709.3717928589817,2.5687702986803807e-12
8769.61018985107,709.4823083577655,1.4164738479444112e-11
8769.902384224588,709.5295108629961,1.7211814429213217e-12
8769.923246181303,709.5328810654585,-7.668685662390311e-12
8771.178901549438,709.7357441456275,9.707865680051048e-14
8771.745901142833,709.8273578468792,5.213725326807655e-12
8772.686277187044,709.9793133924111,3.4997447700236786e-11
8772.721186260194,709.984954669822,1.891610046021475e-11
8772.7954101622,709.9969492657357,-9.768003553465031e-13
8773.797870391038,710.1589569600379,5.087661902361014e-12
8774.088177481333,710.2058769735465,-1.3427004499181015e-11
8774.508932148563,710.2738829413389,2.825763634368117e-11
8775.626488965601,710.4545278658967,-1.5497226828701895e-12
8777.605030213983,710.7744010768195,-1.6672949110620154e-11
8777.881063865307,710.81903351061,-5.499853624864141e-13
8778.497170529963,710.918658093359,-1.4370767392918811e-12
8779.00883162273,711.0013991189226,-3.61325461977157e-12
8779.00979223788,711.0015544651168,2.4932204219927857e-12
8779.74700688213,711.1207783851664,-1.6821547830548128e-12
8780.233606469174,711.1994777900264,3.479026547414185e-11
8780.735707926638,711.2806889373439,3.2287987173253245e-11
8782.310115421711,711.5353676600338,4.608164411781631e-13
8783.718967606674,711.7633045967068,2.602265974934326e-11
8784.034109880147,711.8142961876695,1.9285719889253544e-11
8786.072169062281,712.144108496368,5.0036782926574434e-12
8786.095027690144,712.1478080656456,-3.6272680862517717e-13
8786.544652376611,712.2205798178625,-9.580202452591245e-12
8786.887971870474,712.276148582794,-5.152492315838606e-12
8787.040454510554,712.3008297069131,7.880452290485443e-12
8787.588287054985,712.3895064364791,-1.0321101941715327e-11
8788.938458702101,712.6080800454542,-1.8838420900094044e-13
8789.681025885944,712.7283054363854,-2.2789602896020692e-11
8790.649311334204,712.8850910162208,-2.7158997150170268e-11
8790.7155472895,712.8958166279459,3.715175826139676e-12
8791.162290130502,712.9681599653129,-1.50931199970778e-11
8792.738001497826,713.2233522620237,2.0862697214648544e-11
8794.169670816847,713.4552560708918,-6.743834769690176e-11
8795.99599724135,713.7511417955287,-1.5996844147221521e-13
8796.573818848543,713.8447682852897,-1.4827576807290278e-11
8797.971656644166,714.0712903498084,-3.181573378899151e-13
8798.920754927636,714.2251139057424,5.877499312998574e-12
8799.526519886003,714.3233009481753,4.275792497338904e-12
8800.16985698712,714.4275853737845,-3.781210306398904e-12
8801.126750841844,714.5827111997944,-2.142634346797196e-12
8801.34488602628,714.6180763131637,-8.494746920931731e-12
8801.391605390916,714.6256507926839,-6.018764790305618e-13
8801.810246452362,714.6935256878546,-3.0742904130708345e-11
8802.541360433077,714.8120700223333,2.8694402022158722e-11
8802.895295734053,714.8694613619093,3.281689304346e-11
8803.31393679549,714.9373478530171,5.901322004810122e-12
8803.578791344566,714.9802981167525,2.623986099811341e-12
8803.698670892702,714.9997388654059,2.3592068997322053e-11
8804.374281659857,715.1093069503927,1.2059738406019514e-13
8804.535685199284,715.135484030807,2.899072068447159e-12
8804.792263869522,715.1770979875782,3.218530428643573e-13
8805.388030378761,715.2737287860631,1.54794433376082e-11
8806.371138729797,715.4331990831731,-4.712074126781021e-11
8807.464731706606,715.6106120414788,-8.009557093762631e-12
8808.883431458895,715.8407997119808,-1.2470538828431382e-12
8808.941741077067,715.8502613901893,1.4710582978621766e-11
8809.202560790072,715.8925843717788,-3.47811381822232e-11
8809.370422081382,715.9198237361746,6.516491431767146e-12
8809.460971418517,715.9345176691648,-3.88807820453027e-12
8810.255638169077,716.0634790400997,2.8975944689380376e-11
8812.206702542417,716.3801541062237,-3.995562370499579e-12
8812.27829103732,716.3917748880363,-9.011416927040859e-12
8812.55608120598,716.4368687671147,3.6382674033047624e-11
8813.043071828455,716.5159257375411,-1.1982344231260997e-11
8813.82348525587,716.6426254209828,-6.652287399177236e-12
8815.357974395187,716.8917815913887,2.1020829199650923e-11
8817.71507363622,717.2745900757744,1.6071780150646399e-12
8818.392694905753,717.3846591854104,3.802540304848877e-12
8818.497422125183,717.4016712593677,3.884122959688098e-12
8818.58775897104,717.4163458979989,-3.9496266146293724e-11
8818.67246162973,717.4301054357776,-5.054496384481486e-11
8818.89497490736,717.4662522725739,-2.625084837855103e-12
8820.50154668039,717.7272637081389,-4.943749955692828e-13
8820.577136064276,717.7395454968721,-1.1706527932139067e-11
8820.72294846118,717.7632374419188,1.4127299175529347e-11
8822.02109598226,717.9741808031698,2.029316710354009e-11
8822.511291591496,718.0538435450541,-4.647708787895286e-13
8822.62762289571,718.0727494451612,8.349461325328649e-13
8823.970733264061,718.2910467545297,-9.865241284727093e-13
8824.829583973711,718.4306541896553,9.546182492999372e-13
8825.977856599304,718.617328806517,1.4834746984695452e-11
8826.465581514383,718.6966255679133,-2.2818459892479986e-11
8826.96209027838,718.7773549524105,4.4616174287717417e-11
8827.253715072182,718.8247735336588,-4.757495330966374e-12
8828.237948751253,718.9848228111902,-3.701168898666718e-13
8829.386221376835,719.171569521657,2.226298975424083e-12
8829.854669855047,719.2477615514119,9.951980937319584e-12
8831.50689727416,719.5165246792527,6.414894879289502e-11
8831.609421615729,719.5332036788358,-2.969635615815088e-11
8834.288724408723,719.9691501825625,-3.6748454222419136e-11
8835.143093921792,720.108191542634,2.652612928556693e-11
8835.327637736615,720.1382262422621,6.195583693114533e-12
8835.697487321388,720.1984215390238,2.6939951662911376e-12
8835.908609005499,720.232784022504,-4.0183431233544964e-12
8836.179832034331,720.2769298963525,-4.8393359951793175e-11
8836.314506822762,720.2988508696579,1.424993357143513e-12
8837.293133977157,720.4581517410628,4.640486538225582e-12
8837.409554553471,720.4771038499099,-1.2840375840847962e-11
8837.652284767277,720.5166187110751,6.129743778975335e-11
8837.862445836236,720.5508324091528,1.2246833789771651e-11
8838.089721957966,720.5878333108359,-1.900949078574787e-12
8838.343363457703,720.6291276600356,-7.87014629820026e-12
8838.477859701938,720.6510249317125,1.5948741537188193e-11
8840.044519403844,720.9061166241439,-8.802325157296366e-12
8840.415480485452,720.9665250597857,-6.600125420034758e-12
8841.196251001204,721.0936763977479,-6.479902076451359e-11
8841.703883542392,721.1763522401076,-7.355080963431035e-12
8842.440213012209,721.2962833650872,2.1485948670108955e-11
8847.336676990024,722.0940586896818,-3.633474088112267e-12
8847.438076003493,722.1105841835877,-3.837237846941628e-12
8847.44927522155,722.1124093866256,-5.372389353714648e-11
8849.797261187568,722.4951256147717,-1.209765241835702e-12
8851.192909936386,722.7226612231165,2.5047072601585883e-12
8851.561997566017,722.7828403699305,1.3068690146851057e-11
8851.982752233158,722.8514468053222,-1.47562809943191e-11
8852.64771953059,722.9598801450715,8.85814815312886e-12
8853.038794445023,723.0236548429039,-2.2270207500012016e-12
8853.230969118149,723.0549948368101,-6.032317666095338e-14
8854.230759992588,723.2180524798054,1.5335557191755866e-12
8855.177010377536,723.3723950710028,1.576463661926848e-11
8855.953168930839,723.4990063520584,1.9886010394458406e-11
8856.308181781522,723.5569217127753,-3.3026403920908863e-12
8856.866637679657,723.6480306479775,-1.3610231891450633e-12
8858.60595546396,723.9318273603242,-2.0853020958410936e-11
8859.312158820536,724.0470713135884,1.7326644487303283e-11
8859.702273119812,724.1107372470692,2.0219203097458235e-12
8859.80251914267,724.1270976656923,-5.920147962725186e-12
8861.593771780766,724.4194660855513,8.746214849839062e-13
8862.593459551828,724.5826609127067,-4.797515879896748e-12
8862.830672513066,724.6213876340697,-2.8345766112207416e-12
8863.421717671867,724.7178845143708,-2.923886118112423e-11
8863.658498103861,724.7565442338597,4.048698668741319e-12
8864.088036619907,724.8266786726489,1.8443886681817398e-11
8865.064577830979,724.9861395811964,-2.1576417121196373e-12
8867.034527605416,725.3078691549175,5.164682897078112e-11
8868.798172602766,725.5959659548445,2.0180282410700395e-12
8870.923151152225,725.9431638019933,-3.52885561781401e-11
8871.146021518218,725.9795831590403,1.1196566481168163e-11
8871.948394567804,726.1107069137179,-4.3313449253826523e-13
8872.199757748818,726.1517871089293,-4.79302094585181e-13
8872.677456552216,726.2298604620566,-3.8987129625129115e-13
8873.378307369156,726.3444125754071,1.943307536353113e-13
8873.391483142534,726.3465662055054,7.521934438330452e-12
8873.578799414867,726.3771841060965,3.7648402734563515e-11
8873.702699967791,726.3974367050337,2.0713297319346332e-11
8874.06009424051,726.455857422225,8.701774042246609e-13
8874.854657887581,726.585747559214,-7.427338318087324e-12
8876.22905364412,726.8104523633843,1.3313489005169556e-11
8876.73133364565,726.8925805721648,1.747299299939852e-11
8877.023617291183,726.9403742461367,2.351282099949663e-11
8877.504912116825,727.0190781032563,-2.559997293466382e-12
8877.705404162536,727.0518648743225,1.1850302341275348e-11
8878.00411789744,727.1007153619822,-3.6482330845261385e-12
8878.081114256962,727.1133073149467,-3.351054025022113e-11
8878.477047572149,727.1780598110735,2.471560069388235e-11
8878.551017489095,727.1901574632049,-3.935608441204154e-11
8878.557749341846,727.1912584510967,-3.252511284211401e-13
8879.665369319046,727.3724199763326,-2.2084236528487128e-12
8881.14317459143,727.6141639321204,1.3094940548875853e-11
8881.61307782356,727.6910405853807,2.0359805675628483e-11
8883.183450482142,727.947984681295,-3.369859700862851e-11
8883.25372127348,727.9594834375664,8.161376856159511e-13
8883.43853290458,727.989725510736,-1.2323434715842896e-11
8884.687140824944,728.1940608027621,-2.3479133797935745e-11
8886.401754191798,728.4747049079269,-1.6210359813189323e-11
8887.632046290444,728.676109754242,-1.3471261697606294e-11
8887.961846753698,728.7301044453544,-2.3129160705352833e-11
8888.781547347295,728.8643139066259,1.435465797007057e-11
8889.91264331033,729.0495284102868,-2.4910863178738662e-11
8890.78778550788,729.1928472125803,-1.1308356464451243e-11
8891.105926561326,729.2449514932797,-4.788568083451741e-11
8894.236288678389,729.7577331548432,-1.3550504654133977e-11
8895.554309878255,729.9736909634466,-3.4211049147966024e-12
8896.205113124575,730.0803368940095,2.949693774653251e-11
8896.429184259494,730.1170568241616,-1.8426423175065075e-11
8896.505851193122,730.1296209236493,-1.7130317638937594e-11
8896.859951206954,730.1876518804245,1.067277643304892e-11
8896.943693250474,730.2013761117124,-6.275588627077548e-13
8897.342865499497,730.2667970247693,1.2929699039535113e-11
8898.248764999491,730.4152770836408,1.8159624160506722e-11
8898.949526544286,730.5301446924869,-9.597680277812236e-14
8899.114629209273,730.5572093497291,8.874666552895508e-12
8899.345041161465,730.5949807514812,1.2875862334224063e-12
8900.271912006086,730.7469324495735,-1.190558893145953e-12
8901.485563074924,730.9459229768503,-8.121944279707209e-13
8901.986793189168,731.0281127062148,-1.73237541508814e-11
8903.623779007161,731.296571396822,-1.6957189064052932e-11
8903.631965613895,731.2979140894497,-1.1542330822778148e-11
8903.842662315414,731.3324710670106,7.133830574437005e-13
8903.99627028354,731.35766527112,-2.489768323841663e-11
8905.750575683376,731.6454307055291,2.8345403040432874e-12
8907.73329636424,731.9707322172275,-1.535825144011795e-11
8907.974496383178,732.0103104226715,1.3376843309674646e-12
8909.840439399351,732.3165268608559,1.4707555249844095e-11
8910.014984765023,732.345174456539,7.69459723596473e-12
8910.176834664897,732.3717388858089,1.3196058996882376e-11
8911.099464466726,732.523179360467,7.620635241076211e-12
8912.55566720509,732.7622324131021,4.256398764441356e-11
8912.628408690582,732.7741748201358,6.010685879919539e-12
8913.007268446727,732.8363760800383,-4.412761185384804e-13
8913.21231712982,732.8700421108344,-5.678762380378309e-13
8913.922658425714,732.9866758760628,4.566293501818646e-11
8915.576717802662,733.258298490288,4.345093981476694e-12
8915.94962777701,733.3195431462458,-7.974950079619181e-12
8916.237053021736,733.3667500147121,8.29118421554275e-13
8916.314893061792,733.3795347643752,5.099546551851409e-11
8916.91636919886,733.4783272979948,-2.465944089791727e-11
8917.518339474762,733.5772076663114,-7.644387780745035e-12
8917.72338815785,733.6108907360369,9.694350957066672e-12
8917.834724010823,733.6291800503928,-2.545179336860716e-13
8917.889300556291,733.6381455081067,2.0343638758740252e-11
8918.061492162416,733.6664323147944,7.204447514673076e-13
8918.08874271473,733.6709089541743,-2.0514416125988343e-11
8919.068419756164,733.8318564594699,6.155161651463472e-11
8919.257609480443,733.862939773891,7.687060314415514e-13
8919.353793004717,733.8787426964178,3.4826682587414714e-11
8920.951463993792,734.1412644583378,-3.050509598108107e-11
8921.62002731335,734.2511335846822,2.0709429737094773e-14
8921.940865383458,734.3038618037059,-6.429119384595578e-12
8923.372520870727,734.539170718703,-6.875768785920511e-11
8923.465465461148,734.5544485278031,-7.771815148700199e-12
8924.486152239186,734.7222348478263,-2.997204578171377e-11
8926.08644480408,734.9853387075018,-3.230780389626796e-13
8926.101178434792,734.9877612806712,-7.220234663112862e-12
8926.331590386964,735.0256472226456,4.3491124521930965e-11
8927.68126789475,735.2475902643617,-1.7118633198755708e-11
8928.18269038441,735.3300534973438,-9.184542319790898e-12
8928.308299676339,735.3507117491342,1.20196896491422e-12
8928.583674475776,735.3960021062614,3.147641750002435e-12
8928.998493192292,735.464229169911,7.830693593061911e-12
8929.156191321488,735.4901673082204,-1.346634817164342e-12
8929.82867254249,735.6007819482633,4.683683863055327e-11
8930.638326908547,735.7339708851576,5.021706934693331e-12
8931.187868191795,735.8243778444669,-3.6204380306121732e-12
8931.732743449713,735.9140226719377,-2.1015624104607577e-11
8932.283664046096,736.0046676603786,3.3067603426570204e-13
8932.684648137458,736.0706465607271,3.375196275727298e-12
8932.750884092728,736.0815454713799,1.8974592414963024e-12
8933.863767337283,736.2646788696708,-3.266551138726774e-11
8934.534251887122,736.3750232125211,2.7513554957328207e-12
8934.60342501287,736.3864077836729,3.9867630546860125e-12
8935.201662216057,736.4848698425968,-1.3333216057466671e-11
8936.431954314545,736.6873806323185,-1.970854747305582e-12
8938.231826088253,736.9836966496151,-2.1448170157152915e-12
8938.43687477133,737.0174579570014,-1.2809715077219665e-11
8938.845545046017,737.0847479109067,1.3602807939201702e-12
8943.547994844615,737.8592551764064,-2.9475797872267696e-12
8944.549357407403,738.0242351312936,2.5842830491351142e-11
8944.716724559818,738.0518115859593,2.6794845601621424e-12
8946.463145116115,738.3395934998705,-1.0767157426866392e-12
8948.018008357336,738.5958571377995,-5.460674876565056e-12
8948.03518501969,738.5986883454339,-2.3428388529615732e-11
8948.059780049078,738.6027423226307,-8.851735818599317e-12
8949.197127557112,738.7902224900536,-1.169025550439833e-11
8950.136241222348,738.945043785425,-9.018218198209917e-12
8950.688088486773,739.0360283256293,4.6750275773388936e-14
8951.554720936136,739.1789236667539,-2.5881947385615893e-11
8953.673509549548,739.5283399755132,6.314209596556505e-12
8953.879518847772,739.5623180487887,-8.909143880927275e-12
8954.223737347042,739.6190933538819,-2.8863019784680245e-12
8955.199516602757,739.7800499805141,-7.144190408847941e-13
8955.3842729088,739.81052785613,4.715932105642685e-11
8955.68186131555,739.8596201274452,2.6047850102667256e-11
8956.84836049035,740.0520697448638,2.2349941113602443e-11
8957.304683082279,740.1273608948984,3.397598986056185e-11
8957.37815886038,740.1394844222843,-2.1863674631963878e-12
8957.871758116236,740.2209310387717,1.5666705602325347e-12
8958.306484458843,740.2926670148471,6.959240181916659e-12
8958.3502050434,740.2998817204115,-1.5183282985860337e-11
8959.107656739307,740.4248808572574,2.0013485876309596e-11
8959.11108804861,740.4254471361603,-2.6860349105285868e-11
8959.40394127376,740.473778350439,-8.766818365672217e-13
8959.483325339892,740.4868798213631,-3.469303620181108e-12
8960.280524393876,740.6184552328308,-1.3763413897644418e-11
8961.536447577668,740.8257654922853,2.327120724938576e-11
8961.756874911967,740.8621535555333,5.31873364761053e-12
8962.02961430428,740.9071785129179,2.586081949782204e-11
8962.10943089965,740.9203552288391,1.472343599892462e-11
8962.563173409493,740.9952646396144,1.2732387159269687e-13
8963.012798095751,741.069497970297,-2.045185978704255e-11
8963.855940727966,741.2087114111823,-3.54396926067747e-12
8963.88938121586,741.214233125829,1.194543215817842e-13
8963.910709648884,741.2177549010247,1.481889124729316e-11
8964.68382164356,741.3454176925857,-1.0841848325183477e-12
8964.833428722683,741.3701233503149,-1.1199392237923483e-11
8964.902046100002,741.3814547530894,-3.756547196374571e-11
8965.120030402653,741.4174530309562,-7.07720490554854e-12
8966.023473039591,741.5666583305405,2.9829898741334923e-12
8966.783772633857,741.692234930208,-2.404481522034561e-11
8967.46200497656,741.8042656930678,-3.170370649337678e-11
8968.032950133622,741.8985812730333,-1.4666807169929605e-12
8968.706461125983,742.0098476295169,8.690572207084141e-12
8969.311039146385,742.109733136353,3.2279756526110223e-12
8969.372601529642,742.1199045584034,-7.608425226993982e-11
8969.413563487919,742.1266723884455,-1.5159551688844855e-12
8969.81226926054,742.1925490983177,2.0034786036916015e-11
8970.073452346402,742.2357050204679,-4.980625966454342e-11
8970.44083123689,742.2964100628476,7.0731110472539516e-12
8971.145085700447,742.4127867840983,2.3841776634687173e-12
8971.80782245731,742.5223111268139,3.894468813110291e-11
8972.214770161678,742.589567600064,3.057965807159308e-11
8974.757373831637,743.0098541948923,-2.527655347541666e-12
8976.652139088385,743.3231320141791,-2.1816603155506385e-12
8977.173784798735,743.4093917910618,-1.240756716925871e-12
8977.540951197938,743.4701097438152,3.406520810730992e-13
8979.150494087848,743.7363076003057,3.201254639413431e-12
8980.298766712973,743.9262464073395,-1.2699996503250642e-11
8980.832744516149,744.0145813592816,7.074100078647753e-13
8981.272837229595,744.0873890242561,-5.017595615901395e-12
8982.218696578755,744.2438813318381,-4.74785642442045e-12
8982.915697388202,744.3592105725834,-4.051922724811516e-11
8983.430027834867,744.4443199995445,-7.239987726001748e-14
8984.4000974625,744.6048566584734,-6.467978865633346e-13
8985.512980706904,744.7890488690717,7.312604815038983e-11
8986.088599435952,744.88432791029,3.14714964242781e-11
8987.33256144648,745.0902550316787,-2.828411193350301e-11
8989.066643625183,745.3773648596663,1.241223965856801e-12
8989.851044109957,745.5072552666377,-1.853754677818516e-11
8990.021423873672,745.5354702824884,2.7389017319760582e-11
8992.203497440405,745.8968705701446,2.2873107994954924e-11
8992.347422554018,745.9207108779755,2.414071890321946e-11
8992.77838187682,745.9920989149889,9.122842064016041e-12
8993.515809011931,746.1142610142015,3.562185509104995e-11
8993.715642205807,746.1473670844802,-1.7024917429792857e-12
8994.255960826235,746.2368845562034,-3.826602667425861e-11
8994.390189254116,746.2591237307089,-1.1512633562584297e-11
8994.913825351021,746.345883745701,2.0726181428010433e-12
8996.225910600004,746.563302202933,-5.976851886405104e-11
8997.246164848608,746.7323848608719,3.5672697656517414e-12
8997.263341510961,746.735231644581,3.4779163858789608e-12
8997.72960094236,746.8125094873999,1.8566977096131874e-11
8997.92120603574,746.8442672784562,2.3074026232249867e-12
8998.583009839913,746.9539638594457,9.700403557613821e-12
8999.13485710427,747.0454408805308,1.704979105269963e-14
8999.33990578732,747.0794322269634,-2.520641094805013e-13
9000.063182702635,747.1993375288805,-4.3983171788068845e-13
9000.132266556271,747.2107907977535,6.2480867366011394e-12
9000.724464705465,747.3089737080537,-6.310918989170223e-13
9003.283538407477,747.7333270934311,-5.980537747007102e-12
9003.600361757286,747.7858720970136,1.6182935572261232e-11
9003.805410440329,747.8198803102649,-3.9608428529392034e-11
9005.339631762581,748.074362146628,-2.6864313869509903e-11
9006.976885396432,748.3459818139336,2.0751553325771718e-11
9008.474866110746,748.594539420884,2.3805017298890433e-11
9009.247573238603,748.7227696714328,4.4299398146613614e-12
9010.300156478219,748.8974628781497,-6.422644563823514e-12
9011.031723103599,749.0188902091186,3.3759175066976626e-12
9011.194575112348,749.0459221505968,-2.3196043000999572e-11
9012.965789357755,749.3399590396602,-3.5778506753969774e-12
9013.758644265508,749.4715985380511,7.068068009256178e-12
9014.424359686534,749.5821377223042,4.35832876599349e-11
9014.731575622698,749.6331523609857,2.4970438077465386e-11
9016.710577061574,749.9618164490836,7.816289204742859e-13
9017.374782403596,750.0721409992067,-1.991304543163728e-11
9018.518992530036,750.2622134330652,-3.469056057578913e-11
9019.590159407626,750.4401740184563,1.3496158915795166e-13
9019.807333976785,750.4762573539972,1.0886078644196523e-12
9020.191635544536,750.5401108006799,5.092862565714607e-11
9021.027195096656,750.6789521938267,8.208163039515212e-13
9021.390854745663,750.7393839947235,-2.285507131922792e-12
9021.515908289144,750.7601655567229,-7.450908735932177e-12
9022.32414184811,750.8944858179174,2.0068147908106878e-12
9022.371492401988,750.9023553752656,-2.4127472118460154e-12
9023.006093432148,751.007828649118,-2.4480715961461245e-12
9023.648414592715,751.11459259433,1.3439201562617904e-11
9024.113356320535,751.1918780113979,2.6031506927223614e-12
9024.249890729616,751.2145743403958,-5.994327841565408e-12
9024.5215324563,751.2597307919578,-4.2287681534486405e-12
9025.29397176783,751.3881449223902,6.185537680323434e-11
9026.465898922877,751.5829928743711,5.4270239833523e-12
9026.51278300043,751.5907884811575,7.58292423960806e-12
9027.34349798301,751.7289215639472,-7.078692257472738e-11
9027.51533250069,751.7574961656353,3.282024065362795e-11
9028.306012193072,751.8889864042764,-6.499723681994226e-12
9028.377689960034,751.9009070048868,-9.004228042943882e-13
9029.815473772906,752.1400422359561,5.4043094358866065e-12
9030.530701131867,752.2590145391732,-1.4382720369417951e-12
9031.353338895637,752.3958653490756,8.67134314592038e-12
9031.546995985167,752.4280831998941,1.8634542511755868e-11
9032.754999035176,752.6290687782569,-1.0831113510886183e-11
9032.823122273652,752.6404038123211,9.471782167445689e-12
9033.03037383454,752.6748889507868,-1.0076490606359421e-13
9033.42468768264,752.740502065516,-2.457809650098044e-11
9034.48849780275,752.9175324418794,-7.638419910436327e-12
9035.279149832606,753.0491196396447,1.7770874659168625e-11
9037.032851705093,753.3410270777349,7.150420570376984e-11
9037.423404817997,753.4060431942106,2.0145861115326624e-11
9038.201361382053,753.5355594696615,-4.8914040886873575e-12
9039.790935036006,753.8002305761867,5.292130665276958e-12
9042.19865142589,754.2012147424899,-5.424982873237084e-13
9042.436152319138,754.2407742312603,-6.252097768321381e-12
9045.633484682847,754.7734411000075,3.186457707155947e-12
9046.090932602767,754.8496660768129,6.153121598910249e-11
9046.315271553894,754.887049295807,3.6424289134012936e-11
9046.846421574435,754.9755623541615,3.973133181580289e-11
9047.029510635173,755.006074284546,3.428161586276066e-11
9047.273874147031,755.0467986105872,5.09961394594315e-12
9047.614167198082,755.1035118769684,-3.930178916289427e-12
9047.707578264795,755.1190801457554,-5.921838373973652e-12
9048.229059262112,755.2059952457932,1.57803869147501e-11
9048.87539514287,755.3137268282478,2.4574629936218155e-12
9049.1464257961,755.3589046408215,9.138634788903996e-12
9049.182968167404,755.3649959535163,1.6511131462348175e-12
9049.187661855234,755.3657783544494,-5.591316296677811e-11
9049.336576135473,755.3906014072172,-9.482537004663193e-13
9049.869448726284,755.479431187083,-2.3400674638996027e-11
9051.21695101829,755.7040829515224,1.695366070817882e-12
9051.23477270116,755.7070543561084,5.5730946482938724e-12
9051.316435085975,755.7206699792805,-2.5659254293229935e-11
9051.604265197331,755.7686610627335,-5.010424004173383e-13
9051.791087330748,755.799811492525,6.873596492355073e-11
9052.966205641233,755.9957636189129,-2.9608371782938216e-11
9054.474946759605,756.2473849694343,1.1751591977558976e-11
9054.661768893024,756.2785452783636,-1.3578236755518148e-11
9055.04908307206,756.3431479669398,4.2894506946055677e-13
9056.354422636841,756.5608945196119,1.4778280902231966e-12
9056.515222649401,756.5877200933904,5.904204561654471e-12
9058.285565551552,756.8830902658018,-1.2799654088092347e-13
9058.565798751673,756.9298506410356,2.918825447857885e-11
9058.95170595506,756.9942463983282,-4.966017250385655e-11
9060.502280374732,757.2530160859051,5.942970923436579e-13
9061.883223154584,757.4835138560368,-1.545672216455725e-11
9062.0814368815,757.5166012539335,4.425424455630259e-11
9062.87112829615,757.6484299556837,-5.6990948838886614e-11
9065.554987724934,758.0965512133823,7.537153304115379e-12
9065.71079857085,758.1225708657372,-7.06193543866186e-12
9065.909012297763,758.1556722389982,-1.035073044839123e-11
9065.986832221963,758.1686682388923,-4.688547285571401e-13
9066.960333158697,758.3312532293708,-6.776229465223129e-14
9067.658068260616,758.4477931380808,-4.405484074734509e-12
9068.031712527438,758.5102051354128,8.95645309908832e-12
9070.415883775022,758.9085078266685,1.458155412346673e-11
9070.5236236057,758.9265094530518,-1.2403083778154862e-12
9070.89726787252,758.9889411733752,-3.1773034060899716e-11
9071.022349078494,759.0098413991799,-1.9445060106153105e-11
9071.59500297443,759.1055316825434,-4.7045992448053554e-11
9072.606363986,759.27454454007,-6.629715077248997e-12
9073.665288042717,759.4515260527785,-1.3293924385040906e-11
9073.811011167427,759.4758828619216,-1.10224089039007e-12
9074.559452691661,759.6009868604144,-3.655304617751177e-12
9074.577933226305,759.604076061647,-1.093359809776356e-12
9077.337080275465,760.0653649320618,6.584852630534855e-12
9078.162490496668,760.2033886513691,5.596535352041192e-12
9078.439216946626,760.2496651954488,-2.0412298617256244e-11
9079.02005116471,760.3468018075482,3.718548687934046e-11
9079.721773324332,760.4641635706839,-1.2349947148100134e-12
9079.766426861517,760.4716321010513,1.7771257106835235e-11
9080.188828657845,760.5422827589879,1.5680535499635217e-11
9082.448920808303,760.9203601854316,-1.5435588239693363e-12
9083.734249643523,761.135417203449,1.5610390341611315e-11
9084.776312632499,761.3097941132247,6.707236840525617e-11
9086.078639585863,761.5277512382265,1.0144693219667885e-11
9086.52282246027,761.6020967221249,-2.530604410164024e-13
9087.06314108057,761.692537907108,2.778494541906161e-11
9089.889663244241,762.165742721908,-6.143968149415029e-11
9090.053345102246,762.1931501790508,1.590970448623384e-11
9092.86286914774,762.6636635514269,-2.287338260566239e-12
9093.573704582137,762.7827308118291,5.53761258997799e-11
9093.875204605663,762.8332358631479,1.2546710309660298e-12
9094.080253288665,762.8675850567805,-3.427491469545489e-12
9094.154675850634,762.880052312042,1.1460753294505965e-11
9094.476680742458,762.9339956939311,-3.889562306007526e-11
9095.037147142657,763.0278915343001,-1.008758939039062e-12
9095.375161874972,763.0845224849894,1.9663174856868175e-12
9096.185419767442,763.2202815715249,-1.9124883886407015e-11
9096.895761063006,763.3393095342993,-4.439126968832498e-13
9097.10668408695,763.3746545287514,5.192538659799175e-12
9097.322163748295,763.410763938655,8.962331583334198e-13
9097.33369239223,763.4126958969704,-1.1294588650121634e-11
9097.894158792422,763.5066212336197,1.4571743989213277e-11
9098.263994545689,763.5686030467682,-6.753974714090908e-11
9098.290586246214,763.5730597216759,2.07421615932042e-11
9098.412085261185,763.5934226923554,-8.231306233999801e-13
9098.49563492921,763.6074255928062,3.1077630475544234e-11
9098.757504529272,763.6513156959544,1.6003751982138224e-11
9100.412613792689,763.9287460231125,-1.7688072759432728e-11
9101.013040042222,764.0294022754655,-1.5362461096128373e-11
9101.9361162041,764.1841609393873,-1.1870930714493192e-11
9104.64780959585,764.6388816450392,-2.5978078251304345e-11
9104.943991026841,764.6885561694183,-7.907457278944083e-12
9105.820841962932,764.8356280467376,1.3700899172455316e-12
9109.91989439246,765.5233390763027,4.705376802603016e-12
9110.228819067575,765.5751808910749,-9.406232324720609e-12
9110.907531717612,765.6890843943856,-1.713947913212746e-11
9110.979209484558,765.701114058179,-2.4022203004360397e-12
9111.7055266735,765.8230170498498,-1.2311413155006201e-11
9111.922790514705,765.8594838773495,-3.044828745405278e-11
9112.576667981573,765.969239723094,-8.009538604725445e-13
9112.752969864516,765.9988340197407,-5.477501588625737e-11
9112.925250742655,766.0277538976519,7.350729606812626e-12
9112.954614900711,766.0326831577681,-6.20028707140686e-11
9113.149678965847,766.0654282940138,-8.840980481606519e-12
9113.93322822315,766.1969686922444,1.426990793722545e-11
9114.736047632732,766.3317558481057,-2.4732459701593236e-12
9114.740247181737,766.332460951046,-5.609919829640079e-12
9115.336864917725,766.4326361804051,3.2922990115549566e-11
9115.7811370642,766.5072360499855,2.693855731552286e-13
9116.085278779374,766.558308042411,-3.5618639900736174e-11
9117.777466046611,766.8424941111275,7.094336197774824e-12
9117.968323016059,766.8745499563843,1.7652661652728273e-11
9118.532653254768,766.969337335713,-2.2082681830057252e-13
9118.534574485073,766.9696600439921,7.028700146194551e-14
9118.94275062074,767.0382227665601,-2.061675260765163e-12
9119.213767442669,767.0837480718386,2.256806158146378e-11
9120.389379891785,767.2812426790277,3.978862937284463e-11
9122.938352040574,767.709539479725,1.1124391171997044e-11
9122.94326576637,767.7103652351781,-1.2984771723369438e-12
9123.308173962567,767.7716895851544,-2.5626177553164535e-12
9123.348449406541,767.7784581924212,-2.5167393888576397e-11
9123.940675218062,767.8779898794236,-4.0997763479115435e-12
9125.417293551836,768.1261840212251,4.37736808899999e-11
9126.068817259138,768.235706719672,1.4359299195284691e-11
9126.845531560317,768.3662844746626,-2.7103480078569154e-11
9127.54831743836,768.4844432884988,-9.087666625133522e-12
9127.599847425403,768.4931073410032,-3.6071114535565034e-12
9128.629722918557,768.6662768765634,-3.6829615235713395e-12
9129.349596186845,768.7873323519834,4.1945157670303125e-11
9130.331160510976,768.9524097540473,2.0118763049008323e-12
9130.880626353099,769.0448254998672,1.8902828820931862e-11
9130.92352337292,769.0520406684427,-7.574304280438559e-13
9130.942305670937,769.0551998134066,-2.6391405151591473e-12
9132.060102640728,769.2432227296714,1.1689598910955534e-11
9132.807391174252,769.368935826321,-3.07096568398975e-12
9134.818350683932,769.7072818770827,5.329547696525219e-12
9134.905153117057,769.7218881547926,5.210243310452479e-13
9135.453733784867,769.8142012381676,7.412703794888895e-12
9135.652441650576,769.8476404151644,8.977279122248004e-12
9135.672644755496,769.8510402971625,1.4206284974171522e-11
9135.758170978836,769.8654331714706,-1.4504796024738668e-11
9135.824049845678,769.8765197607071,1.6278646044593318e-11
9136.655258966864,770.016408726384,1.5465914008009153e-11
9137.064772921889,770.0853328658801,-1.1132469318307967e-12
9138.497759943179,770.3265391902303,5.520708101475888e-11
9139.218141181536,770.4478110383781,2.9574197035486003e-11
9139.667765867593,770.52350749486,-1.4934070013423178e-11
9140.041664119391,770.586457881605,2.143340640725758e-11
9140.385958059343,770.644426294397,-2.8516718663094405e-11
9140.564853855609,770.6745476557151,1.7056996625234475e-12
9141.183369604249,770.7786940325176,7.379432980379602e-15
9141.668740759389,770.8604263079006,-2.4857072609554403e-11
9142.88167765069,771.0646932895684,1.47027689170807e-11
9144.680211604084,771.3676287617253,-5.833947802141382e-13
9145.100156537444,771.4383706285271,-1.4276572173158522e-12
9145.454839961982,771.4981213916902,-5.340744867488419e-11
9146.2139865653,771.626016714678,6.76489087253769e-12
9147.600714413711,771.8596696239975,-4.985018951317448e-13
9147.808041415385,771.8946056630198,1.7236414426231758e-12
9148.089145958498,771.9419749945125,-2.26833965891201e-12
9148.175886782032,771.9565921095132,-3.008124634187704e-11
9148.402682596003,771.9948112221424,1.6553106231458166e-12
9148.86377431639,772.0725162671804,-9.398798028065975e-12
9149.630696375127,772.2017697542591,-7.566055845449942e-12
9150.37114995252,772.3265726462879,3.2484423256188357e-12
9150.37921334007,772.3279317797678,3.1031152884621026e-13
9151.084339146362,772.4467896955967,-2.3804861062997997e-12
9151.599163731644,772.5335757068085,2.5840363581333246e-11
9151.77525312329,772.563260910747,-2.0437360743628838e-11
9152.193804912255,772.6338227927289,-4.268878889727486e-12
9152.260040867486,772.6449895289966,-1.4329085952557054e-11
9152.40113191392,772.6687763732427,-2.729003639066309e-11
9154.164516640372,772.9661001441273,-1.239417731708953e-13
9154.38274109671,773.002898887267,8.548896399884182e-12
9154.888617120128,773.088207098836,-3.21329033460374e-11
9155.079906618801,773.120466359274,-6.213276849762803e-12
9155.729316720299,773.2299885841398,-2.0310602179018568e-11
9156.842453949272,773.4177358961188,8.842002109694278e-12
9158.31319794198,773.6658339611229,4.383361509630054e-12
9158.753050501442,773.7400399094545,-3.2162819746189346e-13
9159.126289901445,773.8030105856133,-8.520115914103265e-12
9159.133392673844,773.8042089469527,-4.8657671148396134e-11
9161.59644756358,774.2198252174497,1.1560735473249576e-11
9163.098113571661,774.4732714119336,3.157590523262274e-12
9165.147639786142,774.819250665203,-3.561958397481969e-12
9166.001844585546,774.963471294482,-2.957997779027621e-11
9166.389460527851,775.028919302012,4.4028191595779374e-11
9166.396069161417,775.0300351776848,-1.8474244243228016e-11
9167.546709376804,775.224334416995,2.854831971621661e-12
9168.441923912793,775.3755188712324,-3.3501900822913717e-12
9169.550669217275,775.5627850146304,-2.7489728453855075e-11
9170.914915641988,775.7932361545305,-8.032011681348266e-12
9171.430282144409,775.8803017810553,9.810454568532512e-12
9173.002589863398,776.1459564886972,-8.03465164181634e-12
9173.23547250958,776.1853078564485,1.1106486276390913e-11
9173.4810367903,776.2268031867454,5.524225331594301e-11
9173.98331679145,776.3116816717425,-6.17399708355468e-12
9174.124016802401,776.3354588921342,-1.7186222615458814e-12
9174.190643793108,776.3467184686778,7.179966649568311e-13
9174.291953534395,776.3638393864184,-4.410940879007448e-11
9174.957387307602,776.4762995785983,8.735307182730183e-13
9175.162435990558,776.5109550306812,3.419442238137237e-11
9177.010509544272,776.8233344588074,-3.2609721247320472e-12
9177.745370428222,776.947565299333,-7.543150267365405e-12
9178.155467794133,777.0168980391799,7.610604140644694e-12
9180.312150428266,777.3815666219168,-7.631808105659171e-12
9180.408333952473,777.3978320719901,3.0067212378178936e-11
9181.342444619271,777.5558069759145,-3.8738125064255906e-12
9182.119742331275,777.6872742428236,-6.883551012732469e-12
9182.529839697183,777.7566400278679,-4.231629129639834e-11
9182.763710621024,777.796199436041,7.67269485581077e-13
9182.977783306678,777.8324108434567,1.5513516690781286e-11
9183.23800577725,777.8764298420562,8.621665255526303e-12
9183.959827938255,777.998539157135,-6.425827053482331e-11
9184.172116444039,778.0344534360125,4.904485556398628e-13
9185.571916962337,778.2712879185166,4.270540493896575e-12
9186.207835695786,778.3788919466434,2.32541468660757e-11
9187.538957227205,778.6041555959692,1.2897474370669043e-12
9187.899398058044,778.6651580589872,-2.915860834550528e-13
9188.775590142182,778.813458328306,-1.2007712207910316e-12
9190.11550935376,779.0402742819765,2.67372884200427e-11
9190.524378288213,779.1094925010292,1.0466230779755607e-11
9191.40704824005,779.2589319178579,6.662080227831564e-12
9191.94843057872,779.3505971302559,6.081397296845079e-13
9192.062511226633,779.3699136075946,6.595232797991903e-11
9192.109834117982,779.3779265317896,-9.604771215448883e-12
9192.757130613667,779.4875338186034,-2.373948308821017e-12
9193.358140273995,779.5893102247438,2.2156788732598045e-12
9194.901131613184,779.8506345194937,-3.897680365396533e-12
9195.703264508324,779.9865027781277,-2.1652126449910366e-12
9196.047483007389,780.0448114244614,-1.818025485988204e-13
9196.31084130845,780.0894242891665,1.9912568708966504e-11
9196.830071649385,780.1773855893906,-9.920366126320885e-12
9197.313658624591,780.2593131173576,-1.257996505312681e-13
9197.433359628409,780.2795930865934,4.194397251194688e-12
9199.55609380448,780.6392745458511,1.3514969403231402e-11
9200.822269421667,780.8538580729402,2.29204137065095e-11
9201.145488913606,780.9086400231361,-4.320733117206002e-12
9201.589012936114,780.9838153262683,-4.559324411178403e-12
9202.182123921828,781.0843506017062,1.0747061082828882e-11
9202.932123303162,781.2114885219332,-9.227113826351176e-12
9204.191958103074,781.4250757209455,-6.725595055803093e-11
9204.84591101064,781.5359557283289,5.0012213437798e-12
9207.746135274085,782.0277938559655,-4.661426474548956e-12
9208.619253137274,782.1758929754861,2.082699851663865e-12
9209.183226287461,782.2715621264118,1.5593920486020508e-11
9209.595244883649,782.3414582873385,-6.723209045004069e-11
9209.646774870682,782.3502002202158,-7.385486409380449e-11
9210.775503242006,782.5416984234254,-4.0901120341527775e-12
9211.225649729326,782.6180760837821,1.6987172496030655e-11
9212.413010860071,782.8195569990968,-2.929957237645448e-11
9212.517456431844,782.8372814001907,1.0525089355294564e-11
9213.297869858465,782.9697238260215,-1.5844047034026466e-11
9213.901981402183,783.0722541100791,1.179376555625684e-12
9215.201672948042,783.2928615662214,-3.8796106606138255e-11
9216.5027853008,783.5137413549576,-1.4390979639833156e-12
9217.00636917419,783.5992392677979,-2.7317086753572414e-12
9217.795985147699,783.7333087990858,-7.318339764283696e-13
9217.797906378002,783.7336350203308,3.960843443428487e-12
9218.208093015975,783.8032854868569,-3.302250774550161e-11
9219.176378463177,783.9677144797369,6.677761804566248e-12
9221.130572380409,784.2996177129282,-6.82549354661433e-11
9221.266749701024,784.3227488956416,3.468762785200396e-12
9223.066587526375,784.628502803987,-9.188997981980397e-13
9223.85944243372,784.7632108091565,-2.097259712446393e-11
9224.175723866185,784.8169510359536,2.07863557678832e-12
9224.867282863512,784.9344621001276,-8.48776737127058e-12
9225.221472149145,784.9946500511916,5.272763356825359e-12
9225.33214915026,785.0134580446503,4.758760655099878e-11
9226.234363355166,785.1667850253424,-2.2778374166133266e-13
9226.825813380157,785.2673072595172,3.228844663603833e-11
9227.183207652559,785.3280527435313,-7.094723492337366e-11
9227.618668287494,785.4020701679049,2.916237723585805e-11
9228.758651201835,785.5958553130686,6.606041111207252e-12
9229.959908567262,785.8000823760425,-3.1721650139501526e-11
9230.274090225223,785.8535011245255,-2.2636920914596676e-11
9231.30048663048,786.0280268859218,-9.54339516060454e-14
9232.296008798688,786.1973214119355,-1.028353709664582e-11
9232.881893792784,786.2969632088934,-2.2978902085446976e-11
9233.36074558635,786.3784065039546,-3.1122798323892283e-12
9234.453110130526,786.5642120889211,-9.009300323425737e-12
9234.54547130994,786.5799232578414,5.662704305732497e-11
9235.021502867641,786.6609014613705,-4.8069772740052457e-11
9237.144731182356,787.022136779953,3.8017413613798815e-11
9237.219346119753,787.0348328981541,-7.200138647394778e-12
9237.87851451644,787.1469982711247,-8.687809758729077e-12
9238.242009452313,787.2088546982717,-7.687743865583355e-12
9238.384301267659,787.2330693526943,3.303934245987256e-12
9239.057812259565,787.3476898315106,-1.6469932847120107e-12
9239.111277308151,787.3567890602536,5.78465868580662e-12
9239.390282076703,787.4042737994395,6.8251912282557015e-12
9239.521374674003,787.4265853748823,-6.960304896125333e-13
9240.642307474001,787.6173777748215,2.8524215649535576e-12
9240.715467657417,787.62983107166,4.550955991788264e-12
9241.271782286747,787.7245299482488,-1.5642359096066164e-11
9241.37535651546,787.7421615415728,7.539525032271545e-11
9241.431655631166,787.7517455057624,1.2985024483415713e-12
9241.599201327654,787.7802676482916,1.2237531472827352e-12
9242.332250369112,787.9050643362317,-3.1000964477994825e-11
9242.579928255547,787.9472320742079,-2.879365143797185e-11
9243.4531831691,788.0959147761009,1.7343115041390686e-12
9243.855395691602,788.1644012738815,-1.1130556933952226e-12
9243.86328053495,788.16574389067,-2.299145334871403e-11
9244.600001039496,788.2911963710922,-2.0613310516803605e-13
9244.919322745773,788.3455751864325,-1.1608149581562003e-11
9246.180104329456,788.5602980400829,6.908649992665609e-11
9246.864046299694,788.6767919821349,-1.6520646689760253e-12
9248.233809976708,788.9101259460875,-3.477222141847974e-11
9249.506340242271,789.1269275419315,2.8507899692189547e-11
9249.902273557092,789.1943889763256,-8.928896687602409e-12
9249.911222118944,789.1959137180133,1.717191845915544e-11
9250.284296805929,789.2594830695937,-3.0115991439053977e-13
9251.474313459486,789.4622708256786,1.4504261554718545e-11
9251.961708948153,789.5453341996606,-1.5010374587449441e-12
9252.339697360929,789.6097551104439,-3.124168526376875e-12
9252.35182324704,789.6118217798701,-6.515037058160592e-12
9252.35287313429,789.6120007170138,-2.823386325571471e-11
9252.841798817786,789.6953327908043,5.805466635373946e-11
9253.275502935332,789.7692566338003,-1.1671626672566736e-12
9255.96856490977,790.228360246227,2.873697784124888e-11
9256.46630210468,790.3132273378951,1.3979053628029687e-11
9260.747407537365,791.0433691887715,-6.628423235575487e-14
9260.859779446238,791.0625387471401,3.83129366730227e-11
9262.646070578405,791.3672939362136,4.802006435020115e-12
9262.752327992543,791.3854241313853,-1.6346916786974843e-12
9263.274632554301,791.4745454883996,2.818225306115401e-12
9263.872959029099,791.5766447170884,7.225478073435245e-13
9264.465397331698,791.6777456776875,-1.1867654457593219e-11
9264.860596353887,791.7451908958024,-1.1672609025227502e-11
9265.279553009466,791.8166937664847,-3.926018115272245e-11
9266.125166335209,791.9610235098122,1.4396696088162006e-11
9266.521490685485,792.0286728993515,-1.3562634122274592e-12
9268.51227475212,792.368527550353,1.0879717605621646e-11
9268.611861923102,792.3855303890059,2.722419531904637e-11
9269.881242526855,792.6022718356526,-1.670233566603644e-13
9271.211856087928,792.8295004184888,-3.197821590592381e-11
9271.21405896578,792.829876630493,3.557268501839361e-11
9273.114698562094,793.1545050749455,-4.353618238273684e-12
9274.291539442223,793.3555423599286,-2.5319284149038743e-11
9274.329042428659,793.3619493367155,-1.9263588482004366e-11
9274.926922542947,793.4640941415742,-1.0231719123884084e-12
9276.498001830096,793.7325365064698,4.146850526460717e-11
9276.687102282114,793.764850209137,-2.945397249101948e-13
9277.008702307066,793.8198071038925,-2.4998413437449497e-11
9278.477003267713,794.0707431725929,5.1364966799792916e-11
9278.888315233724,794.1410444702716,4.076902646766997e-12
9279.898674135871,794.3137478909144,3.4608337633187967e-11
9280.570208572391,794.4285455181657,3.898717510165574e-12
9281.793171574904,794.6376302254234,-3.881285487285327e-11
9281.991879440542,794.6716050536506,-5.0542232801332306e-12
9282.588661889235,794.7736465604721,-9.517390705085252e-13
9284.711965644556,795.1367551956622,-1.547814673830542e-11
9284.917014327459,795.1718252057407,-4.283609802793093e-11
9285.726263826075,795.3102408143936,6.779587407538333e-11
9286.66352415439,795.4705667211285,-3.759647526798731e-12
9286.68877803553,795.4748868242012,8.26923695157443e-12
9289.059711898903,795.8805274479481,-4.095610684646087e-12
9290.787830463283,796.1762547095112,-1.3378499062049266e-11
9291.00106575291,796.2127487779572,2.5522351484992433e-11
9292.231714938716,796.4233841071558,1.7876982979408693e-11
9292.545539508234,796.4771021253623,2.0252560838721258e-11
9292.923740412252,796.5418419880699,4.389246332707446e-12
9293.468615669684,796.6351175487024,-3.2719656663986963e-11
9294.068609389702,796.7378350002962,-1.0424575009863152e-11
9295.310814881932,796.9505186072056,-6.025031537163923e-13
9295.501925836343,796.9832420988841,1.308322296418646e-12
9295.512493865119,796.9850516579141,-1.798371264170317e-11
9296.147918459576,797.0938589190704,-5.945952364144615e-11
9296.999138309902,797.2396296485107,4.8834119183595923e-11
9299.630596407098,797.6903491850013,1.941989477932338e-12
9300.581417259647,797.8532383782232,1.936955278427122e-13
9301.350260548414,797.9849643929389,1.1278035489115237e-11
9301.743359796066,798.0523183420302,-4.2904684459058536e-13
9302.171024859676,798.1255980594591,-2.7819208799045356e-12
9303.04047125958,798.2745866819612,1.0153830683648531e-12
9303.930545746956,798.4271245647085,-4.89585823921325e-12
9305.092488283364,798.6262762124978,2.5325777019018785e-11
9306.938674553288,798.942755263649,2.8418311547032994e-13
9307.429995490027,799.0269896201315,-6.955156986720866e-12
9308.431405830253,799.1986898546621,1.5473615154822812e-11
9308.984570797744,799.2935425661984,-4.3397116546223e-12
9309.39922480093,799.3646481196457,-4.167113605923631e-13
9309.769828793707,799.4282025849312,3.169665688157816e-11
9310.706979734045,799.5889248420889,-6.8232614128327315e-12
9310.7338254196,799.593529140465,-4.244277961685763e-12
9312.179597178187,799.8415127866859,2.645813937137199e-12
9312.187886888265,799.8429347767251,-1.0428553890874675e-11
9312.214355369597,799.8474751028274,8.153926314535112e-12
9313.103276866348,799.9999655987192,1.2076924654941219e-11
9313.216815597068,800.019443707048,-8.179726333223376e-12
9313.438546803467,800.0574834329645,3.0888578942529125e-13
9313.495641821373,800.0672786773008,-1.502384354867699e-11
9313.73805644026,800.1088680959652,9.464164022483474e-12
9313.910295824551,800.1384186872499,-4.7477933881675205e-12
9315.25532742155,800.3692004948308,-3.014480228391536e-11
9315.686286744014,800.4431519568867,-1.0380824259043271e-11
9315.76611717057,800.4568510192028,-4.769241867675549e-12
9316.018653457742,800.5001875288331,-3.153186280418152e-12
9316.135911429883,800.5203099918342,-3.188049078471657e-11
9316.351480363213,800.557304110799,2.945786355272054e-12
9317.138371657342,800.692351011506,1.4939815597287254e-11
9317.597329655964,800.7711230093894,2.0366573622726418e-13
9318.212475704631,800.8767080006169,-9.184906757983126e-12
9318.342895618882,800.8990944508689,-3.0600291820291244e-13
9319.354469121132,801.0727406893797,2.8976201419911104e-11
9319.459107068331,801.0907038666442,-9.908846435912281e-12
9319.559428531918,801.1079262233376,3.3673939809410095e-11
9319.85589161031,801.1588216288789,1.3845568814470394e-11
9319.921770477124,801.1701316268752,-5.646247414983011e-12
9320.846960244266,801.3289754455279,5.51252144541828e-11
9321.253894117037,801.3988460297822,-4.8302111283555214e-11
9321.903351996612,801.5103643278791,1.9081396360520084e-12
9321.955616276251,801.5193389559183,9.495413237482833e-14
9322.518498045274,801.6159981124058,-2.129968062964365e-11
9322.689234897247,801.6453185316637,5.840251780225774e-11
9323.349947319883,801.7587868830614,-6.262936719581414e-13
9323.574107726663,801.7972852039521,6.122998776715491e-12
9323.589260055347,801.7998875667281,6.071173083191752e-12
9324.565176360611,801.9675069009443,5.2587533839992944e-12
9325.133493656765,802.0651268041564,-1.324338878874596e-11
9325.805974877112,802.180646637422,7.105732583866972e-12
9326.015580197394,802.216654656808,-2.2938223330770103e-11
9327.107087229535,802.4041773209104,-9.410079875519432e-12
9328.077081415513,802.5708422999602,-1.1704395457228806e-12
9328.698836097728,802.6776816752237,-6.730203169152115e-12
9330.050674988268,802.9099998306596,1.5997840951217337e-11
9330.250954542475,802.9444214228967,-1.0711453947041327e-11
9330.257206087643,802.945495873662,8.026893690958149e-12
9331.740480832594,803.2004461068589,-3.169381339338031e-11
9333.543694641763,803.5104431211408,-4.721439200697241e-11
9334.48060542826,803.6715344917029,3.981607244531749e-13
9334.623782417877,803.6961536040931,6.273516643222042e-12
9334.82284737189,803.730383212708,1.3377567782508356e-11
9335.353290761952,803.8215975563062,5.177419802445651e-11
9337.267078468834,804.1507330420834,-4.063580448823245e-12
9337.288736327726,804.1544581724875,1.4075046073043114e-12
9338.374609172679,804.3412383093154,1.9170627173050805e-11
9339.24191430425,804.4904383874313,5.166078014082777e-11
9339.488439200026,804.5328499053804,-9.624713120074614e-12
9339.73490248621,804.5752519432604,1.44356647279764e-12
9339.898536565783,804.6034044964417,-8.508029775107528e-12
9341.237495161733,804.8337852055143,-1.7043638750206348e-11
9341.574253799892,804.891732966803,-1.1564775889075562e-11
9341.773695958122,804.9260529721754,-3.00644724800533e-12
9342.117015451508,804.9851331047656,2.92812450258099e-11
9342.568616692668,805.0628502075499,2.436778013288844e-13
9342.817330635044,805.105653569761,1.9351840454224305e-11
9345.384035193245,805.5474468103292,5.725254733139875e-12
9346.47675682553,805.7355680182765,5.1062836079582147e-11
9346.665390801194,805.7680451679331,4.597607793806157e-13
9347.057474108637,805.8355523271966,1.1493688638112055e-11
9348.12636266668,806.0196031860155,3.988001074931542e-12
9348.374953389872,806.0624107921628,2.437096208973255e-11
9349.776119389513,806.3037144663381,1.2184141051022787e-11
9350.110208673488,806.3612554381359,-3.062718379910862e-12
9350.290930143297,806.3923823726989,-1.0613477210070835e-12
9351.077142469763,806.5278042738571,1.3215788303631291e-12
9351.571180538962,806.6129061634864,-2.3096060606754143e-11
9352.476194863642,806.7688135628165,1.374148701698822e-11
9354.915238133823,807.1890642367586,1.0606889854132157e-11
9355.489449886709,807.2880176862799,-2.4118355411271858e-11
9355.769909409164,807.3363512579291,1.8611587530508897e-13
9355.837957206742,807.3480786342373,1.1292702343151806e-12
9356.924790666806,807.5353953746709,2.739908105661394e-12
9357.169154178478,807.5775146453934,2.0421447211120447e-12
9357.46695507622,807.6288460407156,6.799232330785149e-12
9357.681192474725,807.6657747590749,2.0852270326146167e-12
9358.288378239147,807.7704417144633,-2.98138583830221e-11
9358.296338523336,807.7718139569355,-7.210727043906371e-12
9358.389674149133,807.7879038100158,1.5299300565395133e-11
9358.934714119425,807.881864846627,-3.4842356326505693e-12
9360.661123944505,808.1795218100284,-1.066227955763398e-11
9361.59797940593,808.341071647036,3.7107165485490764e-11
9362.769124489074,808.5430447448532,1.0293279356992596e-11
9363.136290887931,808.6063706542827,2.39455448633346e-12
9365.559509146346,809.0243701408989,3.726182638827515e-11
9367.001547832073,809.2731697812583,3.322431016111601e-11
9367.667866779286,809.3881449027107,1.0748359247690554e-12
9368.401677775659,809.5147754212505,1.7953606448369251e-12
9368.611941947695,809.5510616078757,1.5382685757533738e-12
9368.7127575501,809.5684600760189,-1.2343932237263631e-11
9368.846985977862,809.591625124522,1.662307039129683e-11
9370.734676122918,809.9174365276144,-1.3018444530803453e-11
9371.188226256862,809.9957281200423,5.8446044681865195e-12
9371.284183458492,810.0122926888224,-3.7295669251293894e-11
9371.638283471912,810.0734205122108,8.667994873490597e-12
9372.1792948907,810.1668190679294,-1.9787183798459182e-11
9372.576216483067,810.2353458258423,1.9829623639361213e-12
9372.67703208548,810.2527516560094,9.296410447733836e-12
9373.360692407963,810.3707906616155,6.076527048641516e-13
9374.701661506215,810.6023438893565,4.337561857818898e-12
9375.354667629623,810.7151143905473,5.4766987187466696e-11
9376.810046801618,810.9664784865003,6.956916286690068e-12
9378.017061572971,811.174976216011,-9.066773961537461e-12
9378.178657487619,811.2028920632422,1.431268172009929e-11
9380.256093105125,811.561813874164,-4.243884144007313e-11
9380.406462139223,811.5877964534969,1.0704399678305963e-11
9381.69988830816,811.811307461343,-3.581296722082571e-11
9383.8000593343,812.1742939686399,-5.569023598747992e-11
9384.451583041204,812.2869176504197,-1.375241120688235e-11
9386.638768991685,812.6650561421937,-4.983703326062646e-11
9386.709005835857,812.6772007192693,8.597473722172911e-14
9386.939507059875,812.7170570761131,4.6606933500313345e-14
9387.018363040012,812.7306924218113,-3.2459480167999986e-12
9389.126693010337,813.0952958049847,5.557956388400919e-12
9390.04188432824,813.2535896148814,-1.011940558996367e-11
9390.051162315975,813.2551944381541,-4.433687137863366e-11
9390.34433113545,813.305904973107,5.2844941455190555e-11
9390.577096846908,813.3461684783567,5.6382229469488565e-12
9391.174510484716,813.449512868117,-5.3613149679894963e-11
9391.53646139438,813.5121286240663,-4.222254908540086e-14
9391.539865041173,813.5127174499454,-2.9634160264284893e-11
9391.677881866624,813.53659433711,5.932266623536552e-11
9391.831579106667,813.5631843462654,-5.916666300414026e-12
9392.804915329705,813.7315840648757,-3.2488169529897534e-11
9393.997045588629,813.9378617498959,-9.907904843044187e-13
9394.299492395838,813.9901991434166,-5.610008969240159e-12
9395.1121593723,814.130836752162,1.6767307314697277e-13
9397.326685147105,814.5141374103723,-8.526127033292997e-13
9397.395590456477,814.5260653183418,5.4954740340794665e-12
9397.777792249382,814.5922282493866,-3.1506121465053248e-12
9397.999701999937,814.6306442686459,-5.808432899826436e-13
9398.768723832727,814.7637808928278,1.018160327798644e-11
9399.992318024173,814.9756376469488,1.9397890278941435e-11
9402.795919948334,815.4611656513808,1.2047114446501567e-13
9403.074746172584,815.5094607150307,-1.4214366062451642e-11
9403.555663793382,815.5927630854625,-3.994615903499197e-12
9404.727378456093,815.7957400233635,4.0849879363133815e-11
9404.849913526969,815.8169683187498,8.879007702280537e-12
9405.25650414252,815.8874091193184,-1.1736690007428401e-12
9405.274174943688,815.8904706101856,-1.413660099714708e-11
9405.434480817286,815.9182440884103,3.250667638575018e-12
9406.20200640232,816.0512267801267,1.6014284481686076e-11
9406.612103768015,816.1222853436535,3.890488180750768e-11
9406.617154544243,816.1231605231924,2.1423440824366154e-11
9407.006609991216,816.1906453157256,-2.9309662019393526e-12
9407.051263528369,816.1983830537561,7.704569140440666e-12
9407.598060015962,816.293137047593,1.8318210149884686e-11
9408.326250656366,816.4193332627834,9.53545248505355e-13
9409.323927923686,816.5922476569547,-2.701644293092475e-12
9409.350039316614,816.5967734504964,8.065757357289042e-12
9409.94555183992,816.6999948974301,-3.461520362856588e-12
9410.457048218945,816.7886588633132,-1.2201418856051252e-11
9412.095681164346,817.0727357402174,7.7344718370293e-12
9412.319841571083,817.1116005088571,-2.811976728968194e-11
9412.553712494802,817.1521498664974,5.076144975784778e-12
9412.92131770743,817.2158885787278,-1.450611573430882e-11
9413.148758541782,817.2553255714975,6.17545689932832e-13
9414.040047629127,817.4098793927184,-1.7979356760547426e-11
9415.567461656288,817.674774369137,1.3272507433362795e-12
9415.841326376401,817.7222744752812,2.036026031420009e-12
9416.39764100551,817.8187679880746,1.646129929212974e-11
9416.663902529823,817.8649534210749,1.6145357401207667e-11
9417.936686779944,818.085747227916,1.2679003103099795e-13
9419.119223456428,818.2909122522859,4.588470358202694e-11
9419.340357420593,818.3292809023101,3.004484262943621e-12
9419.979213324172,818.4401329718497,9.79808185057913e-12
9420.43679829412,818.519536156129,2.9356610368303814e-12
9420.966850648603,818.61151918407,3.2381326155777295e-11
9421.469130649462,818.698687491799,8.128368479935676e-12
9421.98210944496,818.7877173213082,6.403894664891793e-12
9422.652895757392,818.9041426847515,-1.3971339329122682e-11
9424.635527163671,819.2483075545119,-1.6875232484739188e-11
9425.472850779031,819.393680259482,-8.244534285552926e-12
9426.668968095588,819.6013676626001,2.2227229292088483e-11
9429.977848800498,820.1760412761193,-1.4068220908471264e-13
9430.209008876263,820.2161958017205,3.672550962838103e-12
9430.850911338222,820.3277050315394,-4.3813655465235815e-14
9431.466057386731,820.4345733453914,-8.70308906790877e-12
9431.61823826319,820.461012554918,-5.158709448791213e-11
9431.62669268621,820.4624814002182,1.8151497081661207e-11
9432.32534062434,820.5838668816576,3.547410084186781e-12
9432.37008343359,820.5916409566604,-3.3387799506494345e-12
9433.002584688627,820.7015421632063,-1.0868378387737364e-12
9433.506662700598,820.7891342728972,-3.764664912512939e-11
9434.010472896274,820.8766845218281,-2.3422202939483057e-12
9434.400017615324,820.9443813493929,-9.479000699622152e-12
9435.16220449196,821.0768456867756,8.328062643936223e-12
9435.988005747942,821.2203779690847,-1.736062703854525e-12
9436.5382335448,821.3160198799674,1.4275472221685541e-11
9436.939519399053,821.3857758631395,-2.013607638713247e-11
9437.443597411018,821.4734045290797,7.752453001869983e-11
9437.884884608351,821.5501215139979,2.3121394607865525e-11
9438.175953653294,821.6007253068564,-5.335062865500744e-12
9439.365236013726,821.8075041417782,-2.5143330670354474e-11
9440.365808957684,821.9814925193417,-6.068903403309799e-12
9440.755923256404,822.0493340035929,1.2808898873521496e-11
9441.844046757296,822.238575190313,9.763344546534485e-12
9443.033329117716,822.4454343835811,-1.945794252074405e-11
9443.19696319725,822.4738983041558,-3.997784397174192e-11
9444.948222036403,822.7785582304426,7.53733776330923e-12
9447.004747918589,823.136396442685,2.8621904472435027e-13
9447.722418308487,823.2612903732087,-7.701550457869979e-12
9449.176781540082,823.5144177467545,1.7200414522049232e-11
9449.465332112532,823.5646437038196,5.825435705862784e-12
9450.34047430889,823.7169828953442,4.379753205127052e-12
9450.617111486512,823.7651410716853,1.0340143602615022e-11
9451.003197233738,823.8323548771081,-2.12175314664588e-11
9452.61879300697,824.1136443068274,-5.327211840939241e-12
9454.136153259888,824.3778738530227,-2.394661587943257e-11
9454.407362457056,824.4251060525575,3.411308649463448e-11
9454.752706284009,824.4852510645226,1.713645535718695e-12
9455.138613487034,824.5524631850792,2.4320424265931764e-11
9455.221875222867,824.5669649529362,-9.555347953841721e-12
9456.074131128882,824.715410437587,-1.6164367047321798e-13
9456.1240894273,824.7241125628203,-1.894566055922277e-12
9457.66003331818,824.9916776587384,7.067759971731097e-13
9458.631633139545,825.1609551086702,5.381650992585455e-13
9459.015632943518,825.227862455132,-1.8403801543048282e-11
9460.077494169745,825.4128931406619,1.8176470918565183e-12
9460.94081224336,825.563342734251,3.703146653571432e-12
9461.00048105875,825.5737416674074,-6.637681629911396e-12
9461.385159830319,825.6407841039734,3.651620182494888e-12
9462.296411868685,825.799609455196,2.271840274336053e-11
9462.937635362998,825.9113797420601,-6.663885024254539e-13
9463.671988276381,826.0393925213768,7.061247876566136e-12
9464.349609544843,826.1575246233404,-4.826344427956889e-13
9464.527318403289,826.1885066344014,-1.2293644434626429e-11
9464.629376268376,826.2062998083943,-4.035870376226332e-11
9464.64719795123,826.2094069311216,-1.1999644056381064e-11
9465.484212256453,826.3553428474212,1.3818094431161232e-12
9465.836391039493,826.4167501158,-3.201264253500781e-12
9467.781910494643,826.7560196602857,2.304011534147857e-11
9468.030501217767,826.799375194344,-5.466777944415436e-11
9468.24278972341,826.8364003312215,-1.0742736014255619e-12
9471.431338235008,827.3926134287142,3.0800686519342712e-12
9471.841435600647,827.4641647523882,-2.119449095312017e-12
9472.83137890617,827.6368968759542,6.123133630906025e-12
9473.186796623053,827.69891701026,-3.4775999088395404e-12
9474.75371030758,827.9723700566243,1.8191742117950202e-11
9475.067624149067,828.0271587906144,-1.520073681470517e-11
9475.109128024462,828.0344027765034,4.715954683716062e-12
9477.021460976765,828.3682111517132,-1.5223914385359817e-12
9477.149403912246,828.3905467084484,4.330946673524032e-12
9477.422445067605,828.4382137031961,-1.904491832572618e-11
9479.903891218057,828.8714827077104,-4.131627130517039e-11
9480.9632201405,829.0564797156171,-3.284768059744395e-11
9481.449353250384,829.1413829964953,1.1690405342291646e-12
9481.933873177915,829.2260088662633,2.478761242789142e-11
9483.130752449451,829.4350733944083,4.447529312772301e-12
9483.714914872935,829.5371213733032,-4.557585391743662e-11
9484.18333568789,829.6189548639574,3.246937198461278e-12
9484.227536579965,829.6266770038117,-4.4499804519596654e-11
9484.896312389905,829.7435202214398,4.519245147207607e-12
9485.864734886949,829.9127299401887,-6.871655406236312e-11
9487.153165604379,830.1378805703159,6.815014807782742e-11
9487.91061729933,830.2702579761831,1.959642537929508e-11
9488.397127613433,830.3552893991105,-4.330797919554921e-11
9489.85250678506,830.6096840587971,1.2338641003375589e-11
9492.153114531093,831.011900996726,-1.617217895981557e-11
9492.686241106396,831.1051218209369,2.600284373072437e-11
9492.913036920187,831.1447802059084,-1.5579685028696578e-12
9493.496945358616,831.2468890326709,2.0522895681476067e-13
9493.601253879888,831.2651302603994,7.214006108619872e-12
9494.210793403665,831.3717290996215,3.974505999101695e-12
9494.306482788976,831.3884642838971,-6.016356375445737e-13
9494.682542424558,831.4542352535082,-1.5219766144922558e-11
9495.451516478854,831.5887331206226,1.0438282587009926e-13
9495.927252557463,831.671947478064,-2.1152619529643555e-11
9497.49404302273,831.9460353389854,-2.0653313229952458e-12
9497.495964253036,831.9463714588485,-3.83792701114411e-13
9498.199752239389,832.069503969113,-1.9061831603958357e-11
9498.276631664188,832.082955101821,-4.372895969608332e-11
9498.39113101001,832.1029885687175,-3.1739682611008503e-11
9501.212259137608,832.5966657188601,-3.5358059480044184e-12
9501.403637908224,832.630160938536,1.8104783635395837e-11
9502.007749451544,832.73589730554,1.005349048707042e-12
9502.109347124877,832.753680392005,-1.465503469706065e-11
9504.879913427287,833.238698057666,-3.692015115031724e-13
9505.16698158321,833.2889605347046,2.3623322876720877e-12
9506.172680744097,833.465059372175,-1.2001046076032838e-12
9506.206121231948,833.4709151520556,-1.8485883046234466e-11
9506.516899242917,833.5253366240256,3.770773169864092e-12
9508.285039265356,833.8349959333394,4.1472344566673064e-11
9508.939877346773,833.9496941724116,2.68251135191689e-11
9510.201297665652,834.1706606559889,-2.601985951496111e-12
9510.307451976376,834.1892573370893,7.714831714361795e-12
9510.882322580836,834.2899698565334,8.489643065049558e-12
9511.179910987195,834.342107246453,-3.192969186715856e-11
9513.431082236051,834.7365645474155,4.888895311274486e-12
9514.251276967245,834.8803048477707,1.4145126446587139e-11
9514.426515131523,834.9110171934614,-2.229853923662096e-11
9514.634034508468,834.9473878954034,-5.332161007866945e-11
9515.23353408936,835.0524631206915,8.766209361531142e-12
9515.344869942173,835.0719778579438,2.7704401612378806e-14
9515.906818758313,835.1704786660521,8.262630477995299e-13
9516.54782221459,835.2828436139357,1.7104720819394867e-11
9516.578565685755,835.2882329927713,5.565861790698547e-11
9517.062331204805,835.3730401413911,5.571580591237021e-13
9517.163132975926,835.3907118707697,3.770236057808416e-13
9517.258657648288,835.4074586357499,8.115280003593202e-12
9517.64141518951,835.4745628873844,1.637606007926876e-11
9518.461609920703,835.6183667997457,-2.7584501912629653e-11
9518.814056519997,835.680164711974,1.2211295197100437e-13
9518.920567919113,835.6988408484236,-1.2769376399204487e-11
9519.135601219756,835.7365462877184,2.87787081999961e-11
9519.242545148114,835.7552988994452,3.247105417148708e-11
9520.469824633577,835.9705173687026,-5.5966188361290675e-12
9520.88266679419,836.0429205276755,-6.217470770740535e-11
9520.954612377367,836.0555384737455,2.2626591681908323e-11
9521.290019364762,836.1143640142146,-1.5977112892471086e-11
9521.36577346146,836.1276504753461,-2.1278392187833914e-11
9522.185968192645,836.2715106573412,-1.6897777698195892e-12
9522.822833709502,836.3832238830862,-4.111801978591224e-12
9523.735224907095,836.5432803667973,4.450516134426684e-12
9523.841736306216,836.5619661586417,3.932717987168959e-11
9525.519505535805,836.8563326170392,2.805227279443172e-11
9525.7467678259,836.8962100235726,4.0767620573096604e-13
9526.013104791,836.9429450212823,1.0974236262171287e-12
9526.313842859094,836.9957180611223,2.7334750191119508e-11
9526.350220517417,837.0021016679358,-7.940404236446595e-12
9526.792289785615,837.0796786035626,-1.0817965409026133e-11
9527.338818456768,837.1755916707415,4.2352530315484696e-11
9528.103372924044,837.3097764145999,-2.639217246811548e-12
9530.045728885927,837.6507221191656,1.2998256667767892e-11
9531.189891232658,837.8515917961932,-5.7129308700122415e-11
9531.373913245834,837.8839010380905,-2.9537981394189205e-11
9531.497464256849,837.9055935728074,-8.166147933095621e-12
9532.049311520515,838.002487883579,1.989812572119797e-13
9532.96470149815,838.1632260322609,9.016039845925098e-12
9534.054231974469,838.3545625477935,2.474466089195176e-12
9534.204106869685,838.3808843486871,-1.5120532770192685e-11
9534.433002457956,838.4210849691469,4.875786169441195e-13
9535.527810033029,838.6133778802825,2.3811151510962013e-11
9535.947020673399,838.6870142308211,-1.1583247213525819e-11
9536.039574228207,838.7032721408814,8.02084806858353e-12
9536.437922911897,838.7732476678317,3.113695369335878e-11
9538.515310750348,839.138217314169,-3.321272298058378e-12
9539.068585105479,839.2354337271537,-7.2003900390612034e-12
9539.481242437301,839.3079458477994,-2.598271954739748e-12
9541.05814073945,839.585067215085,-2.6653599707425873e-12
9541.067611102633,839.5867316586247,-8.334041815288426e-12
9541.389320515322,839.643273993542,2.46204200184594e-11
9541.641747414436,839.6876408511368,-3.13551192569879e-12
9542.05950330082,839.7610687104687,-5.076084124402017e-11
9543.214610880517,839.9641156816693,-1.6370501246354794e-11
9544.066448088384,840.1138689654946,-1.1682529209814488e-11
9544.074332931728,840.1152551861909,-6.650924232527021e-12
9544.640584400186,840.2148098736512,3.2518422952286713e-12
9544.713655311454,840.2276571610836,-1.8807131936750225e-11
9546.085292439515,840.4688358979289,8.430793032052216e-12
9546.707273443964,840.57821195305,-1.0570942056577011e-11
9546.89419868052,840.6110843575646,-1.4666416638155178e-11
9547.424477357388,840.7043419094346,1.621685820667641e-11
9547.88211765223,840.7848290636985,2.756605497153706e-13
9547.937833356966,840.7946282862112,1.641346117226778e-11
9548.826377649033,840.9509122966576,-3.3750315794634154e-12
9550.141818764765,841.1823089096058,-1.2188516009856666e-12
9551.864227700144,841.4853426092643,9.283923103138884e-13
9552.894418786927,841.6666164029031,4.2643865253191606e-11
9553.217549006504,841.7234788537303,-1.657744164289831e-11
9554.939957941868,842.026610139986,1.5751062944119315e-13
9555.233724003421,842.0783162582269,-7.120229858745393e-11
9556.923365133956,842.3757428943613,2.3422672096371956e-12
9558.5125816976,842.6555398403859,3.398526229438255e-11
9558.799382037198,842.7060387694938,-1.504455437156878e-12
9559.169231621327,842.7711629931326,-2.494939279181009e-12
9559.182407394683,842.7734830692896,5.84441968144184e-12
9559.619576768315,842.8504645188478,1.331366001214121e-11
9561.220466572984,843.1323963338501,-3.711176675957065e-12
9561.877850789326,843.2481815765847,-6.3928166961591015e-12
9561.94960399704,843.2608199684671,-3.780906252420387e-12
9562.531535880062,843.3633231849277,-2.8938775518065766e-12
9563.13350615504,843.4693625874461,-2.678000431252754e-12
9563.27699245465,843.4946392417129,-4.1485085212753174e-13
9564.039405653602,843.6289528845532,4.1914897328540394e-11
9564.721192523837,843.7490717289145,1.2422629185857758e-11
9565.387511470763,843.8664736708442,1.1438586740727223e-11
9565.863844791484,843.9504061440192,-9.619068944408229e-12
9566.882747388105,844.1299562511063,-6.879902427868597e-11
9567.024826712064,844.1549948621512,7.999096977304478e-11
9571.349343416212,844.9172814878182,-1.6745952031636873e-11
9572.058092906585,845.0422462831802,1.455307926834362e-11
9573.923466340146,845.3711881127291,-2.736890924988763e-12
9574.281896668266,845.4344014190656,1.1028289904003106e-11
9574.683930646272,845.5053075459177,-1.1219494539411406e-12
9578.0267736393,846.0949950270455,4.171174652303546e-12
9578.6487546437,846.2047370457223,-2.1694848092553457e-11
9579.226294602253,846.3066442890602,-1.857764404844987e-11
9579.414269726047,846.3398139283889,-1.3608398666101735e-11
9579.63665978409,846.379057184988,6.145014691146259e-11
9580.560339471705,846.5420607276664,-5.060009044100372e-13
9581.635630456052,846.7318392067891,1.1752975129155837e-11
9582.401145538392,846.8669582083129,-4.005859078100567e-12
9583.023126542792,846.9767503455397,6.612380808730245e-11
9583.516259321603,847.063803248318,1.268339164914045e-11
9583.568166512816,847.0729667036022,1.550120051186694e-12
9583.62163156136,847.0824052276977,-9.167225586462588e-13
9583.646500691579,847.0867955509183,1.1680508263219089e-12
9584.423599742855,847.223988075443,7.780503363615223e-12
9584.8024594984,847.2908776962088,-1.4305909868475704e-12
9585.403935634518,847.3970768044323,2.5848511099851166e-11
9585.489852893248,847.4122472540727,4.370694799614828e-11
9586.32314795683,847.5593895991793,-2.2737836460569137e-12
9587.389401107219,847.7476860870415,1.2153999475813728e-11
9587.970235324623,847.8502681411268,4.674593305298859e-13
9588.191369288703,847.8893245952903,3.102360895913175e-11
9588.296741528458,847.907935649191,4.7037082586591154e-12
9588.561685349134,847.9547314557403,-3.9143223601098754e-11
9589.163161485247,848.0609722146812,1.510429960127898e-11
9589.532201335891,848.1261602671864,-1.6009311595720714e-12
9589.930907107933,848.1965913959681,1.139613508822237e-11
9590.191863870888,848.2426908327323,7.681239909666586e-12
9591.900335077637,848.5445325882476,-1.0410209561334579e-11
9592.65244806407,848.6774281408126,-8.660527742991804e-12
9592.688825722382,848.6838562012052,1.8717675519214513e-12
9593.652719244319,848.8541884627972,-2.0055472597036284e-12
9594.192516062652,848.9495849114309,-3.166351531763602e-11
9594.208073258058,848.952334361032,-9.296016047504461e-12
9595.239746761237,849.1346737245882,-2.0209842419757295e-12
9595.785225545062,849.2310903027251,-1.7489746417722853e-11
9595.957417150912,849.2615273183669,3.93801863665263e-13
9595.984667703178,849.2663442436809,-1.2537593557493254e-11
9596.328886201936,849.3271909698954,1.0053198398657756e-13
9596.757374829982,849.4029369859526,-6.844530465720114e-12
9596.759296060285,849.4032766187813,-2.1627312118352966e-11
9596.978508794062,849.4420292339853,-1.7349665136177256e-12
9597.149080932986,849.4721837354508,-8.155014490987859e-13
9598.958230691633,849.7920462652032,-1.0231129644608054e-12
9599.119030703992,849.8204790562202,-6.770592872763079e-12
9600.495361519726,850.0638624933977,-5.709477496496185e-12
9601.31555625077,850.2089182083333,-3.581552997593351e-11
9601.4761299406,850.2373179531567,-2.157028893926101e-12
9602.337334408192,850.3896423380103,4.2151393243977024e-12
9603.137113543055,850.5311144347432,-7.801803439940402e-12
9603.567626504753,850.6072723016898,-1.691028687757374e-12
9603.592777282523,850.6117215870761,-1.7145371984285498e-11
9605.782152278554,850.999076498664,3.2925221946714057e-11
9607.058457109546,851.2249273193271,-1.027056315904038e-11
9608.568982405865,851.4922638160269,6.151072550226809e-12
9611.056906423319,851.9326743747405,1.0403855905137076e-11
9611.245540398872,851.9660708785499,4.516150325037178e-12
9611.26879006217,851.9701871361083,6.391214754154142e-12
9611.616680024,852.0317808166282,-8.386875974328488e-12
9612.23034365578,852.1404349789341,5.25570557042757e-12
9614.757356179462,852.5879363010528,2.5951467172543325e-11
9614.819996112385,852.5990305192452,1.740650133847891e-11
9614.8464645937,852.6037183989087,1.575817617064983e-11
9615.48307612539,852.7164736841258,1.6477505073132377e-11
9616.332799727375,852.8669865599711,-2.1884642601114963e-11
9616.784188476988,852.9469471672568,7.957802560106501e-13
9617.32900840901,853.0434635051895,-2.6353927758487657e-11
9619.043889589193,853.3472950778423,-9.036418453151777e-12
9619.255011272913,853.384703999439,-1.7714221446272676e-13
9619.259924998705,853.3855746785841,-7.949378225347782e-12
9619.659035637453,853.4562958832519,2.957953132565402e-11
9620.229438876484,853.5573747148907,3.936015906590113e-13
9621.760036511796,853.8286352979,-5.42028404053175e-12
9622.484974386758,853.957127670378,1.0220856916721377e-11
9622.58637340004,853.9751010163587,3.394036410047216e-13
9623.190429618186,854.0821761152637,-4.279865241816118e-12
9623.805575666438,854.1912239068129,-1.4281496717904687e-11
9626.720952255842,854.7081315509279,-2.881925004988322e-12
9626.994707587904,854.756677480416,2.88532402087012e-12
9627.765602872281,854.8933902828452,-2.559396599416881e-11
9627.951601440736,854.9263774469365,-2.571149285249169e-12
9629.068801167085,855.1245281379586,-1.3490548768812155e-12
9629.915210394352,855.2746657285054,1.1588578260175241e-11
9629.966204748744,855.2837116202619,-3.4796194045735435e-11
9630.236618043602,855.331681052267,1.0459348290517002e-11
9630.92309860157,855.4534639642802,8.19603968878519e-12
9631.221812335943,855.5064590400011,1.7144534975835116e-13
9631.703766012502,855.5919663461319,3.538194147074258e-11
9632.78929559962,855.7845746160554,1.606901152204303e-11
9632.835129789857,855.7927075703686,-8.071544474224098e-12
9632.94772802117,855.8126874979531,3.876687146954979e-11
9633.927494333062,855.9865514180796,-1.588835029531329e-11
9634.460456195258,856.0811353131237,-4.4859918892697885e-11
9634.950816516492,856.1681634020854,7.017909934033411e-12
9635.70590062041,856.3021827568367,1.1841765321658373e-11
9637.454956580987,856.6126618283525,2.585324655249415e-11
9637.818664007817,856.6772314737165,1.723470919866885e-11
9638.74457423568,856.8416210094263,-8.610686524943436e-12
9639.392680464181,856.9566975885613,-3.1987396856469345e-12
9639.47272338196,856.9709104022411,-4.521062359211832e-12
9639.70879718341,857.0128295134439,1.0655565891784844e-12
9640.706206633935,857.1899486704784,-3.3696445016082757e-11
9641.306468169792,857.2965514575261,6.03361316897291e-14
9642.36701169206,857.4849137402333,-3.383316741498124e-11
9642.442779619994,857.4983716139975,-1.8628079392109838e-12
9642.729353637007,857.5492737504721,-1.8665789923667853e-13
9644.040450606366,857.782174019693,-4.6309917715725686e-11
9644.356567325598,857.8383330089374,3.5926278127042375e-11
9645.668652572613,858.0714481744321,3.156828784797168e-11
9646.071448505683,858.1430183626649,-1.0693680678252686e-11
9648.44089995069,858.5640912712076,4.231985002353769e-12
9649.297500002473,858.7163422843012,8.885240713210157e-13
9650.481175837722,858.9267495779341,-7.587762624631608e-13
9652.22969616565,859.2376094552773,-2.9780271080783086e-11
9652.933799746403,859.362804089894,1.656867823731082e-11
9654.718937886422,859.6802553008341,2.8210672062863722e-11
9655.2044875852,859.7666107844366,1.946224145433286e-11
9656.257070823252,859.953828643154,1.2945165408660966e-11
9656.461851689695,859.9902543909276,-4.4904102063667236e-11
9656.646889642985,860.0231689985229,-4.343363791415788e-12
9656.72470956708,860.0370118187705,-6.518320371216645e-13
9658.194691603017,860.2985171864727,1.7002077505121225e-12
9658.331747813238,860.3229011012469,2.4993116602047148e-11
9658.402018604449,860.3354032372118,-2.113022322403995e-12
9661.466460355356,860.8806978615365,1.922650712812697e-11
9663.232679146911,861.1950619456647,-4.1239933867437203e-11
9663.27237117991,861.2021272739909,-3.235789217061984e-13
9663.293233136581,861.2058407908881,-2.060566213151638e-11
9664.15436216322,861.3591324105488,-3.9954522865862406e-13
9664.477135294326,861.4165935404355,2.375266710237243e-11
9665.624913778807,861.6209403710699,2.052850240486069e-11
9665.76529819497,861.645935631582,-1.2988919079501968e-11
9666.553431751203,861.7862685139532,1.0560856015668518e-11
9666.706079103902,861.8134498022849,-8.103789300200257e-13
9668.171202739035,862.0743601925241,-7.018850026966607e-11
9669.105148691875,862.2406986724258,-4.254015388637904e-11
9672.286114122142,862.8073583887608,5.127589057477474e-11
9672.934968474468,862.9229687077419,-1.3928157357110405e-12
9673.240263179865,862.9773676017094,4.264869747356709e-12
9673.6079853269,863.0428923999532,1.2410261288177e-11
9674.735753081914,863.2438660626668,3.8323444269455824e-11
9674.761308726409,863.248420473452,1.0081292863918697e-11
9675.078729317907,863.3049907309728,-7.741281327001684e-12
9675.672636205205,863.4108409776534,-6.091612353669396e-13
9676.960455848679,863.6403875373024,8.727797357540402e-12
9677.060866584288,863.6582864662457,-6.27680417171266e-11
9677.135090486136,863.671517524902,-1.5453506576644847e-11
9677.871783327471,863.8028449591852,3.8648137940129884e-11
9678.087352260633,863.8412755046796,-6.045280304831983e-12
9678.361978935716,863.8902358073567,-1.2465027672950332e-11
9679.442155983126,864.0828226956189,1.3444739754699462e-11
9681.003600192756,864.3612536421911,-2.34596508960609e-12
9681.103921656268,864.3791441293529,2.0977637989059213e-11
9682.200074597056,864.5746349173166,2.5171983118081622e-11
9682.286458332092,864.5900417598483,6.064830048881686e-11
9682.881593650824,864.6961899697947,3.976298543846988e-11
9682.884963350534,864.6967910072997,-3.0380176800930547e-12
9682.989766010594,864.7154842697804,-7.519812282226076e-11
9683.621745463957,864.8282123938208,4.256474302779637e-11
9683.78717755453,864.8577222409923,1.369104383250673e-13
9683.855616387538,864.8699305367564,7.895828369399434e-12
9684.079687522046,864.9099015280302,-2.50964745469766e-12
9685.50135838894,865.1635282281093,-6.2794665968772685e-12
9686.105469932027,865.27131326136,-4.951237237170196e-13
9686.188525461113,865.2861324791438,-3.5426451337451433e-12
9687.253742555284,865.4762055538592,5.7614545347186565e-12
9688.150350234626,865.6362088403279,-7.9513479648705e-12
9689.058170963253,865.7982282284756,6.002542445590211e-13
9689.95626105908,865.9585259218936,5.92121410502659e-13
9690.064391925085,865.9778269123848,-3.83922573161133e-12
9690.206443586503,866.0031829763979,-4.722254916123092e-13
9690.314183417033,866.0224146645259,-2.7720777181487722e-11
9691.069233573784,866.1571980172679,7.397837704278497e-12
9692.178205199507,866.3551786255387,3.070077232106983e-11
9694.57678064852,866.7834649287979,-4.852092923615236e-12
9694.896808984591,866.8406167576034,-4.686207523917229e-12
9696.005780610307,867.0386755556302,2.8100976044902184e-11
9696.558719254794,867.1374370990023,1.9047685121701994e-12
9696.76832457491,867.1748766216535,1.4212595537774919e-13
9696.973373257631,867.211503024741,7.621353371746579e-13
9697.744268541896,867.3492095533081,3.2403949162270933e-13
9698.61376271939,867.5045421313214,2.186135107214955e-11
9698.923119923335,867.5598112450081,3.757781497380369e-12
9699.224352130155,867.6136304576826,-1.3887542443980107e-11
9700.403649872083,867.8243440490389,-1.1113966146807333e-11
9700.864741591904,867.9067375822941,-1.0418803976427617e-11
9701.069790274621,867.9433794581063,4.977064639019486e-11
9701.279395594735,867.98083639833,-1.2402465040818019e-11
9701.435144830839,868.0086696598052,-2.368361382038938e-12
9703.260435195421,868.3348925831513,3.797100202978199e-12
9703.89232537666,868.447840730422,3.480662714449632e-12
9706.197277267767,868.8599051208337,-9.416565536618662e-12
9707.899181334311,869.16422332968,-4.91254055418017e-12
9710.263115526475,869.5870079582241,-4.952841991444357e-11
9713.226604624286,870.1171671237272,-1.945176862559739e-11
9713.54224103589,870.1736430483637,-2.4908183995027546e-11
9713.570074999083,870.1786233882178,1.298076494982665e-11
9714.344044504225,870.3171157126988,4.731643677363698e-13
9715.783372340933,870.5746950688931,2.89174904523604e-11
9716.799859568104,870.7566266703226,-2.4389671839690976e-11
9717.033867542097,870.7985122778716,3.2362667527159624e-12
9717.902943021574,870.9540788598205,8.621245826641766e-12
9717.911020240364,870.9555247664877,-3.5511917545497506e-11
9718.199570812652,871.0071791260783,2.5649947005125174e-12
9718.674257003791,871.0921575542135,8.460015663255429e-12
9718.70996197907,871.0985496347203,-3.389264197435306e-12
9719.383246647734,871.2190887683339,-5.625459255015668e-12
9719.551409702053,871.2491965478313,3.153409392022021e-11
9719.697654627887,871.2753805465342,-2.285726172590606e-12
9720.05499357489,871.3393609195825,-2.1519191660376684e-11
9720.137294695527,871.3540970000755,-7.65607357958523e-12
9720.941616636333,871.4981180454529,5.279871739189781e-11
9721.201344967765,871.5446272742026,-4.401389370917868e-12
9721.938037809032,871.6765527044522,1.0664944815983306e-11
9721.992882170696,871.6863745191332,-3.4797865354537443e-12
9722.182833849756,871.7203924860114,-6.091955900943165e-13
9722.756208206214,871.8230806837591,1.599324855499301e-11
9723.029963538223,871.8721108959442,-2.250744956115029e-11
9723.333851267944,871.9265395069189,-4.498403141450401e-11
9724.35909468149,872.1101809753908,2.4038486984624474e-11
9725.058463080552,872.2354628621001,-8.217178933158508e-12
9727.318164192257,872.6403177144787,-1.520498766440363e-11
9728.617718686219,872.8731924109292,-2.2392852057478663e-12
9728.81137577544,872.9078976097211,6.523047490432716e-12
9728.961937184877,872.9348801286944,-2.12165145876102e-12
9729.17854217401,872.9736992293988,3.840446352371269e-11
9729.372034550288,873.008376908687,3.421398959478333e-12
9729.71899784397,873.0705613535553,3.9612965452226263e-11
9730.391479063726,873.1910930146788,-6.410803155230537e-11
9730.81524634132,873.2670508998131,-1.6374667893799125e-11
9733.044684289422,873.666719509515,1.3147348259458966e-11
9733.454781654831,873.7402471316918,-1.80173918843977e-11
9733.498502239312,873.7480861129462,-4.6009415355970985e-12
9734.850341128673,873.9904845055096,1.1420202431883211e-11
9736.642582040777,874.3119033371162,-1.1385670235412834e-11
9736.83983515224,874.3472821425844,2.9815706107988176e-12
9737.896103684458,874.5367439165891,5.6010191288645026e-11
9737.99275368487,874.5540809516613,-3.2983125653692887e-13
9738.545918651846,874.6533107537463,2.3962689530304372e-12
9739.408351550648,874.8080299985352,-4.001424945857798e-11
9739.423448554297,874.8107385017006,4.4784027322608896e-12
9739.638928215332,874.8493974479517,-9.47932640306594e-12
9739.992156885419,874.9127716280867,-3.8517028689097205e-13
9740.391823272492,874.9844801577465,1.3294371992093648e-11
9740.80806279513,875.0591653833607,-1.031031169988274e-11
9740.994061363543,875.092539855809,2.0331582469081463e-12
9741.513518026386,875.185751432679,-2.0657067915372347e-11
9742.429402142454,875.3501102682851,6.307637509999435e-12
9742.948858805295,875.443335579565,2.5716677452605305e-11
9743.244381384091,875.4963743384459,-5.628616308646446e-12
9743.45091248328,875.5334423535032,4.119706684759768e-12
9744.53456861818,875.7279488545382,1.0305012031657735e-12
9744.662978029912,875.7509986191227,-4.619100019084259e-11
9745.050292208343,875.8205241838965,-3.1976465359420266e-13
9745.460478845844,875.8941585256575,-1.0622838230169556e-11
9747.432542222,876.2482152500602,1.797443191743873e-13
9747.449718884327,876.2512993970953,-3.4622715758167145e-12
9747.893030415024,876.330899858034,-9.477873243703819e-12
9750.183701320308,876.7422675261897,4.087013910763423e-12
9751.250894969662,876.9339513538382,-1.3752085579228404e-12
9751.358545528077,876.953288157637,-7.307790733772098e-13
9751.777756168258,877.028591184456,6.0191169841412535e-12
9752.65433928679,877.1860627308271,2.3766057754252345e-11
9753.214311547328,877.2866649334093,8.703965585972882e-12
9754.967402343542,877.6016550172214,1.0546757592578971e-11
9755.843985462063,877.7591780676298,-3.295042831365844e-12
9755.981041672258,877.7838085145142,-5.24645634811271e-13
9756.263196102243,877.8345157316684,-2.9081787157730656e-13
9756.370846660659,877.8538624748426,-1.648727028446263e-11
9756.643538274144,877.9028710217922,5.296092351977367e-12
9757.064066617866,877.9784516932575,-4.057856322139059e-13
9757.320693065867,878.0245762235425,-9.276255230652689e-12
9758.911529095776,878.3105308159289,7.869040245689999e-12
9759.212521148767,878.36463972565,-2.966275135747365e-11
9759.548394612319,878.4250211866741,1.674538057460192e-12
9760.251180489377,878.5513708414455,-3.07966415275854e-11
9763.096004639212,879.0629176546998,-5.147417672512977e-12
9765.033893234851,879.4114676989684,-8.14051525705827e-12
9765.24662810086,879.4497345596627,3.189228849275293e-11
9765.569744489043,879.5078585018957,-1.287829560846384e-12
9766.271871514316,879.6341675794771,-5.0345682647110445e-11
9766.492463561151,879.6738528404652,-6.027070246603858e-12
9767.282950876766,879.8160715637932,-1.4110690286427919e-11
9768.74248181821,880.0786899923478,6.014784310445787e-12
9769.105228629795,880.1439663636352,-4.3848608072001694e-12
9769.3339318425,880.1851228046538,-2.2206525415338466e-11
9769.404257958713,880.1977785820568,-3.413386172262356e-11
9769.42125607684,880.2008375503649,6.126654038615343e-14
9770.35917525595,880.3696330159839,2.659952969253365e-11
9770.489787545524,880.3931403376711,-3.0152376203110974e-12
9771.452720451958,880.5664566498112,5.124872777982535e-12
9771.469629297982,880.5695001908061,3.384199954281829e-11
9772.050600565603,880.6740764559424,4.7224688236568795e-12
9772.65940579641,880.7836695747347,1.3576352119988696e-11
9772.672581569763,880.7860414663895,3.0918646090279496e-11
9772.958435125334,880.8375013707157,5.409842046982381e-12
9773.904294472792,881.0077875115409,-1.770547590151749e-12
9774.501378684226,881.1152910131743,-7.589358069309632e-12
9775.007254706954,881.2063778502015,-1.8276878628717935e-11
9775.280563678441,881.2555911769058,-1.7574816751867687e-11
9776.769849813352,881.5237833718634,-1.1511213171659574e-12
9777.38581942613,881.6347197636221,-3.0363565232668176e-11
9777.625310705558,881.6778541328573,-4.1308927483472145e-11
9778.160358510846,881.7742245049341,4.3377516380669367e-13
9781.395550944066,882.357044963514,-2.0809000038279613e-11
9781.715085141248,882.4146195642697,1.5253709454402652e-11
9781.757309477978,882.4222278087251,-4.521550700529672e-13
9782.686307757729,882.5896288255195,8.454487373087225e-13
9783.216751147282,882.6852193003764,3.334420145527121e-12
9783.301453805783,882.7004839300563,6.407434469318915e-13
9784.732986071052,882.9584864959268,7.604478830384782e-12
9785.656830471224,883.1250094041795,2.409558276396489e-11
9786.180020206695,883.219321301487,-8.740061950957082e-12
9786.499554403876,883.2769240638075,-2.5565185003911748e-11
9786.746271674869,883.3214013297726,-1.2135176134457287e-12
9787.361417722917,883.43230243942,2.625489997103825e-11
9789.46977535397,883.8124588831018,-2.661042397022574e-11
9789.619979674993,883.8395452404511,-8.684611267387429e-12
9790.648894551488,884.0251007173907,4.708834494730493e-11
9792.301526833646,884.3231787947768,-1.4941862558542846e-11
9792.484615894076,884.3562048657313,2.3844968069045975e-11
9793.00862919426,884.4507311319287,-5.9451466744776105e-12
9794.286855255064,884.6813303459841,9.358763467102159e-12
9794.95563106457,884.8019932790609,7.470727880237445e-12
9794.967159708489,884.8040733906319,1.5218089515342115e-11
9795.376762935017,884.8779796308801,4.0248548936056206e-12
9795.653846472931,884.927976601128,3.350732322005931e-11
9796.390971843326,885.060990432943,9.687748169469029e-12
9796.898076297482,885.1525029394278,1.1857754152828529e-12
9799.03962043128,885.5390200808548,3.669325120870269e-11
9799.69766349907,885.657804120206,-5.015294205054749e-13
9800.247204781224,885.7570085013981,-1.6109472555489151e-12
9801.144786906769,885.9190539320508,3.351678926523546e-11
9801.634234391018,886.007422827131,-1.3266528181571466e-12
9802.855413212295,886.2279237872599,-9.505021002428123e-13
9804.602581889058,886.5434473581773,-1.77421733732609e-11
9804.791984104235,886.5776551404437,1.3847194418832197e-11
9805.53694653962,886.7122086197769,4.73513986705778e-13
9806.344926112124,886.8581556726803,1.6059891032760137e-12
9807.10539041789,886.9955309284126,-6.079083083481363e-11
9807.963459054625,887.1505508615543,-1.214329785509962e-11
9808.33595033023,887.2178499012073,8.261223445709446e-11
9809.037672488716,887.3446389472213,1.0626393574618634e-11
9809.740547637804,887.4716454116457,-1.570035334574195e-11
9809.812300845486,887.4846114142898,2.392267352089098e-13
9809.817440893807,887.4855402388465,9.046028265255749e-13
9810.226954848222,887.5595423945367,8.804638971988738e-12
9811.594529476974,887.8066954793676,-1.7303585443904898e-11
9813.349658437888,888.1239392790086,1.2663460702478846e-11
9813.96889464698,888.2358812616209,-5.24349624348336e-13
9814.199574414984,888.2775840373869,-8.477636221648208e-12
9814.745217911506,888.3762305228092,-2.471004016016348e-12
9815.872025051049,888.579962511906,2.9029440675999027e-11
9816.06148259124,888.6142196161205,1.2450113768879482e-11
9817.045448451765,888.7921477985971,-1.3445773056821208e-11
9817.346948474806,888.8466708930112,4.7980941165361246e-14
9819.291267159597,889.1983206070194,-2.339262349924683e-11
9819.437950899215,889.2248526709812,-7.010907889711778e-12
9819.603232108051,889.2547491085585,-6.9608940769457245e-12
9820.15296576564,889.3541897918616,-3.9699456960883715e-12
9820.260616324042,889.3736632282279,-5.4178763486460025e-12
9820.332369531721,889.3866431356977,1.756071008302075e-11
9821.463568595696,889.591285673016,1.1037221127484491e-11
9821.552677009899,889.6074070662249,-2.4677292546900772e-11
9821.584621249982,889.6131864175177,7.759102607838612e-12
9822.50248192122,889.7792537817203,-2.3958432790669707e-11
9822.886948201223,889.8488193885438,-2.195179662681087e-11
9823.633577881843,889.9839228812835,1.0084447388526497e-11
9823.925861526743,890.0368147371611,-1.1423107885333374e-11
9824.331265204253,890.1101794795447,-1.9571559585239227e-12
9824.674241440145,890.172249270698,-5.842915757979262e-13
9825.128813798396,890.2545184008497,2.636831838494434e-11
9825.236464356794,890.2740017043046,2.0956159673196502e-12
9825.459993574075,890.3144581685822,2.0944955378960518e-11
9826.269064527558,890.4608992939399,1.538159016365429e-11
9828.225268944625,890.8150203821182,-7.031108528540924e-12
9828.979886571926,890.9516435641472,-1.0687542322598074e-11
9828.980263776148,890.9517118594248,-3.967296557357628e-14
9832.210405432817,891.5366461254281,3.7993568756933896e-11
9833.6305046107,891.7938673950731,-3.796425332451409e-11
9835.320310453222,892.09998878863,3.601034097148247e-11
9835.341309460318,892.1037932520084,-6.344526755995339e-11
9835.87956225231,892.2013131607087,2.1491544851998213e-12
9836.26572344007,892.2712806072766,-6.212671754136751e-12
9836.621422804235,892.3357311931421,-1.136147044468369e-11
9838.152452968117,892.6131712576748,-3.104624690054694e-13
9838.885275686102,892.7459823420526,1.491746526935106e-12
9839.526279141954,892.8621609290522,-1.5224537144479216e-11
9840.081393001628,892.9627785829896,1.0225274154626055e-11
9840.44364567433,893.0284420725571,-2.841778997080239e-11
9841.057309305823,893.1396829181358,2.6796987120963135e-11
9841.89975913752,893.2924078967901,-3.8378432164235496e-11
9842.761457743523,893.4486359479127,1.5957669675107115e-11
9843.390273703682,893.5626504419361,3.3487636407853894e-12
9843.690249816458,893.6170435243577,6.246700576867012e-11
9845.809354020237,894.0013366997897,4.053023368371974e-11
9847.204179201146,894.2543291950545,5.865601546918225e-12
9847.8329951613,894.3683951500882,-1.3889961657669861e-11
9848.889037370749,894.5599754783763,-4.053574996226149e-11
9849.316132854188,894.6374622051078,-4.469241550314654e-12
9851.676471023442,895.065752287094,-1.3082322788155082e-12
9852.485377263944,895.2125542396591,-1.852161955114448e-11
9852.773927836151,895.2649239020417,-2.35546653810667e-12
9853.058360584777,895.3165477128458,-4.577514186699722e-12
9853.177416567909,895.3381565093841,-9.457563985407585e-12
9853.742302554128,895.4406875176721,-1.3189881681638706e-12
9854.168348150311,895.5180218508731,-2.7577476910322672e-11
9856.189710972645,895.8849782517096,8.049055025230001e-13
9857.367107599732,896.0987564715422,3.4123735747615805e-12
9857.572067010286,896.135973267801,-1.7882144446156989e-12
9857.94143628662,896.203045775131,-3.9081127230273336e-13
9858.003026332257,896.2142299459631,3.0098907557707374e-11
9858.083563388831,896.2288548205333,-5.640129526610141e-12
9858.3353930456,896.2745858093018,2.5258299380458377e-11
9858.761631017233,896.3519911256684,-1.3312607909497631e-11
9859.935623997524,896.5652069331218,3.911721185404824e-11
9859.938279520444,896.5656892471213,1.7360986073052972e-11
9861.390419757114,896.8294562173975,1.3886329514719142e-11
9861.96950374141,896.9346519527717,-1.3404545606413108e-11
9862.211438052438,896.9786032929394,2.478383748813877e-11
9862.789698472021,897.0836581615481,-3.549831406417025e-11
9862.948130893501,897.1124422842117,4.28627324304264e-12
9863.645955266291,897.2392290495891,-2.487557520999789e-11
9864.559424013005,897.4052095056495,1.7616095019422525e-12
9865.140484552618,897.5107982299182,3.4204640494519924e-11
9865.795322633554,897.6298010602783,-1.334848017962757e-12
9866.609910839517,897.7778460873121,-4.8048040252691445e-12
9867.52313943244,897.9438327650986,1.993221704362153e-12
9867.73803568249,897.9828941282706,3.058847018573739e-11
9868.352447437825,898.0945795076843,-1.977761852375123e-11
9869.302972810425,898.2673760137818,-2.967045188647436e-11
9871.752268512088,898.7127114602463,-1.334656792782063e-12
9871.874426378627,898.7349253212581,5.847319803653622e-12
9872.581576517468,898.8635228087749,1.6447010219599267e-11
9873.934685331667,899.1096155989623,1.6783733374530526e-11
9874.6881499683,899.2466644406918,-3.109197593766453e-12
9874.780511147588,899.2634648771872,-2.3468482457700446e-11
9876.920106388248,899.6526997986259,6.3927311821900646e-12
9877.18465917329,899.7008330690171,-5.395505789532462e-13
9877.426655093903,899.7448634267635,1.149579967099412e-11
9878.975911807232,900.026771123807,-2.344926172775697e-12
9880.502385333595,900.3045763621616,-7.186535993195979e-12
9880.86604498191,900.3707656654391,-6.999447450764636e-14
9880.978416890637,900.3912188489323,5.055036330652518e-11
9881.880631094275,900.5554422768648,2.2006005356300845e-13
9882.05164204691,900.5865718355095,3.365066206826946e-11
9882.180140730705,900.6099631322091,1.1355042116782587e-13
9882.427159765031,900.6549301710517,-3.873140071496606e-11
9882.605136439617,900.687329520965,1.1533967533280341e-11
9883.02566478324,900.763885943649,5.263152463594899e-13
9883.179272751022,900.7918508080235,5.7261296164851e-13
9883.886958522442,900.9206930760926,-1.995827415632499e-11
9885.070112555795,901.1361203704146,1.271381838027256e-12
9885.134070192229,901.1477664362433,6.5526074262179455e-12
9885.39064886183,901.1944876831492,3.5022628812328194e-11
9885.486248974963,901.2118961296937,-3.4504563524867753e-12
9885.762886152335,901.2622717414664,-2.344801344892508e-11
9886.148368372458,901.3324703791566,2.4510923688618985e-11
9888.483645035889,901.7577968669945,-1.3034264220577555e-12
9888.708073258698,901.7986775152593,4.562592377097034e-12
9888.801559766081,901.8157067926494,-1.5781779675045333e-11
9889.581897750724,901.9578575638873,-1.8386543237899346e-12
9892.296425204924,902.4524385824438,1.4072303395634509e-11
9893.097597483713,902.5984363777316,-2.1204531854646508e-11
9893.575220845156,902.6854794103011,-1.281927528549311e-11
9893.680950173242,902.7047483016808,-1.515407327472808e-12
9894.438010832087,902.8427266274683,-3.6905701548587395e-11
9894.578038159792,902.8682485085945,-1.8633045264004294e-12
9897.189560965075,903.344300170273,-1.8209241088121307e-11
9897.775445958338,903.4511177645367,1.14201584308171e-12
9898.086648951614,903.5078583568779,-2.879938416623059e-11
9898.093257585171,903.5090633060934,1.6696210710501757e-11
9899.482208425003,903.7623279476301,-1.0864464306501359e-11
9899.689233662959,903.8000804713205,-2.802334072010402e-13
9900.688845990817,903.9823779938487,-3.6187077010419664e-12
9902.189071073775,904.2560059159512,-4.810252203675412e-13
9902.20475148835,904.2588661052329,1.6535414008813546e-11
9902.602633695431,904.3314434075155,2.289886156885849e-11
9902.922689693876,904.3898266239391,6.946355554531326e-12
9905.014186256762,904.7713947406911,-7.453670292347695e-12
9907.069229720508,905.1463909170068,-4.15738144913373e-12
9907.431571665262,905.2125177047408,1.5602003738751528e-11
9909.966647574982,905.6752323917775,1.6149034678792005e-12
9910.562249369772,905.7839617731227,4.091345421729434e-12
9912.008110398632,906.0479364094053,5.1004810508503106e-11
9912.082080315406,906.0614423263593,-2.901526723976912e-11
9913.73954333543,906.3640993257187,1.914876897536643e-11
9914.127440924665,906.4349377279858,-2.4770913006450554e-11
9915.062285882603,906.6056718156478,1.3864235400094243e-12
9915.53425494105,906.6918753330106,2.522064187923487e-12
9916.457934628044,906.8605941088775,-1.688912777959848e-12
9916.71451329763,906.907463403445,4.687801985831488e-11
9917.619877162952,907.0728561532783,-4.305881879246303e-11
9918.792250676186,907.287048920125,-9.532494509617112e-12
9919.0909028008,907.3416167417162,-2.0410269113574464e-11
9919.828508478597,907.4763944117891,6.91508797484342e-13
9920.199380287197,907.5441650819901,-6.356500318114669e-12
9921.236015293824,907.7336063700545,-9.609487980348363e-12
9921.675998618422,907.8140177108513,-1.7462992117955715e-11
9922.320687368512,907.9318474503792,3.834902101232673e-11
9922.644373336268,907.9910104099694,-3.807637703665131e-12
9923.316120263158,908.1137977216049,6.424772100160184e-12
9923.506071942142,908.1485201263783,3.819387233954059e-11
9923.532560539265,908.1533621884569,4.329871745873355e-12
9923.601973818646,908.1660508571069,-1.7755049092348683e-11
9924.104610907381,908.2579349944516,9.549308693893192e-12
9924.339579496433,908.3008898199962,-1.702199260482854e-12
9924.454318995942,908.3218658238155,-3.064661758159163e-11
9925.684611091709,908.5467958659245,-1.0807640173473383e-11
9925.783731786234,908.5649189728163,-2.7952473717974607e-12
9927.408337729321,908.8619857343742,3.7095507244789256e-11
9927.56765532509,908.8911203162867,5.356282392841593e-12
9927.703661647987,908.9159923103318,9.578662576054894e-13
9928.026613323123,908.9750530778116,1.95667255328024e-12
9928.04645933961,908.9786825409521,-2.4529364062684044e-11
9928.534890883577,909.0680097702027,3.176936866283772e-12
9929.319243588388,909.2114659940429,-6.653278085714932e-12
9929.353061280428,909.2176514234443,-1.4008865224914111e-11
9929.749022257183,909.2900762852481,-1.3470988084733467e-12
9929.98871219657,909.3339191571437,1.2072908020902686e-11
9930.228203475928,909.377726748128,1.7476025617401415e-11
9930.452363882427,909.4187309829487,-2.8467919669108957e-11
9930.902421096955,909.5010598762115,-1.5385188355251622e-12
9932.624830031004,909.8161743271169,-1.5247713622414056e-11
9932.94778170614,909.8752643705765,-7.636436144791465e-12
9933.454392021327,909.9679620647565,-1.2928028409571641e-12
9935.239825639157,910.294691839845,-6.228524802116231e-11
9935.884754543016,910.4127266123595,-3.7651507189570226e-11
9936.444863853794,910.5152439346825,-8.223884883263464e-12
9939.425529612601,911.06089513475,-2.6122360582379303e-11
9939.762645338738,911.122619031653,1.4366929282361968e-12
9940.47995863952,911.2539618235769,5.735590987373294e-12
9941.464714117441,911.4342897323492,6.0893812758325524e-12
9941.76308459449,911.4889307044155,-6.684199108632256e-11
9942.104832398862,911.5515174374843,7.545880577597415e-12
9943.868251069398,911.8744991715695,-5.139881435864307e-12
9944.56761946816,912.0026089600035,1.0392164009924186e-11
9944.929179341934,912.0688427644994,6.291615258714827e-11
9945.053066063301,912.091538007392,2.249196230346223e-12
9945.252865309676,912.1281405275793,1.530523854960104e-11
9946.538331192922,912.3636509474002,8.509038433806244e-13
9948.817473453406,912.7812878098628,5.974527367042958e-12
9949.107780542918,912.8344914217762,-1.9541857019774483e-11
9950.164186125134,913.0281084522803,5.175502389071124e-13
9950.272193771902,913.0479051514566,6.648230818804305e-11
9950.707654406167,913.1277228205114,8.87126024406878e-12
9951.568811094827,913.285578646104,9.665954902752746e-12
9951.666778798743,913.3035376520091,-2.3385940087639687e-11
9952.753536816615,913.502769180573,-1.4267900563818882e-11
9952.893667247658,913.5284603835617,5.593967443002944e-12
9953.431652223231,913.627096718003,7.701956807807622e-12
9954.727322762254,913.8646720604943,3.6456296195980856e-12
9955.080853195568,913.9295010961366,-5.979311166881341e-13
9955.556630767498,914.0167509706106,2.6818781627122576e-11
9955.752566175332,914.0526835523088,1.1456603766477578e-11
9955.81331882499,914.0638251204086,2.052626424006026e-12
9956.771722756195,914.239598017183,2.162298298168048e-12
9957.156010491903,914.3100817881403,7.795203137405468e-13
9957.268039143468,914.3306299292375,1.7820142094462036e-11
9957.31093616321,914.338498102775,9.463259456767029e-12
9958.714380479776,914.5959366262092,2.1031790340426433e-12
9958.718442978336,914.5966818766834,1.4171208289411186e-12
9958.910315887606,914.6318806050577,2.8855393105018514e-12
9959.356818573631,914.713793317718,-1.2596675957371088e-12
9959.739623892849,914.7840234163255,1.1243610182261732e-13
9961.713753095599,915.14624328797,1.0578431549122954e-11
9962.000464162864,915.1988559699648,-8.280419249823685e-12
9962.098864396017,915.2169131740142,-7.183646454809854e-12
9962.235652789857,915.2420151988426,1.6654075800437575e-11
9962.529555901605,915.2959504961093,-5.817779748270165e-12
9962.607890080311,915.3103261729137,-6.377514600121373e-12
9963.536408052161,915.4807338926659,-9.019487806195988e-12
9963.846259394775,915.5376033812876,4.363502697932629e-11
9964.114051113618,915.586754756375,-6.761303321678563e-13
9965.421236465272,915.8266988282317,1.6580163619316998e-12
9965.668914351332,915.8721655839112,6.656220056926612e-12
9966.357131310373,915.9985089654117,1.5029877686715104e-11
9966.59539415827,916.0422514694831,-4.7394642780726287e-11
9968.725622138729,916.4333849551517,-2.5851915463548512e-12
9970.014546993723,916.6700864455197,1.9117265834765325e-12
9970.7674558818,916.808366738093,-5.014552729482473e-11
9971.425786881495,916.9292852812538,1.5516962061895168e-12
9971.605877161803,916.9623646438728,-2.630413001245179e-13
9971.997747977459,917.0343463663706,-2.84583043474626e-12
9972.279689916048,917.0861372914588,-6.408102008368878e-11
9973.538550267498,917.3173997256464,-2.4786544151712233e-12
9974.222045876193,917.442975410707,3.571114711675811e-11
9974.476558718332,917.4897381506487,3.007645552330316e-11
9974.686822890104,917.5283717920213,1.879841204889252e-11
9974.75850065692,917.541541949595,1.009679820462876e-11
9975.15037147257,917.6135464293902,-4.906214156849581e-12
9975.370318498803,917.6539619343566,-1.5090124953856205e-11
9975.98879275257,917.7676120261918,1.3359093971821125e-11
9976.149009353881,917.7970543869932,-1.1953760519455694e-11
9977.766012101032,918.0942309503675,7.156425155376044e-12
9979.053351436163,918.3308556337684,-3.679171215467295e-12
9979.584110420148,918.4284228521641,2.0442240326020663e-11
9980.77976125903,918.648233389042,-1.4067524419715726e-11
9983.667303883196,919.17919285798,-2.6099407076455517e-12
9983.789976004362,919.2017531293247,2.178549530774285e-13
9983.903034427347,919.2225456189968,5.068903948640774e-13
9984.15714240275,919.2692792852595,2.7442182866637282e-14
9984.333444285363,919.3017041272051,7.164318104972073e-11
9984.522634009196,919.3364998938946,-2.8682760273453992e-11
9985.350068562431,919.4886893725673,-7.396485460656499e-12
9986.310153570095,919.6652929662708,2.4904103375783793e-12
9986.693178927255,919.7357536058022,1.238235035411049e-11
9986.916378718579,919.7768142747357,3.271878194099846e-11
9987.665753193975,919.9146787204523,-2.7247091150872025e-11
9988.101763292061,919.9948974357909,-3.7936273325945707e-11
9988.684655789737,920.1021455765485,-4.84744738960994e-11
9989.212923963736,920.1993486303708,5.3752340263645986e-11
9989.832626648935,920.3133824824351,1.463584181414108e-12
9992.129171894081,920.7360402068069,-1.2839596765520641e-11
9992.944281901186,920.8860769587687,-5.021993867362133e-12
9993.09640745245,920.9140799621147,3.3576377651910768e-12
9995.73294398456,921.3994766780777,1.8374123093770773e-11
9996.929418388121,921.6197945478401,-3.53967294669251e-11
9998.419932953844,921.8942936326481,-2.454301557729819e-12
9998.433108727186,921.8967203178969,-2.7694106071675978e-11
9999.007739177296,922.0025576141492,-6.354712508314135e-12
9999.190828237655,922.0362808276565,3.6809529965934026e-12
9999.969745415234,922.1797566520761,-1.0068333245521555e-11
