f0,sigma,gain
6.029265602008717,1.1516273611927128,2.445131370945555e-12
7.15854081820846,1.1517645276874944,-3.3352250418083684e-13
9.03787183797234,1.1520448759026525,1.3238981886537116e-12
11.66590243166141,1.1525460119239712,-1.0220061326032455e-12
15.042324500839534,1.1533765842715482,-2.4415260780049065e-13
19.16727994678088,1.154676283899794,-1.370106258754818e-12
21.243000404344365,1.1554488513545136,-4.785204246559966e-12
22.36769084718468,1.155900604988972,6.527147420007168e-13
24.041000482594168,1.156615844197433,-1.3694120647184458e-12
24.242080268244134,1.1567052651035918,-2.5909131873753204e-12
26.866068293923647,1.1579404377841571,2.000100268404023e-12
29.663686705427402,1.1593970409875034,-8.443475783663064e-13
30.239567896166655,1.159714771550765,4.778148294462203e-13
34.36251928074273,1.1621679573578265,2.6813437592351138e-12
36.03548745240951,1.1632526925273567,-1.5391808937847351e-12
39.23488960149263,1.165470728594066,2.6799851154516742e-12
43.156507686842055,1.168446659508658,4.810423105356832e-13
44.85666606363304,1.1698248610825215,1.6524163324388844e-12
46.56590678608039,1.171264098199059,-1.2824585308633268e-13
47.69023635556117,1.172240163732979,1.7493079417637615e-14
49.564109066116515,1.1739186770133683,-6.943775946280538e-14
51.026820481095626,1.1752738450573854,-9.24953504794135e-13
51.2278482599246,1.1754631730805445,3.012228150849831e-12
52.18751230055184,1.1763772441260107,5.360367848790537e-14
55.56043200554392,1.1797245135910037,1.2805673788188705e-14
58.34844225537949,1.1826495252798,-9.414157425758601e-13
59.64647687456659,1.1840601947338316,1.9130102585682683e-12
59.68285477214764,1.184100176362758,7.186133598596886e-14
64.55476922429477,1.189674965829998,7.182491996168677e-14
66.21845678724249,1.1916788208062667,1.8101645697506644e-12
69.01551289514501,1.1951626965326019,-1.9592799858497267e-13
70.17616663668983,1.196650657815762,4.428556825976998e-14
74.83790111878093,1.2028770052202367,-3.743824077963914e-12
76.54704094556689,1.2052600705774013,8.072918657508035e-14
79.13395432320856,1.2089693808826156,2.585050192245457e-12
82.0128235481521,1.2132422465886645,9.258784646385378e-12
83.13708686763108,1.214952348781831,-1.262923116314091e-12
83.66738839776696,1.2157670648065808,-2.52304000887367e-14
84.20678396905845,1.2166010665163154,3.8343752301360115e-13
85.01085718580435,1.2178542564942976,5.013099583224227e-12
87.63413193460862,1.2220255758118483,-3.869948712766248e-12
90.00181987879881,1.2258993206471054,1.3039092222320015e-14
91.00690796540586,1.2275749552545803,-9.245130132117649e-13
91.53720705395742,1.2284665436292792,4.8513287440210936e-14
94.32511306883328,1.2332390351234221,-5.059027735200049e-12
95.12918187710713,1.2346420857769045,-5.188070328043761e-12
100.00095031365412,1.2433977007675456,-5.185440878291111e-12
100.15649628900803,1.2436844526057889,-1.0033628991516863e-13
101.61912335613964,1.2464026311236176,2.0485453574602716e-12
105.19289504989526,1.2532099839047897,-2.551792798594892e-14
105.62221019337817,1.2540435760495412,-3.1972214794455473e-12
109.52525636261501,1.2617777797307148,1.0276309426012611e-14
111.9929588555547,1.266812529880243,-5.828288427439418e-12
113.98587506493669,1.2709604700440118,-4.1625021086972247e-13
116.81013549554726,1.2769640281579642,-4.0090696624439955e-12
119.11319412849554,1.2819684229513162,1.8215225446187963e-12
119.64348808431234,1.2831345554329767,-1.355843539522214e-13
126.98291433505288,1.2998061583887393,-3.5024429330897834e-12
127.10208281492702,1.3000850375744613,5.895508000000407e-13
127.58596012186158,1.301220099330573,-1.0830407101305505e-11
128.71020472690793,1.3038739629427705,1.4772966125695175e-12
129.176839057726,1.3049823256148056,8.146150903421327e-13
130.51119256963278,1.3081738525758073,-6.838925508290399e-16
130.5839452268963,1.3083488063536222,-5.8640424527485874e-12
133.20718090424876,1.3147222356489117,4.526848515910687e-12
135.60211825547952,1.3206516817528042,7.2438316025037505e-12
136.5799108373464,1.3231028993487368,1.081443296470664e-12
140.70213396864267,1.3336304884075083,6.068712238170287e-12
140.9677525972573,1.3343195763154532,-1.0067621201645407e-12
142.12837107236203,1.3373457864567526,-1.0744495174413695e-13
142.29300959218125,1.3377770764414867,-1.1537698376918344e-12
144.97080506633884,1.3448619810381166,-7.419034998690584e-13
145.5738491748579,1.3464757362139506,6.0656358935621826e-12
151.19505533162277,1.3618404185911013,3.739928724569053e-12
154.49502487509017,1.3711315148076726,2.183206454231265e-14
155.08897427017175,1.3728250866735958,9.788581433837808e-12
155.5828890624531,1.3742383713017876,-9.566487760396722e-13
156.1586502886873,1.3758915232384952,1.970265608632252e-12
157.5657513671291,1.3799573537963123,6.817601095710848e-12
164.6859363019382,1.4010904025212487,-2.1307134277093153e-12
165.95662562595123,1.4049600715224744,4.937396280271101e-14
167.61115522187825,1.41004323779474,-3.092156574090858e-14
170.77376378680307,1.4198999510406307,1.872192020763025e-12
170.94749586022576,1.4204467500025786,-1.0668094464510436e-12
172.55560927447095,1.4255344678918889,4.0969578397085935e-12
177.5737590861977,1.4417170508822985,7.757040388705479e-12
181.1747695534906,1.453615495468525,-8.473419373602367e-12
181.47676328000827,1.4546241980184424,5.280402262277245e-14
183.28588952395359,1.4607021171769528,-4.561083417733796e-13
184.41012729732347,1.464509466967966,6.221440102293922e-14
186.1383522745235,1.4704076873170076,2.0877797459505515e-12
186.28385674644917,1.4709067873435104,-2.4695641333132675e-13
187.06157588421368,1.4735810823212534,-1.763525088739222e-12
188.9070776224149,1.4799716843893702,1.9064224278098199e-13
189.94037474348232,1.4835771824849284,-1.576176196901471e-12
190.54341653994862,1.4856904732457628,8.678360725352057e-13
192.2797895971644,1.4918128066256424,4.554355167336692e-14
196.09185012104604,1.5054486805135798,5.017559769902165e-14
196.40199228130533,1.5065698450067382,2.555757512247035e-13
200.66154976097008,1.5221474316525212,-1.1450117747901834e-11
201.2736852437478,1.5244135329213815,2.5544616610655795e-13
202.252417570354,1.528051101971053,3.4512738873248497e-12
203.0564727869476,1.531052666496537,2.2323965895623807e-12
203.9251314504639,1.5343087805955535,-2.467767720308334e-13
206.8948680314754,1.5455456461926111,1.5750208980982303e-13
211.45641671424323,1.5631220127492664,5.595343769975964e-14
211.52916885866694,1.563405443552033,-5.7754800799338e-14
213.2655401879696,1.5701990030777777,2.871140976178024e-13
216.92205346824534,1.5846867455176112,-3.812209795808325e-12
219.11596119065433,1.5934976073405083,4.829498279402869e-13
220.38570126918214,1.598637464268547,-8.973211444164058e-14
221.5381644291409,1.603328299597533,-1.5497332765324918e-12
223.1462735760896,1.6099146242418447,-9.073734372120045e-12
227.57046392746963,1.6282805646289291,9.249567915656213e-14
228.255350856375,1.631155932890897,1.725378071232639e-13
231.5371170756849,1.645053704582951,-3.6224487106897086e-12
235.51286374211506,1.6621561314538158,1.8437187446446124e-12
236.72898440446534,1.6674456581974275,3.032875944728648e-12
236.87448856556594,1.6680803545051202,-3.568464606139468e-13
239.9006763428149,1.68136913653356,1.1429394787645764e-12
244.4339925324664,1.7015917484903098,1.2943268435307816e-14
246.24311405366163,1.7097677171058219,3.654772055079118e-14
246.90166391518926,1.7127588711616712,-4.039581418891456e-12
248.62893925655388,1.7206421653541195,-2.611326334022208e-12
249.11281228851868,1.7228604188248995,1.4118912651466321e-11
250.23704710653644,1.7280309795545128,-1.9258574906522716e-12
252.11077173385962,1.7367003181610579,7.644577881582165e-12
254.7339860696434,1.7489460407303188,-5.901362704787127e-12
255.09148827797256,1.750624751748179,-2.2367676425579984e-12
256.361227021615,1.756606051121922,-4.82205820265197e-13
258.1066899788656,1.7648767957823916,-1.409808174954776e-12
259.01266844058836,1.7691918310443162,-7.187077047061653e-13
262.0470032123291,1.7837540191054622,8.128239808925004e-14
262.22888329789544,1.784632274271689,-7.911388754699545e-12
262.4945000763025,1.785915968543243,4.459297801143686e-12
263.01569429668285,1.7884386151571983,-6.677761958276254e-12
267.1005658408912,1.808383209586934,-7.907376367186092e-12
267.22882721509086,1.8090144294166524,-2.4322626775786914e-15
272.72173740658627,1.8363313775511656,-4.875501281678565e-12
274.20347371051446,1.8437954276334443,1.4065328683291296e-12
277.10954620299856,1.8585518260559866,4.237325315639564e-12
278.84591442319083,1.8674429672875599,-3.821275320686361e-13
278.8741417545579,1.867587965204796,2.2966979108291615e-12
279.09239778503985,1.8687095964217342,-8.887659252081948e-12
279.87920852469443,1.8727603489072742,-9.344441251905944e-13
280.4094965699056,1.8754968736807545,-5.994633673229393e-14
286.212546763987,1.905781726890306,2.7776702976657314e-12
291.21248847577533,1.9323728224665033,7.76455935471471e-14
292.474077672374,1.9391550653614642,4.725260996539011e-12
294.0649414637536,1.947749267928218,-4.494707197296211e-12
294.0821841344994,1.9478426720828586,-5.34093107412832e-12
297.49220689214616,1.966422527183953,-5.868211723269896e-12
299.485097143229,1.9773801635243098,-1.3923271470758381e-14
299.5214731363053,1.9775808518568683,3.769567938303446e-14
302.70130969576667,1.9952183775596846,1.104622766618151e-11
304.32854923987514,2.004316195119657,-1.099722622372725e-13
308.58809454531297,2.0283620563631026,7.811244575766097e-12
312.069923258895,2.0482658313153896,-1.1313390559997193e-12
314.67589218534533,2.0633088971418108,2.7248259342274777e-14
315.85468967650075,2.0701546471936023,4.32784598649591e-12
318.1940966155995,2.0838163278475075,1.8779686881458027e-13
319.3829333790584,2.0907975357087984,-1.2046004018631334e-13
320.8455353251901,2.099422092946478,2.454481326970366e-12
322.1880246497077,2.107373063778893,1.492673462264437e-11
325.0668131182961,2.1245347809164334,-1.4379772879146054e-11
325.45159690051327,2.1268402113986444,1.093056222544475e-12
326.1910464938282,2.1312782773444328,1.9614394542310788e-12
328.06476875503967,2.1425691754482856,-7.78581792749703e-12
330.68797985603646,2.158485081313778,6.01039487483014e-12
332.8091305318683,2.1714475056848555,1.784487583764445e-13
333.05561371059474,2.172959147813427,7.529093832203049e-14
334.0606797347321,2.1791346434610066,1.435855300960024e-12
334.96665713761877,2.184717248576904,-2.72145150907104e-12
336.0363264281839,2.191327982217842,-4.80349283024468e-12
338.1828683148519,2.204657552844382,8.057555770760906e-12
339.99387770967957,2.2159695497458554,7.302646325683325e-16
342.955456905453,2.2345984628492372,4.942735995777035e-14
343.0545455082964,2.235224542852629,8.053468007567721e-12
343.0645848285827,2.2352879852401433,6.864276863505127e-12
344.67269030150845,2.245474198716538,1.1828792804057961e-11
348.17365094220474,2.2678150561008144,1.9899738481307974e-13
348.6757112177347,2.271037389308786,4.9655770469497e-12
354.8281095168234,2.3109019134088538,8.696648186563295e-12
355.04636533929187,2.3123289104702036,9.051858529757768e-12
357.03925430023037,2.3253993742200865,-2.4035256526626107e-12
358.1462446660998,2.332691232534249,-9.673079736134454e-14
361.35430649052654,2.3539505609116587,-1.28735567665613e-13
361.42705842738206,2.3544348750939657,-5.062449020390288e-12
362.1665077652065,2.359362967028547,-2.8289870464172222e-12
364.2876578207565,2.373555348998811,3.289589000677312e-13
365.81486239621705,2.3838250250448354,1.4362366831026393e-12
370.0361383863484,2.412434462109795,5.4396020524137986e-12
370.155305602048,2.413246874490244,3.4041990790364704e-12
375.4390470368015,2.4495312661987603,-5.2721654788747764e-14
378.65525709450674,2.47186934127424,-1.1250298013506585e-11
380.5390177984194,2.485041420600795,3.1833860439727795e-12
381.00564730670186,2.4883143999032797,-2.8107570285686207e-12
381.1511511586477,2.4893357967165883,4.6032412391908624e-14
383.4642200409291,2.5056252785841453,-2.5924242290865756e-15
384.0208441189804,2.5095599421275,-5.81326300950022e-12
388.0238637843874,2.5380245925164866,1.152239310636569e-12
389.4237522333589,2.5480485737798375,-4.4150791879939366e-13
396.7994699020618,2.601458973890245,9.29409656220384e-12
398.141958355279,2.6112882462654556,-1.520248487788166e-11
398.6358697786789,2.614912862166652,-5.523889486755452e-12
398.76413096071417,2.615854854026199,2.8907853718239347e-13
400.40046304411317,2.627899203835626,-1.0172798562545629e-11
404.61453470192015,2.6591442785714996,8.640437294440565e-13
406.3236186426081,2.671909454575564,-7.532939932450805e-14
409.0095407123739,2.692079375384379,-7.668180520212509e-14
411.14793274757227,2.708232638038504,-8.318931300620792e-13
412.27216535254746,2.7167587949246723,1.1347244179462233e-13
413.78212678961927,2.728246945735119,-2.1382856123734342e-13
414.00038252311987,2.729910962076816,-6.159970556677583e-12
414.1458863453087,2.731020793792142,-4.5042211737620747e-13
416.76909570299966,2.751096240726697,3.4771099910785295e-13
417.1265972426465,2.753842018134012,-2.1319721818720883e-13
418.90937829974706,2.767569745861243,1.8716065548184108e-13
420.1417933944785,2.7770937842484344,8.306652576465451e-14
420.6266107677473,2.780848095170802,-1.2047304383303821e-11
421.01139426576276,2.7838308493077677,6.167049098928054e-14
424.2639793811245,2.809153115311766,4.661424200476001e-13
428.9729071566919,2.8461587052197825,4.184685961232251e-13
429.1356536178061,2.8474449673054147,4.659058548323711e-13
429.93250254443575,2.853749883132479,2.3156707682993836e-14
430.11438230718164,2.8551906117614188,-1.0182929001063664e-11
432.9931684410153,2.878075563356586,2.4479246741146936e-12
434.75681605396807,2.8921711160524204,2.8726642348715633e-13
436.2385500285281,2.9040578286807084,1.3406332478120637e-13
438.8899863852195,2.92542902002587,-8.885028543628228e-13
441.1274666347892,2.943564379810133,5.236640989625675e-13
441.7687724006591,2.948779333924005,5.4384212370851856e-12
442.3718115620832,2.953690023960842,-1.087164785575836e-11
446.1092136597037,2.984273980107903,-3.46708155343205e-12
446.97786909718377,2.9914192235582013,-1.4249335393927961e-12
448.2476053023672,3.0018886192702183,-1.6366126011589236e-13
454.0807649361454,3.0503665589633195,1.7388251631600326e-12
454.29087196659333,3.0521244009357655,1.1215118087777017e-14
456.0999893487506,3.0672938677412835,-4.284113043738326e-13
456.11723199688487,3.0674387375586543,3.14689272136128e-13
459.9747463593656,3.0999865880252404,5.920643185476372e-12
464.48171502818565,3.138361437172784,-2.1892863592042474e-13
464.5908428694461,3.1392952522392186,-8.948423127540928e-12
464.7363466577215,3.140540680235734,-6.508466909674363e-13
464.7473312964597,3.140634718201592,-1.5804193563733671e-12
465.37765236038797,3.146034532325092,-1.6718026156276241e-12
474.10494922447816,3.2215514352960617,6.665875775101193e-14
474.5897664834898,3.2257876721433987,5.625921866787492e-12
476.71091523827135,3.2443727598250462,2.597153836707482e-15
479.39872710419405,3.2680418871006136,4.6601165634583526e-14
479.93810827156136,3.272807761351613,3.092924778841111e-12
482.9533036089102,3.299548195010837,6.599514351099114e-12
484.22303963789244,3.3108590331685583,-8.794860396255618e-13
487.3411047549047,3.338760840755843,-6.361516643750369e-12
489.7360183204827,3.360313177745383,-8.096771461913554e-13
489.9542739832428,3.362282559931492,6.273749003063139e-12
491.3541617627274,3.374935004246103,-6.667927980841336e-13
495.0906178406283,3.408882546716455,-4.436153126111809e-15
498.0713277351768,3.4361481718756193,-4.578417887543378e-13
502.0652513078525,3.47293859151374,-4.149924555462614e-12
505.25606813043123,3.5025422631765255,8.289151983436852e-14
506.06826881708247,3.510107621292946,1.0371008663214491e-11
506.5449373653401,3.514553276368481,1.3049318910539254e-12
506.7076837779317,3.5160720912372994,-6.969536585192512e-13
507.35619272301034,3.522129082722984,1.5901423204044036e-11
508.48042488650464,3.5326476248271073,-2.168996439865382e-12
510.3541451507144,3.550230265724501,8.609701880130736e-12
510.9499808283911,3.5558350289565825,1.9555666840022656e-12
512.977353503409,3.57495461150095,-6.646404809367689e-12
514.8438704096086,3.5926241493000677,-3.364376948922386e-12
516.3500499278384,3.60692931067655,-1.5877946999876641e-12
518.7104779922378,3.6294318845775355,-1.9807259421787297e-12
519.0742373981509,3.6329088244629495,1.416158540119324e-13
520.1812268795139,3.643504813270937,-9.219819115565854e-15
520.4722344030895,3.6462940542057143,-8.910187762997287e-12
521.9266859647041,3.660258023822921,1.3261446587631299e-11
522.9317509502835,3.669930268565504,1.4512514202541957e-12
525.343906904516,3.6932195754771655,-8.905664138635304e-12
530.9650674042331,3.747907650313943,-5.491018585503367e-12
531.8628951993121,3.7566964931473192,3.497264402738851e-14
532.1902786531257,3.75990494655958,-2.005754052631003e-13
533.901252395153,3.776705110432053,3.8763346097237554e-12
535.3083433299058,3.7905618384558792,9.471075729352708e-13
537.3357158716525,3.8105910969733974,-1.0009692496972102e-11
540.5447203544018,3.842448956521221,9.113691380814959e-12
540.7012087446664,3.844007368538645,-5.984361292922503e-12
542.5376075829892,3.862329116447692,-8.039469784029747e-14
543.0406127123523,3.867358435823249,-2.679046590495821e-13
544.4558522740429,3.8815337761471937,3.128338226605074e-12
546.0558074984522,3.8976037001276773,3.4251712744441503e-13
546.816280166764,3.9052584080483324,3.5882305017666973e-13
552.3254765770979,3.9610305909613106,-6.015193623057678e-12
558.9071770067088,4.028393182366462,-6.721396738038498e-12
559.2192084480289,4.0316065834311265,1.0388713169381954e-13
560.4161923357628,4.043950148368921,3.935427075579535e-12
560.6708238936378,4.046579370202042,3.254669339201657e-13
560.9445887454947,4.049407486976042,1.2440740297531414e-11
562.0070535174275,4.060396312394774,-7.02226355749054e-13
563.8980161703803,4.080005536331671,1.4172449135306894e-11
566.6494852750408,4.1086558337791175,8.235538273263826e-14
567.3080334318516,4.115533799444936,-2.5248524240140995e-12
570.3131887434272,4.147021452185989,-1.274161784991979e-12
575.6715684455532,4.203578665945248,-1.3938954353720285e-12
576.0353278021572,4.207437284251788,3.629443800527446e-13
578.0191208896156,4.2285234857419125,4.2265644065971235e-12
580.4312765351065,4.254260517020074,1.681110006072026e-11
586.0079117378716,4.314171992852797,2.8539845253242565e-13
586.2735279173816,4.317039880245215,7.000109151767241e-12
587.325007999017,4.328405582880389,-1.881990786658213e-14
590.8623408702798,4.3667909735434005,2.72789034087313e-12
591.0078446086299,4.368374843819421,3.988581064128551e-14
591.2988520852106,4.3715437543415305,8.479563990552123e-14
592.1493191914246,4.380813812180342,5.999757285543266e-13
594.6643445676433,4.408305448437071,-7.500135529871585e-12
597.880551990103,4.443631448722562,-1.3506347418954277e-11
602.9159153592859,4.499321279447903,1.332203875486664e-11
605.2763429685854,4.525587791989357,1.6734972521507741e-12
608.8672942990602,4.565744237823315,8.292953050672121e-12
609.0127980326987,4.567376366325448,8.395664573255723e-14
612.8803501414161,4.610901998068574,2.953403503476619e-12
613.6916053050473,4.620066865446676,-1.4698953548786158e-11
614.8158372010489,4.632787517528535,2.0049762789123224e-12
615.2824663240901,4.638074250071052,-2.706938882960293e-12
616.1156907534289,4.64752434505935,1.6573366312487387e-13
616.1802939617412,4.648257582781865,7.310837709069455e-14
616.689557023033,4.654040341722162,-7.958632980792328e-12
618.4914702991754,4.674539695817725,8.187930347296315e-14
619.31276476406,4.683902944113334,6.143800458231591e-12
620.4671145759952,4.697084227599003,-3.2750778976833044e-12
622.6854604145909,4.722483973222152,1.4677246757926343e-12
622.7701422397183,4.723455364367494,1.358703418041157e-12
626.6257643009309,4.767823401459156,5.272377090053842e-13
626.8076439626548,4.769923120003027,8.236392306487835e-12
628.398504947876,4.788314866377151,3.833928630954077e-12
631.6793153940557,4.826391117844682,8.23220898087562e-12
632.4761638695309,4.8356690654897925,-2.5492982523959467e-12
635.6306038592949,4.872511962336041,-4.1918414798083785e-13
637.3004746926125,4.892089742570154,5.075781044969042e-12
639.8518758113394,4.922101893971021,-1.4434154346939746e-11
640.2366590699371,4.926638508257131,8.773152365187068e-12
641.9730237486758,4.947144259048402,2.947972384641784e-13
642.2640312006184,4.950586370966686,-6.547091294990578e-12
643.6711218404215,4.967251812436797,9.252744691082308e-12
644.9882179745749,4.982884414787836,-3.888404083095017e-13
645.785066434249,4.992357716856626,-8.777315986456223e-14
650.791256818137,5.0521411881362726,-2.8917677314021467e-12
650.8213747431276,5.052502250716968,8.203541845843481e-13
651.6254265277901,5.0621476385229585,-5.278057688070439e-12
656.8345204663316,5.124924312533105,-1.2346583294016104e-12
656.8790450541852,5.125463048874457,-6.2211793444255955e-12
658.6608796052622,5.147052772794564,5.560312049781634e-12
661.9617685241221,5.1872027525603865,-2.9066835133763407e-13
664.1001590353645,5.21331994595217,2.445113663553024e-13
666.7343512268575,5.245608395575005,2.4369135274187217e-12
667.2799901804393,5.25231251197196,-1.1499940988983819e-11
668.3424547606477,5.265382459663327,-1.5893187104015724e-12
668.5798436322997,5.2683055497704,1.2437729741899835e-13
672.2435464824553,5.31355022756958,-6.937542499361209e-12
676.1393255045181,5.3619321612600555,2.1985753659742762e-14
676.6485885217379,5.368277393663067,1.1778060541469282e-12
681.230197504376,5.425577404624541,6.336778582793142e-12
681.925121468289,5.434302261486993,-4.7691016579920285e-12
681.9423641075331,5.43451885806844,-5.130253167333025e-12
683.9615874680742,5.459921577027153,-7.81356389199102e-13
684.8211484376268,5.470758023398066,-8.446076779266777e-12
686.7666746069283,5.495335448296805,-1.5539789972663468e-11
688.3575354613894,5.5154842769554815,-1.146829830906601e-11
695.9361504407541,5.612110223643471,3.694653592856084e-13
697.1977372671209,5.628297943573923,6.173908977639502e-12
697.6342484137422,5.633905748736405,-7.838307986469793e-14
698.5875851681153,5.646165352730252,1.948496792795435e-13
704.572503260268,5.723511932522094,4.736800225447807e-15
705.2210119690591,5.731932609369901,-1.6047969275531986e-12
707.2430712516338,5.758238134581855,-1.2781340268849161e-13
707.7996948118615,5.765492623645304,-9.125384442569152e-12
708.4300155541301,5.7737145007306285,2.5963673632201163e-12
709.2513099201099,5.784438410279414,-1.2314570537342732e-11
711.5844552354904,5.814970838827621,-1.587259596456358e-12
713.7783548376723,5.843772520933092,-3.8132569343894504e-13
721.6178591043744,5.947414590657694,2.5022274831780848e-12
722.8339759856389,5.963593679584896,-1.007792592524693e-11
724.0419442089116,5.9796913295200635,-6.693122380011957e-14
725.932906402047,6.004944679380616,-8.350297346526446e-13
726.8025066390451,6.0165800937099885,-7.412323708134081e-12
730.1541778853533,6.061556394631305,-1.060294127954144e-12
731.190305769209,6.075502137260109,2.0681120213623486e-12
731.2784096117014,6.076688881450689,1.4462692544054143e-13
732.7883698777192,6.097050021238951,1.2574535407464237e-12
733.15212915283,6.101961430206856,-5.740878462807752e-13
734.4065125983951,6.118916573247507,-3.850069391604468e-12
734.7338959454798,6.123346490037411,-3.543986922096327e-12
735.7753365046057,6.137451646985584,4.431767027661078e-13
739.0963037468108,6.182563897846034,-1.0219643339174598e-14
739.1480316613307,6.183268180306973,1.058727867363089e-13
741.1964274933673,6.211196984806831,7.432514543368029e-12
742.6881997812771,6.231585159721906,9.227473376095124e-12
743.2702146158271,6.239550721125433,5.94123438584225e-13
746.3810749283575,6.28223233251358,-4.047346089701542e-12
748.042796885798,6.305104526980651,-1.6815430783026465e-14
748.1418853595419,6.306470002829693,5.938215380902494e-13
748.5994204231338,6.312777351019065,6.051962326644625e-12
752.8972249700031,6.3722129586869265,2.600026057600211e-13
753.7630438826696,6.3842278012427816,3.6613590470373903e-13
757.1567629224721,6.431455086226904,1.856665020865956e-12
757.8962114139696,6.441773464038221,5.224967683631752e-12
760.1336901742908,6.473056934622061,6.674363942306599e-13
760.308366476483,6.475503064676392,-4.673724365662605e-12
761.7628174863181,6.495892713293189,-1.1436702924088255e-11
763.2144325179382,6.516281458637444,5.750693992602737e-12
764.5425131069622,6.534969095057223,1.0140167945464401e-13
767.2538242225163,6.573221263659185,-2.0859436021612352e-13
770.9021747059519,6.62490722713445,-4.886128884730673e-13
771.6990230542893,6.636228754510913,-1.0847005580127857e-13
774.5414311965748,6.6767086283313954,7.378055850869775e-13
775.1234460146454,6.685015691480141,4.0108660111425153e-13
778.5789322114999,6.734464140361668,6.412876809915585e-12
779.733281809434,6.751032042121114,-1.9844553860589297e-13
780.1697929211405,6.7573035012685665,1.493526265935909e-11
782.5019927555958,6.79087024486514,-3.1215590615310043e-13
783.7425555373226,6.808766163645222,-8.295344342228859e-13
783.7535401696605,6.808924750677939,9.293849278727396e-12
788.2605061600638,6.874180139714381,-1.0793645187535512e-11
789.8686094947184,6.89755409263479,2.0718368100175445e-12
793.1111527766952,6.944829668149026,8.495958669738414e-14
794.5110398587516,6.9652995740885775,1.502019828996066e-13
794.692919486509,6.96796176609516,1.0600977456236164e-11
798.644207250061,7.025947614448535,6.721057147407463e-13
800.7807068153121,7.057420919092674,-9.054165028033827e-14
803.2292377185713,7.0935942354204755,-1.1209430270370058e-12
805.0512292321172,7.120583050469142,-5.318396444674815e-15
807.1441495314324,7.151660548114419,7.830975279512464e-12
810.3603561525259,7.199574845141923,3.921142682676163e-12
811.5563943267975,7.2174417481756645,1.4834287397979257e-12
812.8562475955957,7.2368893642100804,7.818985860998437e-14
813.8349755429607,7.251553038082628,-1.3153268507860094e-12
814.0968103485694,7.255478938322806,-5.654060995416758e-15
818.7238886424308,7.325064802559064,-8.048299602741036e-12
818.8693923420328,7.327259404523909,7.274465565974725e-14
820.1137363913268,7.346043515196419,-8.630322244798017e-13
822.1411081486763,7.376708985092327,1.5961176682806905e-11
825.7138706522595,7.430933892153563,-8.882949448032525e-13
829.1693567173744,7.483602541375241,9.315741451767304e-12
833.4953882600665,7.54985012619532,-4.1418916604991385e-13
837.7166593710384,7.61482575384831,1.1647817351350686e-11
838.0804186152964,7.620440254644604,1.8049469773616396e-13
839.152922332832,7.637008174047661,-3.525111813111779e-14
840.4963548315695,7.657791264963622,3.8396044153840436e-13
843.9599895182752,7.711527535311456,-4.545531751206263e-13
843.9772321550214,7.711795597555637,3.0226813120749437e-13
844.2509969125028,7.716052408645465,3.2141828262511605e-13
847.5318066444402,7.7671736429002465,-6.870394549904272e-12
848.3286549479122,7.779619976787089,9.662680891533795e-12
848.6861561848042,7.785207751159401,8.10577858492691e-13
851.1964542235396,7.824510225962101,-2.556404021785511e-13
852.7164536528431,7.8483645161313405,-9.160109326334588e-12
856.7439151345515,7.911775736643525,1.4155766730559614e-11
857.8681467491248,7.929529782960218,-1.9308839347634464e-12
859.741866105022,7.959171597545232,7.66452641044642e-12
862.3650731996784,8.000778786484348,-5.9167583736533275e-12
865.0619774631621,8.043687048706547,4.365493083376212e-13
865.7377680295501,8.054459998297663,-1.4134849188584719e-12
865.8224498342208,8.055810525649537,-2.110079748206675e-12
866.6437440953866,8.068915592391372,4.320247604528231e-12
867.1103730995312,8.076366941564334,9.339574658365822e-12
869.0960561922797,8.108120103493148,-1.001869620636376e-12
869.834559298144,8.119948074733257,5.376553524284905e-13
869.8599505901598,8.120354923939585,-7.932013156739553e-12
874.0041024040645,8.186916556007745,2.1723699547271e-14
874.5980471387912,8.196482167205948,2.544945302480584e-12
874.7316208761526,8.198634296798847,-7.927980506494303e-12
875.8132185503122,8.216073019193272,-3.634488074485717e-14
878.6829084291454,8.26244579147424,-2.4203387065109125e-12
879.6769883207431,8.278545007912733,4.1481746986642155e-13
880.3527788813623,8.28949989269848,-4.8881983327554895e-12
884.2868237853553,8.353439654547001,1.9606817722495674e-12
886.0686579784864,8.3824934884118,-4.491289096173052e-13
886.5051690587787,8.389619971923604,-1.3805687019039181e-11
886.7234245988853,8.393184529895837,-8.910790579563442e-12
890.7192367038499,8.458599378095508,-2.871028037297913e-12
893.8435580211626,8.509952069082585,2.7848945251318517e-12
894.6777275514878,8.52369325183236,8.196851397851862e-12
895.041486783351,8.52968943104978,4.62582663584384e-13
896.4413737728588,8.552787800040592,2.2684049104453817e-13
901.7131791400653,8.640097413384701,-5.354811192352786e-12
905.4462110964902,8.702232061971918,-6.871404190997506e-13
907.1160815243263,8.73010940600626,8.369377694558274e-14
908.4159347168442,8.75184511931385,-3.85759441073784e-13
909.449226491362,8.76914568560267,-1.5683360278926493e-12
909.6047694890642,8.771751669544967,5.2546766786141243e-14
909.7866491035694,8.774799465210226,1.4070516593499164e-11
910.3322879469835,8.783946508362478,1.107491059544879e-11
911.1554728386092,8.797756688021115,7.646840395642357e-13
915.0775877207753,8.863727554919851,-1.3904725989047502e-12
919.7008844329176,8.941856342010519,-1.1342740240397656e-12
920.1703493996234,8.949811820364735,-2.976889395630461e-12
920.6369783901579,8.957723263875328,1.3447492130793827e-12
923.7976755814965,9.011416779895773,6.73832661154869e-13
924.2824925325102,9.019669066117855,-9.84102094738052e-12
928.0189464747502,9.083414191164477,1.0700459983694205e-13
928.4764814828445,9.091237561582957,-1.475398216786511e-11
929.8189685885687,9.114214944757745,1.4965419762231644e-11
940.1854261467363,9.29276035115256,-5.77767708265561e-12
940.6865404044275,9.301441389467392,7.54858592213504e-14
941.6398769880269,9.317969259019053,1.1250406502595695e-12
941.7681380415298,9.320194181565848,-1.8914139180140762e-14
942.5458530176206,9.333691559695836,-2.047491447937647e-12
945.04989292434,9.377225293349358,-3.793596200452955e-12
945.6319076806575,9.387360395251923,6.719745312965931e-13
945.9549236271649,9.39298803028922,3.60396047548106e-14
950.586368926206,9.473889148031631,-2.9710810471362e-13
951.9034647271222,9.496968063151247,-1.2206915443581952e-13
952.3035998708602,9.503985791437001,1.1859381427884719e-11
954.6367447870995,9.544964144661405,2.465007510863151e-12
955.0215279453084,9.551731942751418,1.8345226470453295e-12
957.7366200404522,9.599564137208585,4.006985746598976e-12
963.9943564458946,9.71032479748982,-4.955833153381719e-13
964.6701469781908,9.722329308398432,-2.4097334775684144e-12
966.0427519791604,9.746737688343133,-1.0276954331201158e-11
973.4457438472879,9.87897991716453,-8.633175703333544e-12
974.2425920987305,9.893274476359041,1.1941012172377647e-11
975.8698285466105,9.922501594276184,-1.2536546740673872e-13
977.7861817167774,9.956984140517864,3.4129800810809313e-12
980.3949819962849,10.004035197163422,-2.1627481628823404e-13
980.7587412134076,10.010605741093757,4.741914052731524e-13
981.4000464698807,10.022195506075914,-2.601865774919351e-12
983.0545648541932,10.052131196304714,1.0738814680299716e-13
983.1062927607239,10.053067937518843,3.1163285089185346e-13
985.7404843251122,10.100835706052711,-1.433018228618462e-11
990.6221936424596,10.189697328767423,4.437463211594178e-12
991.651704077083,10.208493530395776,-5.828237589606466e-12
992.6495652163677,10.22673053047539,-4.335913078479168e-12
993.4608201210326,10.241570615794915,-1.1782234069637764e-11
994.5850516595561,10.2621559463687,1.6071277136109964e-12
995.5857487736503,10.280498875045296,4.232544653420828e-13
996.4587708893217,10.296516568048869,-6.379395087462201e-12
997.0546062399139,10.307456663228221,2.6538749793833705e-12
999.0819778086808,10.3447300869212,4.924679181320308e-12
1002.454672415353,10.406905151505798,1.1764817781469281e-12
1002.9677166161158,10.416381397413998,-9.958460350517594e-13
1006.2667140497399,10.477431763066974,-5.5380981166956375e-12
1006.5768547064482,10.483181452757059,6.602027812005684e-12
1007.5947944512428,10.502065463122845,5.854782411340185e-13
1010.3635050445214,10.553524947444389,-5.693067201608485e-13
1010.7210062529847,10.560179788206158,7.72570196833371e-14
1011.4485246785014,10.573729724063725,6.59866949299217e-12
1017.0696823275072,10.678751741248826,4.068576459458201e-12
1017.593711156371,10.68857201131578,-1.1458016624961577e-12
1018.4996871575049,10.705561881846535,-7.752842802407477e-12
1018.9935980692743,10.71483061730751,-1.9928638978171773e-12
1020.0058658574703,10.733840883967463,-1.2879872648858959e-11
1020.9036932028305,10.75071776808997,1.1343313238526052e-14
1021.4129560987939,10.760297222903574,1.285301431892003e-12
1021.6312116256069,10.76440416600057,-6.175791240284801e-12
1023.4403276489635,10.798480322569711,7.416683434190834e-12
1023.578628003748,10.801087801684588,6.037079664900692e-15
1026.972346516026,10.865182494042644,3.0434645804711954e-12
1030.5604606379172,10.933179328718044,-2.3179394137600576e-12
1034.1843646237514,11.002095120318298,3.900076539016147e-12
1037.7451967958186,11.070047109099992,-1.0209040115498629e-11
1038.4300812890144,11.083143662819811,4.456945218517647e-12
1040.7177562250292,11.12695185835852,1.4260144521995644e-13
1041.6964840604635,11.1457236076374,3.880625167990116e-12
1044.939026915998,11.208040817274236,-1.0642472644667001e-12
1046.321671180271,11.234672236551322,1.8687417093482517e-13
1046.5207934194614,11.238510475305795,5.340665002416851e-12
1047.049189596552,11.248699270435305,-9.217924545820987e-12
1048.1116539022767,11.26920179767179,2.3332697839268597e-12
1050.196425290599,11.309492363908936,-1.2161353853076533e-11
1054.6086695518302,11.395028004702983,-1.428581246196398e-12
1056.3488150143448,11.42886102115975,-8.189253444984802e-13
1056.4177855545302,11.43020313955912,9.440840794038143e-13
1058.3417012699806,11.467676505495243,9.088541949750471e-13
1059.502308702931,11.490315388577818,1.0452287075600792e-13
1064.0719865891408,11.579692996641292,9.068679111359396e-12
1066.5358691567083,11.628043300620186,-1.2456078580643217e-11
1067.0489133459303,11.638125153560877,-2.1431241003460355e-14
1071.8214947598071,11.732143692425856,-8.29004540501176e-13
1072.2216298854505,11.740045307581589,-8.971290213301008e-12
1072.3781181982113,11.743136341984366,9.499614898343006e-12
1073.5324676217053,11.76595155839472,-1.77864632005346e-12
1076.5476609406312,11.82566134066398,-2.3914500052953145e-12
1076.9669293512063,11.833977362875133,-9.063839262648784e-12
1077.4034403966577,11.842638826481735,-6.282865603438651e-14
1082.6718233468848,11.947453454941593,1.2816882352125476e-13
1083.548626737369,11.964947109724829,-5.962811549627331e-13
1089.0204992678146,12.074439832441303,-9.870835543010568e-12
1089.908287287275,12.09225656235676,-6.227344876838702e-13
1090.5840777888734,12.105828514942191,6.616348124587759e-12
1094.9474300653621,12.193660566948397,-7.545976843445506e-12
1098.4392916287654,12.26420258952808,-1.0818135723310113e-12
1098.850411381807,12.272522743135406,-4.7668075282918356e-14
1098.984930432038,12.275245786923112,4.007943839566044e-12
1101.3870457635323,12.32392747623076,2.005675102542031e-12
1101.9211138832632,12.334765437061883,9.579151807893645e-13
1103.6747206539653,12.3703887106704,-6.628482972800177e-14
1106.5716922052084,12.429362713298561,1.0881889478141687e-11
1109.6960132546983,12.49313816642546,-4.160489833015112e-12
1112.1483251053266,12.543322135398164,-5.7845850311670035e-12
1113.5171487344053,12.571381837908453,1.914310138456807e-13
1113.6300577957356,12.57369791707604,2.117130834063223e-12
1114.5030798771295,12.591613958016273,-2.8406975752925627e-12
1117.6503155060573,12.656317637090392,-3.952223995855603e-12
1119.7714627701,12.700029001441155,3.8190716487773896e-13
1126.3412301185767,12.83594081654017,1.1905622317346265e-11
1128.3686016019367,12.878042520398337,4.850965105615615e-12
1129.5574362759469,12.902765844106396,1.3295141834349431e-11
1134.295532333544,13.001559204579605,3.4413710616978837e-12
1136.2774339127836,13.043006216550479,-7.035356561399344e-13
1136.9259424656886,13.056584025097468,-2.725720983890196e-12
1137.8754976823093,13.076478816896824,9.271207821107408e-14
1138.9480012644779,13.09896955956419,5.673950354800734e-14
1139.286369173284,13.10606963964181,2.019621595887703e-12
1140.3048949278,13.127454414341976,-9.70652419418769e-13
1140.5197284183112,13.131967458237261,8.826690381134764e-12
1141.429126413134,13.151080753932641,1.3239953363181793e-13
1142.9836109313392,13.183787448411747,4.609472054012609e-12
1143.3028455546248,13.190509723974271,-5.255517842221639e-13
1145.9260523511812,13.245818930552655,4.057082965615822e-13
1148.4984765674856,13.300180507469838,-3.9673899997817836e-12
1149.2987468012896,13.317117022187876,9.692170836564682e-14
1150.168346846074,13.335534172494308,-8.059854647239783e-14
1152.5014916058165,13.385016376766915,2.4355703620356355e-12
1153.4209289030302,13.404543689834362,5.438925313709568e-13
1154.4470172560425,13.426354479687978,-2.1567755280652768e-12
1154.4771351716176,13.426994966598036,-3.952438899765774e-12
1157.620589466121,13.493935476548545,4.0340422706106015e-14
1158.2925986540945,13.50826966688083,5.436157017186778e-13
1158.3481078588165,13.509454069525614,5.140232541216119e-12
1162.9833341265596,13.608556378437067,3.8523534973369124e-13
1163.9137560518066,13.628496729150317,3.351798853960885e-13
1168.0296801344416,13.716898516861539,1.584578784511521e-11
1169.6296345416533,13.75134655595874,-3.44948889400164e-14
1170.2844010931492,13.76545769490018,6.110053864959168e-13
1171.5287449589719,13.792296818532812,1.4208307738539333e-11
1174.3931218400833,13.854186661854838,-4.096275515347486e-12
1174.4620923779785,13.855678753643366,8.497177103995615e-12
1177.4045337747891,13.919416424822074,-1.9095770520861464e-13
1179.7950783738959,13.97131660809996,-1.0592605827397048e-13
1179.867830212779,13.972897745534556,-4.025442262325442e-12
1180.882933928768,13.994969468506508,-5.408459436557566e-14
1183.3022918431757,14.047650867653289,8.378217466365931e-12
1185.2741540931095,14.090667822041986,3.671742303946075e-13
1185.5981153394125,14.097742014943215,-1.1821697972566828e-11
1188.1021550455441,14.152486801949957,5.891299385126521e-12
1188.8406580632827,14.168654444078685,6.852298099111458e-13
1191.3255644825977,14.223128913102755,1.1890340354252514e-12
1193.6386306089712,14.273938491599855,2.861189514597232e-13
1193.8932620442379,14.279537832120203,-7.593951452562573e-13
1196.0736997729282,14.32753451963078,1.0584457933236499e-13
1196.219203450145,14.33074052319659,3.7171568887204797e-13
1199.8829052135914,14.411594449614793,1.2669822098763404e-12
1203.2618576240818,14.486383443051338,7.777590834781858e-14
1203.7313225460284,14.496791117222124,-2.2863603771998396e-13
1208.938524166635,14.612503002675822,7.466959757743295e-12
1212.9070538791898,14.70102511415718,-1.0058730518793317e-11
1213.379940828359,14.711592685264305,-1.026160959554614e-12
1215.2401986045377,14.753203709009899,7.647265650999424e-12
1215.447469489124,14.757843977805493,2.891021446662827e-13
1216.4980037908379,14.78137494350768,8.313840680445507e-12
1219.9654192838523,14.859186026755237,4.791493766860382e-12
1221.391642731142,14.89125570141279,2.836652110421165e-15
1223.2289859182765,14.932624931226567,2.321574543189469e-12
1223.4472414328002,14.93754325831682,-1.2487113122621821e-12
1224.247511652633,14.955584631622335,-5.175968549818536e-15
1224.452305833869,14.960203428269415,4.040575976562676e-12
1227.300971424266,15.024530519568945,-5.506895018297523e-12
1232.4856177055367,15.141991126815547,1.3447511235154367e-11
1235.5673047364241,15.212042826752437,-1.6952205290045042e-13
1235.8645700923453,15.218809397422973,-8.131814549361559e-13
1238.4197516212666,15.277039431278675,-4.5433642938378354e-12
1238.5824979313861,15.280752331101908,1.4089749466087118e-13
1240.1068644997647,15.315552968502844,-2.5557039076613456e-12
1242.803768401215,15.377226986035629,8.587785914175377e-13
1243.26130336372,15.387703395355034,2.519530816466765e-12
1246.4129062498992,15.459972003422795,3.4628401192993655e-12
1248.2311161428481,15.501748140398085,1.6523186449265071e-13
1256.836762644971,15.700302158714837,-2.047902021631559e-13
1260.8124956475087,15.792493072135084,-8.94514958091253e-12
1261.347149799437,15.80491306071384,-2.340226383722548e-13
1261.5519439791362,15.809671813789498,1.2039757273770355e-11
1262.0458548587487,15.821151880523475,-1.1506203006354215e-11
1263.7376943556048,15.860509694607076,-1.2176285476571876e-13
1264.465212731363,15.877450403266234,-1.2377530193714075e-12
1265.837817612902,15.909438894356454,6.59340831983127e-13
1266.274328638193,15.919619036312374,-1.1065739892425822e-11
1266.324525162918,15.920789925340726,4.0723928991150405e-13
1270.909554797139,16.027936517621526,-1.5557272591138847e-13
1274.1831607031882,16.104673670793648,3.4081062656090925e-13
1274.365040296776,16.10894292983655,-1.4647095527097606e-11
1275.2126710573798,16.128847400970727,3.99632363915482e-13
1275.664893338325,16.13947211501754,2.0178232579738798e-13
1281.5152907364493,16.277263599080456,-7.96974599980574e-13
1286.8852385840685,16.404294242746992,6.708326336902308e-14
1289.573048481648,16.468076126913033,-5.1430794504574115e-12
1289.8276799119471,16.474125446203548,3.7973733513028727e-13
1297.276141009098,16.65160817248616,9.218200352554799e-12
1298.400372456332,16.678485245853484,-1.2573865919670522e-12
1299.1828139780878,16.697204866074067,8.790582362279368e-12
1299.4010694893987,16.70242855900873,1.2717431190025683e-12
1299.764828674898,16.71113666384995,6.043374857189865e-13
1299.939504938494,16.71531914056446,4.370179854870547e-12
1300.2740915345576,16.723332105522886,4.99111792582242e-12
1301.3939556277894,16.750166566930336,5.24743265562627e-12
1302.409059318611,16.77451069434417,2.395467378985595e-13
1302.8972982430328,16.786226357580148,-3.852974462522607e-12
1305.1921763584373,16.841352523881408,4.234620244457748e-13
1306.2182646787005,16.866031978625745,-1.1711366695750609e-12
1306.2699925807271,16.86727665054536,-9.204563667556476e-13
1306.8332332651391,16.880832485221543,-2.1359030878082365e-14
1308.2456360827175,16.914851289670267,-1.1825752809494599e-11
1310.1695516820407,16.961249390821987,1.4676011979096037e-12
1310.3921745463313,16.966622675372932,-5.165294921674143e-12
1310.533310866856,16.97002965192727,2.337462994775881e-13
1315.2638441382683,17.08443516545161,-5.162664248092609e-12
1315.4303717470252,17.088470060992737,-9.14813902247622e-12
1316.5119692683859,17.114689158227687,-3.7670327032216936e-13
1320.885001354706,17.220915896604414,-3.1831688594950707e-12
1321.3061603922042,17.231165003907748,7.000127393541914e-13
1325.36031713668,17.32999196300912,-2.872121087549673e-12
1327.255646193571,17.37629768708869,-5.802652819006356e-12
1329.3695900328787,17.42802255844196,-7.255551889215148e-13
1330.35552112961,17.452174886460135,-2.3814009269411075e-13
1334.3757786525687,17.55084439759612,1.8135040600849101e-12
1334.7906796852635,17.561044296200823,-2.6931298168434678e-12
1337.9996823724118,17.640041306859946,1.1718414365472113e-11
1338.1696320086778,17.644230298620304,9.795466202498851e-14
1338.8209765101265,17.660289845180944,-1.2430206670091407e-11
1341.4915437499064,17.726217045338856,-6.246019206404443e-12
1342.037182524275,17.739703169489186,-3.8596436582314435e-12
1342.2453987291974,17.74485093125266,-3.487010975906363e-12
1342.2783526193493,17.74566572862632,1.5419990002211257e-12
1344.7551103109947,17.806961748486906,-1.0282492079469547e-11
1347.6329484277408,17.878325832566947,6.964959875951692e-13
1350.678259476206,17.95400901322921,-7.697321163240888e-14
1350.8645064207715,17.958643233618627,7.211883326437372e-12
1353.2148937204968,18.017180784928858,-6.919696146025581e-12
1354.7640654934096,18.05581931007771,1.5738221359558721e-13
1355.7825912033857,18.08124686279112,6.151402798030937e-13
1358.1085325383676,18.139385769052957,1.008791987376532e-14
1359.723838869822,18.179820377552964,1.8173823771786847e-13
1360.2331017244385,18.192578292688616,-7.386278876862232e-13
1369.3934808105319,18.422877458820487,-1.1465063856349916e-11
1369.9548308387068,18.437040505472023,-3.0799964405337106e-13
1370.3511846372007,18.44704413889154,9.745313365628406e-12
1370.3913418562706,18.44805783446113,-6.514281530478032e-12
1372.1731757919404,18.493066875394767,-6.094607785178406e-13
1374.1450379719715,18.542944193626578,-4.5366645019567486e-13
1376.8237538514081,18.610815779322973,2.1271360995396077e-12
1377.3477826356332,18.624108742710277,-5.3442055051422334e-12
1381.2187551559382,18.722459845090647,4.9155445913798223e-14
1382.3386192345615,18.750964085984815,1.1660551585205014e-11
1385.4820733911092,18.831098813211224,7.356981989333207e-14
1386.1233785830782,18.847469686344596,5.557018902656467e-12
1387.8506486375477,18.891600132102017,-1.803700693050723e-12
1390.8275751847907,18.967787339772645,-1.0565194454559745e-12
1392.8358132774265,19.019275526583467,7.722664114870156e-12
1393.256972310212,19.030082830767356,2.8527374095405783e-13
1395.2727730040008,19.081855261037443,-8.25442586893705e-15
1397.499266603269,19.139125977839104,2.0769597704737973e-12
1400.1080666133569,19.206346707949535,-1.6355732650667794e-13
1400.4545831593055,19.21528480259775,-4.3302135906761105e-13
1401.182101518657,19.234057706323384,1.0301919011529e-12
1405.202358998362,19.337972341101864,-1.569181328654338e-12
1406.2748625252493,19.365744457594186,-4.03956353549089e-12
1406.7414914546557,19.37783427097526,-4.467838906771933e-12
1413.1183942140283,19.54345435628844,-9.116104299013168e-13
1415.2988318579582,19.600256251310824,3.2008435198324097e-13
1417.4453702862238,19.6562605943612,6.361199838988366e-12
1418.3183923153792,19.67906248881201,2.2224747020661407e-12
1422.6807989771405,19.79321170612501,-8.44759116302476e-14
1423.9351820907173,19.826099501538305,-3.1226321830529153e-13
1424.0806857621224,19.829916236792936,6.779045429198855e-13
1426.2899367188293,19.887915445045262,4.280620702976823e-12
1426.3545399002767,19.889612817831765,-8.068141270560457e-12
1430.7178918825573,20.00443272163626,5.959212215011144e-13
1431.6956743102803,20.0302107851625,-6.500127742645726e-12
1432.1839132250734,20.043089212314403,-3.7952397154718626e-12
1433.7293036795006,20.083881394699148,5.5264018350403626e-15
1440.6167738625645,20.26621825348786,8.578293317196937e-15
1441.126036711349,20.279735022540468,2.4893831662092255e-12
1443.5501211415576,20.344140156400794,-7.595825372949415e-14
1443.8411284836134,20.35187916380744,-1.3312840628128786e-11
1446.201555056919,20.414709651713444,-3.454032070639274e-13
1446.798921724018,20.430626796643836,-3.6062965986200234e-12
1452.147259448783,20.57342891703811,7.614048323779405e-12
1455.089700702876,20.652217612943115,-9.742188009250959e-13
1455.2835102464921,20.65741278006838,-8.96608740969657e-13
1455.9593006996467,20.67553311251958,9.68642974901463e-12
1458.2924453310507,20.738157632048484,-1.1875564305895748e-11
1461.3923202086646,20.821517267801486,6.759595044259312e-13
1462.1634178087852,20.842280569269416,-4.0215379913530435e-12
1463.4287855458244,20.876376788679206,-3.091592387492107e-13
1464.3745594050927,20.90188058837381,-6.340186532767635e-12
1465.4987908244593,20.93221812027758,8.648179261049666e-13
1466.28123232686,20.95334614710371,1.340380251138837e-11
1467.372509856391,20.982832410841063,-3.432840557254104e-12
1469.995716500371,21.053801066150026,2.6500364799787115e-12
1473.3684107556815,21.145232734724576,6.330803382287052e-13
1476.061892530115,21.218401859342947,-6.19302139392884e-13
1476.2901873403969,21.22460969007573,-6.970573330687009e-13
1476.7266983516943,21.236482043429174,6.021439084732664e-12
1477.1995852805737,21.24934772039824,-1.9618221745805913e-14
1477.4905926214096,21.257267107519134,3.5526352289142233e-12
1478.2774014759616,21.278686900094584,-6.647880303096726e-12
1478.7540697056386,21.291669086285758,3.212398565628826e-12
1481.6902529463684,21.371729113456183,-1.4062131225490417e-12
1482.3622620964532,21.390074917922412,3.5508246720548803e-12
1486.3135489997471,21.498113038057898,-2.4262687025713947e-12
1486.71026206489,21.508976057856454,1.811577491069538e-14
1487.3951464948457,21.5277367704351,-2.7373601983692e-13
1487.9834191795287,21.543857941757448,2.1893482790777314e-12
1488.635708992707,21.56174090749543,-4.396121393664632e-14
1493.0445308379585,21.682817251079726,-1.6908542376306915e-12
1494.354063869183,21.718848997281594,3.990998553714764e-12
1495.1408727221663,21.74051320145707,-9.302547105888457e-13
1499.8890077766923,21.871491668442225,3.1802072212649694e-13
1500.0589574091957,21.876187468876786,-5.700507693971164e-13
1501.4741961638003,21.915311945186513,-1.2473068284140564e-12
1503.5263727471336,21.97211019667152,3.6799125004947276e-13
1506.1103674867718,22.043737959206325,9.54240868086166e-12
1508.2352959039683,22.102732664654315,3.309027332210878e-12
1509.343816061617,22.133541688598196,2.3983239451805655e-12
1509.3767699510263,22.134457920219777,2.3512194129585067e-12
1512.753831544064,22.22845792812894,-5.841850406012134e-12
1513.0768474478753,22.23746003589021,4.129814816231829e-12
1517.41728479921,22.358609813036452,1.4104878975504507e-11
1517.962923560731,22.37386417307692,-4.960243080899682e-12
1520.2888648461583,22.438951762854337,-1.2957443511562738e-11
1521.6341877383516,22.476643871683333,7.244056923295721e-13
1522.1553805372057,22.491255166740647,-1.307851117669549e-12
1522.7373952158564,22.507577476733065,-2.913785898186666e-13
1523.6678170855273,22.53368365262536,1.7523512429408458e-13
1527.331518659117,22.636636386617305,5.080186835621485e-13
1531.1162779383806,22.74325057731655,4.308364177163143e-12
1531.9896592283005,22.767890627108017,-2.935473109710597e-14
1533.55323762301,22.81203778385352,8.868218323025564e-14
1534.2161527898043,22.83076858465227,-1.7286573700225878e-12
1537.4496013546375,22.92224635964825,-6.702695434478817e-12
1540.6369939692702,23.012609658192957,-4.303884264294227e-13
1542.2350576294434,23.0579855586468,-1.3650923250704289e-11
1544.3734473708332,23.11877723100564,-6.86992618717261e-13
1548.0261643065367,23.222814108324776,8.48678822977995e-14
1548.317171645059,23.23111316503301,-3.3808428793370724e-14
1549.270508096905,23.258311698479215,1.1277790561622277e-12
1550.1764840015942,23.28417455798778,1.2305608376241011e-11
1550.2282119019142,23.28565168866058,-2.709174605092082e-12
1553.2217949708202,23.37121976085948,8.47324202902321e-12
1555.8277589560198,23.445842594013868,8.422764096101513e-13
1557.5885689162058,23.496334918542587,1.7956190572509333e-13
1559.636964186212,23.55514579736902,5.90924943582515e-12
1559.9342295280637,23.56368691806911,-5.311536153641121e-12
1563.0714256125925,23.653925053910324,6.7151174931526986e-12
1567.72767551391,23.788191397261308,1.5298089620810029e-12
1568.9983559144807,23.824901753539642,-6.4023213242934586e-12
1570.0896334315478,23.85645284423604,8.657328928920391e-12
1572.3007750012653,23.920448776488435,1.0792591831807267e-12
1573.1339990693807,23.944587715090258,3.5263978885675097e-13
1577.3336593504985,24.066448751261188,3.050640293302787e-14
1581.1457005480809,24.17734358362362,2.257306023614717e-14
1581.8732188919282,24.19853799784453,1.1969978150332317e-11
1585.330594895326,24.299393200200953,-2.3945646648277797e-12
1585.41680806222,24.30191094045713,-1.5285830846526829e-12
1585.9700094215655,24.31806970435165,1.839723623272486e-14
1588.0256080146428,24.37816221022041,1.2998186767399252e-12
1588.9789444626806,24.40605806763205,-2.3053841837513285e-12
1590.7005425242564,24.45647666855223,-5.248274071226824e-14
1592.6761859532194,24.514402500701586,-8.062006068584356e-12
1593.1892300941865,24.52945670611954,4.3433217490301345e-13
1597.8163073934422,24.66544765143021,9.086470843203283e-13
1598.9913213714003,24.700044394471295,6.272483177278137e-13
1599.2823287084448,24.708616652575703,2.610303555525793e-12
1599.7345509697411,24.72194094480169,-7.033749311584877e-12
1604.1697093760688,24.85281825045908,4.51166899061885e-12
1612.060939177118,25.08657682855277,9.251879006070398e-12
1613.8973369374253,25.14114019787895,2.480349052167321e-12
1614.5706506761967,25.161161376519924,7.488864500118542e-12
1615.2254171835802,25.18063905702506,5.868935001736881e-13
1616.5908186718511,25.2212817718845,-1.6296383084752737e-12
1623.0304338099795,25.41342710118142,2.0193775832694854e-12
1623.4271468695,25.425289210170604,6.442373252182301e-14
1625.5981312101205,25.490255110451724,2.6463823475717513e-13
1626.6242194888848,25.520990635520917,1.1977059475778419e-11
1628.3160589038293,25.57171047181395,-7.896934381292493e-13
1629.1756195800913,25.597499533077677,-8.629436123136057e-12
1629.2618327466328,25.60008690383598,2.7659420059665044e-12
1629.487650850458,25.606864651745674,1.2091294812920447e-13
1629.5393787503817,25.60841735509384,2.9788697585365643e-13
1634.1708233873183,25.747638033615594,1.863084048559337e-13
1638.0703823291335,25.86516471641025,2.3505695783845917e-13
1640.5816251999247,25.940997975388164,1.3131089194083889e-11
1641.600150875676,25.9717880180962,-4.815971643019859e-13
1642.7243822742807,26.005795733296203,6.569109978622938e-14
1643.160307225705,26.018988616773598,-9.442947859557868e-13
1644.5981012717093,26.062526996020072,-2.6075666739827746e-13
1645.3758161335336,26.086093140350222,4.572288199107909e-12
1647.2213078675952,26.142059412353586,2.0129526416688594e-13
1649.3271029713483,26.20599626434772,3.889972018082902e-12
1650.5940020614273,26.244501630816824,4.808841050609782e-14
1652.9544285832449,26.316321869449645,7.861048060278218e-13
1653.2611471745404,26.325661871003167,-4.600096005005864e-13
1654.134169181372,26.352256073939543,-1.1739435865010553e-11
1654.7161838525567,26.36999334236424,2.698560021806779e-13
1657.0301951521592,26.440576035552972,5.413594143559155e-12
1659.5878532401969,26.51870528038452,2.6971837611679486e-13
1662.1631132337443,26.597493961603764,1.9062038285522854e-12
1662.2392870956028,26.599826319759412,6.398111029548465e-13
1664.9327688185526,26.68236641635415,-8.729176689853659e-12
1665.209010223432,26.690839220700717,1.6630142893621758e-13
1665.972318426241,26.714258519256468,-5.462135196064577e-12
1666.6390148855028,26.7347224235297,8.876121600199571e-13
1670.2701217928811,26.846321113546548,3.1537276196052696e-13
1671.4115958219784,26.88145343093128,-1.385231634594924e-13
1671.579654801222,26.88662798157018,3.031534341523616e-13
1673.770131689236,26.954120539684347,-9.253955985304383e-13
1678.5790885397637,27.102603225232933,-1.232827324071627e-14
1678.6997869724091,27.106335423684566,-9.474449666711091e-14
1679.8522456303342,27.141984896835616,4.017906186498082e-12
1680.6390544690591,27.16633762861143,-1.6641506775714134e-12
1681.0602134886547,27.17937772031753,-1.4240676220687632e-13
1682.1781868798973,27.21400870179848,-3.5164183645251414e-13
1684.1782762548933,27.276022050573797,-2.397188832671654e-12
1685.987392066085,27.332177679999944,-9.386444108846565e-13
1686.5694067357256,27.350256450169862,1.8217479250380966e-13
1687.9113075787666,27.391962883975054,-1.7932119659455975e-12
1689.2537944740582,27.43372072416564,-1.994168822343688e-12
1695.1885140898014,27.618717006586365,-3.7677590605893536e-13
1698.2146917352497,27.713298368785196,-2.9632016727358256e-12
1703.102072361107,27.866406735093673,3.5093386163882676e-12
1704.4881385003746,27.90990851192561,9.375665986808347e-14
1704.557109033172,27.91207408092868,3.8588646548847596e-14
1704.9974013355613,27.925900649471878,-8.059612411293816e-13
1706.0699048286708,27.959595589228513,6.501539944759266e-12
1709.9154859244013,28.08058675434212,5.53190275937389e-13
1710.5050631945385,28.099160347091757,1.0210593741985334e-11
1714.0242063631945,28.210157923961834,8.900254178435467e-13
1714.6751915642885,28.23071570362571,-5.091303916234821e-13
1715.2566201802165,28.24908352167663,-4.992034350517107e-13
1717.3266254079101,28.314527275248835,1.8633104544104086e-12
1717.8625841277665,28.331484613533576,8.027439949076517e-14
1718.5901024629875,28.354511222820964,-9.962529547805913e-12
1719.1141312280042,28.371103244862592,9.616989881042535e-13
1719.7789370340315,28.392159888898853,-5.7984140632869845e-12
1724.5242360127445,28.54269597913707,1.5094048625153057e-11
1725.5427616815264,28.575060947540713,-2.5680541376582763e-15
1728.4200136249447,28.666592583532893,9.405034700593671e-14
1730.1052357493322,28.72027397724949,-3.348893907989325e-12
1736.0967691446049,28.911553083316598,-9.762019285034197e-12
1737.1598193831924,28.945559927971214,-4.0345857980036024e-13
1737.1880466459224,28.946463198301522,-5.954311363985895e-12
1738.5017202209845,28.98851689220836,1.3472761859944183e-12
1739.520245888702,29.02114410524448,-6.641455295131978e-13
1743.0867495959212,29.13554326321445,8.639104846462232e-13
1746.916978698163,29.25866261567283,-1.2137501955511026e-11
1749.5263646675376,29.34269380264908,8.197929300686759e-14
1751.9423003711154,29.420607048295253,-4.884664472342339e-13
1753.6924849447526,29.47711716461243,-2.636635778983103e-12
1755.9625577081642,29.55049753349376,-5.9567427587335166e-12
1756.1290853087212,29.555884294952808,-3.976838028388295e-12
1757.7989554469484,29.609928762452572,3.6096367880376573e-14
1759.596500566056,29.668162769997124,-1.0410694836632187e-12
1759.8511319826032,29.676416726457376,-5.353303671821604e-14
1762.6423975327637,29.766974771740482,-1.1610930985200788e-13
1763.8651313138091,29.80668957415505,-6.789850937647977e-12
1765.2076182014025,29.85032571588842,2.0309201772260166e-12
1766.2045338808612,29.88275090471065,4.2998988194966394e-13
1767.6197726014923,29.92881370494264,2.6477005416593206e-12
1769.8744933799353,30.00227594918003,1.6635538176119895e-13
1776.5079179770344,30.21894607784591,1.9827527616151144e-13
1779.0104261143324,30.30089704852744,-7.066185523197887e-14
1779.1593518087109,30.30577763464561,-6.363210567053603e-12
1782.4348481731483,30.413225362763335,-3.9398542200465365e-13
1782.5693672099767,30.417642282188524,-2.513165988602126e-12
1783.6892312431212,30.454425846371038,-2.4848030805858734e-12
1786.043985789661,30.53184654474974,-3.2375841793708082e-12
1788.5135400367217,30.613151411259505,3.250336304136952e-13
1789.8416202645176,30.656922105426293,-6.413337637945371e-13
1791.1229259984832,30.699182006000175,1.8840389661898317e-13
1793.2287210790473,30.768700826799822,-1.1849738840357589e-11
1800.9782283966315,31.025239504738437,-9.670873963166029e-13
1801.2692357289995,31.034894524258558,-1.2813805500749648e-13
1805.03238493383,31.159888523875615,1.2550975179519714e-12
1805.1951312330496,31.165300070115137,5.5633054000410155e-14
1806.4874215952223,31.208287883672366,2.1009690494079646e-13
1809.4374253553021,31.306534509767385,7.942132619613978e-12
1809.925664252815,31.3228102297519,-7.465317021142866e-12
1811.464796649103,31.374146819188226,9.541645191350442e-12
1812.0505926142039,31.39369706247209,9.941912765958533e-12
1814.4555436778992,31.474025688815683,5.1013432689054985e-12
1815.295971058473,31.502122224090964,-4.384160651283254e-14
1820.8951587179622,31.689642142945694,1.9951519335013976e-12
1822.5324342331323,31.74458453837371,4.689570782033702e-13
1822.6014047653523,31.746900080765936,3.4730390266706493e-13
1824.1286072056769,31.798195183103687,-3.723322723401745e-12
1828.952915986424,31.960514475689553,2.1491099413962245e-12
1830.0771473693048,31.998402098945572,-2.931441330135339e-13
1830.350326015688,32.00761198453271,3.3636603003965145e-14
1830.8595888463578,32.02478483109293,-1.3951878548115238e-11
1831.0778443452116,32.032146084938475,-1.2516612103238468e-12
1831.9508663405957,32.061599875096135,1.1636169318552384e-12
1832.0311807750788,32.06431020790793,-1.3309831900193275e-11
1832.8314509374682,32.09132303294371,-7.732478939180933e-14
1834.5740729000304,32.15018541022702,-8.982724466439569e-13
1837.9467670472397,32.264267352858326,-2.145926429916752e-13
1838.0314488348492,32.26713442503635,1.352376500634288e-12
1839.4648755069688,32.31568600961861,4.8598995940894875e-14
1841.9310077174828,32.399304930379344,2.1485484096889306e-12
1842.0689487817522,32.403985393944446,-1.2042214214323637e-12
1846.9406181029983,32.56951026687414,-1.2036068118563011e-12
1847.7374662366817,32.59662640542755,1.1445556608756245e-12
1851.288617935324,32.717611619925904,1.1748593481971882e-13
1852.5617750103115,32.76104374747042,-7.421127455979489e-13
1856.0593081584698,32.88051130428114,1.0232147680232026e-12
1856.4958191554929,32.89543731607871,4.825941683118837e-12
1857.0778338181715,32.91534412500243,3.0519312801877446e-13
1857.1217723361133,32.9168472196337,-4.2047324453282945e-12
1858.9324195029358,32.978818653990636,-1.3528080704664637e-12
1859.6430544709606,33.003157436758165,2.5305889535568102e-12
1860.0278375688454,33.01633988828441,-5.967068516605886e-12
1863.3795077770098,33.13128156028141,-8.754781469856002e-13
1865.136895666543,33.191631851122054,3.3445937555743664e-13
1865.4341610012625,33.201845837254176,-8.207037187339708e-13
1865.7954434624758,33.21426163225986,-2.428350166161807e-12
1866.0525515800261,33.223098847126465,4.227926649233793e-13
1866.8867209543716,33.25177895932861,-5.2534030164561794e-12
1869.6764551075162,33.347787712301574,-1.1533271741940315e-11
1872.095812820033,33.431166027911004,5.54316351927744e-13
1873.9221712406566,33.49417923000388,-8.129455670700863e-13
1873.9551251290802,33.49531677271185,-2.447343757584781e-12
1875.4402796970726,33.54660392412381,-2.2507931150475634e-13
1881.122617745655,33.74320840494045,1.357063618856447e-12
1882.4397133362518,33.788863798299175,-1.1268673235993216e-13
1882.5412784838236,33.79238574818317,1.6813418135296165e-12
1891.9098733084522,34.118075389658955,-1.721995922735922e-13
1892.8459671018495,34.150706579778664,3.309861689618519e-12
1894.5522131418004,34.210225946623375,1.415334112074367e-13
1894.769882587432,34.217822816252315,3.3956057079541853e-13
1896.4914806097966,34.277938966349765,6.307083669626346e-12
1897.2036469538332,34.30282292966927,2.3032663435456422e-12
1898.131592093053,34.33526048559998,5.751249906254359e-13
1898.7863585869668,34.35815826356253,-4.0239319511668124e-14
1901.4033071324152,34.44975418506308,-1.0633519449788885e-12
1902.0279557134024,34.471636184860145,2.2719629806244716e-12
1904.9760688059637,34.57500824115645,2.3444631826997908e-14
1907.985003776014,34.680678033325606,1.3555062848172027e-11
1909.0245533663551,34.71722439425625,5.259724891609789e-12
1909.9606471588468,34.7501507010715,-6.645234820158566e-13
1911.3677372128482,34.799674269864354,2.8404514064136633e-12
1912.8955256974737,34.853487206649966,1.1459773501837472e-14
1914.4136341505096,34.907001774576166,-4.5227715954511334e-13
1915.727307710669,34.95334410768579,-2.5128510898992903e-13
1917.8001488868858,35.026532176089226,-8.81959268152171e-12
1917.8848306740986,35.029523811238086,8.135263664472045e-12
1923.060968636269,35.21263703225183,4.096857269560258e-12
1924.512583259413,35.26407857032597,1.8004058678945111e-12
1926.8457277996547,35.34684062225518,-1.5797971631789119e-12
1929.9456025567447,35.45695549210977,9.862336168661623e-12
1930.9635421597543,35.493153716916176,-1.035276908501237e-11
1932.8880436936545,35.56164170019562,-2.6670800517573083e-13
1935.0245427213838,35.63775403249147,2.7418011635154307e-15
1935.2785880827826,35.64680993901166,-1.7809204008718175e-14
1936.8791283979206,35.70389143362002,-3.65826542611684e-13
1945.7240537097223,36.020186819281925,1.463905881995285e-13
1947.3221173212162,36.07748743610326,-1.006345040734655e-12
1947.4967935736863,36.08375352880998,-2.245583459930924e-12
1948.3582448813988,36.11466425466427,1.9657084419561965e-12
1949.1221391222025,36.14208585860395,-6.260586940100408e-12
1949.6677778656156,36.16167929964252,1.728472026800528e-12
1949.995161111655,36.17343799669828,5.181286911820336e-13
1956.384938852644,36.40333638731292,-4.833347944206344e-13
1957.0764405335017,36.42826108918763,-1.3820650877155417e-12
1957.9494625225927,36.45974114563459,9.183945799024037e-12
1962.3946601217579,36.62024702363247,-9.457823492609034e-13
1963.4571242930956,36.65866406125767,-9.515842701193165e-12
1963.5490094087825,36.661987459808046,-3.846910055692148e-12
1963.8606813992421,36.673261502161246,-8.847869132058899e-13
1967.0672071961242,36.78935435809831,1.1961690848545448e-13
1967.7392163205216,36.81370857791481,1.6435768932115896e-13
1967.7947255199958,36.81572065357055,1.041734093066356e-12
1970.7237053189074,36.921969674935156,1.2857099845612133e-12
1977.024074640233,37.15105173825943,5.134387088908711e-12
1978.4756892592795,37.20393623504373,-8.40735742220874e-13
1978.4948225425505,37.20463354841842,-9.733055106810256e-15
1981.5539540220213,37.31621046571692,7.778203510598298e-12
1988.8669502615944,37.58363889828924,-1.0309698455081095e-13
1989.8026847773672,37.61792879751198,7.343133560005039e-13
1989.9692123756054,37.62403287558052,1.1687626586517406e-11
1990.41765332402,37.6404730426606,-1.7652584070520472e-13
1993.8401846903425,37.766067522814815,-9.37537747882556e-13
1994.0660027886831,37.77436181555066,7.841376891654633e-13
1994.339767484954,37.78441844523215,-1.0992709358424556e-11
2001.3541937894104,38.04256126762025,-2.8281406269380745e-13
2002.6960946059432,38.09204877966865,5.971297118408948e-13
2003.3398764668732,38.1158023699156,3.975531279080749e-13
2005.1298589585724,38.18188739695507,-9.301160021955546e-13
2006.3933359915159,38.228569707093826,9.598904077175192e-12
2006.917364747366,38.247939883791744,1.0543483658262745e-11
2007.738658835655,38.27830834018321,9.828801406530358e-13
2009.9541676909917,38.36029173537794,-1.5498091617309102e-12
2016.295998815023,38.595466711649195,-1.5038973745891683e-12
2017.886859092227,38.65457702989683,-1.16858810390973e-12
2019.1565941278814,38.70178900911009,-4.0073007534204907e-13
2022.405394562841,38.82272288134564,7.793780215270338e-12
2024.3120674026527,38.89378771497013,7.442933282276475e-12
2024.9630525915798,38.91806633916498,8.693736609806287e-14
2026.4328551653018,38.972911633135034,3.718892549522524e-13
2026.8176382597783,38.98727628507086,-2.1686790497697897e-13
2027.5570865360994,39.01488888920686,-5.072664781376813e-14
2029.4308054872977,39.084902720050415,2.0135616074762337e-13
2031.5657731271692,39.16475725785597,-3.129849677097975e-13
2032.0540120187018,39.18303073175151,-1.5544003105515846e-13
2032.8938533368566,39.21447401565887,-3.702580498515646e-12
2033.9851308191692,39.25535036701613,3.6130947027217883e-12
2034.2626768156476,39.26575000080142,-6.361520269704298e-13
2035.426706130039,39.309381572830205,-3.7133809386594013e-14
2039.548887820963,39.46409493424094,-2.0838232333635715e-13
2039.6900241321207,39.46939759182794,2.7266034698041355e-13
2041.9322288688109,39.553689086474165,-2.798045881081922e-12
2043.1574393331543,39.599787711419424,-7.995001007076143e-14
2043.204799878593,39.60157021018533,-3.1318080932266084e-14
2044.420557091053,39.647341549372435,-2.0827588563466038e-13
2044.4305963952486,39.64771962666562,-1.3618903390325403e-12
2045.7414339713057,39.69710133804676,-4.3775506541846744e-12
2049.321398947465,39.83212659973347,4.2104301583520425e-14
2050.0417139398173,39.85932319404772,-1.2841745006737578e-13
2053.832145030511,40.002594193017416,2.075639094531429e-12
2055.757591877982,40.0754737430283,3.8213026127162993e-13
2056.4123583666965,40.10027268652414,-2.3409390632110577e-13
2057.507776421366,40.14177873901983,-7.92147775182701e-12
2057.783431767187,40.152226967753236,7.172514776491261e-13
2062.793042095952,40.3423512573686,1.0043899132177024e-12
2063.5324903710657,40.370453887493376,7.316124920244068e-14
2063.5898902206486,40.37263578216373,-4.337768002410729e-12
2069.884360783737,40.61227071265799,-8.70600410558567e-12
2071.402109952237,40.6701617000814,-1.4067432939599666e-13
2071.9954685106327,40.692805509905945,-6.333187572353097e-14
2072.974196215071,40.73016998782558,-1.4036669666510973e-12
2073.9118213775564,40.765981860534744,1.3434638988794774e-11
2074.4292328555284,40.7857509284409,1.7494926889587458e-13
2076.7896593157716,40.87599980171602,8.124393508717582e-13
2078.6499169307285,40.94719746539647,2.260960399529374e-12
2078.857187797389,40.9551342929331,-6.821857596529949e-14
2080.021217109466,40.99972206984851,2.909437895036968e-13
2081.9049753604427,41.071931716820444,-6.315752302387787e-13
2084.983240108429,41.19007077349246,1.240404267124263e-11
2085.8390194594454,41.222945274230796,5.210533680808926e-12
2089.38981184195,41.3594919847893,-2.979784527249366e-14
2089.8592767218543,41.37756277088682,2.5327707589469345e-12
2090.2741777277715,41.39353664711494,-1.4987636814616415e-11
2092.9983633462252,41.498497786335726,6.099207059823806e-13
2093.9441371617204,41.53496981855322,1.0865210333415622e-12
2098.2921369393057,41.7028544511877,-3.7618156394579054e-14
2099.507894148839,41.74985947533269,3.931457906739629e-13
2100.286554314291,41.779979246836795,3.1118451156758744e-13
2100.6751187082277,41.7950136918454,1.0160766782196954e-11
2101.7663961872886,41.83725258709618,2.018227390628309e-12
2108.8476755590823,42.11187301918802,3.7707757620930144e-12
2110.375464029235,42.17124361434192,1.9830242455314422e-15
2113.6202563708466,42.297480437840015,2.0382545386084415e-13
2114.6387820174245,42.33714560007833,8.581575308738555e-14
2117.007357127473,42.429460581155546,2.3566027971235734e-12
2121.9925214821965,42.62409451711452,3.1154586659262093e-13
2122.3773045750727,42.63913649270511,-1.223490765702558e-14
2124.2011862705426,42.71047294389728,7.089425562839387e-14
2124.222210204044,42.71129559833749,-2.644644176449188e-12
2124.7104490936176,42.73040239568254,-1.5608057883633184e-12
2125.0478716411785,42.7436096947743,-6.316335317766751e-12
2125.5838303488044,42.764592352104955,-3.6662533757162343e-13
2126.686092456087,42.80776228588173,-9.727303606657727e-12
2126.893363322332,42.815882518904964,1.3128909029842567e-13
2128.8110207828217,42.891047952516324,-3.988879271736781e-13
2133.7372539081944,43.084449502701894,2.7157823854654973e-12
2134.3590665067463,43.10889334138239,-6.330329900138809e-14
2137.8221143406927,43.245158188402534,1.9603473658259344e-12
2139.365614064273,43.30596336416771,1.528123653389399e-12
2143.588774830862,43.47255636218145,-4.582417605769523e-13
2143.7377005223975,43.478437100590874,2.1568109207437705e-12
2147.4750991018723,43.626152287311676,8.965784641814112e-14
2148.2675798706705,43.65750698881167,2.5862806536640997e-12
2153.2373922367647,43.85440262984776,7.907346389646475e-13
2154.128961448909,43.889773240218354,-1.0690156514477999e-14
2154.2496598782895,43.89456275106353,3.899904855740087e-13
2156.901093657902,43.99984367185105,-5.050290119746663e-13
2160.3111089925205,44.13543609061099,-3.775313326581135e-12
2160.8523803776643,44.156978359691394,8.492547972259282e-12
2160.9370621639277,44.16034913104677,-1.2632483258363867e-11
2161.3406192665325,44.17641459750286,-1.5310481700134292e-13
2165.8475840278916,44.35603912013138,4.343226158451312e-14
2168.2826529614476,44.45324418566965,2.6048852182570954e-13
2170.206568422269,44.53012185128535,-9.824239425729771e-13
2170.294672236411,44.53364402096999,1.4971363497776021e-13
2175.955626999661,44.760254556990745,-1.4548196278390097e-13
2179.309547080465,44.89479194517545,-3.1766458803152238e-12
2179.9216796465766,44.91936906976055,-1.1137053537024743e-13
2182.355443980866,45.01715299216495,-7.064828388385892e-14
2185.397332800634,45.139523585325406,1.922610262513259e-12
2188.7069550902092,45.27285830313887,1.2620120036448194e-12
2189.206537880673,45.293002517079984,-1.1657689472259845e-11
2189.503803210847,45.30499105324168,-5.360213228611072e-12
2189.574078339801,45.307825445808476,7.717580429704693e-13
2191.320122300173,45.37827749324445,-1.6223249712340403e-13
2191.410476037393,45.38192475200816,1.1348344692880036e-11
2192.5854899735523,45.429369576391416,-3.6061122748852144e-13
2194.9286737899074,45.524058803272716,2.1813148863934123e-13
2196.609528519673,45.592045278495235,1.3853293889988455e-11
2196.6612564178963,45.59413837130209,-2.5892785540522855e-12
2205.4468911289096,45.95035117854964,9.107070925002705e-13
2207.434105166966,46.0311197761674,-2.6818021646429065e-13
2210.6287009758007,46.161113828698916,-1.1181242390713862e-11
2210.715273412258,46.164639238633676,5.152573172342166e-14
2211.2107156288243,46.18481733349598,2.744371609565593e-13
2212.3158137080377,46.22984144385994,-3.8794321550914236e-13
2213.7759362391566,46.28936452378098,-1.9964469989342807e-12
2217.1376456962944,46.42655663386144,7.328836051897807e-13
2222.856000299051,46.66040218483894,-2.628114800160615e-13
2224.2975755989273,46.719448818097334,-3.7526943468336824e-14
2227.5423679264563,46.8524949118799,-2.504722011079502e-13
2232.683075227623,47.063676167510756,4.2922914516766765e-13
2233.7608913691593,47.108014795820004,-7.715191056759725e-12
2234.0399687409663,47.119498820358686,3.5827163651321956e-13
2235.0090164078983,47.159386239360494,-1.3377387479740372e-13
2235.1463714172583,47.16504137209389,-9.027230661554853e-13
2235.1642001023547,47.1657754340061,-4.886916498194205e-14
2236.674159880096,47.22796637897546,-1.8788292928265724e-13
2237.037919037903,47.24295486080896,1.9398297078412257e-13
2239.6611255474672,47.35111470685305,-1.4974814791752074e-13
2239.796949179253,47.35671842773365,8.758563588721656e-12
2240.8154748209895,47.39875090877765,-3.294799125068591e-13
2241.9105335949357,47.44396307380632,-2.3566192294111775e-13
2242.733132273337,47.47794059004348,4.90175603688559e-13
2243.033819630844,47.490363620658535,-3.5774037850196937e-14
2245.700964657025,47.60063079790927,-1.412464164494236e-12
2245.7483252020847,47.602589998362774,3.4473049355280415e-12
2246.1603902300108,47.61963795607253,-3.719811258948329e-12
2247.0180602260903,47.65513151636001,-7.307613582069811e-13
2247.1560012877726,47.66084129317977,-2.0075167564776488e-13
2250.7908893820145,47.81142606257197,-9.464247194178821e-13
2252.0276705179385,47.86271845780543,-2.0064905076832916e-13
2253.724236499473,47.93312511250831,-1.9613241760445138e-12
2256.957684921626,48.06745845496971,-1.7419181750260344e-12
2257.648827320975,48.09619689035865,-1.2371488335966778e-13
2260.272979153867,48.2053920405007,1.7379967610376725e-13
2261.781993605141,48.2682419876006,-7.806783462553099e-13
2264.019471696461,48.361509409096726,-2.2552140928742363e-13
2264.730106651488,48.39115093471623,1.8654480924193285e-13
2267.3642977878653,48.5011076890096,-1.1557303863971532e-11
2268.051072833903,48.5297961502243,1.3136641279398683e-14
2271.1396036439287,48.658919874711366,7.048204755602151e-14
2271.169721556251,48.66017989416541,8.252770788789816e-14
2271.6100138458,48.678601964663315,-8.149325693891532e-13
2273.530147998877,48.758983173441585,-8.013059711015204e-13
2279.009223162859,48.98872319032847,-1.3552267239979868e-13
2279.3849122745964,49.00449625782117,-1.0928763417217123e-13
2285.6276548880965,49.26697436584869,-2.2066486989130465e-12
2287.6283302526917,49.3512453015084,2.802888812061565e-13
2287.639314881966,49.35170819128488,-1.3885997913400053e-12
2290.8458406364994,49.48692547982679,-3.8015129825482446e-14
2291.136847962217,49.499206460444825,-4.169228421768503e-12
2291.7326832184353,49.52435654044916,4.351047376484355e-12
2291.8088570777577,49.52757229439527,1.0734447037140008e-12
2295.5418882844783,49.685296826501336,1.0775327069861698e-11
2296.8843751378045,49.742081079034286,-1.9986434496976542e-12
2296.996924912822,49.74684319624574,-2.8706568862139436e-14
2297.5692595328364,49.77106297707078,-7.0680549003642006e-12
2299.2463329560055,49.84206730784273,3.4923303641752426e-13
2299.856934142028,49.867931950628176,-1.1548984620820186e-13
2300.818419205458,49.90867371289557,4.318423181008903e-12
2300.835661838138,49.90940450395412,4.140759840948415e-12
2302.273455833557,49.97036150824892,-4.797619740291384e-13
2303.49618958302,50.02223073728471,-9.48376335860268e-13
2307.1150071426064,50.175904904969414,3.7874741301581547e-13
2310.20862384738,50.30746752076482,-7.509038341047255e-12
2313.0720551032796,50.42939811811331,9.992163785801516e-13
2314.2461237094067,50.4794359540121,-5.858505710200671e-13
2315.126708287277,50.51698240685398,2.1458205050890252e-14
2317.9825769413637,50.63884950054265,1.9103971425995122e-15
2319.8572411969817,50.71892781507469,-2.1171185698603e-15
2321.7021468130106,50.797798160786144,-3.51077474697758e-12
2326.1363597181225,50.987618721215256,1.1573309839824282e-13
2327.409516766703,51.042187176311195,2.5964665530406264e-12
2329.59963430838,51.13612709826297,3.001353791227098e-13
2334.1266776519196,51.33058401205222,-3.835976594110228e-14
2341.217636996423,51.635931446460674,3.732121675477882e-13
2341.6024200863385,51.65252728220039,-1.7402486300725167e-12
2341.9661792429097,51.66821885586227,-6.098472587083534e-14
2342.1637700763035,51.67674340479374,-7.579481866146276e-13
2343.2262342316953,51.72259302196404,1.3967284895660796e-11
2343.7273483971253,51.744225337646924,-9.783807527065516e-12
2344.462429311581,51.77596600185098,-1.5020841274454536e-13
2346.1322994037405,51.848107686153256,-8.095615815373542e-12
2347.432152335908,51.90429945251579,1.8322940814795655e-13
2349.0684824877794,51.97508115403193,1.109310547531768e-12
2349.5567213735267,51.99621014949163,3.4244567189872393e-12
2353.4452955402253,52.164648597696235,-6.68562037809831e-13
2355.0822117441803,52.23563697350673,8.637390235941735e-14
2356.672485948752,52.30464988770424,1.1766967316791938e-12
2357.4727560928404,52.339396722852314,-9.210723262348362e-13
2359.653193601245,52.43412874254096,2.939585488797458e-13
2361.581476402779,52.51797853567005,-8.355136984552844e-12
2362.1634910529433,52.54330042106589,-1.0187858339101317e-13
2363.327520353241,52.5939629113786,7.515456625726467e-15
2363.759663987786,52.61277761634743,1.7807682497810844e-12
2366.729387010409,52.74216670903358,-4.071370628495929e-13
2368.947731811395,52.83892469379679,-1.4749679076657286e-13
2369.7082040116816,52.87211522470222,3.152520724886178e-13
2376.789483317409,53.181686515598386,-4.216989778366778e-12
2383.5627394437347,53.47865630176728,-1.4015297395370822e-13
2384.971134068932,53.54051274026582,7.878040448756072e-15
2386.1868912663654,53.59393796164071,2.1837634615802236e-13
2387.507768130321,53.65201342051877,7.876726207966258e-13
2389.6543064239336,53.74645957864527,-4.076059350563397e-12
2391.319809160832,53.819798990554446,-2.490318930450381e-12
2396.065107989743,54.02903556147604,2.207391156106423e-12
2397.472198016477,54.09115874118119,3.853644977310185e-12
2398.563475484398,54.139363872804346,-1.2246113229587749e-12
2398.9272346403645,54.155437124887335,-1.5628972976395317e-13
2400.081583908158,54.20645994508572,-1.9961898027543527e-14
2400.5682914156373,54.227980018975316,-1.6156671887882748e-13
2400.8592987403945,54.24084917256809,5.306084846270284e-12
2404.046691201033,54.381906650980426,-2.323124900523711e-12
2404.767951509461,54.41385186121818,4.671473931450258e-14
2407.1537692288593,54.51958995906722,9.772946650546755e-12
2407.7831444230865,54.54750099161767,-2.030894195474922e-13
2409.795749734744,54.63680339149362,-6.71288836336956e-14
2412.0044145017387,54.73489112302148,7.772037148906337e-13
2413.258797536962,54.790638810969455,-5.671560540393232e-12
2415.041217400432,54.869903533060345,-2.5835609839742934e-13
2419.237455464687,55.0567425100733,4.546364307818695e-12
2420.4162506930043,55.10928713988785,-5.68740063939845e-13
2428.168234503495,55.45546836022777,1.4702232574631709e-12
2430.501378998351,55.5598765784615,7.609366664387136e-12
2431.9046877230744,55.622722938624065,-3.615218396416686e-14
2432.6263073037435,55.65505437236829,-1.198357183227506e-12
2433.601253695369,55.69875109152192,1.6633891189252348e-12
2434.1540957573447,55.72353703761814,-3.2510804289783414e-14
2434.1832683443527,55.72484510853551,-1.3230740605209215e-13
2438.7084210239814,55.92793844547179,5.604644009571922e-13
2439.6617574297907,55.97077323233578,-1.3339213846937349e-11
2444.413314255784,56.184517235196054,-5.82238969951009e-13
2444.5553958901087,56.1909150384696,1.2184173407926794e-13
2449.5176456074196,56.41459379635057,-2.2702835327026724e-13
2449.5615841243093,56.41657639833561,-1.291002250509578e-11
2449.653469238343,56.42072257059995,1.2778393944617497e-11
2451.7742569691836,56.516463025231445,-5.494794676875189e-12
2452.898488323157,56.567248721214234,7.495039316077318e-13
2454.7722072463707,56.6519432852427,-2.9751065839800746e-12
2457.3954137387163,56.770624323402686,2.2966788925743132e-12
2458.522481068027,56.82165486312799,-3.682587699365031e-13
2459.261929333162,56.85514777912951,-1.350863990679665e-13
2460.7681078000396,56.923400484214284,5.486642310643017e-13
2462.5948254509094,57.006234545862,-5.839198346777525e-13
2462.8532381603154,57.01795745215891,4.115529588730057e-13
2462.8704807929143,57.0187397088802,-2.43941685724274e-13
2464.3804405603205,57.087264186764905,6.394992275496557e-13
2464.8902894301423,57.110411458631845,3.0789150199203428e-12
2465.988543445043,57.16028874421429,6.652506222415482e-13
2467.8800910525897,57.24624560344617,1.6743218820459102e-13
2469.0344403182394,57.29873463014427,8.153328893929539e-14
2469.7619586287874,57.33182798004413,3.0773397055345368e-12
2470.5945966056506,57.369714977540454,-1.4459745143644856e-12
2472.097939096584,57.4381529616104,-2.0377098230451852e-13
2475.3831153956953,57.5878518242742,1.897405079352612e-12
2477.3070308380547,57.67561307799129,5.1642767702467876e-12
2479.5712047995303,57.77898288902043,-1.2515019529569556e-12
2480.0005124571985,57.798593381031694,-8.796123217452026e-12
2480.4442267719523,57.818865527513445,8.142640674611271e-12
2481.753759730547,57.87871580957938,3.4588014629820563e-12
2485.119250461213,58.03267553757722,-2.4027891431166417e-13
2486.9920240577053,58.11843889955164,-1.052834954401118e-13
2488.753193204872,58.19915030000418,1.3600424410286773e-12
2488.8738916329853,58.20468379665135,-1.0809760905006284e-12
2489.007824613437,58.21082435392181,-6.243666334893333e-14
2489.212618774573,58.22021439245222,5.775951380775794e-12
2489.6262151770898,58.23918060009463,2.1408097824446618e-12
2496.7435111026166,58.566050688616066,2.0784961392726863e-12
2502.4004577288165,58.82651810680139,-2.04029650963416e-12
2503.991317979408,58.899873583389166,3.8816905467381034e-12
2504.6350998291177,58.92957198310753,1.9721360498780833e-13
2504.889145185208,58.94129348935453,-3.3540002633811116e-14
2505.362618139013,58.96314243103385,-4.298755997597067e-12
2506.8534446218828,59.03196526674184,3.3643707037717544e-13
2511.7260591405434,59.257191276945065,-1.0137350666753483e-13
2513.934723901677,59.35942605390352,2.7795465711600565e-13
2514.4439867184883,59.38301158319637,8.74664451793535e-12
2514.7312127417117,59.39631601189926,4.402687305670144e-13
2516.655128182181,59.48547175549379,-2.3551342944145137e-12
2518.7073046519163,59.58064636840587,-6.932164881502868e-14
2521.4794368298258,59.70933383215169,1.7116979234872481e-13
2521.688012291462,59.71902201399735,2.8014630284708993e-14
2524.849294910221,59.86595946164127,-5.808792060363039e-12
2525.4636773930815,59.89453752516672,-1.3979198686333147e-12
2525.5728051395113,59.89961434056678,1.028874204170823e-11
2527.4643527442463,59.987647329526226,-2.039543290386921e-15
2528.036687360597,60.01429688063789,2.072579315122365e-12
2528.679883157556,60.044253133642236,-1.2738894578935682e-11
2534.351822488793,60.308748399994265,6.488505987696778e-14
2535.7168646440186,60.37249185312307,-2.929944444373801e-14
2538.594116486948,60.50696347300711,-1.0375362678476945e-11
2539.0823553702276,60.52979700365119,-3.0112577633136606e-13
2540.3342616986633,60.58836513262951,2.4213520480094698e-12
2540.654441609301,60.603348795344694,2.7357324172118937e-12
2540.9852468763415,60.61883168305524,1.3525719434005725e-13
2546.5484177323387,60.879510279640854,1.4725864673275853e-12
2547.3339219425557,60.916363301642235,-4.603121716962322e-12
2548.824748423921,60.98633875484833,3.595362929071723e-13
2554.082146025423,61.23343386275756,1.816731332661535e-12
2555.988818831529,61.32317235819748,-1.1811069567685788e-11
2556.752713055979,61.3591442057807,2.8032593440960496e-12
2557.5395218639674,61.39620634075812,1.5342580844012674e-12
2559.0786542147835,61.46873917633147,4.662498131705734e-12
2559.7004668052587,61.498054964930624,9.35310596004348e-13
2565.972381957576,61.79414700888286,7.331703557416371e-14
2566.024109855244,61.796592053896525,-9.311682334469218e-13
2567.188139149369,61.851625766548054,5.454985186737998e-14
2570.9346316600404,62.02892425208613,7.240048607506652e-15
2572.816499231532,62.1180790431544,-1.3246977595298946e-12
2575.2936160022045,62.23553363155101,3.341221333108518e-13
2576.378635461853,62.28701634547426,1.1101591060621396e-11
2578.084881459315,62.36801928805157,4.0301941495060814e-13
2580.445307882082,62.480167440689385,1.370224057423129e-13
2581.2722739057326,62.51948237782708,4.3327265722595725e-13
2585.9065543152697,62.7400346216526,-2.83222931128376e-12
2586.682019220757,62.776978778914014,2.2621233559627807e-12
2587.296401702735,62.80625662458239,1.6313849789534228e-12
2587.4343427631134,62.812831037804834,8.907396122869857e-14
2587.51465719528,62.81665906793408,-8.671419724903303e-13
2589.1845272768924,62.89627707322648,7.795078352498228e-12
2593.7940024517466,63.11631957305182,2.1037340849637005e-13
2596.0434104771016,63.22384165692238,-2.1190092972818335e-13
2597.599785459118,63.29829119908787,-5.233232775803654e-12
2601.2970267723013,63.47532845724434,2.1494901192383365e-12
2601.384544532968,63.47952217426868,5.528999318869336e-12
2601.417498420514,63.481101310643574,-5.292968984842071e-12
2602.4871658973166,63.53237018744262,-3.1926229256636944e-12
2604.6337041793677,63.63531678015919,1.2973319384020423e-11
2610.3266674339384,63.90875868657744,-3.5878379266667146e-12
2614.9154779462438,64.12960096834885,1.3249532644605792e-12
2615.9340035774926,64.17867139859504,4.2569504377842964e-14
2616.6615218855136,64.21373340561445,2.39697204384346e-12
2617.402860798195,64.24947151199201,-6.4668648389056e-14
2618.862983312793,64.31988999502592,-1.471612007162178e-13
2621.5360270421716,64.44890674562045,5.903803981708086e-13
2625.4700710762795,64.63902615903568,-1.1318952413707322e-12
2625.6481693525925,64.64763980849526,2.543998316278402e-13
2627.2882807935644,64.72699058571746,6.707516575209032e-13
2627.8051062103686,64.75200555545119,-8.556154618102185e-14
2632.629414845806,64.98574520210629,8.51847055431409e-14
2632.775504559731,64.99282999392777,3.962329697444328e-12
2639.1963453913127,65.3046045480853,1.401401633450483e-13
2640.524425575574,65.36918646497841,-3.710564909996698e-12
2641.606023005809,65.42180641717599,-1.1926878835766393e-13
2641.7612066985535,65.42935790558758,-3.131923572513048e-14
2645.9790547254775,65.63477506613538,5.929030476595151e-13
2646.989790975162,65.68404850343401,6.191121396040849e-12
2647.0989187212945,65.68936961150963,-1.3411145792808142e-11
2649.6389747942767,65.81328563452203,5.544543106954726e-13
2649.878613492498,65.82498248584274,-1.1571769671971405e-13
2654.5326132303762,66.05235565761853,3.92246276553112e-13
2656.0024157750395,66.12424639742207,-6.372143415518859e-14
2656.3871988619185,66.14307341696573,-3.6381579641502483e-13
2663.2502226256906,66.47933187347041,6.1769299876071995e-12
2663.4684781178803,66.49003968266653,8.830977202953802e-13
2665.0693776666985,66.56860806614499,2.2645962143427713e-13
2665.4140035374894,66.58552766842897,-4.3095260938474196e-12
2666.8690401520034,66.65698763295367,-1.3013500146706644e-13
2667.251932588469,66.67579878216934,3.48185458471551e-12
2671.501789175503,66.88477162079771,-6.386103217914786e-12
2672.4513442754765,66.93150836891063,-8.518990450625311e-13
2674.8807412235287,67.0511579872231,1.7072863808083045e-13
2675.3109942044534,67.07235960076973,8.634870400367178e-12
2679.6357200514026,67.28565889356929,6.843930161324131e-12
2680.759951399469,67.34116339664725,-9.335293339120229e-13
2681.5423928523232,67.37980710787741,-6.015344062768062e-12
2682.6336703128554,67.43372263916764,3.705582659716618e-12
2685.256876791478,67.56341422721633,-2.8605803234890275e-12
2685.614377941616,67.581098934076,-2.5678447213624805e-12
2687.106149743674,67.65491864229254,3.704327791468425e-13
2688.6295708352195,67.73034680931336,-6.833770296923431e-13
2690.3873179465563,67.81743012989024,6.069060764415582e-15
2690.7147011846605,67.83365582629673,7.504660052732282e-13
2691.3230524415194,67.86381204119986,-6.161513653874877e-13
2691.9878582217125,67.89677452503618,-8.799991488193164e-13
2692.6138113838565,67.92781805501342,1.2430626964742545e-11
2692.7263611577464,67.93340061563985,-2.314713173836751e-13
2692.751752443928,67.9346600764132,-3.834875423527193e-12
2693.880710417513,67.99067075048916,-1.7888080132130725e-13
2697.6234216174207,68.17652476190449,-3.832911547832023e-12
2702.689259594238,68.4284930480064,2.60715647264661e-13
2703.244578355483,68.45614264161031,-2.3632691365095217e-12
2704.7263108530233,68.52994662988276,1.6146907054611283e-12
2707.4326677379486,68.66485263789676,3.691736436642436e-12
2708.822515121876,68.73418594430758,-7.225071317376706e-12
2709.6152226578697,68.77374653378803,-4.308027779308489e-12
2713.2103127654027,68.95330715221303,2.0510837082281876e-12
2716.7353545243072,69.12960029912934,1.3463831100471639e-12
2718.9593712577603,69.24094480413066,2.9618107972042944e-14
2719.333169714999,69.25966781762989,-9.765736233134865e-14
2721.2508271435822,69.35576092267407,-1.2246453175946474e-12
2723.052739549994,69.44611581825647,1.3657890245809063e-11
2723.2226891722853,69.45464083978518,9.14490407412772e-13
2724.5877313219917,69.52313345166452,-5.1597909715153824e-12
2724.6049739544906,69.52399884076014,-2.5888176664772865e-12
2724.637927841954,69.52565277600297,-1.055154634347625e-12
2725.8324343169693,69.5856178219409,-4.381422539739126e-13
2725.9014048469608,69.58908099255831,-6.48741629176067e-12
2726.78919274443,69.63366670960423,-2.5877991884707734e-13
2728.3380051209574,69.71148458546175,-6.035378609267723e-13
2728.4010769203933,69.71465447471704,-4.013970780670235e-12
2728.8375879042082,69.73659483746866,-1.6281383797004008e-12
2733.22408094809,69.95726810424077,5.3542011123991585e-12
2733.9782951384927,69.99524640500827,2.1291685595575318e-13
2737.416537681153,70.16851116673816,-1.301166823169162e-12
2742.592675504748,70.42976507756578,-5.483645097123114e-13
2745.1986393478246,70.56148202393071,3.127954157132811e-14
2745.4526847025995,70.57432929251628,1.964522427949261e-12
2746.689465822999,70.63689124534194,-2.900864363006961e-13
2749.5494750206285,70.78167129278162,5.108433676835764e-14
2751.5620803165953,70.88364418639476,3.143545325439191e-13
2752.7107576240855,70.94187779116423,7.234972918819988e-12
2753.7190171689467,70.99301277546532,-1.0757333295995775e-13
2763.5783273056954,71.49402531789917,3.6493037729794945e-14
2764.5219836734304,71.54207222871483,-3.042560975135722e-13
2765.437639559097,71.58870915630662,-1.7983277754635186e-12
2766.5590349298236,71.64584601362483,-5.514032786502021e-12
2768.4829503600436,71.74392649243494,-3.802444621601656e-12
2768.5159042474797,71.7456070630578,-8.069938928001744e-12
2771.4047267579554,71.8930079451041,5.124884477080042e-13
2772.3141246401688,71.93944138041698,-9.323926795193746e-14
2774.7952494810033,72.06620394762845,5.254991370673496e-14
2774.8253673929516,72.06774339141188,-3.974802053904399e-13
2775.195384549154,72.0866577730683,5.733272829743098e-12
2777.241303004392,72.1912856987175,3.0880906623993384e-12
2777.2914995243045,72.19385370939268,7.1910559460078e-13
2777.837138253576,72.2217711106691,5.9026170635363306e-12
2781.8765287207602,72.42861559359442,-3.108322747715804e-13
2783.38648847773,72.50601306045695,-3.759651511731938e-12
2784.2595104444663,72.55078155246053,-6.369448252372512e-12
2784.9142769195096,72.5843671349775,1.5412695265468717e-14
2786.922874133948,72.68744536458672,-1.4343650611226539e-11
2787.561929354014,72.72025631440339,-1.1649451927392752e-12
2788.668918067296,72.77711013012491,-1.110368714043659e-13
2789.164133496974,72.80255119932016,7.76600864714086e-12
2792.482263661177,72.97313249885829,-1.407289063678853e-12
2799.041045532649,73.31090866910606,1.1372359222558495e-11
2800.6779617198104,73.39533314207063,1.6499314419386605e-12
2803.2867615356113,73.52998483806931,-1.8995039077331518e-13
2803.6505206882916,73.54877001577614,-2.0413158471934333e-13
2809.1337363554912,73.83222843265459,7.900629274078209e-13
2811.5282887595517,73.95619012524314,-3.2263811761903457e-12
2813.077460406472,74.03644423958073,-4.0775443392886363e-13
2814.5434816460615,74.11243149867049,-2.817505727726859e-12
2816.4219271805596,74.2098535223699,1.0644045807024742e-14
2817.800203880189,74.28137657787589,-3.771494131322245e-14
2819.0159610658657,74.34449503820574,1.021547424856695e-13
2822.1550476275293,74.50759288856598,7.112906780321375e-13
2827.104195245676,74.76510496013209,2.1581448990101537e-14
2829.158489132272,74.87212566923782,-2.6772157593979626e-12
2829.330688677348,74.88110012599782,-1.0345268119705656e-11
2830.3486282520134,74.93416284538927,9.417631725388436e-12
2831.8519707315763,75.01256335051151,-1.6212316732704868e-12
2833.2552794441663,75.08578458350614,2.4507163573341794e-13
2834.7364258858097,75.1631065490888,-9.083773323037812e-12
2835.137147005909,75.1840327932261,9.917853370516522e-13
2835.1729368687875,75.18590193620479,1.5048696489593048e-12
2837.7133522055483,75.31863663980319,-8.832949321859271e-14
2841.885371050023,75.53687927368273,-1.7502460867270485e-12
2842.122173771897,75.5492762855155,1.4097853594739414e-12
2844.4697249030173,75.67223032523023,8.21838173277267e-12
2844.522984177931,75.67502098124176,-2.9854531029804466e-12
2845.7576478662522,75.73972899081123,-9.763722016926822e-13
2853.245320168188,76.13275509130777,2.722740612572755e-12
2853.3788938748457,76.1397757188362,3.4545522243428427e-12
2853.8671327550614,76.16544032684084,-6.295161944222292e-14
2857.312937891669,76.34669626670251,-2.7589476667692443e-12
2858.4214579811487,76.40505304228193,4.2374154941184894e-13
2858.7679745010278,76.42329965298674,-4.568811360643492e-13
2859.495492805694,76.46161597075472,4.803237847194227e-13
2860.636966782516,76.52175380458564,-4.935114440726633e-12
2863.6095257479515,76.6784738269738,-6.138476937512378e-14
2869.4674851909544,76.98779511944348,-2.1748269916597419e-13
2872.7454581347333,77.161159686114,-5.343941715374003e-13
2877.5004369454946,77.41299155160719,-6.905763256780114e-13
2880.1939185426268,77.5558277554701,-8.683933350302338e-12
2881.233468101886,77.61099114851386,7.9818337900994e-13
2882.169561866428,77.66068172358408,-1.6349497074035206e-12
2882.630878082786,77.68517566525573,-7.393895162270801e-14
2884.603326158241,77.7899485369441,1.995795626770498e-12
2889.4677919865235,78.04864647407834,-1.5226718958031906e-13
2890.4358943131474,78.10018328552339,-3.8252706500329714e-13
2892.930839753572,78.23308098572191,-6.680089260756225e-13
2893.25822299049,78.25052814550601,1.3257637704697187e-11
2894.2996631998503,78.30604250958694,4.2573448098679077e-13
2894.7132595989956,78.3280949647688,3.5684804784763003e-13
2895.1133946663276,78.34943267707858,-4.336664479771527e-12
2898.8176125077234,78.54710484196114,-3.184741286820541e-12
2901.863509354103,78.7098356808012,-8.014150231080089e-14
2904.5149430840183,78.85163096781459,8.948396495319228e-13
2905.3419091025917,78.89588254723579,-1.5100394399180374e-11
2906.3024488276983,78.94729757097285,-9.590845903130916e-12
2907.702335510724,79.02226005114967,7.386011883917475e-13
2908.4662297300183,79.0631810181945,4.1494069679991965e-12
2910.4606470628964,79.17007041334378,3.5499162511868048e-12
2913.4758399444668,79.33180667820615,3.19825577419358e-12
2917.624358148028,79.55460872913311,1.3678346974248096e-12
2918.075994332957,79.57888362603748,5.337841878855119e-12
2918.7485894913416,79.61504176406599,-1.8657608145963918e-13
2920.6223083968202,79.71581522634462,7.406012197816158e-13
2921.331052690794,79.7539501903643,-9.50052554533679e-13
2922.893099614345,79.8380309488178,-1.4454407287874667e-12
2923.2455148643985,79.85700672205483,-5.71718112629992e-13
2924.0853561621634,79.90223713737728,2.5437745632864185e-13
2925.817938759714,79.99558799554814,-1.04430485481872e-13
2926.566480996671,80.0359362579152,2.8531856280363494e-14
2926.6182088939854,80.03872489971671,-1.365802915691432e-13
2929.2853538777817,80.18257700434943,8.853903504770459e-13
2930.550721528655,80.25087026911065,4.75403614094086e-13
2930.7403904854636,80.26110945028465,-7.664410217049391e-13
2932.587772779359,80.36087409463052,-2.0110968686861918e-12
2935.61205963869,80.52433110714733,-7.660481490788119e-13
2935.7579225722343,80.53221898309526,-9.464477584303112e-12
2937.067455519018,80.60305256393758,1.4977001151088703e-12
2941.2332163534993,80.82859164612788,-4.723242145257818e-13
2945.7085317395636,81.07124654578624,-2.888037690632714e-13
2947.603860629701,81.1741238854836,-8.610041560486078e-13
2948.211039779103,81.20709520817297,-3.873734151813269e-14
2951.3579157150525,81.37808712588888,4.3803885138653e-12
2951.635461704696,81.39317690673636,1.0854051772127807e-13
2952.092996619919,81.41805552723221,9.024449520636543e-13
2952.4491931704483,81.43742650842673,6.426506212416845e-12
2954.517080877911,81.54993029058828,-1.3411254086061715e-13
2954.7239924670803,81.56119168590615,2.6908847673634954e-13
2956.262538754084,81.64495352732105,1.1840310121511607e-11
2959.1691899403745,81.80331700987124,3.0282464343293994e-13
2962.178124816374,81.96741716946984,1.7735837573423574e-12
2962.5936118654026,81.99008995052155,-5.174013638845307e-13
2962.9175730741235,82.00777044931446,-3.111646842508682e-13
2963.6482866258602,82.04765695185499,-6.243571038846596e-12
2964.303053098981,82.08340618610296,1.1791373105826879e-12
2964.4237515259774,82.08999699514365,4.4488341454649045e-12
2965.675657844381,82.15837390738824,4.156715188036854e-12
2968.884660253528,82.33377579851563,6.802939569268098e-13
2971.212718824408,82.46114462489003,1.0700902656603581e-12
2973.0601011171757,82.56228654410404,-3.8958511110276837e-14
2974.0319847431856,82.61552121929765,-1.0272297165774472e-13
2976.174741710212,82.73295164910628,-8.52175298276659e-13
2979.1262767372305,82.89484437659715,-6.754319918039324e-12
2980.58131334382,82.97471269700624,-1.0959599108473707e-13
2983.6561559935058,83.14362197407743,2.796544967524153e-12
2989.2227488315443,83.44985275820677,2.0102852101797382e-13
2990.0957707953726,83.49793143858497,-2.874991019441292e-12
2990.303041657223,83.50934823034923,-3.096971562640876e-14
2990.699395423341,83.53118219729912,1.4459783883253398e-12
2992.3834453701597,83.62398384005263,-5.547944614612606e-13
2992.5213864295283,83.63158756652967,1.484734580187204e-14
2992.52953508316,83.63203675581445,-8.059158360717426e-13
2994.420496618982,83.73630786860613,6.867686035296165e-12
2998.950375874251,83.98636166864948,1.1149475948574127e-12
3000.766694929275,84.0867304358758,-3.2867016592337e-14
3001.5669650626523,84.13097219863185,7.293474000086075e-15
3003.7746844782837,84.25308389850045,-4.749430297872359e-14
3009.720747721087,84.5824145774763,9.562202248783813e-13
3011.6772577582674,84.69092091247693,1.3957012101723896e-11
3013.1840222614214,84.77453281630197,1.145846732159019e-12
3014.5406889713795,84.84985141963016,5.387495215803943e-15
3016.5303796753087,84.96037519131092,1.382952905693418e-13
3019.347754941926,85.11700010346047,-2.62922428435913e-13
3020.3437252553827,85.17240355588613,4.15116059059744e-12
3020.889363982534,85.20276388391788,-5.683242262673163e-12
3021.3848061899644,85.23033593723662,3.130594009149546e-12
3025.5505670192983,85.46234520804143,-2.328246083701495e-13
3026.623070463579,85.5221293162174,9.840733729944124e-14
3026.758894092985,85.52970198723091,-9.086297806361784e-12
3029.01361477928,85.65546067048577,-1.3467599127575095e-13
3029.2284482422733,85.66744804933843,-3.271060808361119e-12
3029.7166871211775,85.69469419409502,5.074517824448284e-12
3032.2163591821886,85.83425705112383,-1.2058035341991719e-11
3035.6470391069206,86.02598775933174,3.218385906300302e-14
3038.666599335917,86.19492157401629,3.2975297321856374e-13
3039.3653043247223,86.23403559816502,-3.028431991282127e-13
3039.3897502856003,86.23540426403066,4.018416097431939e-12
3041.1111214715497,86.33180704539608,2.2746661361936374e-13
3045.183106536441,86.56006966654081,-3.453260933878604e-12
3046.120731676214,86.61267323256057,2.038621365012235e-12
3047.2923235616395,86.6784257906753,5.972063150265047e-12
3049.9858051519404,86.82968634843016,-3.8893628852726617e-13
3050.9895648458078,86.88608967313135,-3.758446934898677e-12
3052.532119210897,86.97280515682708,-5.63101948702198e-13
3054.9656567169686,87.10969683310016,3.935236516106059e-14
3056.3018855454743,87.18490895030591,-4.451512326399607e-13
3061.4742420419957,87.47635468969564,-6.064214323200986e-14
3062.9986084493025,87.56234188101187,-1.235253056153264e-12
3067.1471266438475,87.79657024150863,-5.350630545783873e-13
3068.555521250003,87.87616131046626,6.508954795743922e-14
3072.0110064066894,88.07159217476804,-3.841963804322318e-12
3078.225162381468,88.42359781542999,-1.448931704889051e-12
3078.713401260045,88.45128462154925,1.3810836387526077e-13
3081.0565850298444,88.58422182115922,-2.41551772040026e-12
3081.3438110501233,88.60052413965401,9.414013200731838e-13
3081.619825661731,88.6161915550638,-1.1929891453844979e-14
3081.74052408853,88.6230432000099,6.796429317753638e-14
3082.511621634365,88.66682215553006,-5.966658500201996e-13
3082.601975369778,88.67195269313481,-7.796164647324186e-13
3084.927916507057,88.80407789470816,-1.377471215951957e-13
3085.174399259216,88.81808519955098,8.138174631073856e-12
3087.356954165867,88.94216587893551,-5.982343409463137e-13
3088.5916178497164,89.01239674516037,1.060365344857715e-11
3089.2162664098873,89.04793906918903,3.5759328835696686e-13
3095.5580973589117,89.40919434741399,4.549301580224196e-13
3096.2975456152813,89.45136441449682,-4.227485499477673e-12
3096.3837587772646,89.45628172897953,-6.088933153523758e-13
3097.0749011642756,89.49570716016001,-1.4668058256708746e-13
3098.6256041820343,89.58419726879474,-9.863191396005574e-13
3101.019929796038,89.72091528588486,-9.813103072033507e-13
3108.9397456979614,90.17389582731606,-1.6974675128706137e-12
3112.4475448023595,90.3748965553943,-5.472632322675749e-12
3112.464787434752,90.3758851369167,-2.4857203957323065e-12
3115.489074286433,90.54936299364043,-1.3801655741287125e-13
3117.064941810254,90.63982400453223,8.612468151879508e-13
3118.297355570524,90.71060129151856,-6.975089584843241e-13
3118.810985734855,90.74010723382993,-1.643854950719302e-13
3124.130509758228,91.04597782298642,3.3219355512608326e-12
3128.139782292393,91.27685393679971,1.0066574955466293e-12
3128.583496601947,91.3024236620939,3.326953348400674e-13
3133.0612886790504,91.5606663483587,1.2886448611035255e-12
3133.0942425663034,91.5625682300679,8.398249818871049e-12
3133.1020319471313,91.56301778483923,-8.667115160820464e-13
3133.1459704634685,91.56555366454022,8.092059466544116e-12
3133.4250478299386,91.58166124324043,-1.0059866610259657e-13
3136.310448296556,91.74828272686425,-1.276475895274368e-11
3136.939823482122,91.78464725110689,-2.3682055817350094e-13
3138.3221082554196,91.86453957650491,-4.4213332235931224e-12
3144.300766101982,92.21049518137613,-4.375641326872985e-13
3146.2246815211956,92.32196276300971,4.645008767787387e-12
3149.448449852165,92.50889391234517,8.902660311835911e-14
3150.75456076725,92.5846836288837,4.263645805140269e-12
3151.1738291158345,92.60901918200739,-7.521304232475131e-13
3151.257565575079,92.61387987733383,1.9157461985545765e-14
3151.464477163691,92.62589113959746,6.391917253244473e-13
3157.606240574758,92.98278095797347,4.729734305466918e-12
3159.6580577487894,93.10216420524286,3.0687824611681803e-13
3161.1282195543404,93.1877520167685,-8.287789337772422e-12
3162.6372339776212,93.27564310151823,-1.007380028530736e-12
3164.928916627344,93.4092001616841,-1.8653438673807796e-12
3165.740171388059,93.45650249362862,-1.2004906157310143e-11
3166.8644027275145,93.52207378517622,1.6374991015856636e-12
3168.7381216265717,93.63141100847939,-6.499941402122972e-12
3170.524682038529,93.73572249700108,-2.9974629843175184e-13
3170.57640993567,93.7387435975558,-4.019297160045909e-13
3171.36132808518,93.78459176962393,5.0177249524849404e-12
3174.734022103269,93.98172471713,1.1987062895789241e-12
3176.175956647092,94.06606929772828,8.468120016230458e-14
3176.9034749484777,94.10863932105796,-4.644100554131511e-12
3177.5178574244505,94.14459690536297,-1.464884521427061e-13
3177.6557984834817,94.15267105247699,1.3818665090355383e-13
3178.8562036807452,94.22294954195193,6.726719281775265e-12
3182.378541932204,94.42932030100725,-2.445425087875626e-13
3183.7278728174974,94.50843697747841,6.7232678151880335e-12
3184.8935659703384,94.57681324025474,-6.427032609690947e-12
3185.9848434223013,94.64084717342284,1.2788476228955707e-12
3188.4735308491818,94.78696033000455,-2.7710302761728355e-13
3189.3490295133956,94.83838879953258,4.145379560920535e-12
3190.4378302626214,94.90236674078925,1.2843730986893488e-12
3192.027159116733,94.99579492088975,-2.844532080553046e-13
3192.285212550004,95.01096889887228,-5.540884853553729e-12
3192.708621471787,95.03586871655364,2.866770536582957e-13
3194.926966238188,95.166379036773,-9.800678778048083e-12
3195.145221728555,95.17922440687997,-8.688895963799055e-13
3195.71967376829,95.21303782637172,7.556645549917393e-12
3196.8150917935213,95.2775332146477,-3.489780887091906e-12
3201.254617301514,95.53914734845813,-8.217778454840089e-15
3202.839805582012,95.63264791868754,-2.361666579060617e-12
3208.3738037896155,95.9594275219405,-3.166083661565537e-14
3210.2556713413496,96.0706793203324,-2.2769731330070815e-13
3210.7094249543775,96.097513979606,4.540991599736716e-12
3211.048738144096,96.11758319380716,-7.786059712692632e-15
3214.505527892555,96.32216134103722,1.333125393678789e-11
3214.942038873189,96.34801038659732,1.2058327333913322e-12
3217.0842097810732,96.47491505688676,-5.929741581322662e-13
3218.026561544582,96.53076783177956,7.682829897178426e-15
3218.3367021476743,96.54915330677407,-4.242148853517348e-14
3219.328531885182,96.6079619546874,-9.39167715019564e-12
3220.3909960228902,96.67097883692192,1.003740476243336e-12
3222.999795822983,96.8258002063855,-1.4360364070308014e-13
3224.5179042239115,96.91595130149204,4.5358155625598076e-13
3226.7083810008307,97.04610502850701,-4.342020947601768e-12
3228.697126374207,97.1643488319263,9.618713475556078e-13
3230.4658581001595,97.26957260952229,7.517538317659283e-12
3232.409133579643,97.3852466235531,1.3725396195071167e-12
3238.8152084212174,97.76706264175168,-1.2690644143788249e-11
3239.573203906602,97.81229083942613,7.403005911564647e-12
3243.600664392718,98.05277951858014,3.527345210220866e-13
3244.357355280117,98.09799656752628,-1.5091597593285143e-12
3246.845456652939,98.24675066227651,-2.4928455074115262e-12
3246.972413082789,98.25434396099146,-2.9172824150545753e-13
3247.209215803332,98.26850798970011,-4.794131340730785e-13
3247.8639822740356,98.30767732140545,-8.083255633459615e-14
3248.1549895943467,98.32508844820963,1.6611622341461676e-12
3249.246267045503,98.39039406711974,-3.899036538339666e-12
3249.5567669212714,98.40897940604322,6.05725002843004e-13
3249.682778025963,98.41652245702674,-6.401117721080435e-14
3253.471677633991,98.64346339590317,-5.546403706236882e-13
3254.519016568809,98.70624173940504,2.7638908844227206e-14
3254.7294826782095,98.71885968657078,-1.3437971174762289e-11
3257.5091774233856,98.88558559571418,6.951724915456398e-13
3261.29983518818,99.11317839304907,-1.0056512153173192e-11
3262.0362206880245,99.15742201374724,4.878482095120366e-12
3269.093280697383,99.58193187736032,-3.0325402287418485e-13
3273.0273246919146,99.8189783179814,1.0623077036860304e-11
3273.6093393323713,99.85407191039837,-4.624562181324877e-14
3273.6663799075905,99.85751160755046,2.043380180837586e-12
3277.3783871111436,100.08148429317524,8.030959215838332e-13
3278.5867141810477,100.15444630794937,4.673846619555598e-12
3278.8510256173545,100.17040972318692,4.6809904420306044e-12
3279.2085267643242,100.19200349340105,9.299956153167808e-13
3284.1633463021976,100.49152673899684,1.313054937765972e-12
3286.1653262264495,100.61267648090002,3.1656837862918663e-13
3286.3205099176653,100.62207049952119,1.3303905377201616e-13
3286.6961990221175,100.64481461314755,6.187271999649055e-14
3286.7824121839035,100.65003430069711,-2.894065961649996e-12
3287.3541607407833,100.68465369610666,1.3074126490258699e-13
3293.0380299561525,101.02913966271481,6.038730503212472e-13
3293.9110519166447,101.0821041966036,2.248769523530342e-12
3299.043969728197,101.3937922117316,6.487480379938613e-13
3300.244374923794,101.46675487044597,-5.564924900734554e-12
3300.647932016819,101.49128971508952,4.942038353605449e-12
3300.987245206195,101.5119210791102,-2.4686949764862466e-13
3304.4502929544537,101.72260711401023,3.89596629048032e-13
3309.205271737968,102.01225198127877,-1.1724730790423484e-12
3311.3894905095335,102.14544112331217,-7.068732714520633e-13
3312.7893771851755,102.23084952816515,-2.511667318473768e-13
3314.809185793527,102.35414357115219,2.2494563960353523e-12
3315.063231146245,102.36965643946455,3.699064115135998e-12
3315.262939406024,102.38185213576246,4.69594917608202e-12
3315.9362531065317,102.42297517511167,-1.48446815402735e-12
3316.9225433852484,102.48322852323078,1.2105354089689675e-13
3320.840876122906,102.72277995015662,-1.232165946084442e-11
3322.7992768029144,102.84261485421712,-9.438489483811233e-12
3323.4502619724594,102.88246440389483,3.5278844554754543e-13
3325.3455908535157,102.99852993389082,-1.1955886518973965e-13
3326.4180942938824,103.06423686533108,-1.5835112414473586e-13
3330.541221189452,103.31703757213347,2.229674798083559e-13
3330.6274343511973,103.32232689018512,5.2365941194941424e-12
3331.86209803151,103.39809054078502,7.231041448170846e-13
3332.1133074087215,103.41350913974135,-2.3690086989611173e-13
3340.309005406878,103.917178059985,6.815897681035779e-12
3343.417387982434,104.10852821087752,9.162814389390371e-12
3346.7414168520077,104.31335034826085,8.656343212168293e-12
3348.9983874527084,104.45253782144295,2.7010636223601555e-12
3350.4534240526623,104.54231973663235,-4.967771784183073e-13
3351.1593323673033,104.58589131640956,1.542750654656514e-12
3351.9919703320684,104.63729697308501,-9.798592925911738e-12
3353.083247782002,104.70468993054165,-8.794627330521718e-13
3354.7434378129346,104.80725874001712,2.731915397976069e-14
3357.4312474424796,104.97342293050056,-6.348838804621029e-15
3360.117166421643,105.13960317482855,-1.3371861019213185e-12
3361.7860911584153,105.24292800249484,9.93262381413315e-14
3363.5287130503016,105.35087025178412,-3.7784141685036684e-13
3363.604886908116,105.35558992232743,1.2112880648306077e-12
3367.2651662111007,105.58250382865701,2.956121104045427e-13
3368.37156886332,105.65114229088582,1.1039934663608657e-11
3372.1622266236323,105.88647622032957,5.449632169000908e-13
3373.971701614815,105.99890648264211,5.0139114690926635e-14
3374.040672144182,106.00319310386328,-2.6504788800990657e-13
3375.135730894483,106.0712643779452,2.39096254417459e-14
3376.146467133375,106.13411358152364,-8.085831482959112e-12
3376.3107448031915,106.1443304088842,-8.836117697272912e-13
3379.1190260789535,106.31906112940501,3.493130516786068e-14
3381.2178445191776,106.44974406715691,7.606590241113724e-12
3384.922062337723,106.68058518579987,-4.319877393124281e-12
3387.7491176231006,106.8569329558339,-2.095165193681842e-12
3388.2589664852503,106.88875228723742,4.596802877580828e-12
3391.446358892543,107.08778388610175,1.1183261522465084e-11
3392.8763634787288,107.1771390403707,4.583356766840048e-13
3399.58028968484,107.59654227995561,-5.609779259932861e-12
3402.91755310467,107.80563291463028,-3.7279149816595507e-13
3402.9398816355606,107.80703256214412,4.100220697541759e-12
3404.7649353877937,107.9214657657709,5.783966132248511e-12
3404.8352105150802,107.92587333286617,7.675535796437128e-13
3406.671608169119,108.0410821201156,-5.091023624103362e-12
3408.861725669,108.17856320216895,-7.916058240746716e-15
3408.9975492977974,108.18709222038991,4.800427681234302e-12
3411.8706605285875,108.36758830195659,-2.023840583100506e-12
3418.6922224047476,108.79674510036428,3.527474511062155e-12
3419.871376886348,108.87101473308425,8.750355593042581e-13
3420.4797281369965,108.90934205542442,-2.4846802468978683e-14
3420.570081872064,108.91503509945672,-8.45595398148145e-13
3423.9831598761903,109.13019780670646,1.1652756062397393e-11
3424.071036908582,109.1357404668649,4.648972649882096e-13
3425.107391212487,109.20111707962859,-1.589464758753318e-12
3425.38056984756,109.21835337461982,1.2616433028542111e-13
3426.1080881469834,109.26426308413433,4.855376851525105e-13
3426.981110106287,109.31936760522261,6.309271067378407e-12
3427.9457903985826,109.38027386271929,9.978648803058905e-12
3428.257821651291,109.39997800256943,1.098840235806027e-13
3429.60431655755,109.48502698957435,-4.8705328171687886e-12
3430.2738489566664,109.52732926028867,-1.1073503307216411e-12
3432.9770105662205,109.69820388120392,-1.1635424924226158e-12
3437.0991921322243,109.9590379710657,-6.529389481606486e-12
3437.303400237943,109.97196752729846,-8.886933833674602e-13
3437.979190640293,110.0147610711445,9.436030275326855e-12
3438.1171316989366,110.0234970422016,2.8358330154993727e-13
3438.4486555070384,110.04449427215899,-5.361015852616227e-13
3438.553642678539,110.05114411045787,-1.1272080321777455e-11
3441.9708612554746,110.26769999254843,-6.526035835118074e-12
3446.198162485828,110.53589004885617,-7.734993821640226e-14
3447.592017935867,110.62439172147513,-4.023769378958941e-12
3449.7527360687777,110.76165543077768,-8.468853169780972e-12
3451.2077726672833,110.85413784097132,3.3978243312732374e-13
3451.7801072755733,110.8905262274595,-3.078400624545203e-12
3453.9626621732828,111.02934597610314,-7.334956336234886e-12
3458.3796323587567,111.3105524947118,2.0059778758290242e-13
3459.1645505058505,111.36056193474572,6.833287234655492e-14
3459.325179368133,111.37079747012855,9.564254806117084e-13
3460.9620955413016,111.47513156264229,2.0634306082158277e-13
3461.0094560853063,111.47815097322132,-1.5464657851278891e-12
3461.0827939675905,111.48282661712423,2.2923806362483824e-12
3461.421521104053,111.50442339222963,-3.699439821248733e-12
3463.702937662969,111.64993842197208,-7.932744402850624e-12
3464.7066973521346,111.71399135003306,4.473809695981592e-12
3466.573212916797,111.83314867184706,-5.2469868581513595e-14
3468.952413318641,111.98512854766425,-4.4077654603197204e-12
3472.218815556648,112.19395143794857,1.879561562793309e-12
3474.5159433701415,112.34092579099823,-1.8717157873994806e-12
3475.327198128181,112.39285454948907,-6.676232798169254e-13
3477.4699550826326,112.5300716229149,-4.226512627420057e-13
3477.5715202262727,112.5365777132835,9.11613042227193e-12
3478.706150138677,112.60927309443775,5.956273819656664e-14
3480.524945886316,112.72585224017145,-1.2045806279904342e-11
3486.9401146903137,113.13753110197669,-9.336496189376112e-13
3487.234903310525,113.15646670918642,-7.792212013769393e-13
3489.897680923499,113.32758150085158,-1.4389692990151423e-11
3494.148123514781,113.6009930866176,-2.257547367719019e-14
3494.3033072056746,113.61098164260291,5.96005877637593e-14
3496.5239018881975,113.75396106669245,8.611319209757462e-13
3497.0581967105754,113.78837674417267,1.231828161548477e-11
3499.833883368758,113.9672524223559,-5.0161081856011224e-14
3500.5614016676764,114.01415990915801,-6.693033358396896e-13
3501.384586379715,114.06724734298052,-3.1156797514517757e-13
3502.6348288195672,114.14789973611299,-2.4256653440066256e-13
3504.0547941003556,114.2395357703007,-2.040218237589712e-12
3507.0699869605323,114.43424138377313,-1.1582459730496226e-12
3507.9257662868577,114.48953371273463,6.213292045251517e-14
3509.275229660786,114.5767506231593,9.278682268241702e-12
3510.803018088377,114.67553331328878,-1.5740984960101485e-12
3512.8633431811545,114.80881648082064,6.729091760577051e-12
3513.4161852337106,114.84459333692345,-2.568458853507156e-13
3514.02678640692,114.88411458438983,5.772165780530022e-13
3515.3328973169796,114.96867585565819,-4.436846261196181e-12
3516.0967915307374,115.01814706634653,-1.8574986769387867e-12
3516.839661811563,115.06626703743368,9.354916850573476e-13
3518.757319219926,115.19053170332403,-9.431551299507473e-13
3519.5428234189517,115.2414521229602,9.761415332000277e-12
3525.4941993052353,115.62762017438256,-7.048170174705577e-12
3530.308827849457,115.94050529793348,-6.679417734322226e-14
3531.6507286218985,116.02778661859176,-8.450429670246289e-13
3531.9093681066347,116.0446131325812,-1.9834168859868927e-12
3535.2789993570977,116.26394650906394,3.621223601844925e-12
3538.1483292839152,116.45087954703662,2.1477869928537954e-13
3538.2904109158276,116.46013991764903,9.21171934347857e-13
3542.406334474582,116.72856245361153,1.4783438520750142e-12
3542.6706459102047,116.74581035287082,-2.801534696635572e-12
3544.1523783913167,116.84252607273886,2.4283822237905196e-12
3545.0254003496752,116.89952894176382,2.8091351918386107e-12
3546.8414926139844,117.01815337878067,1.6537404832965511e-12
3547.1939078614682,117.04117965560887,-2.343169720830134e-13
3549.1030573429516,117.16596034922674,2.1665830024213418e-12
3558.8909201478305,117.80674279310848,-4.796999542696579e-12
3559.974767487632,117.87780760244371,6.987640793931233e-13
3561.008645087582,117.94561620279812,-6.537468114986338e-14
3561.393428169765,117.97085787577801,1.182606276872404e-12
3563.8931002161885,118.1349021388293,1.186306255752593e-11
3564.9746976328533,118.20591906688337,3.9072874972044014e-13
3565.8515008916597,118.26350516948773,1.4654049370609524e-11
3566.215260040907,118.28740005782217,-6.10807870713957e-13
3571.9336145055945,118.66335201841333,-5.278380673552724e-13
3572.159432596346,118.67821074233706,4.4319414764356404e-14
3573.4614029323498,118.76389809732639,1.0492732138001166e-12
3573.5059275008507,118.76682897165006,-4.558125397945747e-12
3574.6960666098275,118.84518460458163,-7.852709953615927e-12
3576.842604863001,118.98657301237434,-8.308893490465613e-12
3578.2976414598506,119.08246178230178,1.3621426342929961e-12
3579.020792405297,119.13013286087158,-1.921377334391462e-12
3580.851291325931,119.2508448539295,-4.2356258738861196e-12
3581.6625460832074,119.30436267344393,6.170560880794362e-13
3582.604897843303,119.36654407631136,4.981219449988369e-14
3582.742838901768,119.37564753667995,2.3031423229768818e-14
3583.8971881480966,119.45184289129443,-3.8665582183651843e-13
3584.9994502247037,119.52462302758319,-4.5333213205992835e-12
3588.870422408479,119.78039280485771,-5.082894256407406e-12
3598.569236073063,120.42244229779678,4.359807441609091e-12
3598.624159218221,120.42608307624597,-2.5356876060951924e-13
3604.7257653858715,120.83089599613474,1.7361136119100597e-12
3604.984404870446,120.84807066263471,-8.402255303990303e-12
3607.6045485625064,121.02212785412323,-3.199499152938436e-12
3609.3505924782744,121.13818846405005,-3.501664966430382e-13
3610.150862606327,121.19140167853638,1.0890939331392604e-13
3610.2349583379664,121.1969942306284,-1.1031970718768277e-11
3612.733325785426,121.36320061442593,-5.629251776959817e-13
3616.120426445453,121.58871446583954,-5.724944368595945e-12
3619.9165293685305,121.84171092040265,-3.397555088201278e-12
3621.8478748864804,121.9705299573189,-1.1757312302158784e-12
3624.426556764727,122.14263287218728,7.754717834998812e-12
3626.5960096002227,122.28751844750387,1.2139522899613697e-13
3627.974286286476,122.379610845858,4.159069849277897e-12
3628.086836059013,122.38713263637447,-2.3934083566973924e-14
3628.519925010066,122.41607849077798,2.5440536074423886e-12
3630.8013415656596,122.56861587184125,-1.209395148425798e-11
3631.795421222274,122.6351108423916,-3.200022384824094e-13
3635.6773780335825,122.89495310803987,-5.65575345220602e-13
3635.9285874100915,122.91177759627918,-7.115996539447912e-13
3636.5507592640574,122.95345191770478,-1.783634785788506e-13
3637.2782775621245,123.0021915995733,5.569954769377988e-13
3638.2350359786346,123.06630393705137,-1.1745134927511472e-13
3639.4608324563033,123.14846914368238,-7.383288063623633e-12
3642.7535713005227,123.36931864777092,1.155905905742075e-12
3645.2344693354444,123.53584855742403,-9.105270040491595e-14
3648.7416823683066,123.77146313957147,-1.366366907635815e-12
3651.0333650069815,123.9255407844818,3.271668629823777e-12
3651.9324967960065,123.9860189073604,8.476616881692286e-13
3653.1768405037765,124.06974151694646,3.742343535765363e-12
3653.969548030335,124.12309176827334,-6.046955453282899e-13
3657.8232775796296,124.38261771893141,5.445085497886332e-12
3658.442027405669,124.42431235769246,3.5701494835077373e-14
3659.707395046275,124.50960148619079,5.542751814913335e-13
3664.822710935345,124.85468793598315,1.885795032445297e-12
3668.9420565175924,125.13293518760518,-5.210649816630513e-12
3674.180320755447,125.48721291339614,-5.054224587976037e-14
3676.105767542076,125.61756303589819,5.667296777595116e-14
3676.93521025617,125.67373622270676,-3.4239066845250993e-12
3678.3896607994707,125.77226804109853,9.718228783655522e-12
3678.550289661452,125.78315224010312,4.404878964591138e-13
3678.8130697192623,125.80095922084519,-9.520259424488318e-13
3680.6795852805167,125.9274780520612,6.5732529226996836e-12
3685.8557230443503,126.27867018723119,6.485921448649301e-13
3692.353323698106,126.72021994596234,2.272726223205157e-12
3692.568157159614,126.73483241110576,-5.571725816515288e-12
3692.8049598791686,126.75094015837782,8.153546233530198e-12
3693.322371341161,126.78613901169192,-1.4107317362420163e-13
3693.4775550317963,126.7966969250187,-3.1000544107165e-13
3693.7410536351517,126.81462505320982,-8.62029525366862e-13
3695.261638731979,126.91810882141422,-8.7469131734771e-12
3695.351273921259,126.92421029416988,1.2305450237190945e-12
3696.796630485631,127.02261623708331,1.0941104848612992e-11
3697.9744803664607,127.10283765950166,-9.499367034019214e-13
3698.125069924546,127.11309590969125,4.45042899135528e-14
3700.6099760385705,127.28242950906092,-9.872426948352105e-12
3701.3471743673576,127.33268766953411,-2.2693437106931008e-13
3702.377403158729,127.40293981908688,5.52074812186367e-12
3705.4693559238904,127.61390001522162,-1.2734749443386998e-12
3706.49544414184,127.68394769088977,-1.7604632072534668e-12
3706.755161444565,127.701680814675,1.2316077209180675e-11
3708.2829498696615,127.80602116317279,-2.7234954283450926e-13
3708.876308409598,127.84655619155889,1.5759094588272338e-13
3710.207451330633,127.93751623124503,3.756214494862108e-13
3710.3410250359893,127.94664542995294,-1.2728201628533846e-12
3712.037590976554,128.062627145426,-9.139865520054243e-13
3715.9621817035727,128.3311256895512,-7.847844692244342e-13
3716.5703061730974,128.37275555191192,1.019632494987857e-11
3717.4075382677174,128.4300803865705,-6.632630689357213e-14
3717.661583619517,128.44747728963452,2.9802254975571316e-13
3719.058993587378,128.54319250496252,-2.3101922646406167e-14
3721.023292990887,128.67779747745524,-2.4740895124854674e-13
3721.5401184004036,128.71322510588,-6.468251410333849e-13
3722.009583266021,128.74541050271114,-4.1162290970396015e-14
3722.332825926543,128.76757361227348,-1.4305878797030386e-12
3726.2518771955624,129.03643620712145,-7.688495976986429e-12
3729.452957704797,129.2562530588117,4.47098685531328e-13
3731.916253832979,129.4255350797038,2.5408979875927988e-12
3735.350715033741,129.6617438251423,6.83849094003262e-12
3737.322577038215,129.7974589322918,-8.596759079925091e-13
3738.7679336021292,129.89698233811188,1.1692059411273306e-11
3743.9410086086514,130.2535018539979,5.7138651224043345e-12
3745.058622665851,130.33059066457267,-2.314691535518181e-13
3745.9416839266687,130.39151717827403,1.7779780246316548e-12
3748.140668619362,130.54329780700144,-1.620072509052638e-11
3749.159194235779,130.61362973413821,-4.0088041220795537e-14
3753.1243014499687,130.88761303027655,1.7423632042199622e-12
3754.50410951239,130.98302374022353,1.6677661826773348e-12
3755.3102783700174,131.03878478475295,-1.820955476641911e-13
3755.5953869584996,131.05850802602538,2.4077320159973724e-12
3755.882612976859,131.0783792609392,-3.2936598007026586e-12
3758.38512099488,131.25157524695686,4.271627992580208e-12
3758.8733598701665,131.28537920237304,2.046129486806232e-13
3760.8778164885657,131.4242068010854,2.3544256826819306e-13
3764.691162039678,131.6885214187439,-3.4611604551918743e-12
3764.955473474833,131.70685157757734,-8.209904675515622e-12
3765.204206148428,131.72410251515774,-9.854694205206712e-14
3765.4283603681124,131.7396497821576,2.402509086246626e-12
3768.3150654151477,131.93995345698184,-3.409782260329916e-12
3768.615752765163,131.96082648069643,-6.297244951498837e-14
3771.249943837948,132.14375716699894,1.7251753855897194e-12
3772.013838050132,132.19682950186913,-3.0243078135222357e-12
3774.7029522679377,132.38374399665764,-4.8777821293057056e-12
3776.295929920792,132.49453124335108,1.2118145107320936e-14
3778.33122299611,132.63614833471777,-5.622133163615987e-12
3780.659281547398,132.7982298090768,-5.598694793970172e-13
3781.9513450706227,132.88822748335693,-3.2376378114038654e-13
3783.7371869267245,133.01266952730336,6.841154736223844e-12
3784.122329281019,133.0395149361446,4.587935847440466e-14
3785.148417498372,133.11104925077078,8.799095419463156e-13
3787.912987027888,133.303879283631,1.9038231671718786e-12
3792.8361572542913,133.64762132997163,7.124183659183e-13
3793.6330053534025,133.70330026473218,-9.138023881719403e-14
3795.3097194647767,133.8204971243501,2.056366703861027e-12
3800.076401402472,134.15395556180016,-1.9507229856012615e-12
3800.279531689221,134.16817506072923,-3.868362993063816e-13
3800.477122518279,134.1820075165522,-3.5318849325009076e-13
3802.7757817031784,134.3429792797375,3.889336133843606e-13
3805.7455046626,134.5510887657466,1.9321398924577225e-13
3807.3460449163026,134.66331731101224,-2.102941821026838e-12
3810.2132574071097,134.86448183960923,-9.739614524552766e-14
3812.8609098107904,135.05037644783746,5.645777528407506e-12
3813.395563904605,135.08793077481192,5.478797078969739e-13
3816.6786227134517,135.3186496378355,-5.263033001436482e-12
3816.9577000781223,135.33827111769847,-3.372980059607699e-13
3817.009427974954,135.34190818038726,-3.8397405611331653e-13
3818.2177550391248,135.4268814142713,7.8670192536219e-13
3824.7147696342095,135.88423232459772,-5.940742937582326e-13
3825.5877915906594,135.94574710212993,5.240405127823083e-13
3826.4134530032425,136.00393768405036,-1.1954130786255253e-11
3827.2610836738445,136.0636896684796,-9.35581395609082e-13
3828.4478007526886,136.1473670888695,1.0409280750810294e-12
3829.078121259323,136.19182259838988,6.596883996635508e-12
3829.521835565949,136.22312145675602,-6.7853217990561036e-12
3831.7043904569973,136.37712798889297,-1.0184491998591023e-12
3833.0328298946065,136.47090895666216,7.353905622559088e-13
3841.8760909967373,137.096026026767,-8.889911905521324e-13
3843.638564709762,137.22078485393317,-2.0370818091825953e-12
3845.821119600597,137.3753589371066,3.6702933932071967e-13
3847.454027688525,137.49106302024956,-8.13182286476168e-13
3847.777988894332,137.5140239994647,1.0021172243022668e-11
3850.656772065712,137.7181447088847,4.967348109808706e-12
3854.109061948208,137.96313133656824,-1.1440865694577133e-12
3854.4574691146836,137.98786773027885,-1.511844614609901e-13
3854.476016344892,137.98918461888763,1.497346664856933e-11
3855.7758692482275,138.08149243044454,-8.214511224102653e-14
3856.8122235485057,138.15511044006067,-4.231719933695542e-12
3857.2405858730745,138.1855451771433,-9.91337455489089e-13
3858.2666740899053,138.25846151770216,-9.557830441819704e-13
3862.302642480433,138.5454554816319,3.2627493845231683e-13
3862.3600423281464,138.54953929554358,6.015033058099648e-12
3863.081302621741,138.60085981030758,4.925860973913393e-14
3864.4122187617304,138.69558489918458,-3.2520911856021474e-13
3866.049134929629,138.81213362547481,3.438933155777074e-14
3868.9565046347193,139.0192605589474,-5.459259850624954e-14
3873.3545683026387,139.33288348951183,-1.6387229258060956e-12
3874.6504131256315,139.4253572607622,-7.7161145916646e-12
3878.5113459971462,139.7010636152412,6.1418017179050406e-12
3880.6751268776857,139.85569767151537,6.294328672960077e-13
3882.6695441905267,139.9983045860649,-7.526869696076007e-12
3889.044328979376,140.45461251026288,-1.361584332894997e-11
3890.2180382852093,140.5387083762104,-2.293067765324646e-13
3890.8693827244474,140.5853879287637,-1.0144134484418272e-11
3891.793905797737,140.65165864673688,1.3154686315267007e-12
3891.914604223615,140.6603115898785,7.750624457990509e-13
3891.958183466861,140.66343587811838,-1.2084334876987795e-13
3895.1019966178787,140.88891479366552,-3.5548043951221497e-12
3896.8035159615542,141.01102620429768,6.489267476695358e-12
3901.6109411637476,141.3563245745099,6.346159202043933e-14
3904.4016205224607,141.55696334877462,3.941121652252523e-12
3904.5207875708165,141.5655341805304,7.153648386673815e-13
3907.8309958205605,141.80371829201118,-1.4399844112759678e-12
3909.276352382761,141.9077813908895,-3.1755317618859772e-12
3911.5352136233237,142.0704924438946,-2.850913280793785e-13
3915.141515090092,142.33045757762585,5.15627963759578e-14
3915.890057319558,142.38444728347278,-2.6233854607509917e-13
3919.711551520173,142.6602390087122,-1.3999583940968404e-12
3921.1665881133326,142.7653176140463,4.3394889092761027e-13
3921.6025130389157,142.79680646485374,2.542559408028684e-12
3922.6937904837714,142.875649774944,-1.6557300153736261e-12
3923.731808654315,142.9506655320868,-1.020515764621496e-11
3924.22157890656,142.98606726312778,-4.973555517964835e-13
3924.553102713396,143.01003308143657,-7.271043926041357e-13
3926.1934409084583,143.1286427341203,1.0619688718378773e-12
3930.3498809434554,143.42940871260134,-3.249256835268306e-13
3930.5567925306245,143.44438944797028,-1.113458545888295e-12
3936.511949699067,143.8758904940771,1.7886193259417848e-13
3936.6326481249116,143.8846428609526,-9.43263410742271e-12
3936.7377677892127,143.89226576282704,2.8733269959263904e-13
3938.757576387146,144.03877458457802,3.7939859337609366e-12
3939.8990503511604,144.12160576743278,1.138260886238279e-12
3941.0935568098903,144.20831095907323,-4.3563669463780265e-13
3945.0294914324686,144.49419315225666,-3.751803423117225e-14
3945.3053735486687,144.5142422421787,-6.677717972333623e-13
3949.973912366118,144.85373002622202,-4.60976768743462e-12
3958.3232626359395,145.46188090912128,-3.2963996831078113e-12
3959.6225294860305,145.5566325112456,-9.816435973049314e-12
3960.6203904409144,145.62942460501895,6.2154260511734026e-12
3961.43164519595,145.68861764247487,4.943805768757895e-13
3964.7384314166825,145.93002204510657,1.7087223730724834e-12
3965.16679374095,145.9613083982611,2.1338621799372933e-12
3966.480467247801,146.0572764135744,1.9709094209133771e-13
3968.729875236052,146.22167661921011,2.9848235973629063e-13
3969.9048891392226,146.30759073149133,5.077732834056076e-13
3970.8506629244775,146.37676184693674,-1.5905657864493176e-11
3970.9385399564967,146.3831897514407,1.0799255850175776e-12
3971.9748942560027,146.45900625688722,2.169570530146917e-12
3973.8486131418604,146.59613201086188,-8.611957352523224e-12
3976.365887085809,146.7804573352134,-5.588959933693044e-13
3976.471819582025,146.7882167149465,6.648120729587148e-12
3979.84451357646,147.0353690176612,1.5881968758941787e-12
3980.001361137508,147.046867965622,2.9538074747433925e-14
3980.4746073028928,147.08156575602627,2.7084801706845643e-12
3981.3432619054965,147.14526511234203,8.093530287204723e-13
3983.744072283272,147.32139135965704,4.101842057091225e-12
3983.777026170276,147.32380963390108,3.619225271811188e-12
3983.966695125118,147.33772860996032,8.912391493347932e-12
3985.7777014850612,147.470663826877,-1.2935701903202048e-14
3986.350036091018,147.5126880733498,9.656706126971148e-13
3988.838364227943,147.69546622523262,8.907803968698294e-12
3993.0982600548564,148.0086382311716,-8.620644319893034e-13
3993.1744339122906,148.01424129750535,2.0313325810137467e-12
3993.593702257782,148.04508303463817,-6.6374838442658676e-12
3994.4595208848696,148.1087836393012,5.492293288795179e-12
3995.3796766045944,148.17649710602575,1.2584319460530944e-11
3996.1765247026433,148.23514907260434,1.005709453712417e-11
3996.534025847504,148.26146672840176,-1.5838911179072908e-12
3997.5563327628247,148.33673744166978,-2.5892338922012116e-12
4000.8301650958197,148.57791367042336,1.0011923905153644e-11
4004.425255151993,148.84298371259695,7.721349734918957e-12
4005.6733801573114,148.93506505204184,-1.94117035725004e-13
4007.1380967807563,149.04316219496997,2.280311389405189e-12
4007.9502968607085,149.1031201792908,-3.1290033793160693e-12
4009.8128043375777,149.24065951581014,-5.903084959778732e-13
4010.002473292389,149.25466945648284,-6.043755376254284e-13
4015.8199161794405,149.68469806902942,6.0164040864788734e-12
4017.8203647142595,149.83271638009566,-9.381523840274191e-14
4021.851965747738,150.13124885174278,-4.24472849712561e-14
4023.0677229182934,150.22133214043825,9.066680933844568e-14
4023.1984606479236,150.2310209632686,7.968561500630103e-12
4024.439023051911,150.32297328519954,-1.2443088643302077e-11
4026.0468991249595,150.4421936228281,-3.167993123369107e-12
4028.200640699643,150.60196325842918,-8.471204660444805e-13
4028.3385817576723,150.61219896337786,4.3985030463475594e-13
4028.510781300632,150.62497725862062,-1.094710975540826e-12
4028.775092735328,150.6445919014758,4.913297953770514e-12
4029.247979627787,150.67968821191798,4.591843236764738e-14
4032.945939424505,150.95428225101645,-5.491512549237886e-12
4033.8076174780085,151.01830281579583,1.2743850263361085e-12
4034.6919833350744,151.08402325077293,5.172378437408134e-12
4039.5856216944103,151.4479476961284,4.56817580878245e-13
4041.015626273478,151.55437591262867,-5.24404921158927e-14
4041.94604807637,151.62364286477413,-2.9280231663801514e-13
4043.9256994576103,151.77107469124712,-1.6813799352576017e-11
4045.6097493878847,151.8965488308114,-4.223509153901447e-12
4050.4340579451145,152.25628458658943,-2.1977655477473313e-13
4050.8495449898683,152.28728639318064,1.1282436128197173e-12
4052.107350025905,152.3811576295332,1.3342289731598784e-12
4053.552706586822,152.48906200715317,-1.995910006523038e-12
4054.7932689905874,152.58170798441668,-8.480792182650657e-14
4057.297081601657,152.7687806272275,3.064326296308277e-12
4058.915223757822,152.88974173382167,-9.047049331901126e-13
4065.1252391047733,153.35440723666238,3.3696636562154344e-12
4066.410326076803,153.45065281060212,-1.3323744410302726e-11
4066.955738019174,153.49151020269787,-5.7445327812505115e-12
4068.50644102376,153.60770496151173,2.7069952679973347e-12
4069.9097497188513,153.71289358978711,3.1427755988515057e-13
4071.5000238864377,153.8321405449311,6.00829492784733e-12
4072.1303443921047,153.87941811741328,-1.024169124264784e-11
4073.6825787741554,153.99587560343687,-4.570853045006713e-13
4074.105987692827,154.0276498625191,1.770492420293128e-12
4075.71620797486,154.14851724206224,-4.101352167926304e-13
4078.155058136805,154.33167471779797,1.0890076064149265e-13
4078.7768707161117,154.37839032753521,2.7072370243337117e-12
4081.746366890749,154.60158121341445,-1.3340376079318474e-13
4083.6373284076344,154.74379279547964,-1.4977159201677383e-13
4083.783418119167,154.75478235386038,-5.273492274319846e-13
4084.656440074197,154.82046338488146,1.1602643224988556e-11
4091.892902908363,155.36543273538217,-3.834278142122831e-12
4092.446104231418,155.4071333542548,-3.0212348399626274e-14
4096.339404932388,155.70077193997392,8.169042056805404e-12
4097.528239439109,155.79049127102732,-1.4415391769402837e-11
4099.423927581565,155.93360950692298,4.7448043493906666e-14
4099.919369784181,155.9710246790932,-1.2574547715803781e-13
4100.074553474401,155.98274488618597,-1.986268657784127e-13
4102.224873020354,156.14519286112926,1.0040189039596163e-11
4102.869373403135,156.19389885766319,-3.5842058373683783e-12
4105.758422653395,156.4123232767434,6.5475568040070844e-12
4106.020975930886,156.43218104316662,1.1281963377594856e-11
4108.191960136821,156.5964283665057,2.995713009326128e-13
4108.275696595391,156.6027652455792,4.072099986017265e-14
4108.519343369912,156.6212043065557,-1.9361358182530426e-12
4111.842200115293,156.8727855256818,9.076078186338851e-13
4116.509661109774,157.22651335747764,9.276769475721005e-13
4119.7760633325315,157.4742993471101,-9.652310098367617e-13
4120.373429951049,157.51963623665387,6.221490133977177e-12
4122.748622261505,157.69996549183364,4.96665654130758e-14
4125.182386524277,157.88484944101964,-8.253046903764386e-13
4133.337114425493,158.50512883395135,5.306799012253986e-12
4133.624340443164,158.5269986620598,4.022858143147617e-12
4133.991880891585,158.55498597021116,3.094549364625666e-14
4134.7921510168035,158.6159331948097,1.2967945426593454e-12
4134.869043419747,158.6217898118957,-3.4253338110725117e-12
4135.737924801149,158.6879769425826,6.9377348625633526e-12
4137.236673128829,158.80217693692055,2.176415011834997e-13
4139.2812869578,158.9580369239299,5.0754481281979056e-12
4140.0739944818115,159.0184853753751,1.0604838295795382e-12
4147.45384354299,159.58179628153175,-6.118561804017073e-12
4147.573010591173,159.59090064648225,4.129093872568347e-12
4149.112369693284,159.7085312284,9.845797826932134e-12
4151.039707124238,159.85587082811261,-1.467947538007036e-12
4151.851907203521,159.91798176443294,1.146834894415129e-11
4152.42743705716,159.96200130301548,-4.2592056542720583e-13
4158.2113400001535,160.4047232816151,-5.924185891204159e-13
4158.568841144681,160.4321080038019,-1.5093015197115048e-13
4161.002605406977,160.61859783047896,2.74863139901406e-13
4164.91751609167,160.9188110268402,7.049539804460316e-13
4166.619035432618,161.0493793041078,-4.724853548154332e-12
4167.354116329326,161.1058031797296,-1.3178847186794083e-13
4167.605325704954,161.12508797421413,6.999995627333633e-13
4168.715377157983,161.2103181145427,1.6047648618785316e-12
4171.5236584173135,161.42604028424924,-5.3096641967037925e-12
4175.3548326432465,161.72057173306533,-9.016847375268089e-14
4176.336982342159,161.7961205778542,2.8750428207095993e-13
4177.646515274032,161.8968800114488,-6.193145778480246e-13
4177.745376934937,161.90448800974852,-1.1414384237379797e-14
4177.887685345805,161.9154398123842,2.274654553923635e-13
4178.67260348889,161.97585242233257,9.771328511424654e-12
4179.845499960771,162.0661476188151,2.8624229783283982e-12
4180.441335201582,162.1120275802445,4.006454314805197e-12
4182.464565824461,162.26786734354116,4.827267029435931e-13
4183.418261482531,162.34135210064295,-4.143064493058483e-13
4184.214750306945,162.40273649725307,-3.022297962425943e-12
4186.328334664352,162.565684447684,1.0077467771116411e-11
4190.578191182644,162.89357855903427,-1.4914791815296216e-13
4198.917275357498,163.53794050048407,2.7801887681791743e-12
4204.690779722435,163.98481026106307,-7.431979218525704e-12
4205.002810973414,164.00897899744638,-1.8396131211629925e-12
4212.356323421112,164.5790728646331,-1.0427151634399482e-11
4213.190492758106,164.6438062019821,8.240177685768501e-13
4214.211495074247,164.72305562657448,-1.2025958010106573e-12
4216.30761001951,164.88581465602445,-2.2323662869477075e-12
4216.566249503046,164.90590309122808,3.199430048411917e-12
4218.0207000413475,165.018892687369,-4.456025189668314e-12
4221.732707218209,165.30743814695106,8.196919670104165e-13
4222.835328562951,165.39319710868207,-3.2075419088698605e-13
4223.5268302162785,165.44699169867368,-4.204862674425757e-12
4223.80271233204,165.4684560943208,4.673258527224664e-12
4224.3954848176945,165.51458018434082,4.671558324787513e-12
4226.93837682344,165.71251803720483,-2.0381494291067193e-12
4230.674829960762,166.0035783819023,8.733170402383504e-14
4231.498373941476,166.06776498427672,4.368699117420347e-12
4233.108594222135,166.1933008349577,3.33245004364934e-13
4233.534839115882,166.22653969643088,-3.539200556260621e-13
4234.245114778919,166.2819349019591,1.1996106789917774e-11
4235.554647710397,166.38409122375626,1.4386063456304216e-12
4235.60484422959,166.38800766974148,-1.861484333895796e-12
4236.140802919984,166.4298272727215,1.6871064182698609e-13
4238.431899497681,166.60865583559774,-1.2115116986909514e-11
4243.183456220309,166.9798406251036,6.728597832932892e-13
4243.664132492969,167.01741352953192,-1.4933344938410528e-11
4247.91398901,167.34979618805795,-3.802391022984986e-14
4251.417420728785,167.624050902222,-1.9715698005113415e-12
4254.419511514839,167.85923965774154,1.132222391126585e-11
4255.743810375759,167.96304018998902,3.660495246976213e-13
4256.816313808797,168.04712829460522,1.1707809552603632e-13
4258.1182841389455,168.1492358982856,5.303747786779864e-12
4258.762784521193,168.19979268252334,-9.638139826487475e-13
4259.47517761401,168.25568410311524,1.3777940272139625e-11
4260.5994089437245,168.3439056687196,-1.8793444058547937e-12
4261.96386501995,168.45100961526958,-1.2944766293153502e-12
4262.473127826566,168.49099334878397,7.459923516186353e-12
4262.553442257262,168.4972995090892,-6.44138062004108e-12
4264.275040205022,168.63250519120595,9.052732514609747e-14
4265.096334262516,168.6970247493943,-5.758790302210756e-12
4265.24692382007,168.70885617411224,-3.866484916370711e-13
4266.327216633814,168.79374418091783,8.789713452501627e-14
4268.469028251544,168.96210851907054,-1.3757405167616188e-12
4272.5912097936125,169.28638434876714,-7.720158735584764e-12
4277.462878888675,169.67002297187295,-7.716180363605067e-12
4283.084035536678,170.11322616421086,-4.757569548594396e-12
4285.417539252258,170.29738351453318,2.2750822025580277e-14
4285.635435467999,170.31458474628644,-1.595815821846004e-11
4285.762165117275,170.32458948046562,1.0489443307425147e-13
4286.1808474097315,170.3576446621531,-2.6455342540211955e-12
4287.018079501433,170.42375424971857,-4.76872805444335e-12
4287.272124852345,170.44381675250924,5.610267054687159e-13
4287.644032653425,170.47318924831993,-4.8192549285837355e-12
4289.45467973756,170.61622674403824,-8.6725863324891e-12
4291.5686233666165,170.78330047210304,1.554065161066357e-12
4292.26142961764,170.83807373187244,-8.451994963291565e-12
4296.128034430811,171.1439298679536,-4.976226066176722e-14
4296.574811491249,171.17928857204672,2.7104209845091195e-12
4298.965355781461,171.36854282531849,-9.900953728339822e-12
4300.349304412735,171.47815517592184,-4.757269745253479e-12
4300.435517573877,171.4849846511163,-3.649241149726807e-12
4301.967446566805,171.60636100802378,-5.221885169905855e-12
4304.322200994565,171.79301499050467,-5.825187436376194e-13
4304.444430797671,171.80270655136243,-5.211554747351005e-12
4305.999274373678,171.92601360350727,-3.3497249916935755e-13
4307.745318281692,172.06453690415134,-3.2134721931585934e-13
4309.607825755539,172.21236180457566,-2.432240138572248e-13
4310.007960817787,172.2441283652209,5.530309459509395e-12
4311.318798346703,172.34821588312292,9.738376510992492e-14
4311.644876981515,172.37411318866512,6.567271252689721e-13
4311.671213592431,172.3762049391261,-9.134086523887486e-14
4311.761567326942,172.38338126199946,5.806472582517925e-14
4313.063537656738,172.4868066275455,1.0778493162100891e-11
4314.46225221749,172.59795191212444,-4.05858563548106e-14
4321.922869261894,173.19139958161347,-3.892501364515312e-13
4322.432132068361,173.23194578859068,-1.1039007413408779e-12
4323.3682258207455,173.30648764934756,-3.2705011492173528e-12
4328.818846795525,173.74084538863127,-7.520203605599495e-13
4329.743010593753,173.8145458821604,6.764051737226933e-12
4330.604688645894,173.88327741661274,-9.337200949862717e-12
4332.326059813506,174.0206231102726,8.561516454215774e-13
4332.55021403244,174.03851206492672,1.4564470348891494e-11
4336.636738204045,174.36480533831323,2.6098149182233535e-15
4337.833721362826,174.4604380988856,9.885877436422191e-12
4340.482905135937,174.67218802012877,-7.616028646623381e-13
4340.561914968671,174.6785052811374,2.6512871030369105e-13
4341.598987811668,174.76143549246626,2.9806901951604454e-14
4343.41778354887,174.90692452941704,7.34623280898846e-14
4348.355360416138,175.30219824160514,-1.2263250192521437e-12
4348.749237475067,175.33374909129782,-4.032384224993342e-13
4353.026602705548,175.67656416239066,2.262784743164964e-12
4354.213546560402,175.77175307791748,2.870200314560733e-12
4355.034840617538,175.83763329735902,1.1541279297195142e-11
4357.764698093877,176.0566984888518,-1.9288441511310158e-13
4360.4678596864915,176.27375665917336,-9.74468722543482e-12
4360.7548589242515,176.29680999626953,-1.046429273412329e-11
4361.485799246873,176.3555299447499,-5.009787430497568e-12
4364.8340472737145,176.62463659404145,-2.280072457864226e-14
4366.015678450406,176.71965639894168,-1.911798957130665e-12
4367.401385238326,176.8311195264846,-2.345056395277498e-12
4372.081853999211,177.2078673783869,-1.884051527907958e-13
4375.148774739029,177.45495376008523,1.0081797985993422e-11
4376.697946363632,177.57982859196235,-2.5172402605643227e-12
4377.921266133095,177.67846856279348,5.317680625520712e-12
4378.571892025004,177.73094172474623,1.390022738538733e-12
4380.288895839277,177.86945600948266,1.2561995064825023e-12
4380.517417411111,177.88789541695994,3.3213140111527732e-12
4381.089165963502,177.93403402649244,9.880754050222543e-13
4382.333509665749,178.0344701155605,-4.886140224488854e-12
4382.907961700368,178.0808461208469,-1.1379981164430913e-11
4384.879823697342,178.2400824754585,1.8091789150656905e-13
4386.430299919808,178.36534041313206,-2.7517641737409536e-13
4391.888710273727,178.80666001880851,4.9261871481937675e-12
4393.533189038001,178.93972585639676,4.162899383938988e-13
4394.071265157856,178.98327603080202,-4.4086603498849594e-12
4394.382937135763,179.00850421138557,-5.671590582153208e-12
4398.185298043917,179.31642907926056,-1.4365954566985283e-13
4398.316981098438,179.3270978796942,-1.0292675760257081e-12
4400.154683338097,179.47601960683616,-6.38879005773448e-12
4402.643370742365,179.67779433391533,-1.9079884406012083e-13
4403.679725039492,179.76185223621434,5.7755980323719526e-12
4404.607670137985,179.8371339398054,-9.441743583344365e-13
4405.815997198147,179.93518605672003,4.648436159081647e-12
4408.997944412145,180.19352019479612,-5.3891373125228956e-12
4410.1880835149195,180.29019246288917,1.4310648786495206e-12
4412.076209053205,180.44361409922502,3.7637413249178795e-12
4412.830423231538,180.50491692467526,-1.4136834604350043e-13
4417.206650121541,180.86082516012686,1.3201816278514161e-13
4417.482532237045,180.88327382427534,1.920145237656211e-12
4417.654145727297,180.89723880615134,2.2036778617931438e-13
4424.3624392401225,181.443548694661,-6.009546869231109e-12
4424.418307710148,181.4481019907541,-3.526185160183033e-13
4426.0034959763525,181.57731924198583,-1.996107287151191e-12
4429.537045603656,181.8655245338711,1.0272871957170447e-11
4432.345326859405,182.0947391262203,2.6587790345551164e-13
4436.0783579652525,182.3996575891969,-6.251490978856014e-12
4436.915590056367,182.46807895384325,-9.48366156712086e-12
4440.476421619545,182.75922608088334,-9.933998339331342e-12
4446.72483601272,183.27068472074325,-4.602121046908679e-12
4448.409112719114,183.40867281439301,-1.3391588999268366e-12
4450.834728324436,183.607488554734,9.41418796713082e-14
4451.166252130341,183.63467034375674,-4.797973039412885e-14
4452.200129724589,183.71945144413124,-2.403153315184247e-13
4452.651765903643,183.75649316077988,-9.530512024693328e-12
4455.408546042034,183.98267668152775,1.0038157373203831e-11
4455.521095814011,183.99191394463915,-3.662451729890197e-14
4456.143853717288,184.0430295817005,4.3340238687074294e-12
4456.242715378059,184.05114475123975,-1.2792413010282744e-12
4457.3398915502685,184.1412197658012,-1.39006051702028e-12
4458.017345818835,184.1968478897394,3.5440071290569573e-13
4459.35983263585,184.30710912310312,-1.2884835388137272e-11
4463.416106400399,184.640461016407,-1.791522795852512e-12
4464.002261609355,184.68865737161735,3.075916019485394e-13
4468.732794394132,185.0778550041083,-5.513209204091321e-13
4469.8485177964285,185.1697095845269,-7.193117173956009e-12
4472.770294148793,185.4103604171919,-1.0150371790285078e-13
4473.208109723395,185.44643445302222,-6.935545103661724e-13
4473.3536133822845,185.45842408235836,9.279573043401294e-15
4474.952849032136,185.59022820418627,-8.729166900221911e-12
4476.263686560063,185.69829856698743,4.32482189265791e-12
4477.21738221679,185.77694470562085,-7.546935789713735e-13
4477.661096521838,185.81354114279935,-2.771362081258096e-13
4482.638471328634,186.22431098850333,5.259086220084e-12
4483.500149380179,186.29546938612066,1.2873751222771121e-11
4484.752055683029,186.39887766717325,9.706227470544377e-14
4484.9364119592865,186.41410805516108,6.239538964448472e-13
4493.315294064993,187.1069808932451,6.437613580452524e-12
4498.224057615388,187.5135008235748,1.1147331077851942e-11
4498.526049562109,187.53852482173497,-1.8586730620244324e-14
4499.424462801098,187.61298008838858,-5.887278592565919e-13
4500.542076853539,187.70562219640834,-1.2871781848672606e-12
4503.496447819651,187.95062894738956,-1.608460654775122e-12
4511.6059325921215,188.62397699598392,-2.332066023279294e-12
4512.151344533291,188.66930720558355,-4.2961762644240446e-12
4512.4272266486805,188.69223837261845,-4.047988073801769e-12
4513.606381121944,188.79026483482713,-3.226428902507128e-13
4514.443027160414,188.85983313087775,-7.713281223289744e-13
4515.505491288349,188.94819710304617,6.00147655779034e-12
4516.361270609317,189.01938644692825,-5.147561863572478e-12
4519.050384816038,189.2431724249558,4.06605020095105e-12
4519.787583141383,189.30454475631814,-3.844946864103914e-13
4521.9928258278005,189.48819268140053,8.303936192805734e-13
4529.233069947096,190.09177470046836,2.546821133183643e-12
4532.288646783034,190.34679222438123,1.2935269280429288e-11
4533.971165331727,190.48728814074016,1.3417914828197286e-12
4535.313652148308,190.59942767564672,1.3121142104783425e-11
4536.101992317872,190.66529414777875,1.7990557080284692e-12
4538.060392981899,190.8289696848289,-9.381671191629964e-12
4539.1802569572355,190.9225953257054,-2.872169074813195e-13
4540.086232797241,190.99835586540777,-1.6426843244801076e-12
4540.461203352909,191.02971650257714,9.058784955186941e-12
4542.323710824812,191.18552557198285,-7.399518712488139e-14
4543.241257346137,191.2623069162383,-1.4518803218675444e-13
4545.8352911924085,191.47946253926105,-2.1216333374328817e-13
4549.633511524692,191.79764843364993,1.3123284489109355e-13
4552.540881219302,192.0413852259623,-4.508611267778131e-13
4552.899554467889,192.07146507304276,-7.841460992869795e-14
4553.9235252510725,192.1573526092637,4.694074431846126e-13
4555.276996696513,192.27090728988702,3.2146959291641533e-12
4555.388241870511,192.2802421314006,-9.299915631115157e-13
4557.208342203929,192.43300336390155,9.609345940451701e-12
4558.2268678157925,192.51851496592795,2.7780345265626837e-12
4559.333270459414,192.61142604871355,-4.570593896874035e-13
4559.351099143983,192.612923411946,-3.7893058114612816e-13
4559.787024068133,192.64953690587993,8.015442979848529e-13
4560.210432985805,192.6851025270275,-5.878576834099171e-12
4561.224818024288,192.77032255936652,1.5041375511197985e-12
4563.84802445669,192.9907900142753,-1.1611392379950767e-12
4567.220718441166,193.27443442519248,-2.773890937441674e-13
4567.253086275714,193.2771575833178,4.393194718830479e-12
4568.344363716955,193.36897980832734,9.4842850598819e-13
4570.065961662337,193.5138830396214,-1.0875355567486352e-11
4571.342899977685,193.62139548307255,-1.5566065748180938e-12
4572.441153967716,193.71388753848356,-2.1961367464876812e-14
4574.259949703077,193.86711058554667,1.3822893003767985e-11
4576.21456906621,194.03184392130407,-1.5558034745062288e-12
4579.543457027851,194.31256121284503,-1.5694194293153472e-12
4580.5949365265315,194.40127242726055,8.615131833215517e-14
4581.835725706696,194.50598151571023,-9.592619266292209e-13
4588.206369899092,195.04404108454827,-1.7486397572242695e-12
4588.973818628904,195.10890965251232,-4.860534494470342e-12
4591.738388146462,195.34267469603847,-6.378065697026853e-13
4592.125421149374,195.3754124676341,-8.353317670398668e-12
4593.568887056217,195.49753454946648,-3.7905492454055923e-13
4595.326501643342,195.6462864885099,5.464973768443393e-13
4596.369832488427,195.7346134712708,2.783489378057779e-13
4598.804901343702,195.94084113057733,-2.573188537662832e-13
4599.474433737916,195.9975634353036,-1.0010937177930292e-12
4600.183178022268,196.05761674034915,6.307143374066836e-13
4600.420207520202,196.07770278327195,2.7239647324938613e-12
4603.196120939383,196.31301263072115,-1.050795510374646e-12
4603.80708138137,196.36482185216198,1.0073761118985448e-11
4605.880508519418,196.54069897680935,1.6926122184368445e-12
4607.668014238347,196.69238656541407,2.47583586813342e-13
4608.137479101675,196.73223507417183,4.555603589527893e-13
4609.570905704606,196.85393045799464,2.0191505971534923e-14
4611.815227787144,197.04454545674213,2.173243991570168e-12
4615.134076444489,197.32659231283426,2.9248369892544194e-13
4615.919580638362,197.39337677972156,2.202865848160979e-12
4616.0400522842165,197.40362042239065,-6.2193274909331304e-12
4619.229202823769,197.67488948202742,8.087802375929302e-12
4619.750168804111,197.71922063654372,-1.4528842531121486e-11
4621.183822186553,197.84124195456772,-2.2257683078746943e-13
4621.394647566794,197.85918894861442,7.589643988160117e-13
4621.932723686129,197.90499762386963,5.490102541113091e-12
4622.904607299633,197.9877516655247,1.156488257368344e-12
4628.613867750384,198.4742356595881,-3.0984155776653565e-13
4628.838021969032,198.49334800829587,-1.900381440186624e-12
4631.301904137525,198.70349015462668,2.9365951465335133e-12
4631.523940926301,198.7224329521185,-1.5834865446050663e-11
4632.025414351339,198.76521888670226,-3.3963590785029193e-13
4635.24292464507,199.03984849880155,-6.608718828326151e-14
4635.831197283479,199.09008095131338,3.7910911779678444e-13
4638.095371193852,199.28347767596014,-2.2632200746058712e-12
4638.531882170225,199.32077356424375,1.4141641742263445e-12
4641.150948028451,199.5446226020601,1.104471232078947e-11
4642.169473639975,199.63170912978217,1.4811992361667866e-14
4642.83806070893,199.68888541206334,-2.4861355106476554e-12
4650.064843493083,200.30743152325107,7.520955527767416e-13
4652.723480514111,200.53522845337648,8.285341746617911e-12
4653.786530693812,200.6263489953318,2.327030702897034e-12
4661.6123439654,201.29778807808472,7.274392689154522e-12
4663.377161880439,201.4493618071853,-1.2660505432689225e-12
4663.413311015557,201.45246712326067,-6.065246189058653e-14
4665.0138512621,201.58998232303688,1.2364358638788557e-12
4665.894435815922,201.66566050043144,3.3489982097815574e-13
4665.949945013111,201.67043148612393,-2.119344765551374e-12
4666.153075298938,201.6878909090075,-4.728253835628165e-13
4666.545780252613,201.72164677950047,5.43305924969418e-12
4666.687143338021,201.73379866867134,-2.007240103478534e-13
4667.196406143734,201.77757909805905,-1.204018662055645e-12
4670.250224820908,202.04021074646312,-1.7560716636436037e-14
4673.255378356457,202.29882484420395,5.615949659388712e-13
4676.270571195792,202.55847008372643,1.6676452873393779e-12
4676.6500415974115,202.59115902350476,-4.470940571819724e-14
4678.96405275374,202.79055363974544,-7.884426515211468e-12
4679.130580345291,202.8049068588232,6.018136798731054e-12
4679.269107455253,202.8168470709755,6.696636396805019e-13
4684.246482257994,203.24610167588844,1.9372903999857367e-12
4692.304239128009,203.94197941913012,-5.0027287851785654e-12
4692.359162272828,203.9467267530112,9.348817436562387e-14
4693.134627162648,204.01376072383607,-1.143538794468939e-12
4695.703988267229,204.23594468205684,1.479522490362474e-11
4695.979870382417,204.25980865193043,-1.3436988907776413e-11
4698.858426761833,204.50888915228862,4.378540786138132e-12
4700.315940052057,204.63506548772565,2.1088105286105283e-12
4701.069568177134,204.70032211730705,2.0454899446911617e-12
4701.21507183589,204.71292247833202,1.691804538362265e-14
4701.404740790078,204.72934806180865,-3.579920442347509e-13
4705.158795824612,205.05459057511473,6.451160743111196e-12
4705.285752253238,205.06559432009777,-1.8494611025207347e-12
4705.436341810504,205.07864681358095,-3.505419374156699e-13
4706.4724693267635,205.16846547908193,-1.9111126789862741e-13
4707.749634421011,205.27920615262406,-1.0865869559593296e-12
4717.311811564949,206.10927985509483,3.063191600557478e-13
4717.602818882444,206.1345680345381,-1.4504954896862379e-11
4718.161559661577,206.18312629682575,-8.89816634595443e-12
4721.663233216151,206.4875758002334,3.7400001762723104e-13
4723.114129230231,206.6137886848088,-1.2116749566279762e-12
4728.091504032159,207.0470632920355,6.981133243942368e-12
4729.332066432044,207.1551238322467,-6.587931267820085e-13
4730.594012037484,207.26507606641007,6.477492418475062e-13
4731.340663613675,207.33014498838605,4.947332528063667e-12
4731.357906245873,207.3316477643856,2.002994392340262e-12
4733.581922940162,207.5255271256734,3.11245175168573e-13
4738.969472107238,207.99556612920688,-6.880170964596804e-13
4739.228111590184,208.0181446902935,-2.0029385018052747e-12
4740.523956407614,208.13128716020466,-8.382874516293931e-12
4744.430718428722,208.47258056585136,-5.1213213835077515e-12
4744.478665024727,208.4767709106399,3.3362806897980567e-13
4744.633848714491,208.49033364794224,8.43403629332995e-13
4744.768367744263,208.50209069512988,-3.7540370198082145e-12
4744.86722940492,208.51073147849934,-1.306984876789493e-12
4746.981173029906,208.6955390987272,1.0022888195229653e-14
4748.657887133114,208.84218127443592,1.1295164947912655e-11
4750.540113938363,209.00685889159217,3.5990361710704597e-12
4753.442397732204,209.26091005337247,-2.0434981288445557e-13
4753.494125628791,209.2654394577267,1.1992421984529823e-12
4755.203566839268,209.41514948510016,4.135777669022231e-12
4756.09158150075,209.49294158141598,-2.8026981435381815e-13
4763.433750029126,210.1366887364609,-4.366334188113551e-12
4772.124663375894,210.89997462046077,-1.1150925963565645e-11
4772.686013350775,210.9493234329085,7.485931848590506e-13
4773.704538961801,211.0388778129482,-1.7600072654432976e-12
4775.23588189934,211.17355787989626,-3.1325748569587105e-13
4777.023387617129,211.33082184500336,-2.082988071960046e-12
4781.784983632666,211.75003218039012,8.557932020343342e-13
4782.426288765264,211.80652451942575,-7.235579412879128e-13
4783.008303400117,211.85780053745827,3.9183096648070154e-13
4783.138455076927,211.86926787211812,-9.480980567304289e-12
4784.731432721601,212.00964638000625,-1.003845464921143e-12
4787.194728836304,212.22681228476895,5.691668779648553e-13
4790.175436409993,212.48974300092692,3.367488003813092e-13
4790.78981887935,212.54395853750538,1.6564096237766338e-12
4792.066983973207,212.6566828820967,1.2979727436424655e-12
4796.92366034855,213.08561418347148,-9.008294001425347e-14
4797.423243122988,213.1297609147305,-3.2332833853962103e-13
4797.663108596183,213.15095878874453,1.091159967377206e-13
4797.749321757147,213.15857805052053,-1.15158033712359e-12
4798.2849211734765,213.2059157953343,2.69062425553224e-12
4800.130186011355,213.36904582470086,-2.156545444916469e-13
4800.230446556291,213.37791112167062,2.0199712580518115e-12
4805.980582764114,213.8866628941326,-3.2415508717179866e-12
4806.332998009123,213.91786316019014,1.8951827960037818e-13
4811.178916534836,214.347117328502,-8.161666725882816e-13
4812.793995930482,214.49027807313834,-1.7455804828572465e-13
4813.056775986726,214.51357545970563,2.879016499269465e-14
4815.275120729494,214.71029874618264,2.3846433529732507e-13
4815.84745533325,214.761068212091,-5.007967530971065e-12
4818.030010213686,214.95472912334927,-7.779149321820701e-13
4822.865662655813,215.3841153821891,-3.1797789067660076e-12
4823.938166086308,215.47940768389458,1.340557939000948e-11
4825.578504274388,215.62519328652564,1.8739462350128173e-12
4827.998580418474,215.84036886513653,8.463017802526263e-13
4829.085717285281,215.93706429004624,-7.846442340662262e-12
4831.040336646553,216.11097273423925,2.608038692039184e-12
4831.298522570264,216.1339495850861,-8.687077931673386e-14
4832.026040863705,216.19870053807574,4.6790289790535714e-12
4833.885579864914,216.36424848206266,6.507885759629144e-12
4843.781038967031,217.24627630623303,-2.743169822101309e-12
4846.062455507879,217.4498853332659,5.421550334746595e-12
4847.590243924026,217.58628909542693,8.78464447731679e-12
4849.7596967453965,217.78005571292027,5.20784349739745e-12
4851.65124430822,217.9490717238176,-1.581009303188531e-14
4858.690475562693,218.5786292593089,9.419866599495485e-12
4859.092274494763,218.6145919057966,9.65476171766214e-12
4859.921357930978,218.68880766081782,1.0970455222681063e-12
4861.32975251966,218.8149097231712,-9.425908548186906e-14
4862.493781789046,218.9191598638101,2.1390699750952596e-13
4863.104382957667,218.97385511647752,-1.2048494235705242e-13
4864.002796195413,219.05434392965722,1.9946672509874846e-13
4864.123494620736,219.06515843063357,-1.6427061806912587e-12
4865.956829504094,219.22945704753437,6.6747763648525666e-12
4866.7436382951755,219.2999877552281,6.271242634771079e-12
4867.1057335711375,219.33245034475064,-1.6292892009771412e-11
4867.175063372678,219.33866618017026,-5.018025698468053e-14
4868.229964898038,219.43325539594213,2.222389276761909e-12
4870.103683776194,219.60131555198504,-8.821611457615023e-12
4870.235726103256,219.6131613122757,4.463217630333804e-12
4872.726890205593,219.83670841896517,6.80995945578844e-12
4873.011639519697,219.86226796418077,2.7869888280568728e-12
4875.856655958075,220.11772311465532,9.670984585000487e-13
4876.099584186215,220.13954264540263,1.6268571400173923e-12
4877.857331264732,220.29745383227268,-1.6913810595697615e-14
4877.99315489237,220.30965822407538,-1.6355394016513975e-11
4880.221765718035,220.5099579222519,9.129324947264643e-12
4882.384374483577,220.7044130534413,4.899091588079097e-13
4883.698047984909,220.82257659661136,3.56369882709979e-14
4885.093434801022,220.94812498290173,9.124609117806988e-12
4887.368007285959,221.1528540120053,-6.904452475287594e-13
4889.044721388351,221.30383220561382,-2.359397846137982e-12
4890.7145914351395,221.45424560317497,5.625957209622398e-12
4891.047419838417,221.48423123151812,-1.892585695030758e-12
4891.920441790369,221.5628944064313,-3.4415552514396935e-12
4895.121522280841,221.85144616470666,5.6120903155983915e-14
4895.940698906356,221.92531870644757,6.532496082724118e-12
4897.085235620346,222.02855260132918,1.0255555954075967e-11
4898.18065363363,222.12737873103703,-6.599639260597474e-12
4901.116836638004,222.3923835325685,-6.993353486061922e-13
4903.758590297248,222.6309503725064,2.988212217972373e-13
4904.205367356594,222.6713098380559,-3.2051365955814466e-12
4907.335359888326,222.95415984403775,1.3298356814843935e-11
4909.521110016305,223.15178791604467,2.1538409004655288e-12
4909.598002418995,223.1587418672673,-5.230132920661736e-12
4910.093444619879,223.2035509978941,-1.433503048775726e-12
4910.966466571777,223.28252046447176,-8.041010915810736e-12
4912.074986643832,223.38281221648108,6.162773817206798e-12
4912.315929935287,223.40461420736622,-7.335079866928955e-12
4914.259205394273,223.58049249366337,3.332311007534423e-13
4916.365359637288,223.77119085619745,-5.0719625528574737e-14
4917.638516650447,223.88650644526652,-2.4747847215426173e-12
4917.98089259151,223.9175220772075,1.6306635932632962e-12
4920.148454762086,224.11393034755068,1.3715525346212897e-11
4920.694093482003,224.1633856821651,-1.2745768461834886e-11
4928.073942518833,224.83281552143836,1.1206189497827768e-13
4930.0626878710455,225.01338722310265,1.3053800365387053e-12
4931.831419578204,225.1740436028387,-1.488441727409642e-12
4940.180769810891,225.93320486972246,-1.722267165869859e-11
4940.400689169559,225.95321830510568,9.667998579236097e-13
4941.189029337954,226.02496735490766,2.997778017227074e-13
4941.589750451561,226.06144249593,-5.012534348565071e-13
4941.9106489006845,226.0906540109939,-6.7971034787859234e-12
4945.173269811421,226.38775939071715,5.584525384738075e-13
4945.184481219951,226.38878067784717,1.4046063078151787e-12
4949.520550885845,226.783942321667,3.1413638472084977e-12
4949.52469145921,226.78431983254748,-1.1030065747843359e-12
4951.04833930147,226.92325769488784,-8.686989885948032e-14
4951.8104753521975,226.9927711335559,3.661469137656668e-12
4952.001675683728,227.01021194614356,1.0965979907926563e-12
4952.461460515455,227.05215511702127,-2.3789039102587083e-14
4952.616644205109,227.06631239168772,3.777912018603943e-13
4958.558926066673,227.60875537700858,-2.046612191275422e-12
4959.202121849178,227.66750871000013,-6.160712970147497e-12
4959.312554191078,227.6775970242614,2.3026266870463055e-12
4961.6729805636,227.8932825268265,1.26002265621579e-12
4962.665396342705,227.9839958138963,-1.3647631856789074e-11
4962.6915061739755,227.98638266802246,-4.1247323930633775e-13
4965.948095860842,228.2841852575548,-2.427529203105786e-13
4968.015397486203,228.4733334022522,-3.0887284948809213e-13
4968.742915779316,228.53991655030833,-3.893600526257992e-12
4969.3465403989285,228.5951682352146,4.002388134520622e-13
4969.765222690252,228.6334955017132,1.6573632442062733e-12
4971.176680033436,228.7627277718105,3.1333850981642114e-12
4975.031940934517,229.11590038447977,2.7730345214382032e-12
4976.863744439708,229.2838041286846,-2.4658291356828935e-12
4983.783090097962,229.918591456637,1.2941914930152877e-11
4984.328502038192,229.96866556358924,1.5115660307059315e-11
4984.604384153107,229.99399630485067,1.1638490422346542e-11
4987.919451505518,230.29848636462623,1.2581586106591337e-12
4988.147973076821,230.3194836068044,-3.927448298431017e-12
4989.96406532726,230.486385768375,2.1864822016959948e-12
4991.055928819212,230.5867592411973,-1.0086415230693293e-12
4994.403590785629,230.89464197463187,-1.5584440827161447e-14
4996.461665938932,231.08402454707215,1.3613848268755122e-12
4997.382766979763,231.16880886640058,-4.28258427065594e-12
5000.40953049705,231.44752254332133,-1.2844318844793346e-13
5001.609935680564,231.5581062740673,-1.0523238741110435e-11
5002.013492769529,231.59528872347073,6.706622835740004e-12
5002.18168423161,231.61078622835623,-6.60819836087161e-14
5005.270214949202,231.89546239978714,1.0509519334811949e-13
5006.9008731052845,232.0458343628227,-1.0961962408152161e-11
5016.628500012548,232.94389001951333,6.37259985054899e-12
5016.913249326521,232.9702043684069,-1.79402711623296e-12
5017.956580170062,233.06663376956496,5.706134550876714e-13
5018.036894600517,233.07405762718753,-4.193373041031445e-13
5020.221113350224,233.2760012600817,2.1550668164026308e-14
5023.131186522193,233.5451908657742,-5.9018316444458896e-12
5023.288034082528,233.55970411805356,4.117149711584305e-13
5025.183362944871,233.73511650439337,1.1373042895884638e-13
5025.478510835428,233.76243834958694,1.123218148366509e-12
5027.99164419443,233.99514414966626,-3.931581637706195e-13
5031.992994805783,234.36589282240155,7.1062001054520135e-12
5033.009402986074,234.46011599306607,-3.656457435379073e-12
5033.842040942831,234.5373174585834,9.559954711095017e-12
5037.626799936939,234.8883979707037,4.7704775734696055e-12
5038.764492594826,234.9939838058381,-2.8345687353043857e-13
5041.0561752176245,235.20674036460548,1.4598178736580229e-13
5041.381441019587,235.23694541941174,-1.0672731815262696e-11
5043.52005738262,235.43559160316738,-7.56877494276081e-13
5044.339234007749,235.5117034477654,6.555486792879257e-12
5046.314877300422,235.69531649323932,4.35217609742142e-12
5048.106977149136,235.8619335020388,1.1746757761785345e-11
5048.2387926965475,235.87419113274757,1.26552671893968e-12
5052.058263734426,236.22950572861296,3.7818834057228034e-12
5053.082234515809,236.32480851548365,-1.8033496742830133e-13
5054.448808017688,236.45202803742285,-1.662996168172242e-12
5055.992307687488,236.59575965892756,1.1176032910190748e-12
5061.482726589519,237.10738647882715,3.4507756667572755e-14
5063.039101538528,237.25251889750243,-4.491857448533221e-12
5063.228770492486,237.27020863306035,7.024512451672096e-12
5063.4295565686025,237.28893594436082,-2.4765990723163967e-12
5064.970447042504,237.43267947076285,1.6437122014324778e-12
5065.647901309579,237.4958903188318,-2.1280806237217853e-12
5066.990388123639,237.62117796453794,-1.2904670929928434e-11
5069.737128952081,237.8776211338448,-2.1856475302182546e-12
5070.100888098524,237.91159309504485,2.060236037668072e-13
5070.876352987361,237.98402295189686,-2.2482080080244608e-12
5077.621154891993,238.61446711522413,-6.485043644096193e-12
5081.769673032036,239.00264996255606,-5.481347170936268e-13
5082.583404485779,239.07882918334545,1.0321977946590805e-11
5083.199091552486,239.13647615853452,-5.579710787610839e-12
5086.4001720410415,239.43630686912942,-1.5169899657495849e-13
5086.909434846038,239.4840246127562,-2.3304639614201125e-12
5088.74749635383,239.65629006029096,-6.637054737905864e-14
5094.8640951849675,240.2299935665809,-1.8793526917213295e-13
5095.591613477797,240.29827666249165,2.593439242551284e-13
5098.982136140598,240.61663146344793,4.072576255490438e-13
5100.791025062057,240.7865646073537,1.090121045041215e-12
5100.945849478858,240.80111213699334,-7.612249425162931e-12
5104.075842008681,241.09530552873125,-1.3113070260776477e-11
5105.83322981316,241.26056454477057,-8.525410237561138e-12
5108.037167897118,241.4678961033524,-9.626366234545448e-12
5109.795860299505,241.63340615300166,-9.735105982145404e-12
5111.559506107183,241.7994395823166,6.496900616341722e-14
5115.5869665488,242.17880823253518,-3.2068717506137545e-13
5118.908877955489,242.49194219950223,5.581552706531856e-12
5119.662732859104,242.563031266819,3.916240322003044e-12
5120.057782021626,242.60028887134703,4.7865789131125484e-12
5122.5100935047385,242.83163389519015,-5.636732108862431e-12
5124.192612049982,242.9904226254005,4.791302935007195e-12
5124.199815378353,242.99110255608352,7.513722990942326e-12
5124.636326354014,243.03230712717556,-1.0469529979252321e-12
5127.837406842184,243.33458122910733,-1.5819591280877323e-12
5129.311349930595,243.4738273318954,-2.574990768106889e-13
5132.493656409041,243.7746021279197,-3.2033784333632234e-13
5135.554092357521,244.06403433358176,-4.155307491241213e-14
5135.6810487859675,244.07604461124902,1.0793131790899e-13
5136.8636252844635,244.18793246999476,-1.1396257998147722e-12
5137.954902723576,244.29120504763793,1.7850529602547098e-12
5138.898559074276,244.3805252526005,-2.349550856572578e-13
5139.105470660365,244.40011231349345,-1.397389966629245e-13
5139.814214943424,244.46721079958314,1.06130225339672e-13
5139.9192021139725,244.47715096848157,-1.5295345225310796e-11
5145.672401070627,245.0221733654568,3.511381699143028e-13
5146.81081227372,245.13009164382288,-2.876532354849476e-13
5147.716788111829,245.21599274235703,9.863670526548234e-12
5150.744856225693,245.50321207970995,8.131811697371495e-14
5156.423639482186,246.0423133422336,6.404849418728614e-12
5157.442165091968,246.13906738259604,1.8991777741833707e-12
5158.860239710373,246.27380809154477,-3.865748847529972e-12
5158.923311508623,246.2798018233525,-4.596545719728075e-12
5160.53010975578,246.43252105290614,9.272108909041412e-14
5162.375015318769,246.60793000590957,-2.9240231939203042e-12
5167.189643822942,247.06598801508028,1.660406731380611e-13
5169.764903654006,247.31117044249663,-5.6040595953035775e-12
5176.062796004525,247.91128775316497,2.1792477482731804e-15
5179.336628321495,248.22353525068704,-1.568038520506278e-12
5181.890504946935,248.46725279156456,-1.6344744255386402e-11
5182.110424305443,248.4882454086105,-1.5347369874390664e-13
5186.111774915,248.87035380690332,1.2821208500810663e-11
5187.2360062408015,248.97776518802806,-1.748843115254574e-12
5187.796410889803,249.03131610006932,-4.756860332730041e-13
5188.018447678173,249.0525349983415,-1.5071505647065264e-11
5189.1097251171295,249.15683589395962,6.941902920685167e-12
5191.732931543973,249.40764353078396,-5.358891755637146e-12
5193.1589280361795,249.54403779763078,3.5845495908440463e-13
5194.86269729341,249.70704969509836,-5.683798944499033e-12
5195.105625521315,249.73029674702116,-1.2802054775528798e-12
5195.735719244559,249.79059872352218,2.691276899701664e-12
5195.876855550147,249.80410692009409,-5.630947505306094e-13
5195.959873462788,249.81205275988432,-1.1518120301602801e-11
5197.1907558298035,249.92987830343037,-1.2310072413364724e-12
5197.889460808946,249.99677387414192,-2.2220430094360475e-14
5199.038138095249,250.10677034039102,-3.90178858139841e-12
5199.227807049134,250.12493523362548,-7.1840391492972415e-12
5202.0106970115885,250.39153316140204,-1.5009915391837158e-14
5203.707262940408,250.55413238650297,1.0738330442543892e-11
5204.000387687315,250.58223089383466,-3.291291244486324e-13
5204.099476127405,250.59172972398588,-7.180323512457863e-12
5204.725202497698,250.6517173715989,7.272084380271831e-12
5207.763536694456,250.9431014156328,-3.048628901202188e-12
5207.767677267817,250.94349862326843,-1.2416312845939553e-12
5209.720632756099,251.13088199392533,-4.427166364428175e-12
5210.640788471211,251.21919400814437,-1.8367770251403146e-12
5211.43763656527,251.2956841656313,-4.507619569610363e-12
5211.507911691881,251.3024304988093,-1.573201223524659e-13
5216.09127693518,251.74262486170102,-8.070273579177734e-12
5217.462350282562,251.8743803215822,-3.5119797927755843e-12
5218.9001442355475,252.01258460011715,2.765221869417689e-12
5223.0044970785675,252.40731456134813,-1.6114336785061688e-12
5223.21140866461,252.4272221880048,2.522174786039004e-12
5223.618879547097,252.4664285729267,7.93968602610223e-13
5225.464371162125,252.64403797233138,-2.3597991015947137e-13
5226.859757976801,252.77837111152868,-9.56323344161964e-12
5226.929087778266,252.78504638957546,-3.990977832265148e-13
5227.380723956107,252.82853342173533,-1.4550616591873062e-11
5230.535162445354,253.13237198072233,-6.944109218620084e-12
5231.081027944345,253.18496887596254,-4.849583152205045e-12
5231.11398183118,253.18814432492414,-2.6435813741713176e-12
5233.808994761832,253.44790450070712,-1.2165676430645974e-12
5238.809643411549,253.9302489783296,-1.5537717908687096e-12
5239.700134774337,254.01619087113446,1.0029833129950908e-11
5240.264679996621,254.0706830584628,-3.411081961718929e-13
5249.068729154539,254.92124516151551,-1.0272215153120847e-12
5250.468615815273,255.05662023889326,2.9396553829029354e-12
5250.753365129053,255.08416114376345,2.2108702482896142e-13
5256.025528540305,255.59435372102624,-8.378969143603139e-14
5257.080203284859,255.6964771194502,1.8400628968793053e-13
5259.186811084892,255.90051977753433,1.3552739073348204e-11
5259.852921449867,255.96505517171866,1.0212529035641047e-11
5260.870861006999,256.0636929518801,4.553107729005756e-12
5264.127583184251,256.37939575057584,-4.1639558921244706e-14
5264.179311080756,256.384411767975,7.113489678531155e-13
5267.217059224665,256.6790664883063,-3.7811075083030957e-13
5269.089832775443,256.8608060009407,3.3235423763154834e-14
5270.054380565335,256.95443379205415,6.835892775633372e-14
5271.480377057237,257.09288539307613,-8.622897666869932e-14
5272.4076036073575,257.1829309569462,-1.1209291592360556e-11
5272.558193164355,257.1975566249577,3.0447440849717997e-12
5273.299172788419,257.26952866929236,-9.979458351659748e-13
5274.826961202602,257.41795611260903,1.4236464762612593e-12
5274.959003529504,257.43078628517765,-9.52619647457278e-12
5275.271034779235,257.4611067391643,-2.137616109061055e-12
5280.679021817618,257.9868922921717,-7.405278631976145e-12
5280.943692523778,258.012638436859,-3.2875939565852813e-13
5281.671437595808,258.08343732037247,1.073946267044362e-11
5282.216849535572,258.1365042695714,8.384277358047961e-13
5283.356073570177,258.2473650344664,2.346446714241816e-12
5283.527687059914,258.26406724804144,2.3936305172714024e-13
5286.761135381155,258.57886270662686,-2.6928326247190194e-12
5287.835170187652,258.68346900461216,-3.1589590883932424e-12
5291.291014569949,259.0201973336021,7.303786293183392e-12
5292.085026688404,259.0975948523925,1.0761341918442073e-11
5294.037982176244,259.2880115202214,-2.182125951615622e-12
5299.572698863173,259.82803803452776,3.0059601843080433e-12
5299.934794138671,259.86338761179155,5.915250356974458e-12
5307.154014306572,260.5686685917668,3.0905391949586583e-12
5308.70012317114,260.7198403599641,2.048513195158225e-12
5311.755699999221,261.01873081396866,5.11168852239689e-12
5312.43315426583,261.08502133681435,-1.6031296878253997e-12
5312.691793748321,261.11033205967607,1.613885256438677e-12
5312.7796707798625,261.1189320758396,7.748257983578439e-15
5314.089203706172,261.2471053340742,-8.654183283543091e-14
5314.103024310546,261.24845822291917,1.1474992166657234e-12
5315.609788791825,261.3959753973745,-1.2957983514581563e-12
5316.708269558777,261.50354661811883,1.15041422526376e-13
5319.553512773014,261.7822768615095,-1.0214921942194488e-12
5321.01953398672,261.92595177760944,-5.277483207896905e-12
5323.453071458815,262.16453388293604,-3.229392966728637e-13
5324.362469324284,262.2537185364665,2.1793485167852413e-13
5325.792114623352,262.39395465799004,1.0521165244530992e-11
5327.623918126714,262.5736941262517,3.137273028332537e-12
5329.885482836269,262.7956877103962,4.8096675190937004e-12
5335.634541216608,263.36043536278396,-5.014628678341878e-12
5336.918456077588,263.48664142773583,-2.4800338893774637e-13
5337.294145177851,263.523576599563,1.836011830311564e-14
5345.144990445555,264.29601263299276,-3.5158544562951752e-12
5346.997685388357,264.4784628320045,-5.007937978941449e-13
5350.130154618729,264.78708682064297,-3.4033106098762747e-12
5350.551313612248,264.8285949532574,8.844243783326543e-13
5350.809953094711,264.8540872830474,7.624625593427948e-13
5350.999035996159,264.8727246747595,-5.5918907075154814e-12
5351.853283937279,264.95693379957584,-6.084034289440185e-12
5352.39892265652,265.0107282151884,4.4387321568218955e-12
5352.941857893538,265.06426153855534,8.407575886323666e-14
5353.4153308359055,265.11095032371304,-1.654900593132081e-12
5354.54239813664,265.2221061363412,-7.407460999495359e-13
5362.834121732318,266.04058785762965,-1.850529886235661e-12
5364.097598712831,266.1654177310457,1.2107856047622579e-11
5364.897509561576,266.2444630787612,1.0614921647927387e-12
5366.280153589725,266.3811205711239,9.342030385567972e-12
5366.7600170285095,266.428557448906,-4.2833102285511097e-13
5367.11301832529,266.46345608343944,-9.243539944823662e-12
5367.244833872585,266.47648830295054,-7.437540765235873e-12
5374.203391413299,267.16491506092996,-1.6624625659356442e-12
5375.943536584333,267.3372112060034,3.566752881077752e-13
5377.1518636405235,267.4568835173158,6.282921600458612e-12
5378.6063141727145,267.6009674866749,-2.3981484081538365e-13
5379.7552182380505,267.7148102898049,1.3184640888995944e-11
5383.976488203914,268.1332970011617,-1.2934365004222202e-12
5385.661124177842,268.30039946001375,-4.698409755337531e-13
5386.7847694506945,268.41188517682406,5.723659416510096e-12
5387.221280426051,268.45520114868464,1.226147694554878e-12
5388.386973564372,268.5708927185877,-6.069421911113158e-12
5388.663214951759,268.5983125216943,-3.42301399109604e-13
5390.769009919144,268.80738056263215,-9.494795755453756e-12
5392.700355421397,268.9992006840038,1.1357368469150615e-11
5398.42037370779,269.5677127003737,-9.945452670464024e-12
5400.844457927975,269.80882400672283,-1.4804761071361183e-13
5401.589445631946,269.8829458826982,-8.122341421912405e-12
5401.996916514247,269.92349115371064,1.683481613808875e-13
5405.496566918092,270.27184878209306,-2.140088913428606e-14
5407.861001367816,270.50733393069174,-2.3883582177577368e-12
5408.120718668597,270.53320667551975,-3.177534613451688e-13
5410.990993895067,270.8192230042089,2.241506504281681e-12
5417.187680371709,271.4372260519422,-3.2945172803530196e-13
5419.744979023356,271.69247473165285,2.3014421132092136e-13
5419.951890609293,271.71313222525526,5.9900474363366315e-12
5420.618000973995,271.7796402401158,2.8376391205160125e-12
5421.261782808031,271.84392662221313,-1.136407166610342e-12
5424.793801046172,272.19676063443626,1.248944240498734e-12
5427.617434274544,272.4789952033649,1.5217543764283e-12
5428.45160360791,272.5624022025293,8.186871926563662e-13
5430.371737701469,272.75444145499415,1.9714189546343687e-14
5430.565547228598,272.77382878969064,8.275476904817794e-14
5433.959265136587,273.1134244691562,7.098952310769964e-12
5434.296914451438,273.14722327992234,-3.041229476242853e-13
5436.716272045692,273.38946322913586,9.277348735977087e-12
5437.026771917792,273.42056006287504,-7.796200711822501e-13
5439.063823135861,273.6246165684735,-3.766529461748498e-12
5439.656595618956,273.68401042572236,-2.093563733344105e-12
5442.505620132896,273.96956364556974,-8.828966289410253e-15
5445.306565557702,274.2504437303823,1.0801477330128292e-11
5445.416997899451,274.2615208972041,-1.7046004572403156e-12
5450.865954982633,274.80836991924343,2.006559241754276e-12
5453.325829064761,275.05541831496396,-4.3019576791022604e-13
5454.56013345875,275.179423128598,2.442059011737098e-13
5457.611928985146,275.48614328527594,-7.793602183720323e-13
5457.8339657733595,275.50846574756247,1.0972008032070936e-11
5458.925243211558,275.6181904944283,1.2035781086518669e-11
5462.968188124577,276.0248879343335,8.185806977068317e-12
5463.986713733547,276.1273933435373,-2.044882495159704e-13
5466.321030271552,276.36239331885815,-1.113762480418927e-11
5466.671101306451,276.39764427441514,4.582181995154812e-12
5473.587384200438,277.09455317629653,6.68436199227875e-12
5474.8241652970155,277.21926844675215,-3.641629606915233e-13
5475.705335901047,277.3081416431395,3.4082055344003615e-12
5476.1336982227995,277.3513506213015,-5.944785498623922e-13
5476.64296102727,277.4027244424358,1.3053457912396084e-11
5477.950735795969,277.53467307945533,6.373614834525437e-13
5479.536150836287,277.6946766276286,-7.296126037457104e-14
5479.696779697002,277.7108902262194,1.4504305016458213e-13
5483.4872106374505,278.0936276869459,-5.806549386331987e-12
5486.824114750036,278.4307894838686,-5.095893964944288e-13
5489.6587326069275,278.7173612510126,2.9892612722241207e-13
5492.310166292854,278.9855475945161,-2.529986845020691e-12
5494.711562709049,279.2285550072657,-2.32211753749847e-12
5496.675276045272,279.4273503760142,2.7896239555345643e-12
5498.8594947921765,279.6485519263857,9.09755174816557e-13
5500.896546009947,279.85492863501815,1.2861472603607273e-11
5501.441957949416,279.91019810798804,3.8607882628623363e-13
5504.141338231168,280.1838212441486,7.352084565916104e-13
5505.426425196341,280.3141314609671,2.792584354686532e-12
5507.500930147036,280.52455432630194,4.95109690247639e-12
5507.522540132126,280.5267467050023,-8.396981913696154e-12
5510.94164932516,280.87373091754114,9.972106713306578e-13
5514.882896601818,281.27397087245936,-7.17238191530945e-13
5515.244991877125,281.3107565776513,2.6556523554035307e-12
5515.696628054639,281.35664223832816,3.933515555375124e-12
5516.3692232019885,281.42498401346904,-3.6223719629407917e-13
5517.228557041266,281.51231226042245,2.340101134970758e-12
5518.242942076752,281.6154148105556,1.4378732896276387e-12
5519.738495148768,281.7674580690833,2.2895986457127127e-12
5520.866148501409,281.88212657499696,-1.1099844850344202e-12
5523.006428732441,282.09983122597487,2.5898678375064843e-13
5523.523027358427,282.15239115640657,-7.454731485152678e-13
5524.238842475943,282.225227955313,-2.6516817723665364e-13
5527.48588462006,282.5557448506398,7.900733747295585e-12
5527.779009366727,282.58559161919374,-1.6216364731966564e-11
5528.223082943083,282.6308114282763,1.9914178465393392e-12
5528.361024000339,282.6448586424585,-1.4880247899537817e-12
5531.542158370805,282.9689063991168,9.684520508589618e-13
5532.560683979612,283.0726983886814,-2.452656894150486e-13
5532.818869902813,283.0990116425194,1.3268416031115295e-13
5533.232693074574,283.1411893698218,-1.4872541767072563e-12
5538.853849698626,283.7144219132262,-9.169944176914742e-13
5540.0597000517,283.8374675642517,-1.4052469604733433e-13
5540.641128632935,283.8968064361958,1.4125101115088497e-14
5542.624920576536,284.09931321271165,-4.666069677953783e-12
5544.901251214427,284.3317718468868,1.7682740822465533e-14
5545.224493872463,284.364789090929,-1.6715860057326469e-12
5545.8657990036645,284.43030015231085,7.525142392890511e-12
5549.53400014094,284.8051624621739,8.221415400952676e-12
5552.022328263166,285.059591804139,-1.2814393914064282e-13
5552.344625596054,285.0925547636218,5.224145015690592e-13
5553.768372163898,285.2381913390012,1.495733623113806e-11
5554.652738015982,285.32867287823115,3.802542689899986e-12
5555.485375971597,285.41387518285444,-9.251960004663133e-12
5557.155246015331,285.5847883899494,-1.1045671709968695e-12
5559.632230235793,285.8384053094205,-1.2965372282249856e-12
5560.214244869363,285.89801383443057,-1.004486222874938e-12
5561.441705207467,286.0237477973668,-6.452600861426983e-14
5563.583516815805,286.2432090998375,8.250569272540792e-12
5563.725598446405,286.2577705210774,1.136984761121852e-11
5568.263985558438,286.7230886880312,-9.578432785458836e-12
5568.833351692349,286.7814922489155,2.077460462555267e-12
5569.303535099892,286.829726498931,-7.565128825238559e-12
5569.474656823517,286.847282208273,-2.313156516222194e-12
5571.159292796706,287.02014107245566,-2.2598343821157087e-12
5576.015969161385,287.51877252999054,1.5270597677375635e-12
5578.201946064972,287.7433469950715,-2.1276618544981453e-13
5579.222494817167,287.84822233717534,-3.139067951554354e-14
5581.06195520693,288.0373005045455,3.147017603726084e-13
5581.276788666718,288.0593873046463,2.0606587208411785e-12
5583.372903602139,288.2749312725654,2.649671529303867e-14
5587.342964191598,288.68339530488214,-1.8717126161579254e-13
5588.128468383197,288.7642471694043,-4.667491738769821e-12
5588.320027987184,288.7839661033274,2.8071458209578953e-12
5592.234938652345,289.18711075015307,-1.3760385642464376e-11
5592.261048483573,289.1898004025872,-1.4039127001448935e-13
5593.833002191893,289.3517552305418,-1.1202355398280784e-12
5595.550005999438,289.52870625368126,-5.629225702030729e-13
5598.563667453171,289.839419562665,-5.185312701105269e-14
5599.187597458937,289.90376864654615,1.4158996984709981e-14
5599.949733508347,289.9823813541709,-4.187503459681154e-13
5602.8598066759205,290.2826476186784,-1.5249259321029576e-12
5608.17802602826,290.83179351710584,8.84702181158791e-13
5610.304258874932,291.05148873791023,-5.562111704199387e-12
5610.507389160203,291.0724817439558,1.0305301327707228e-12
5610.8046544801755,291.10320474002555,2.224431858466284e-12
5613.836277111529,291.41662226564455,1.120314351607823e-11
5615.727824670395,291.61226145010556,-3.060283980591544e-13
5616.882173906376,291.7316859909203,-1.5897918557374392e-13
5618.9408351086895,291.9447280982329,-4.654562503965931e-12
5623.171199050847,292.3827555414975,-4.519762657041671e-13
5623.230848821234,292.38893425504597,3.281297377728957e-13
5623.881607203757,292.456346142739,-1.3896076216677081e-15
5624.059346203365,292.47475943469647,-3.1295905804406166e-12
5624.773403163641,292.54873971908296,1.1436284635109197e-12
5625.097364367186,292.5823070041896,2.6325136882055047e-13
5625.587134616263,292.63305828728403,-6.746403050132483e-13
5628.705915733426,292.95633825619933,-2.6988904443403376e-13
5631.439195226353,293.23980604132333,9.421312475796737e-12
5634.650315014252,293.5730063417281,1.821651034509115e-12
5636.28723117089,293.742933251128,6.401316315094118e-13
5636.849299689985,293.80129250200025,-2.699420241423206e-13
5641.472595364122,294.2815474350163,9.573275801866145e-12
5644.798155573799,294.6272407328954,-8.278813162626293e-12
5645.049138168572,294.65333874045905,9.71559759205992e-13
5645.464265938158,294.69650765779255,-1.1898948974655046e-12
5647.606436818882,294.91932133120036,-2.865704949815856e-13
5650.152750840244,295.1842811115176,-1.0931029452305504e-12
5650.6049730699815,295.2313501309832,-1.2265515131188494e-12
5651.339467910582,295.3078071915866,9.122485006860274e-13
5652.700728732302,295.4495335794459,1.1632456029413705e-11
5653.52202278602,295.53505834573014,-9.193406519032628e-13
5655.869347095453,295.7795634950572,-7.598008072715543e-12
5659.326722852231,296.13988015764966,1.0031525410267535e-13
5659.688818127423,296.17762930914,-4.471308673957355e-12
5664.767758058846,296.7073734077011,-1.0386569028831016e-12
5667.912875786545,297.0356540214234,-9.4677081699282e-12
5669.535744559128,297.20511683611164,4.71745426967134e-13
5671.404963587115,297.4003640985133,-3.4927028583827153e-12
5674.329935176949,297.706018014255,6.50702900256489e-13
5674.620942493661,297.73643633988434,5.773663733887373e-12
5675.18512844257,297.795413843628,-2.2758806276067225e-12
5680.132252826629,298.31281546714774,-1.1582200772369047e-12
5685.142581502009,298.8372869009681,6.840608998050788e-12
5685.766057948506,298.9025835511203,-5.455713672868487e-13
5687.30388566499,299.0636707664508,1.3969011256544337e-13
5688.85458866069,299.22615077723407,4.0092246542893364e-13
5688.988162364963,299.2401484738774,5.53322622554292e-13
5690.375892290579,299.3855934168011,4.453814640431263e-12
5691.4520445259195,299.4984070037736,2.2896528538845763e-12
5692.558447165835,299.6144139970528,5.583503686388704e-12
5693.87212066434,299.75218274800704,9.191148949276206e-13
5694.454135297738,299.81323047306057,1.7769950363826045e-13
5694.539989185708,299.82223624648293,2.755275727759978e-12
5696.246235143521,300.00124365976075,-1.914563497611716e-12
5698.761259148531,300.2652002015046,-1.037455368577667e-11
5698.921888009169,300.28206246371735,6.678815066654686e-14
5699.615507088967,300.35488165298614,-1.9413205937192503e-12
5703.2911383329465,300.74091354318574,-8.738965771505981e-12
5703.549551035623,300.7680626105064,-1.0482050643911654e-11
5704.899014396325,300.90985841020455,-1.173307017566323e-13
5713.109705009453,301.773325397878,-2.679017545012686e-13
5714.6855725111445,301.93919157342697,6.345254239038259e-13
5715.6938320361805,302.0453388019978,1.1935729082012908e-13
5717.520190366609,302.2376612610065,5.449341902191601e-13
5721.002957408593,302.60458014289935,-9.893408603621111e-13
5724.914086772068,303.0168944974102,5.1577780946880585e-12
5726.539432247101,303.1883225853576,5.5892095116460304e-12
5726.867042257941,303.22288209072195,1.87931229705069e-12
5727.412454197138,303.2804218574248,6.268950925565101e-13
5730.140647790996,303.5683225725077,6.664171207545407e-12
5730.72266242435,303.6297591362715,-1.6823278513391284e-12
5733.0486035278955,303.875344174997,-6.131106535066483e-14
5735.362387897784,304.1197445181294,-1.4600758644313137e-11
5743.1846466244715,304.94672407648795,2.494720950378738e-13
5744.075497258987,305.0409774774815,6.64575549943327e-13
5746.458478936991,305.29317254858404,-9.502566607393783e-12
5746.9753043423025,305.34788287828883,-7.982400382782346e-12
5749.085107388135,305.57127437214757,1.2406765081608386e-12
5749.232274917177,305.58685991631455,1.3328943675317917e-12
5751.138947677789,305.7888191440804,-8.616346438543948e-12
5753.685261698599,306.05863509995356,7.859347274371742e-13
5754.44136652412,306.138777495852,1.2869599049769547e-13
5754.631035477754,306.158882874214,4.1595905596163595e-12
5755.722312915237,306.27457385745197,-7.299980546108474e-12
5757.14830940553,306.4257828991021,-4.580921149734598e-13
5759.629434198287,306.68896434839974,-1.2341390361624086e-13
5760.598481833218,306.79178536115563,-4.940586956650385e-15
5762.384323675541,306.9813178162057,-7.134619767009909e-13
5762.635533049828,307.0079835294256,-2.711176862351207e-13
5766.4907939431705,307.41736280284465,4.5703386268631776e-12
5767.746840814597,307.5507980059071,5.273691026417118e-13
5768.197039900732,307.598631645147,-7.801327771983897e-13
5772.331869922602,308.03813182203595,-5.479401993583377e-13
5772.775584225939,308.08531390262345,-4.274622145339851e-14
5773.495899189208,308.1619158625012,2.6416592550306015e-13
5775.3946500757975,308.36388449975806,2.6315580202540935e-12
5778.189469988542,308.66128811235586,-7.965923889487729e-12
5782.514195743525,309.1217763291972,-4.734781477438284e-12
5782.937604659703,309.1668785869137,-1.0320413216122807e-12
5785.327071120311,309.4214706354157,8.763723988745314e-12
5788.05845996206,309.7126225373447,2.4928735542124586e-12
5794.050938329989,310.35187118466894,-2.4185697367429626e-12
5796.711239213238,310.63587124585604,1.0077831296871132e-11
5799.9123196962455,310.9777749714621,1.8883999785206818e-13
5803.590427642118,311.37086249555773,1.3617339490031509e-11
5804.23492802118,311.43976733458794,7.09218200709094e-13
5806.720420166634,311.7055679792811,-1.393394712552069e-11
5807.083952532848,311.74445397908335,-5.722386618554357e-14
5808.255544400516,311.8697923184992,-2.765753528774377e-14
5808.669367572036,311.91406967325,-1.5111830281886157e-14
5809.557514724213,312.00910836748943,5.661623142200473e-13
5811.316207123635,312.19734508834006,1.4867933333848937e-11
5812.355756664554,312.30863715726804,7.28190165777754e-12
5813.728361387534,312.45561593443574,-1.041405590845583e-11
5815.681316873058,312.66479860076873,-2.1950277483868307e-12
5818.490184169511,312.9657818755954,4.615772553946694e-13
5819.265422277364,313.0488778578097,4.117265253380394e-13
5821.968583857853,313.3387101059834,-1.1033471855682948e-11
5826.42512515962,313.8168331292001,1.529132726527397e-13
5830.029762730579,314.20382671980667,2.663876958824839e-12
5831.249433687269,314.334824686821,-4.766640829880699e-12
5831.301161583707,314.3403810936789,-6.177831168158061e-12
5832.704470270356,314.4911377908635,2.5353265552402224e-13
5833.462106473262,314.5725453197727,4.69209935187886e-12
5835.011278090997,314.7390357408386,6.50980934838613e-12
5840.716171169545,315.3525252461199,7.569735207586029e-14
5841.439548887721,315.43035825114555,1.438277690361094e-12
5842.392885267854,315.5329487558191,-1.2954004364612613e-11
5843.700660035526,315.67370834552645,1.9965816705187726e-12
5846.785050173368,316.0058149721005,1.2759864270285831e-11
5848.819397907408,316.2249559227559,1.5780880176580044e-13
5851.092306516044,316.46988493881645,-4.085719978998732e-13
5851.846520691135,316.5511802139949,4.38427728775514e-13
5852.139645437604,316.5827783863924,5.3641355857923836e-14
5852.410706639843,316.61199956807724,4.243586269813425e-13
5854.505384482948,316.83785754020437,-1.304724318494583e-11
5855.6296158070045,316.95911075547485,1.779674221331189e-12
5856.498629676669,317.0528536171757,-9.101158267467681e-13
5857.503334680425,317.1612511849828,-7.064281012021297e-12
5859.559292399497,317.38312630757184,-2.2019541220612093e-12
5859.647169430932,317.39261156808095,1.7990927036844147e-14
5860.126541103202,317.444356434814,5.453359112358806e-12
5861.058040718645,317.5449175000401,-1.0119975805880517e-12
5862.335205808921,317.68282124248174,1.663284650735332e-12
5863.256306847796,317.78229710481725,-4.6507592807703734e-12
5863.499235075324,317.80853515348844,1.3027719071782653e-12
5867.621416596777,318.2539270319607,7.310665183594412e-12
5872.493085667544,318.7807028036196,7.306874116626613e-12
5872.889212647714,318.823555411835,-1.0034327267831563e-11
5874.999015693022,319.05184042481943,1.5586029779426778e-12
5876.2488045609625,319.18710881363984,1.980439690009686e-12
5878.114242287602,319.3890642442879,4.505186499610411e-12
5878.6382710211365,319.4458080104351,1.020177401581783e-12
5880.038157679871,319.5974177125412,1.3251968496892633e-11
5881.806889382837,319.78902547259315,-7.927261466353362e-13
5882.302331582511,319.84270735336776,3.0369822044550154e-12
5884.484886456928,320.07924417222307,8.21248173597232e-12
5885.595070396986,320.19959526380524,-5.725736871771513e-14
5889.27295156267,320.59846347080247,-2.335233145094365e-12
5891.48431975049,320.8384074990484,1.3206750161483848e-12
5891.605018175495,320.8515064481169,-2.5666135090435807e-12
5897.397202232492,321.48042598133037,8.599643447640692e-13
5898.607873496749,321.6119596293346,-4.790980349040104e-13
5898.9215686167545,321.64604550947644,7.313485680544689e-12
5899.474637443274,321.7061459750952,4.9350181252645914e-12
5901.566744297177,321.9335404328808,5.307348205309871e-14
5902.378944371841,322.0218414909799,-1.5571093466800612e-13
5903.2921235367185,322.121135341543,1.0935823215853348e-12
5905.038167436182,322.31103287813664,-2.1417477073331946e-12
5906.528993881278,322.47321773118796,6.43220541216852e-14
5906.9297149939275,322.5168185828249,1.7835173803960412e-13
5908.09374426023,322.64348869871816,-1.0206503863833692e-11
5911.240979416257,322.9860970192309,1.0827281452943857e-11
5913.147652176263,323.19374635070557,-1.2745931241136335e-11
5913.834427200193,323.2685571184131,-2.320165259220422e-13
5914.119535786332,323.2996167000732,4.349143637158664e-12
5916.330677194472,323.54054813653283,-9.16466668549737e-13
5917.462338626328,323.6638916069807,1.0453127989514227e-12
5918.237349954459,323.74837622944057,-1.313404726746453e-11
5919.386254018455,323.87363956511143,-6.043134679694509e-12
5920.063708284158,323.9475128120879,9.624273740693875e-12
5920.419904828727,323.98635778502455,-6.952275094251519e-12
5922.9662188486955,324.26411383661844,-2.3202098288700196e-13
5924.89238416387,324.47430240912996,1.0844516874958115e-13
5925.033520469226,324.48970628673476,-6.560618591054575e-13
5927.58042054153,324.76774273031157,-1.3791389085675126e-11
5931.666944693478,325.21410438399494,9.772574229156958e-15
5936.970398112782,325.7938470970253,-3.5177163194042605e-12
5937.011859925847,325.7983815026254,-3.831339053243194e-12
5938.447990005793,325.955461141574,-6.956244819697988e-14
5941.325241777797,326.2702806938036,-1.0074326510089224e-11
5943.385566849474,326.4958084743211,-6.6381433534412266e-12
5944.593175358625,326.62803234438064,5.308345412134566e-13
5944.9724189793815,326.6695621550793,-9.833208830884696e-14
5947.71195647379,326.9696392328533,-3.437495483568886e-13
5948.074051748775,327.0093119257866,-9.64040508336336e-13
5949.072631242348,327.11873304168574,-6.0592120723152354e-12
5950.065047019074,327.2274969560656,-1.0928505130241784e-11
5952.27371172442,327.4696209214662,-1.853336397479467e-13
5952.6742060574625,327.5135345733768,1.2677862700098787e-13
5955.118728155136,327.7816371090998,1.2244881818226304e-12
5959.483837903364,328.26065353665786,7.192587003157745e-12
5960.128338282235,328.33140916339187,1.9069180851104764e-13
5962.431591581325,328.5843313315181,2.220529374073198e-12
5967.485499496847,329.1396476427353,-3.8715249999751855e-12
5970.309491994773,329.4501488800525,-2.396274056780826e-12
5971.91971226675,329.62726022139884,-2.0438722316070934e-12
5973.931372196892,329.8485938183881,-1.7146794937760766e-12
5975.547623692497,330.02647646809777,-3.144918344006522e-12
5977.363715938642,330.22641075699437,1.8921862227831536e-12
5978.694858848131,330.3729953742109,3.5181922656655532e-12
5981.103005031122,330.6382618491523,2.5441017462430705e-13
5982.584151445006,330.8014688256811,4.481186112848091e-12
5986.236868103964,331.20413304314576,-2.401279919536716e-13
5988.459939465878,331.4493178810819,-9.006323236313215e-15
5989.41314335254,331.55447560840514,5.370321634523542e-12
5990.4969906816,331.67406629299546,3.3757874476238106e-13
5991.915651349687,331.83063266196746,7.568363667864705e-12
5993.60537321994,332.0171622896323,-1.6434373524835135e-11
5994.191169153566,332.0818410065885,1.3374305470157875e-11
5995.627431726568,332.24044792821513,-6.421729592704759e-14
5997.687397525257,332.46799692448985,-7.186695480692461e-13
5998.367196000297,332.54310632568155,-3.913565023999318e-13
5998.39956383472,332.54668278705765,4.247706386780843e-12
6000.3309093344915,332.7601203974163,-1.3426619585419073e-11
6000.53818019296,332.78303047840694,-7.233940354564427e-13
6001.7148579586965,332.9131061287062,1.2268528018503322e-13
6001.801071119399,332.922637551194,-6.8957892841430705e-12
6004.028150561397,333.1689030374748,5.1028222990013446e-12
6005.218289658698,333.30054342723986,7.746088782345416e-12
6009.627470415441,333.7884669807549,-1.010643100454282e-12
6010.100357304787,333.8408182948064,-3.830277444303661e-13
6010.799062282663,333.9181765170541,3.043404626862842e-12
6012.236856233123,334.0773924318781,4.943216598235206e-13
6013.546029884677,334.22239853948344,-2.1679435364484965e-12
6019.392645319015,334.8703640827763,5.690212381602837e-12
6020.502829258797,334.9934740843951,-9.460062982544833e-13
6022.572834361178,335.22308076014934,-4.649917178908219e-12
6027.894475736889,335.81372391226154,-2.148726168741611e-12
6030.754484876285,336.13136871479253,-1.3911547984313257e-13
6031.072547349143,336.16670339844995,4.63579704259993e-12
6035.506627625332,336.6594951142126,9.406025898204252e-12
6035.638443172442,336.67415028169034,-6.085462801171901e-12
6036.526231051457,336.7728623023845,6.940580538750767e-13
6038.283618852204,336.9683068627996,1.8869354988479294e-13
6039.199274719501,337.0701623413699,-1.9558233762644094e-12
6041.927468311735,337.37373196005683,3.595287082631447e-13
6043.255548466068,337.5215587678554,-3.602382711521571e-12
6045.210167821463,337.7391839051818,-1.9156390266487765e-12
6049.146688468158,338.1776853133935,-5.243568987990335e-12
6049.92890312446,338.26485265859185,4.945414727169125e-13
6050.438751980694,338.3216745512573,-3.887145576394994e-12
6052.37009748029,338.5369635441216,1.3161667514961243e-12
6056.000258828584,338.94180716880385,3.892323497488769e-13
6056.426503719968,338.98935886697126,1.5197986831549561e-13
6061.323564074689,339.5359129303372,-5.84226855086255e-12
6065.119666961522,339.9598946116574,-9.677971627214244e-13
6067.381231667546,340.2126119449091,-3.6124629253618804e-12
6067.800500010146,340.2594732129547,-5.49397892317394e-13
6069.9830548838245,340.50346782727536,8.26503902756347e-12
6074.301655126447,340.98651620187394,4.5880628741898535e-12
6076.644838860623,341.2487520935646,-5.422081378040597e-12
6078.4096567691795,341.4463273218692,-1.32127136874699e-12
6079.28681929199,341.5445489310019,-1.3713016247952608e-13
6080.272164233335,341.6549013341078,7.735675130307137e-13
6081.217938011911,341.76083883897047,-2.990333972163838e-12
6082.004746800674,341.84898299835424,6.228607213382599e-12
6084.273514834988,342.1032110796837,-1.5431398577850596e-11
6084.668110437505,342.14743739203817,1.7211497127881662e-13
6084.855529467955,342.1684443393209,-1.5119239701302094e-12
6085.496834598471,342.24033021157106,-3.596061545391183e-12
6086.752881469148,342.381146333369,-3.099067849358548e-12
6088.345499835874,342.5597374608804,-6.095252521338169e-12
6089.0809400009975,342.6422231371656,-8.163186626671814e-14
6090.338745028744,342.78331942968805,-2.1513640942569147e-12
6090.437606689067,342.79441063000786,-2.593578739703967e-14
6092.802627187817,343.05979381211097,-4.875608087492163e-13
6093.556255310215,343.144381419333,-6.959137715914536e-14
6095.344933126856,343.34518541821814,1.2067316311541325e-11
6095.916681676453,343.4093845866301,-4.990226276408491e-13
6099.940720081413,343.8613967637227,1.5187900589589297e-11
6104.110262144581,344.3300677326784,-5.8401012249564135e-12
6107.45743233637,344.7065329845771,3.832661751425903e-12
6114.460287654909,345.49483055753365,1.8150774997319375e-12
6119.019698694757,346.008559983347,-4.359512064659033e-14
6122.596468275517,346.4118387920804,-1.0714424643635597e-11
6122.953742638308,346.45213422599386,1.9980659564429844e-13
6124.263275562394,346.5998508982709,-9.861747745495458e-13
6125.8827223057815,346.7825698585058,1.8722818518654494e-12
6126.089993164204,346.805959305141,-7.288258274723998e-14
6127.318852385246,346.9446459804407,-1.2247036030779909e-11
6127.369048904154,346.9503116538359,-2.7066638637342063e-12
6131.132197903786,347.3751898747311,9.737138012232088e-12
6132.344306258671,347.5120984743108,-2.2831221874052355e-13
6132.499489947898,347.5296285492934,1.0443887511531001e-13
6132.899625008029,347.5748312070927,2.666733820828683e-12
6133.710879757215,347.6664864911736,5.023691384667183e-13
6134.995966720784,347.8116999892514,6.367835639421621e-12
6141.144574099269,348.5069072410481,-2.611389139576172e-12
6144.814533389356,348.9221919995977,-4.5461596649084684e-13
6145.488565627001,348.9984910164571,1.4074255669523072e-12
6147.929759982431,349.2748990729804,7.424146687241926e-14
6148.183805331968,349.30367006224054,1.9069619963672886e-12
6150.672492724073,349.58558023961274,5.921626815026071e-13
6157.608268163845,350.37184370796797,3.298671281991509e-14
6158.408538284074,350.46262211442837,-1.3890410562130153e-12
6160.445589499194,350.69374765541994,-1.1316630698211296e-12
6160.679329461586,350.72027287639503,-2.754271824864949e-12
6163.115929684452,350.99684247169256,-9.26362536393703e-12
6164.785799726218,351.18644648126286,4.941316287951622e-13
6167.071583612774,351.4460671955267,3.636419389673053e-12
6169.290155127858,351.69814592914,-1.3087066930771377e-11
6171.214070519132,351.9168186224863,-9.753355347956328e-12
6171.455013809876,351.94420909995864,-2.189838370556206e-12
6172.833876535178,352.100979038611,-1.792489513231686e-13
6175.625141924905,352.41843945048294,3.225452179268615e-13
6175.9182666712,352.4517858841024,2.6427061009515577e-12
6176.480335189723,352.5157323045304,-1.4783175725753946e-11
6180.064081318916,352.92359121195926,5.946897827415593e-12
6182.482493584427,353.1989595209342,-5.011819155438523e-13
6185.997269185044,353.5993554061998,-7.381106190954768e-14
6190.236008555728,354.0825264290065,2.6623236872901455e-13
6191.003457282352,354.17004277432545,-1.590601854549689e-13
6191.400037821452,354.21527125829715,-2.6352786772812465e-13
6192.331764215925,354.32154246608656,1.623346397280548e-12
6195.213383339586,354.65031649826835,3.4135076135214282e-12
6198.17094954055,354.9879146593857,7.066288278997679e-12
6198.837286683791,355.0639974778149,-3.900546995688734e-12
6199.0441982694065,355.08762444452253,-1.0426836430102509e-11
6199.589610208129,355.149908108578,-2.205138177088914e-12
6200.79001538839,355.2870084454235,-1.112332408571413e-12
6201.772165081327,355.39920119154175,1.103830875108525e-11
6203.89295275433,355.64152323571784,9.081343438594993e-12
6205.017184077688,355.7700119552009,-1.2387160974888927e-12
6205.225173481651,355.7937856757387,-2.355983500283566e-12
6206.890902949949,355.98421155839645,4.916987676184339e-12
6207.771487500357,356.0849004720722,2.1128886481483768e-13
6209.321963714983,356.26222170320125,1.18152126500273e-13
6209.514109371103,356.2841996513902,-3.795728006626868e-12
6211.018529640178,356.4563013181943,-3.8176332785331655e-12
6211.755727962228,356.54065006052934,-1.2943223199228991e-12
6212.886803341142,356.6700848827024,-9.067742062225086e-13
6214.259408063141,356.82719081226423,-7.657039653624922e-12
6215.808579679827,357.00454796804206,-1.0458329359362844e-12
6216.403242812298,357.07263981202317,1.0952714739205627e-12
6217.008984860054,357.1420069432874,-5.0884721985973025e-12
6221.4423847961225,357.64990775073375,5.328348588185331e-12
6221.880653927824,357.70013656653407,-5.0858298708625786e-12
6227.154481199117,358.30483281511823,-9.220919410143485e-14
6227.501810544434,358.3446755282653,-3.1357585899817393e-12
6228.48562410804,358.45754244135725,6.744662190186014e-14
6233.872454709864,359.07585664673843,-5.7161531954521035e-12
6236.67920457437,359.39823439399066,-3.3832477516763534e-13
6237.8682658528505,359.5348513852879,2.353684953701629e-12
6238.392294586056,359.5950678447554,4.75479899253418e-12
6240.076930557106,359.7886846554336,-2.0308517202824284e-12
6240.374195876726,359.822855066965,2.2424273952869138e-12
6240.99258642409,359.893943782645,1.786444248877192e-12
6241.797715663128,359.98651009307054,1.404928872433058e-12
6248.86220568709,360.7992318391115,-3.4349248890254576e-12
6249.103148977802,360.82696694536065,-4.2825436569773825e-12
6250.417049254544,360.9782294985998,1.4300232241727556e-11
6252.679691778223,361.23879038106793,9.727626398451959e-13
6252.8879079617445,361.26277283230223,4.737634218029396e-12
6256.110012374856,361.63399834017497,3.3528196194755334e-12
6256.9884794953305,361.7352415846408,-2.749384219987779e-12
6257.481312498832,361.7920467616975,7.104032682905567e-12
6258.443516077329,361.90296567188466,-2.2706654406190397e-13
6260.044056317522,362.08750721170037,6.691461867342659e-12
6261.152576386146,362.2153467153452,1.0867676019032798e-12
6262.2266111905055,362.33923081404896,1.1398552520125381e-12
6266.1450763717085,362.7913847352292,3.4396524198125347e-13
6266.849906859289,362.8727455383982,-7.275680520530885e-13
6267.014676293111,362.8917667128042,-6.232075023065057e-12
6268.618638561068,363.07695610553014,8.300027315730763e-12
6269.042047476877,363.1258497253118,3.4255043608676015e-12
6269.797793028918,363.21312849888204,1.645543146063222e-14
6273.588450743162,363.6510588508342,1.5103419097709968e-12
6273.726391800223,363.66700001467376,1.0994010497244495e-13
6274.124768703185,363.7130404254314,-7.195486412502337e-12
6274.160785344949,363.7172030121037,-2.330097680349199e-12
6276.967988768426,364.0417161996421,9.599192974054823e-12
6278.300209495591,364.1957719311867,4.83989738190197e-12
6278.489878449049,364.21770758392006,-5.659169375333165e-12
6280.909009259741,364.49754377875155,3.1044082923064085e-13
6282.306419214859,364.65924016716616,-7.368000512967108e-14
6282.815682018538,364.71817666833283,1.3661827707810683e-11
6286.893925021307,365.19032017821223,-1.3206238996011288e-13
6287.334444076031,365.2413379776626,4.736048925897706e-12
6287.835558226209,365.2993778182928,4.841733496118543e-14
6290.667340103319,365.6274462422115,1.5256729395350446e-12
6292.981124470892,365.89561312268177,2.8538772585122604e-12
6299.3121974729065,366.6298865855601,-1.1672491523016214e-12
6299.4526152326025,366.6461805096476,7.606520617791816e-12
6299.832804178275,366.6902990443233,7.70803410295904e-12
6307.246060637997,367.5510929316714,2.2948399376756033e-12
6307.46597999599,367.57664443636537,-1.1470532809215517e-14
6307.828075270753,367.61871670352525,7.28642512098562e-13
6309.251821836579,367.7841668754504,9.733338629166594e-13
6311.197347212483,368.01031208462814,4.026896379847703e-12
6311.819159787563,368.0826054314383,-1.5455427601020213e-12
6313.191764509347,368.2422127976782,8.423687747576139e-12
6316.499628523659,368.6269959658897,-7.541178031634811e-15
6317.7515348205125,368.7726749855088,5.3188801428049404e-12
6319.336949858288,368.957204432252,1.0564085046510575e-11
6322.714143673877,369.3504367531632,-2.6241815175522036e-13
6324.9351918910515,369.60916478383126,2.188935904429659e-12
6325.624216837569,369.6894471855953,3.505398137652018e-12
6334.169985766831,370.6858925051245,-2.5002431191331626e-12
6336.170661066835,370.9193676113582,-1.0712152468382522e-13
6337.196749275244,371.03913881179886,7.162128894499265e-13
6338.8007115430255,371.2264018094271,-3.737860500999195e-12
6338.856353233193,371.23289884124154,6.599233183275331e-13
6339.4537198477665,371.30265426740937,4.758107116078847e-12
6339.79857249038,371.34292623807966,3.553796799652252e-12
6342.007237194283,371.600906553656,-7.261837367607225e-13
6342.011377767636,371.6013902725303,3.7520915121301545e-14
6342.6792462882295,371.6794175642808,-4.4899429495821244e-13
6342.992941407997,371.7160695009005,-1.4618500637430857e-11
6350.233771545924,372.5625872657859,-1.6012061312013724e-12
6352.124733049889,372.7838166107823,1.2278807362398166e-12
6353.415718743437,372.93489079326025,-3.551667577977536e-12
6354.047117063106,373.00878968920415,-1.2914402116791756e-12
6354.089032435295,373.01369572673144,1.1232874244383404e-11
6357.8625800101245,373.4555079640712,-3.1440635490357744e-13
6360.205763743226,373.729983207035,-4.1618149937623317e-13
6360.933508813684,373.81525020242157,-2.828761755606168e-13
6362.353247299252,373.98162339502034,-6.573260314428745e-12
6362.977895849711,374.0548350979906,-1.4388357568446036e-12
6363.323826310661,374.0953828424763,-6.220989255906884e-12
6365.215373866948,374.31713686627756,3.176744244856815e-14
6367.03416959414,374.5304240438232,1.1442326541494934e-12
6367.154868019048,374.54458030528514,1.0555943517492601e-11
6368.7802134922385,374.7352370628001,-3.96049408095968e-12
6368.83608196198,374.7417914277321,1.5052106440901115e-11
6368.934943622257,374.7533897992914,-2.9060480491852366e-12
6370.8882583786935,374.98258805707997,5.32793146491897e-13
6375.377394290232,375.5096011439481,-3.165656612432505e-12
6378.27990485256,375.8505460701359,-1.0859697212119459e-12
6379.36505677885,375.97805386571616,-3.460892190374459e-14
6384.894195789381,376.62807698794995,-6.546754284588352e-12
6388.540786935921,377.05708999050773,8.121828143642888e-12
6389.3965662528135,377.1578059328471,-8.094076516424897e-13
6391.95386489971,377.4588526329558,-4.874766271725547e-13
6394.096621829923,377.7111919965178,2.432565496753624e-12
6395.260651095277,377.84830804814726,-1.912155394421383e-12
6397.069540011817,378.06143444291973,-3.814470246270236e-13
6399.2782047155315,378.3217448339372,9.852103629402659e-13
6399.50235893321,378.3481683853663,1.898532337757748e-12
6401.681491777946,378.6050952526691,2.858928820175202e-12
6401.757665634813,378.61407798104744,-9.160722293223996e-13
6403.2795553151445,378.79356774953294,1.214131245178611e-11
6406.524347530919,379.1763969469696,1.2186931476053961e-11
6414.630050963658,380.1335767367206,-7.44758855456728e-13
6414.810172379286,380.1548605156406,2.4983771734191776e-12
6419.023293683267,380.65286819882056,-2.6195076898560617e-13
6419.370623028482,380.693938496865,-5.752579038412302e-12
6419.986310093462,380.7667464768488,-3.2573708187625076e-12
6423.620479519762,381.1966468791167,-5.514564184440239e-12
6424.115921718986,381.2552735579526,7.427496084709049e-12
6426.328726995963,381.5171744838457,-3.2518451507938994e-13
6426.698744144578,381.56097739430487,4.856514936442237e-12
6426.769019271017,381.5692969020113,-1.5622322923725198e-13
6427.056245286774,381.6033010459442,-1.8114383877322046e-12
6429.1698296306895,381.8535710289723,-4.1430612223006385e-12
6434.055678574,382.4324204445246,1.5309554550690512e-13
6436.664478337536,382.7416772562137,1.362509232046619e-12
6437.733067970333,382.8683880326085,4.242366891159146e-12
6443.213806825421,383.51861140839384,-4.707042103169269e-13
6444.286310251982,383.64591570178305,-3.2581722183947014e-13
6445.796269978159,383.8251812128523,1.0129102127491941e-12
6446.375089362583,383.8939109711251,2.129571263088989e-12
6446.676854528243,383.9297454025335,6.348021213571433e-13
6446.935494010161,383.9604600199818,3.844085337018396e-13
6450.0234386658685,384.32726270406386,1.5312406111329007e-11
6451.729684621432,384.5300151220989,-2.218989256437809e-12
6451.855242165244,384.54493718532814,-2.6663675462731227e-12
6453.720679890094,384.76667196842203,-8.916734393044324e-12
6455.015938650007,384.9206702795339,-1.6808305123894275e-13
6456.413934657118,385.0869180967281,7.953300679426239e-12
6456.845000460309,385.1381871279189,-2.6675698687299504e-12
6459.033000503921,385.3984708092178,1.079349995531362e-12
6460.382463862849,385.5590464417843,-2.9221092448158793e-12
6463.583544342255,385.94008425855844,6.655557339489428e-13
6464.494606076429,386.0485662014801,-8.270275536923793e-12
6468.688594097694,386.54814994180896,6.074608742188644e-12
6476.601433328095,387.4916019362164,-5.917473684882746e-13
6476.706420498354,387.5041273648713,8.524031526899926e-12
6477.173181877348,387.55981649709344,-7.145511645882013e-14
6478.388939038942,387.7048868867697,5.3700007347619377e-14
6479.709815864005,387.8625315546661,1.2163568748994082e-11
6480.95627698928,388.0113242942986,-1.4058129839953714e-12
6484.0749256085255,388.3837294557114,2.233332950099952e-12
6484.849936935938,388.4763031732385,8.107341202064919e-12
6489.5788058258,389.04139782676947,-2.3436957285760317e-13
6490.22011095591,389.1180648071708,7.673780330977587e-12
6490.253064842665,389.12200459513383,9.055650881379898e-12
6491.839916971165,389.311743702942,-2.282874387853995e-13
6497.317328084411,389.96703136797504,-5.1672478066594626e-14
6499.1148730989835,390.18220031792885,-1.5610972212915402e-12
6500.523853734923,390.3508991156667,2.225105541816875e-12
6502.0222427797025,390.53034300396916,2.901150293390425e-12
6504.628206567559,390.84252620209554,2.0246880197366926e-12
6506.5521219578495,391.0730832192624,-3.2714272385572143e-12
6511.395563762448,391.65381057969086,-1.898486720656455e-13
6512.618297472758,391.8004843363723,5.158252945990082e-12
6514.833806231672,392.06631717970566,2.984868100294836e-12
6515.178658874198,392.10770323840984,-1.2982422601262288e-11
6516.081931227594,392.2161161048995,-1.2304265507585854e-13
6516.288842813109,392.2409522344129,9.66960730313067e-13
6518.677723218416,392.5277528041733,9.108643718338486e-12
6524.106734176493,393.1799316615488,-7.262337400975711e-15
6525.867903276461,393.3916148677101,-1.3149396651146933e-11
6526.861623650193,393.5110800122533,-8.053859467467874e-12
6528.177414576675,393.66929249366524,-2.1594061853247692e-12
6528.4142172939355,393.6977693590681,1.3046721884896174e-12
6529.364131645203,393.8120123123284,-1.6737414896400422e-13
6534.814620095041,394.4678452400777,8.228393448217406e-13
6535.222090976485,394.51689637566494,-7.788349224887822e-13
6536.240616583464,394.63951934273535,-6.665913315526256e-14
6539.041562002643,394.9768310355949,-1.238387038958811e-11
6540.787605900309,395.1871763828444,1.834157129588895e-13
6547.031879687034,395.9398815775418,-1.037962167320022e-12
6547.42800666677,395.9876562471469,1.0240861953844605e-11
6548.955795077209,396.17194137371143,1.1908156043413444e-11
6550.412854802069,396.3477351106909,1.5241429663040555e-12
6550.5756010923305,396.36737282066696,-4.783432162853882e-13
6551.224109550737,396.4456296559412,3.212084040883595e-12
6552.085787597856,396.549622084613,-1.0566943378360844e-11
6554.86170100414,396.88472881762624,6.758577873843636e-13
6558.190588949981,397.2867775059717,-6.033096490577422e-12
6560.457825605132,397.56072140156226,-2.4888790512717453e-13
6560.803756065981,397.60252754237234,-8.255498584230999e-12
6562.749281441172,397.8376878449876,-7.349927688941622e-12
6563.407696710135,397.9172878632917,1.821801009305638e-12
6563.646976130026,397.94621785580034,5.329291031161569e-12
6564.53192803289,398.0532218117471,-2.4849779891253587e-13
6566.405646904145,398.27983012989665,9.863925022736701e-13
6567.525510873969,398.41529780815307,9.847173570308958e-13
6569.028853323892,398.59719042382585,-7.614573023330591e-13
6570.77255301205,398.80821652311477,-1.273850550872651e-13
6572.4015472921255,399.0054113420552,-1.8190699912694268e-13
6575.730794510668,399.40857909897574,4.08449689528656e-14
6576.523728808834,399.50463257553884,-1.0207923079914634e-12
6578.095228955302,399.69503320442345,1.9936099855557298e-12
6579.634588046954,399.8815837765655,-1.1015933318281688e-11
6580.158616779895,399.9450992946874,-8.550407123176106e-13
6581.395397874005,400.0950248576657,-1.0202614873893424e-12
6581.908574471236,400.15724162368343,3.8081435255802215e-12
6582.949655388338,400.28347562619166,-4.87032697247622e-13
6585.15111676312,400.55047478401724,4.38060960581415e-13
6587.016554487624,400.7767899642586,-6.290597805519062e-13
6587.2558339075085,400.8058240172881,-1.638156449904058e-12
6590.113366341784,401.1526371724829,2.4531589130318986e-13
6593.387198649674,401.55016071357517,-1.1467077364266558e-12
6593.867421360149,401.60848813352845,1.0741032101411371e-13
6593.9943777882245,401.62390885746345,6.834622881247191e-13
6595.4397343385135,401.7994895823672,-6.949658200745428e-13
6597.211888067227,402.0148218763609,-2.473373853304325e-13
6597.876334559792,402.09557289166446,-8.428922484173413e-13
6599.546204600468,402.29855019329364,-8.9459179462628e-12
6600.507330360135,402.4154009663067,3.5837514854585123e-13
6603.648080729901,402.7973625865244,-6.026562563089642e-12
6604.676645640557,402.9224907648292,-3.673401724374828e-13
6607.623094717603,403.28104349803476,-1.172005714457683e-12
6608.376949618985,403.3728056255795,-6.890728682737112e-13
6609.949035817744,403.56419970234816,8.117318785583397e-13
6611.1759101012385,403.71359748538174,-2.948541468203181e-12
6611.614179232687,403.76697270398813,-7.933324263585685e-13
6612.986783953879,403.93416018137356,-5.400786415236508e-13
6613.68148085096,404.01878962784497,1.4505808867959762e-12
6613.890056307156,404.0442004666439,-2.5403790861599393e-13
6614.667997896223,404.1389844982407,7.494586741749105e-13
6616.996056426202,404.42270063695366,1.4251228190606894e-12
6618.429615515594,404.59745546865986,3.046889785054713e-12
6619.004067546956,404.66749338980435,-4.67442668756136e-12
6626.2521010103865,405.55170503827566,-1.8055097704103029e-12
6626.364650781762,405.5654429884241,-1.459554623299333e-13
6626.553866175971,405.5885393555768,1.0017306553827167e-12
6634.529191150352,406.56263827970724,6.865759261864057e-13
6636.482732685631,406.8014207104191,1.9256652566859247e-12
6636.722012105501,406.83067279501586,-3.2962495997845425e-12
6643.276199710482,407.6323371338545,1.7521067120299148e-13
6646.783771980364,408.0616849406005,9.141151944819495e-12
6646.88475107046,408.0740487408093,-4.774868808532715e-13
6647.0884674077315,408.0989921802929,-3.5794249647973134e-12
6647.3503021377865,408.13105287580254,9.712840219914325e-15
6648.4701661074905,408.2681903335459,2.1877943021871976e-12
6649.719954973893,408.4212655454049,-1.3435956441175499e-12
6650.886101668686,408.56412214099157,4.258014233423228e-12
6654.917702671421,409.05819880275044,2.255346880389275e-12
6656.748201572354,409.2826270727163,3.4486098290702085e-12
6657.460594660669,409.36998669360065,-1.3034800479809018e-11
6657.559456320906,409.38211067899016,-2.9683884671327966e-12
6657.862393591194,409.4192627747779,-3.8777233982643155e-12
6658.9673591381925,409.55478959987164,1.5259160910347645e-12
6660.324025825099,409.72121896674713,-9.504467128922521e-14
6662.020591749176,409.92939325261824,4.995129824275215e-12
6662.57933252588,409.9979642119207,-5.862792597969023e-12
6662.584777697153,409.9986324939629,1.0941061863239017e-11
6664.687377411466,410.2567239023832,9.702664298635064e-13
6664.767332568873,410.2665399022993,-1.1825307272651858e-11
6665.785858175671,410.3915933887544,2.3065000001769904e-13
6671.333903686817,411.07311204035835,-3.1004506604703276e-13
6673.095072786436,411.2895715805526,-8.837626221742643e-12
6675.037894679115,411.5284237514753,-3.600650722926982e-14
6677.999695737726,411.8926838792821,-1.3282681050602299e-11
6679.211804091628,412.0418028602356,-5.300261774402739e-13
6679.716699542094,412.10392533708597,7.862397106636861e-12
6681.932208300507,412.37657766324435,-2.0522151010686926e-12
6681.939638408431,412.3774922040848,2.205654246738724e-12
6683.777699910431,412.6037627325842,-2.484031199710609e-13
6684.449935783626,412.6865323974289,4.3911269092729526e-13
6685.9960446442565,412.876930073313,5.171368389262011e-14
6689.18614049376,413.26991791868625,-2.473393280143412e-12
6690.066725043552,413.37843012735647,-5.858257892195093e-14
6691.329615968659,413.5340779166654,4.129662411351555e-12
6693.211842765871,413.76611165093357,6.328319703726503e-13
6698.31545542858,414.3955939136837,-7.498340001660524e-13
6698.748317595545,414.44900543326224,8.468700353288398e-13
6702.975486281794,414.9707836235559,-1.426337216614607e-11
6710.483010265026,415.89828204278155,2.5992558279870966e-12
6711.740815291609,416.0537759880117,-5.8466505543082885e-12
6712.447668922234,416.14117232173135,1.4521160420929622e-13
6712.930462621641,416.2008708741575,-7.124811805059958e-13
6716.542436009075,416.64763592173114,-7.346760942400298e-12
6717.540296955903,416.77110372594484,5.3347262320980074e-12
6717.616603305944,416.7805460543926,-1.0490737102715434e-14
6717.794342305226,416.8025403149316,3.587775824489864e-12
6720.687532107969,417.1606390736634,-2.249289320646026e-12
6722.372168077856,417.36922253820126,-1.1115967046235304e-12
6726.844061355092,417.9231642726385,-2.895176143106406e-14
6727.4031614045325,417.99244694235574,2.1044228259853653e-13
6728.294957362768,418.10296860631956,-7.944918620864255e-13
6732.4127715257055,418.6134857345709,2.514404943119168e-12
6732.489663928103,418.62302164846767,-2.5208365494632684e-12
6734.585778859443,418.88301609088745,-2.1239163899346276e-12
6734.844418341263,418.9151023972237,5.741840411920209e-13
6740.010876022185,419.5563011463284,5.796065073990242e-13
6741.84101565013,419.7835540581952,1.1133866587237592e-13
6742.080881122326,419.8133433134364,-4.656385598156349e-12
6743.092921946241,419.93904186108085,9.124752035537374e-12
6743.943388584654,420.04468699277015,-2.2428149792145604e-13
6744.408939651919,420.102523480073,-1.313303418577858e-12
6744.648219071754,420.13225126990733,1.3308228603386526e-12
6749.776542681015,420.76964161201624,4.1563982793380875e-12
6753.119118737129,421.18534531175715,-8.447591810722558e-12
6753.890443050067,421.2813012615029,3.6585404355034305e-12
6755.146489919505,421.43758216541335,-2.5351758944602706e-12
6755.670518652328,421.50279189394007,-8.006028768392437e-12
6755.814358439717,421.52069209017117,-2.2539679234902253e-12
6756.055301730256,421.55067722213045,-3.0400801034526464e-12
6761.272409489054,422.200202907756,-1.837670533318509e-13
6764.404651931891,422.5904054226416,-8.483440452792098e-12
6768.0649311876705,423.04661769112346,-2.3968002028579556e-13
6769.029478974906,423.1668787121864,-1.2047102899985456e-11
6770.7464827790745,423.38099929444235,4.143474892717668e-12
6771.092999292191,423.42421854952426,8.155732789556086e-15
6773.503489681734,423.72492805450196,-5.169370642027336e-12
6774.021978956903,423.7896237571024,-2.1405875030464108e-13
6775.094482382987,423.92346357713905,1.1138561440734046e-13
6775.508305553875,423.97511105272815,4.4102091987371683e-13
6778.274312148783,424.3204053511242,-4.494243434160901e-12
6778.877577493415,424.39573267161967,-7.841884130212933e-12
6778.885366874122,424.39670534414034,-1.1539829164719038e-12
6779.707965524243,424.49943085447967,-2.8337432427404077e-13
6783.525092339741,424.9762739438335,-9.509926105758362e-12
6784.564641879071,425.1061830448748,1.103306182085733e-12
6790.990076690848,425.90959036882333,1.090046688323379e-11
6795.231784526507,426.4403710821602,-1.5702595915519068e-12
6797.24781180708,426.6927602864325,8.510279277349005e-13
6803.1082478389435,427.42686140923587,6.205820281727331e-12
6805.67099165568,427.74807953474834,-9.93683266058647e-12
6805.801502604714,427.7644412088382,7.07404382115748e-12
6806.911554049993,427.90361692883795,-9.127726894835662e-12
6809.402718142389,428.2160360324564,-1.3046749492916972e-11
6809.428827973562,428.21931109495216,9.010409986691281e-13
6810.539597964405,428.35865113111805,-8.040748764318044e-12
6810.811112725394,428.3927146335264,6.063752340887547e-13
6811.16141053906,428.43666404934027,2.509143731996134e-13
6811.7547690731035,428.5111137502742,-1.2800922999847814e-13
6816.083862173967,429.05448866896677,3.982904936721255e-13
6816.359744287879,429.08912827427304,-5.351187203326779e-13
6818.120913387176,429.31029273313527,1.228192075303195e-12
6819.353327127982,429.465091021801,1.5891824421728456e-12
6822.410927091267,429.8492640621772,5.631639342442617e-12
6828.839197878169,430.65750764840436,1.1513007813877777e-12
6833.462493543317,431.2392775102646,-1.5543360281763519e-12
6835.391854104048,431.48217397418625,7.971964619759098e-14
6836.221164316472,431.58660088973704,1.7099290599771545e-12
6837.793250514773,431.7845930838144,-2.49623919177571e-12
6838.229175436664,431.83950254507846,-2.152214426086978e-12
6840.151559448613,432.0816893701918,4.285992253349589e-12
6840.710300225192,432.1520937220615,9.150543561795049e-12
6841.751513635157,432.28330757179305,-4.63054639376277e-13
6848.457689679295,433.12889927810403,4.864701256243644e-12
6849.428268690067,433.25134965366374,-8.43240012860051e-12
6850.582617923723,433.3970074755061,-1.560072655938757e-13
6850.883305270873,433.4349527648173,1.687273457900579e-13
6854.228131249637,433.8571659375366,4.576330759047744e-12
6856.111889423964,434.09504107676077,9.40441241451372e-12
6856.832071892805,434.1860007573338,-1.0365517548038266e-14
6859.157786212635,434.47980577077846,-1.55824959082585e-13
6860.310244795995,434.62543155558853,-4.3509163995530844e-13
6863.740565389745,435.0590349844652,-3.96281671196636e-12
6863.809895191002,435.0678007264659,-1.354963244628583e-13
6863.94783624795,435.08524162419695,1.704028218424508e-13
6864.566226794781,435.1634335761776,9.035354797007012e-12
6867.437806611957,435.52662074317914,1.0607658663181375e-11
6867.961835344704,435.5929144159571,-9.368670671322827e-12
6869.581641359159,435.79786434255897,-6.091765144768754e-13
6871.130453701651,435.99387682141145,1.1080526339276723e-12
6872.491714520694,436.1661898960546,-4.7815915535875014e-12
6874.58782945167,436.43159007855894,9.959317749761893e-14
6875.900557622562,436.59784274094727,-4.180770329847053e-15
6877.247052512122,436.76840482491605,4.535617935764009e-12
6877.5814122915635,436.81076374591,3.961825734748311e-12
6878.192467016829,436.8881815440068,1.827191320744456e-12
6889.882049063337,438.3705216923121,-6.2190900909104034e-12
6892.9063358668445,438.7544372773815,4.505777804659044e-13
6896.2282472624765,439.1763287378197,1.4648640071300922e-13
6896.419447593272,439.2006178679992,7.223854236570464e-13
6896.628023049391,439.22711501486464,-1.6990207026528724e-13
6900.3023496884925,439.69402795913436,3.6793017318398246e-14
6900.611677455102,439.73334695664477,2.8569407569685247e-12
6901.990540178998,439.90863717545903,-2.087808733107566e-13
6903.29251050051,440.0741844670874,-6.489958598373948e-13
6903.730326072647,440.1298603262529,-7.928091853221309e-13
6906.785902892134,440.5185283385145,-4.837203593154343e-12
6909.291832913707,440.8374098847577,-1.7707033919050036e-13
6911.345673199651,441.09884891537195,3.01802650821086e-13
6911.811356760033,441.15813787481915,3.95992456897181e-13
6912.80318648299,441.28442696375555,-8.512311441125857e-12
6918.552244847423,442.01680808253434,7.0381000889117345e-12
6918.827900181723,442.0519395226852,-4.759465455036211e-12
6923.161719907739,442.6044557545282,1.0690470349413287e-12
6929.022155938716,443.3521496891873,7.666668443648189e-12
6933.049616366714,443.86635327997067,-6.871070588283785e-12
6933.137493398007,443.8775762580128,-2.305542477940514e-12
6934.173847688944,444.0099421821583,9.372294845915095e-13
6934.4511668939485,444.04536548338643,-2.7880256541037325e-14
6936.047566559323,444.24930875652797,-3.720257777344405e-12
6936.947416884454,444.3642871370193,-2.5589961632384264e-12
6937.959684487704,444.49364746317667,8.848883277846084e-12
6938.670772977846,444.5845306091656,2.8718956168377874e-12
6938.821362534401,444.603778428089,6.64939819914675e-13
6940.309126222209,444.7939615155557,2.646859936504557e-13
6942.043466944507,445.0157163885913,6.860760804546767e-13
6942.518376976708,445.07644861510727,-5.885921296916234e-12
6946.165648459298,445.54300578575953,3.849993366076689e-12
6946.486906179943,445.5841126575195,-3.9607701867253615e-12
6946.770577674516,445.6204117244353,-3.286103304293206e-13
6946.88348671863,445.6348601622122,5.757183011898964e-12
6947.97206067189,445.7741718823788,3.146125180992477e-13
6949.572600910589,445.97904282020426,-4.006999365789814e-12
6950.623494351406,446.11358401758315,6.53832842924029e-12
6951.037317522207,446.1665695340589,3.8479884426737126e-12
6952.138180702299,446.3075383432898,5.0078212320085905e-12
6953.53523138337,446.4864669856798,-4.03417574387646e-12
6955.385317125178,446.72347387075894,-3.7390056044258793e-13
6956.212283128045,446.8294334787241,-2.6274095227782354e-12
6956.658474133222,446.88660940931265,2.3725414458572415e-12
6956.917964653743,446.9198628015878,-3.529859261761126e-13
6958.445753063393,447.11567216403535,-3.638005613529821e-14
6962.374351831052,447.6193793856351,3.758722574301136e-13
6963.029118292327,447.7033582297779,4.3248814166712126e-12
6965.890791298606,448.07048252698024,-6.080781561825559e-13
6966.400054101819,448.13583171087964,-8.55392667141781e-12
6966.624208319333,448.1645969499632,1.1502087423904827e-11
6969.702472941981,448.5597178016451,-1.386190064257127e-13
6969.892141895263,448.5840690971825,-3.3499217767874765e-12
6970.149249999507,448.61707985614635,-1.351633260151012e-12
6970.478297100849,448.65932882108973,-5.036139622363575e-13
6971.12892298877,448.7428737055364,-1.5914003645937535e-13
6974.664722518262,449.1970312660386,-1.3523711805985301e-12
6977.4561203981175,449.55573645031564,1.342022620464643e-13
6977.63799997069,449.5791136439903,-1.2255747420508238e-11
6978.018869254745,449.62806919154417,2.59887628793456e-12
6982.04457152544,450.14568165437186,1.908418065205887e-13
6985.799212594332,450.62871095454517,3.6744453113188415e-12
6986.6379760580185,450.73665218153144,-5.374922077908475e-12
6987.730558091372,450.877276984508,-1.0746926509398825e-11
6988.126685070885,450.9282674008871,-5.084946193464194e-12
6995.301739922415,451.85235803655047,4.006233910080809e-13
6996.006570409308,451.9431858141029,5.50477538909253e-13
6996.171339842967,451.9644200993725,8.130349336260692e-12
6996.236755850443,451.9728505769468,-6.612150042246658e-13
6996.476035270206,452.00368834566905,2.4911184086439448e-12
7002.22828888229,452.745342691911,-1.8301601970532515e-12
7003.214579147507,452.87256910197493,1.1194595348794316e-13
7005.900498091083,453.21912978037733,-1.472258882895932e-12
7006.124652308587,453.2480581196873,-7.262721095313348e-12
7012.617431983273,454.0863888603466,-1.4863175939725658e-14
7012.901235971035,454.1230506029591,-9.687816918263352e-12
7016.546030750689,454.5940163489211,7.231783416331993e-13
7016.992221755834,454.6516881711481,-3.663229159373975e-14
7018.768516056974,454.8813170782571,2.416262637815677e-13
7021.981526488157,455.29682386665223,1.1221392594681858e-11
7022.094076259477,455.31138226021574,-1.176049101382535e-12
7022.647636851083,455.3829891155235,8.231392588005428e-12
7028.60927875102,456.1545260837826,-5.75503165564299e-12
7029.3271170102835,456.24747061807153,2.877688083475314e-13
7030.705393681618,456.42595425638774,4.032148348621239e-12
7031.251032399305,456.49662287588177,6.517582365369655e-12
7031.327206256111,456.50648900005064,-1.5350281134544587e-12
7036.517297063739,457.1789671777134,-5.05807735707135e-12
7037.328551811917,457.28412600192866,-2.3770897982903366e-12
7037.535822670081,457.31099541279156,-3.3036128472458976e-14
7039.252467200922,457.5335618292352,7.394935343280043e-14
7039.616226346042,457.58073090417054,-2.3332797797793297e-13
7040.975823294115,457.75705301532287,1.1693406821556046e-12
7041.686231445447,457.84919729376094,-6.847253677305079e-14
7044.295031206965,458.18765431856775,-8.177392477776969e-12
7046.510539964408,458.47518551634437,6.950793799080782e-13
7048.700884215819,458.75953971932734,-4.961492792915522e-13
7048.799745876008,458.7723761920424,1.2114099848775682e-13
7049.820748184978,458.9049565003588,-4.657962159127827e-13
7050.272384361374,458.96360898078007,-7.011456960312397e-12
7053.591819053766,459.39480816091634,1.2479519627796397e-11
7054.091855385092,459.459781165935,-1.6561182548609166e-12
7054.443231017006,459.5054404652164,-1.44714910924159e-13
7058.473527419855,460.0293176040274,1.1330769982987337e-11
7058.961766290331,460.09280153899823,1.982024618998071e-12
7062.949428775442,460.61146726317554,-2.856181423762753e-13
7064.19967120037,460.77414362112205,-3.4942150171713963e-12
7066.9278647886995,461.1292248219754,-3.712690785442469e-12
7067.957375023917,461.2632537782195,2.8280009731551318e-12
7068.610383328041,461.3482771577251,1.9166144433921865e-13
7068.617586656385,461.3492150936114,-2.586676745572812e-12
7071.673163475299,461.7471639180076,-1.2351162845514953e-11
7073.729121190723,462.0150222507913,1.098548429668863e-11
7074.0411524394885,462.05568172596014,-1.9373219998762884e-12
7074.820398626045,462.15722984012876,1.7732469286909334e-12
7076.057179719406,462.3184249606993,-1.473714350886192e-12
7077.629265917272,462.52336254141727,-1.5806554841037675e-12
7078.444075186404,462.6295992103456,4.60005795842849e-13
7079.761170709912,462.8013509550932,-3.878143105795632e-15
7082.572382210559,463.16804513721115,2.6871186484513616e-12
7088.586829824793,463.95305805600526,1.6614855267374455e-12
7089.362427203982,464.0543384612992,-4.847212645787453e-13
7092.4804897685,464.4616185473965,8.115648813153357e-12
7095.536066587334,464.86091051449534,7.9039977447423e-12
7096.472160333607,464.9832703482197,2.088254275749325e-12
7097.936876944982,465.17476057037914,2.9964143510030828e-12
7098.162695033168,465.20428649068094,-2.4947691690542857e-12
7103.278010867905,465.87337032707336,-2.546139523399722e-12
7103.835352760023,465.9462998232891,1.4106286597380872e-13
7104.162962770185,465.98917103318445,2.6695362560431103e-13
7114.050859227151,467.2840364476267,4.953092168278793e-12
7114.172994743078,467.3000419142725,4.77103525619862e-13
7114.768697486347,467.378110781855,-2.1663526985684257e-12
7115.206286278805,467.43546244372794,2.799556647652013e-13
7127.849072207325,469.09398593291667,4.964462518716278e-13
7127.87068219236,469.0968233246257,-1.2424334291836446e-12
7128.408758308861,469.1674755092308,1.0264096053887369e-11
7130.914329057027,469.49654018129183,6.930712048886262e-13
7131.591783321562,469.5855322914051,9.870490844594719e-13
7132.888214185099,469.75585830650925,-6.7647412531816634e-12
7133.018233368095,469.7729420280697,-1.0369345886511387e-12
7133.498456078255,469.83604303989114,5.880978194663533e-12
7135.3248144048,470.0760643643698,-1.4033641039654929e-12
7135.8243971769325,470.14173059391425,4.458816411154875e-12
7139.461988627751,470.6200020146095,1.8444222102366416e-12
7139.672814006882,470.6477288601842,7.217857599753366e-13
7140.37764449366,470.74043107340856,-7.586074221368744e-12
7141.022144871463,470.82520643154305,-3.952901555097707e-12
7142.30700505372,470.99423534311825,-1.7941211647324818e-12
7142.307231833294,470.9942651796359,9.47920253481377e-13
7142.85264377134,471.06602567448624,4.674228528969553e-12
7145.617213273945,471.4298476400113,8.842739137753682e-13
7146.672114794674,471.5687115526339,1.4635885652290375e-11
7147.254129426799,471.6453348998909,2.543379158537988e-13
7148.5272864345725,471.81297022614626,4.352195569605038e-12
7152.185448258871,472.2948029324432,4.274153831092031e-13
7152.272966017357,472.30633330355266,-3.803224659663559e-12
7154.397894261055,472.5863336282269,-4.684033377586254e-13
7155.925682670373,472.787700649043,-6.292664870340582e-15
7157.497768868105,472.9949511335699,3.51099641459879e-12
7158.613719043359,473.14209614958656,-7.806224436126527e-12
7160.757553789861,473.4248385463882,-5.896834266986574e-13
7160.778577722539,473.4276117339281,-3.27432598297897e-13
7161.116227036447,473.47215089485405,4.140504036170679e-12
7162.622991513076,473.67093307907555,1.2448325992087756e-12
7166.889731359747,474.2340560793966,-3.209605118789724e-12
7171.046171358163,474.7829441980723,8.259273590870824e-12
7178.226765665896,475.73194366147936,-8.012321884195757e-13
7179.999637938946,475.9663956523918,-1.476600795490665e-11
7182.746605536546,476.32978040801174,3.117591618772451e-12
7182.815708558203,476.33892354756404,9.408934859157941e-14
7184.172602023849,476.5184742752105,-1.957585251830306e-13
7186.001663832512,476.76055828068365,2.018164927099656e-12
7189.539127231881,477.22893125352607,3.811951832905972e-12
7189.651677003181,477.2438370347777,1.8377468287950401e-13
7192.97723720507,477.68437036235764,-3.117846232042009e-13
7197.095051365803,478.23013500743593,-1.94008078504225e-12
7202.044198882085,478.8864957693288,-1.3081332512458388e-13
7203.208228146269,479.0409360036097,-8.370305575894469e-13
7205.506887308893,479.34598915442706,9.961579022083023e-13
7205.863083852823,479.39326841208214,-6.4488647900820326e-12
7207.691106049935,479.6359451956594,-2.769272006308503e-14
7211.634830018779,480.15969894965093,1.6129240357085522e-11
7213.660669822594,480.4288558376437,-4.574656320411832e-12
7216.478045039679,480.8033032864455,-1.3787136748098266e-14
7216.825374384552,480.8494757342191,-7.382214817842769e-12
7217.942761650869,480.99803139660537,-7.812069566693139e-13
7218.260824123215,481.04032172996307,-6.792118089384633e-12
7218.5941060841815,481.08463768166706,4.418150420277689e-12
7218.9118092837425,481.1268840560892,-5.198990147742547e-15
7224.080970444019,481.81451109650595,1.812395441959399e-12
7224.888576384678,481.9219872365784,1.4736028992627253e-13
7226.060168249961,482.07792395417727,-1.3626687143392534e-12
7226.4739914206375,482.13300909810147,3.9092620849540864e-14
7227.445875028927,482.2623916104664,-5.757840169200377e-13
7229.1973640964225,482.49560343922417,-6.7524727543166915e-12
7235.880984827494,483.38605083432583,-1.3793019076775624e-11
7236.502797401851,483.46893570246664,-3.704197986522912e-12
7237.833940309042,483.6463951129594,3.744296487693102e-12
7240.478889204942,483.9990995485773,-2.7091237785778065e-14
7242.159743873266,484.2233088053874,-4.120426295199608e-12
7243.9904695525265,484.467568571923,1.2022713232399312e-13
7246.111030443099,484.75057601338665,6.263010015653501e-13
7246.333653283044,484.78029178761534,4.601559815213737e-12
7246.369669924766,484.7850993872964,4.93375046988707e-12
7247.685460850116,484.9607511351981,1.4574519967645803e-12
7247.834386535911,484.98063400568515,-6.891065652234613e-12
7248.552224795008,485.0764773687661,8.697762793626598e-13
7255.934191229861,486.0626435425443,1.4490208917519557e-13
7255.953457005463,486.06521859502715,1.5035517355343528e-11
7256.173470649557,486.0946259769946,3.3663480431944266e-12
7259.315166342052,486.5146474142963,3.370636652821842e-13
7261.301794255844,486.7803386830683,-1.2256357964157174e-12
7263.8331155620435,487.11898248357454,7.943959673235901e-12
7265.091147367405,487.28732769247847,1.54047248144637e-11
7265.375896680229,487.3254358488397,2.3183728952850976e-12
7269.9442691986005,487.9370278442114,-1.3876063741605654e-13
7276.21748878652,488.7774830714511,1.8456258294702605e-13
7279.732264382179,489.2486923462258,-5.570879190215349e-13
7281.711915747161,489.5141949860105,-7.83151249161167e-13
7282.304688228538,489.5937092199774,4.267006787802349e-13
7286.619733943234,490.1727225624461,-3.2845133826485486e-14
7287.347252233286,490.2703782130046,7.870064468590397e-12
7288.26101744877,490.3930478243982,-1.400708060943342e-12
7288.536899562539,490.4300870039309,1.5378367269522559e-12
7291.017797570258,490.7632285906537,1.604784001791629e-12
7292.803639408657,491.00310636549216,-4.031773832037898e-12
7293.670762626294,491.119601242996,1.0639095996363758e-12
7294.525010564741,491.2343799167686,1.2748466143844407e-12
7294.645708989514,491.25059831233176,1.8366018587170223e-12
7296.27105446085,491.4690241176073,-4.00656453275047e-12
7296.479043864522,491.4969787660531,3.2203673876729155e-12
7296.91555483855,491.5556502634456,-1.0627481545224418e-12
7299.025357879678,491.8392786474935,-6.936979668429363e-13
7310.724033899452,493.4134614380783,4.4652851094225666e-13
7312.818711738297,493.6955890007445,3.4699864265871494e-12
7313.942943060068,493.84704258142415,-4.733138698489263e-13
7315.201825904144,494.01666370387045,-2.214422510884273e-12
7315.816661929682,494.09951695328033,1.8787811427235216e-12
7316.412497166036,494.1798163637743,1.2393072132328508e-12
7318.439868347136,494.45308972239917,-1.4503460261269178e-12
7319.371367960693,494.5786737772569,2.6147513277714136e-12
7319.532582873312,494.60041026915,3.3449386623369015e-13
7321.569634085387,494.8751056775418,-2.1625163314139135e-12
7321.812562312423,494.9078695373006,-3.4647748988918303e-13
7321.88909544199,494.91819182655837,7.539484344558274e-14
7322.064849504502,494.9418967963823,2.37101954783472e-12
7322.44265603342,494.9928556805397,3.3902902530866247e-12
7325.424894970163,495.3951950403163,-4.240022931051626e-12
7325.934743825537,495.46399608893915,-1.9442962716595034e-12
7326.256001546052,495.5073503528827,-3.1716451531048997e-12
7329.457082022151,495.9394453388426,8.1271758283011e-13
7330.806412886468,496.1216401107035,-1.9432822577399373e-12
7332.8047439745915,496.39152841239684,-2.427366004953678e-13
7336.4275694952075,496.881003378417,-1.1981620150467701e-12
7336.687060015625,496.9160720639288,5.176999416825815e-13
7337.118125818365,496.974330926293,7.479004544496388e-12
7340.77084247069,497.46813567573844,6.001717995206254e-13
7341.143828087529,497.5185728166921,1.8583648564053075e-12
7341.488680729719,497.5652079440165,8.98969849957907e-12
7342.034451940437,497.63901817676555,8.696122672099696e-13
7342.216331512939,497.66361683381785,1.2746177612654236e-11
7342.798213651739,497.74231871033635,-2.1841150152983037e-12
7349.918345356052,498.7058499671537,6.825896203675507e-13
7350.257072488247,498.7517114594778,-5.127339491284023e-12
7350.6645433693,498.8068832171926,-2.7007171708285263e-13
7351.114742454426,498.86784395107236,2.3236964926488353e-12
7352.538489018423,499.06065575632283,1.3553001215161477e-11
7355.990778868158,499.5283393987539,4.996817852072432e-13
7357.787964608131,499.77189205199505,-1.3124593900682362e-12
7358.2585072872,499.8356693111658,-4.344874157849055e-13
7358.6222664321995,499.8849759470121,-2.971269529361151e-13
7362.353633643867,500.3908941116323,-9.512384746851358e-12
7363.532788110115,500.5508233344727,-6.059547825597534e-15
7364.842321032109,500.7284658595021,4.071205794593457e-13
7365.8553071804645,500.86590249086424,5.285147934175998e-13
7365.8786753225695,500.8690731804999,2.4936594798171083e-12
7366.407071407955,500.9407709104203,2.714387498815071e-12
7367.637140938594,501.10769818768404,-2.773103501221185e-12
7369.580416388903,501.3714682725308,1.9718532689728355e-13
7375.77566575551,502.2128435304246,-2.779960542172798e-13
7375.9864911345885,502.24148811126446,1.0899555312772507e-11
7376.041414279119,502.24895058471986,-5.560743024034459e-13
7378.714684722038,502.6122382157218,-2.0026294571298848e-13
7380.0469054473915,502.7933312656247,-5.321204573411757e-13
7385.359226055402,503.5157772053868,-1.0352284012577031e-11
7385.893747650773,503.5884979424363,3.667732875713336e-12
7385.904864772888,503.59001046351005,-4.498513662307431e-12
7386.508130117117,503.6720901139022,9.26737195374268e-12
7389.081140015564,504.0222464159656,2.287963266372519e-12
7390.841949840982,504.26194215127856,-3.079024951653218e-13
7391.173246865241,504.3070473768919,1.4163359112060359e-14
7391.735995721626,504.38366879960813,4.435250657294975e-12
7394.28775490781,504.7311783674705,1.593112509166068e-12
7396.761317093723,505.0681532193189,1.8499571552511875e-14
7399.265129684133,505.4093638848852,3.835302777190995e-12
7403.285746054567,505.9575207770876,-1.0346344476781634e-13
7403.953614574304,506.04860449511983,3.671966470989865e-13
7406.264562963299,506.3638343795802,2.3190181675896304e-14
7407.3859583095455,506.5168361739635,-2.8172733378910663e-12
7407.592869894845,506.545069466195,-1.307069829453111e-12
7408.378374084338,506.65225947637015,2.906327152134328e-12
7413.432055210579,507.3421572922023,-3.163593193044496e-12
7418.342803667811,508.0129934970469,1.871127127651223e-12
7420.744918622592,508.3412978713214,-5.905232344759035e-13
7421.0607311718095,508.3844688409981,8.595319911856462e-12
7422.368505936658,508.56325869893084,2.548837572555494e-14
7423.336608244194,508.69563119710364,-1.167659340616634e-13
7424.06412653415,508.7951190427286,-6.548066056533987e-12
7424.11454983255,508.8020147706302,-6.186098976390114e-12
7426.442608360401,509.1204435573277,-7.447033934871866e-13
7426.618362422896,509.1444870201381,-1.0224208405386123e-12
7430.931744266279,509.7347435353625,-8.208020117584952e-13
7433.860950708463,510.1357806043396,8.363467453763082e-13
7436.703490430949,510.5251032587237,5.288485510910495e-12
7437.423086846988,510.62368492275766,1.225407360467552e-11
7438.242622741526,510.7359694901391,-1.66177856566536e-11
7439.416332036417,510.89680088292965,1.6101928677247527e-12
7443.022406690543,511.39109392475814,-4.78406201333229e-13
7444.339502213565,511.5716909945977,-2.5129444362805828e-14
7445.699099161073,511.7581492792344,5.557793527577723e-12
7447.7264703419205,512.0362509180246,-1.428149349034804e-12
7448.340852808228,512.1205428716335,-1.0813748140136637e-11
7451.597574974045,512.5674742674403,1.1577233329670232e-13
7451.649302870368,512.5745746441801,-9.138833690669676e-13
7455.806914972322,513.1454262019437,2.4293924330964476e-13
7455.96754383256,513.1674873741229,1.1605993140854386e-12
7457.541974239255,513.3837487712551,2.1254309417539874e-12
7458.678854060479,513.539937267082,9.191317136356296e-13
7459.867915337174,513.7033201052919,8.34544113680737e-13
7461.313045106479,513.9019230689273,1.0541165378242325e-11
7462.341477522934,514.0432830974111,-1.3570001877475757e-12
7462.792754426361,514.1053181325321,-5.107100220869351e-13
7464.156265167616,514.2927766996607,1.5075809143066576e-12
7464.364254571255,514.3213745677848,4.611588132658538e-12
7465.678154846043,514.5020500093733,-1.151377859873625e-11
7471.158307642199,515.2559729765444,-2.271224486215211e-12
7472.190653852417,515.3980582234097,1.1958033717242173e-12
7473.100051714818,515.5232379435023,-2.6118726139731115e-13
7473.804882201363,515.6202691950232,-1.0067532376308775e-12
7476.837090876925,516.0378058498505,-4.286674624449572e-12
7477.70597225148,516.1574824699687,-1.513191436089759e-12
7485.211964850852,517.1919100851549,3.965490132019148e-12
7486.514521223928,517.371525701406,-1.2492754432579898e-12
7489.163251419752,517.7368679433382,3.6137902194944315e-12
7493.819954527522,518.3794854056006,-2.5013087693597156e-12
7493.951770074385,518.3976815504604,-2.8293296024616836e-12
7496.440098189535,518.7412365814104,5.465029353817317e-12
7496.476247324454,518.7462284104884,-6.086515003928537e-14
7496.596945749201,518.7628958137544,1.9852903939207179e-13
7498.076787562242,518.9672709194774,-1.9917335091694853e-12
7499.892388038798,519.2180714349548,-1.5216222492756586e-12
7500.259342431954,519.2687685706991,-1.396615615416853e-11
7502.6601527886305,519.6005173356998,3.910539146891176e-12
7508.001286709396,520.3389467316825,5.432374736111724e-12
7508.242229999742,520.3722703245195,-1.2776257923587798e-12
7510.683424351031,520.7099593166445,-3.499996338129732e-13
7510.923063043453,520.7431143143405,7.669452914143033e-13
7511.879821449223,520.875496313531,6.455684120094322e-13
7512.6817554388135,520.9864690024255,-3.830177894159465e-13
7514.739830583183,521.2713223831511,9.618548957822095e-13
7522.621739060865,522.3629605464391,3.74284085522269e-12
7524.512927341791,522.6250588776719,-7.836527211506089e-13
7526.197563310214,522.8585867653094,-1.1605185758513434e-13
7527.890121152545,523.0932654474592,5.0351080636390105e-14
7528.296381721975,523.1496026578726,-2.1978443036888276e-12
7531.921362878618,523.652422820817,4.3937105844799335e-12
7532.264910922824,523.7000888349854,-4.694552976106168e-12
7533.01264031344,523.8038410240852,5.278829823087915e-12
7534.467676893203,524.0057660859034,6.433305066549072e-13
7536.355443146326,524.2678020313579,9.529362368833846e-12
7536.376826351777,524.2707705547377,1.2287854505155438e-11
7537.741509197657,524.4602400650951,-1.607110291346539e-13
7540.411849378383,524.8310833563854,-2.337406343823877e-13
7540.547673005379,524.8499493628052,4.802071210265029e-13
7544.577969406266,525.4099152856242,1.5356416352185534e-11
7546.658826640317,525.699144926491,1.6208352007199317e-12
7547.394040024525,525.8013552943582,6.096670184651552e-13
7549.43109123616,526.0846009463933,2.6922302597302086e-12
7552.5957957970895,526.5247949194711,5.824882564988272e-13
7555.158539611801,526.8813944673866,1.0311140691952845e-12
7559.484929227064,527.4836755394871,-3.449788389010827e-14
7562.020031833105,527.8367499461989,1.137203662160712e-12
7562.619156603892,527.9202098690355,1.1758067484987538e-12
7565.1170704635,528.2682482030293,-3.679713080368108e-12
7565.770759106023,528.3593466621408,-1.0191605248939225e-12
7566.967156204154,528.5260976984358,7.753360692793011e-13
7569.5151340893635,528.8813167835738,-1.1226368439987365e-11
7570.336428140874,528.9958406428161,6.78117505266151e-13
7570.90817668942,529.0755744178165,-5.392347182130504e-13
7574.2547608227505,529.542396485288,-1.3592274682544031e-11
7576.340117902878,529.8333916658855,-1.4807149300958852e-12
7577.210795641272,529.95491160213,-2.225439076090178e-12
7577.493654303729,529.9943930103381,-5.138787465256885e-12
7581.267069379971,530.521227208196,9.28916447760142e-14
7584.097187382038,530.9165329021838,-1.2118418823761939e-11
7585.2685524673425,531.080190200485,-1.226677156342368e-11
7585.632179119057,531.1309994468963,3.25662567461077e-12
7586.945852614128,531.3145782344953,-7.158716662850685e-12
7590.638499701077,531.8307760217655,4.614937504760435e-13
7590.657632983465,531.8334513311513,-2.401990344997002e-13
7590.812816672413,531.855150124815,6.609453578031521e-13
7593.276698826898,532.1997256029596,2.5694891652619754e-13
7593.71676432179,532.2612808109835,-1.5583116866613308e-12
7593.7228898317835,532.2621376564397,-6.834899475242666e-12
7597.93979243064,532.8521682878679,-6.052719476856628e-13
7602.528735321092,533.4946271252564,-5.963810806755662e-14
7603.744492481142,533.6648999362152,4.0110617366768404e-15
7603.8018923283025,533.6729397421492,-3.635809406382488e-12
7606.243086679382,534.0149259052678,-1.9741399556149485e-14
7615.688214154407,535.3391249226937,6.752136691990514e-13
7617.69622527298,535.6208582313355,-1.7298138381678965e-12
7618.035538457446,535.6684727866922,-1.0630044289198417e-13
7621.928839126354,536.2149569441272,-3.299337385520238e-12
7622.803978503999,536.3378345448916,2.203033754384078e-13
7625.576110606446,536.727160458222,-5.464515742299356e-13
7627.603481786961,537.0119797041983,3.4799104407938406e-12
7629.975611323204,537.3453291297744,2.4543570386658286e-14
7630.071277735134,537.3587750655861,2.4794426296519124e-12
7633.193121598572,537.7976434398032,-2.1637576397954703e-13
7634.229475888777,537.9433736718794,-1.0575025631085178e-11
7635.247415442159,538.0865337177452,3.5073430286612613e-12
7637.973850871889,538.4700656604408,4.3051265798651745e-12
7638.2857496272745,538.5139496751349,3.4072827619522255e-12
7638.335946146088,538.5210124701764,-4.764802641167061e-12
7641.163001393018,538.9188622193218,-1.173521577990877e-11
7643.339657532031,539.2252820144665,-2.848013420211882e-12
7643.602210807371,539.2622489742112,-1.165028669307512e-11
7644.033276609987,539.3229449041488,-1.278071307128325e-12
7644.430934966744,539.3789399564375,3.3354676072029732e-12
7646.883019660274,539.7242871662642,-4.4375509043723663e-13
7649.713364441754,540.1230455530657,7.007231126506488e-14
7651.198065373504,540.3322794107645,-2.1282194603351024e-13
7655.785797952182,540.9790695633203,-8.036218521059013e-13
7658.178818927827,541.3165975778405,-5.799426874495815e-12
7661.0404919321245,541.7203659716425,1.1073461205172889e-12
7661.105321887195,541.7295149161132,-1.9172316405794363e-12
7667.635290304107,542.6514349150042,7.476951963290366e-13
7668.822007371152,542.8190634378755,1.0224754199880322e-12
7669.331856226364,542.8910895907674,-1.7747522809881864e-12
7669.465789203063,542.9100110453402,3.082219262248451e-13
7669.670583358458,542.9389440906245,1.5867331881146712e-12
7672.572734643718,543.3490392036821,2.035985793341857e-12
7679.390288348704,544.3130195142543,-1.06170807172722e-12
7683.546142292738,544.9010640104905,-5.035171392815921e-12
7683.949699379895,544.9581834270814,-8.855228253560871e-13
7684.012771177898,544.9671108720761,-2.000921459946761e-12
7685.467807757463,545.173083154784,-9.70043583889239e-14
7686.074627622517,545.2589949744823,4.604077948383679e-13
7690.37513418571,545.868042760026,-1.1413371436055776e-11
7690.876248335073,545.9390338780242,-6.255790885034764e-12
7691.531014795876,546.0317993611883,-2.843244812513237e-13
7695.556717063733,546.6023231560696,-3.4449516940313637e-13
7696.181592392819,546.6909074502947,-6.258293582970001e-13
7696.632869296151,546.7548863580018,1.5001017873873854e-12
7699.019764761719,547.0933462279098,6.69657733624937e-12
7699.765111735954,547.1990573358595,8.016999425389008e-12
7700.111042196378,547.248123455466,-3.6291467698420554e-12
7702.352887563135,547.5661559779725,9.212383122821866e-13
7702.714982837315,547.6175321985485,3.81121810622573e-13
7703.166619013426,547.681616397139,-9.340025808214836e-12
7703.839214158682,547.7770601824795,-5.198585350629878e-14
7705.514170095862,548.0147789563948,-7.290235893689507e-12
7705.712933027627,548.0429918930887,2.0635357988282085e-13
7708.336139444142,548.4154049364614,-1.5929687598791184e-13
7709.330710855365,548.5566360256512,-5.3621344553605096e-14
7711.708833408225,548.894407961118,-3.805488513016091e-14
7712.739062188369,549.0407668102587,5.356347183845692e-12
7714.049899707869,549.2270184401486,-2.3570379992438383e-13
7715.83101491987,549.4801406580128,-2.1354900033526198e-13
7717.913668517527,549.7761899538679,-1.1264012052282708e-11
7720.288860808585,550.1139211585081,-3.6881716401675977e-13
7720.539937689012,550.1496281295838,-3.0307552221496345e-13
7720.702683979068,550.1727737605347,-2.1343745822458475e-13
7721.813227189304,550.3307272405693,3.522323362401605e-12
7721.985426730763,550.3552213583389,1.0206049042287164e-11
7725.63269821054,550.874147196592,-1.8843598557521657e-12
7726.32384058581,550.9725090445066,-1.3159818647035096e-13
7727.879402696159,551.1939253784699,5.118905747521181e-12
7729.683432491083,551.450764045076,-1.6543213530285265e-13
7732.6944847400855,551.8795793281859,-2.398884902330909e-13
7736.726085738221,552.4539963103146,-2.706502371984104e-13
7738.229428186255,552.6682671194078,-4.0167501499668804e-14
7738.4687076058435,552.7023753616387,-1.592146870655023e-12
7739.245609582476,552.8131266361572,-2.1201234261117898e-13
7739.81461644188,552.8942484722639,7.497096190197356e-14
7743.214006289386,553.3790149383545,-1.8035575454089213e-12
7744.775826402912,553.6018080434641,3.870785277032052e-12
7745.207251478273,553.6633586032357,-8.356832146854418e-13
7745.647770532257,553.7262101206651,-1.2592463350670377e-12
7747.406236147682,553.9771366590754,4.066853327802535e-12
7747.684235691187,554.016811379867,-1.4415135226930243e-13
7749.937557452747,554.3384468589632,1.0765876086778761e-11
7755.751578260689,555.1687627209694,9.177084409998852e-14
7756.303342487984,555.2475939965556,2.9812890383486787e-13
7758.146130613626,555.5109161842068,3.5831390923013896e-12
7760.483869171769,555.845053514813,1.1611309367071953e-12
7763.345542175817,556.2542148133975,-3.1998874023664335e-14
7765.671936832261,556.586953310324,-3.053305119341865e-14
7767.346892769356,556.8265798604531,8.506632268377786e-12
7768.746779424731,557.0268934367441,-4.892684957111561e-12
7768.772889255883,557.0306299061856,-2.716978811710491e-13
7771.50509092251,557.4216933450875,-2.2397004370182663e-12
7774.973583791541,557.9183411512994,-6.8186910862369e-12
7775.7900187239975,558.0352773516012,4.0283626124445786e-13
7776.37347044691,558.1188513960421,1.7027280341936656e-12
7778.010386598798,558.3533579184983,1.0713806032763624e-12
7780.575474622439,558.7209347026429,1.7239850773542731e-12
7781.027470071303,558.7857181525932,-2.7604864105496407e-13
7782.583485740731,559.0087670148675,-5.643538561384679e-12
7785.0646105269125,559.3645189681038,-4.73195457414035e-12
7786.657588163176,559.5929851932505,2.0318505467991878e-15
7786.810654422243,559.6149405495713,-8.527299185312446e-12
7787.419724210311,559.702307933605,5.378114038252764e-13
7787.63019031653,559.7324996145613,-1.4778531035194397e-11
7788.1184291866675,559.8025413601916,7.982049463769212e-14
7790.348117819643,560.1224637283216,-4.5271671596446755e-12
7791.5642342522815,560.2969943332718,-3.3321316800254773e-12
7793.2371670458515,560.5371293239926,-6.728541917138454e-12
7794.619811069097,560.7356347914492,-1.1921782536311559e-11
7794.811370672504,560.7631396792981,-2.384097585337165e-12
7796.084527679508,560.9459617890467,2.80833513662905e-12
7796.802365938245,561.0490547017391,-1.0439386994060192e-11
7797.169679604088,561.1018104172804,-1.7045823703307786e-12
7798.111898859731,561.2371487668352,-9.44872540835304e-13
7798.274645149775,561.2605269505691,3.192080002521473e-13
7799.011030638537,561.3663133725876,-2.8148457399439264e-12
7805.072252739728,562.2374256561382,6.561515404486337e-12
7809.128526477639,562.8207669160282,-1.1564283324811626e-13
7810.641189683778,563.0383837812896,-6.485827343922079e-14
7811.35159783459,563.14060005592,3.862318600479103e-15
7816.88217392748,563.9366786585623,-8.929544775589398e-14
7822.791501874233,564.787897954055,-3.8306064956018716e-13
7823.528700194914,564.8941340814611,2.0101295997527896e-13
7823.6710086046505,564.9146430052459,3.0237736416018255e-13
7823.757221765159,564.9270678855773,9.185733408110433e-14
7825.4681943438745,565.1736783923262,-2.80653496258045e-12
7826.437015196634,565.3133430004141,-2.925903582773972e-12
7829.929102987179,565.8169036694422,-6.033122904927523e-13
7832.434673733709,566.1783465349235,1.925916898669547e-12
7835.076427379973,566.559559801994,6.803718454087149e-13
7835.902088784218,566.6787316788352,8.693328840211926e-13
7837.622741393896,566.9271225060335,-1.5685562998871297e-13
7846.047585104448,568.1441075409758,-1.9062169984902123e-13
7847.709892541821,568.3843855169805,-3.762388614990838e-13
7851.140213132241,568.8803815842332,-3.1707859604283093e-12
7851.959749026481,568.9989117945498,-1.7536584058017858e-12
7852.237748569964,569.0391219276923,-1.4904086386579354e-13
7852.327289471884,569.0520735167764,6.445995656586993e-12
7853.573977374897,569.2324152704131,5.083808077533419e-13
7853.64614315151,569.2428554098636,-1.622655353606356e-13
7853.741582783845,569.2566626984384,-3.758108128705918e-12
7858.139646408635,569.8931142877683,9.720386488307123e-12
7861.054578686258,570.3151356445596,-3.943666597688608e-13
7866.151347287335,571.0534174573507,9.324996197605297e-13
7866.400079958305,571.089459357036,7.763160198835505e-13
7867.516030132831,571.2511769671893,1.0895709297399352e-12
7867.602243293339,571.2636714780233,-1.6619510928254204e-13
7868.829476848013,571.4415441228994,8.404550846974281e-13
7869.088116329535,571.479034323822,1.366717841117557e-13
7869.310153116998,571.5112198894893,-4.623523994233409e-12
7869.534307334317,571.5437133105071,5.738092244129344e-12
7872.820561357871,572.0201953215216,4.3267374958048327e-13
7873.236048399012,572.0804519698839,7.006358313929033e-13
7875.939209972475,572.4725597874697,1.6782655997846256e-12
7877.336619925089,572.6753142349543,-2.7554081623625237e-13
7881.026071762938,573.2108008470757,-6.681143786994911e-12
7881.42962885003,573.2693882892194,-1.531598766247639e-13
7882.429247952756,573.4145234923825,-1.9746983431862353e-12
7883.716225563991,573.6014075269296,-2.747201599286159e-13
7884.674421060586,573.7405684100237,9.83491257087868e-15
7885.743010691715,573.8957820288779,-6.631145964235307e-12
7889.9352405495265,574.5049103705713,4.2705147553269293e-13
7893.260800749299,574.988342426628,1.0692180082959894e-11
7894.977804551544,575.2380206228349,-3.519152579274995e-12
7897.19331330722,575.5602691877205,2.209409278076088e-12
7897.89958088464,575.6630157107212,-7.539049059640245e-12
7899.865184864631,575.949016575042,-1.924629216730112e-14
7900.579695381898,576.0529974867493,-3.844055259507973e-14
7902.155562879122,576.2823627483256,-1.5063894638799906e-12
7902.599636454037,576.3470052840655,-2.06155499731028e-12
7903.1638224013,576.4291374777806,-3.3171753376381734e-13
7906.227547871322,576.8752461623246,-3.8081254998325e-12
7907.383428481283,577.043598716296,6.060435309519929e-13
7911.874228256005,577.6979116001239,5.899484584523323e-12
7912.034006077406,577.7211981919556,2.370589348509635e-12
7912.110539206932,577.7323525708814,1.1682883671594562e-13
7913.230403175189,577.8955803331047,-2.50925640544568e-12
7918.192652747027,578.619139812254,-2.413891302861227e-13
7924.3470645569105,579.5171619386916,1.2295710302632057e-11
7925.183124537637,579.6392096133142,-5.157672245263187e-16
7925.744115236688,579.7211100115314,2.5791696180493463e-12
7931.964169833525,580.629579406598,2.4659394465343244e-12
7936.333420144681,581.268155921581,4.981460751444759e-12
7936.55509765935,581.3005640006505,1.780157169173342e-13
7938.0231420110085,581.5152071599886,5.653709217198489e-12
7939.914689564054,581.7918293663873,-2.3651633964805633e-12
7942.3882517488,582.1536655452875,-5.937394990954857e-13
7945.982037174555,582.6795703952233,5.583763363157697e-12
7946.132626730964,582.7016124574402,-5.230320095189138e-12
7950.468696375798,583.3364698947355,-8.081310347350296e-12
7953.599048164676,583.7950097011486,-3.1743973665878004e-13
7955.667030118838,584.0980305915793,-1.1193366648752104e-13
7957.262749443941,584.331904800222,7.535960773265392e-12
7957.341986055677,584.3435192177097,3.74813591340419e-12
7957.4545358269,584.3600168411632,-1.213977024409633e-13
7958.0080964180215,584.4411615323329,-7.778024977715793e-12
7958.295095653733,584.483234061843,1.6205175779179324e-12
7959.801860129279,584.7041424455384,7.036222862914442e-13
7960.628240079004,584.8253166697023,3.7231774315215904e-14
7962.064370155442,585.0359300549353,-1.0820291957605939e-12
7967.107066650386,585.7757596435565,-3.86409983702383e-13
7968.380223657211,585.9626225040922,1.2312653717880446e-12
7969.6355519795825,586.1468978604622,-3.154435949749361e-14
7969.984185922145,586.1980805736096,1.123986941834155e-11
7970.204105279737,586.2303679372761,-2.709918625134802e-13
7973.491984966899,586.7131827709683,3.4513577789162412e-12
7973.564150743503,586.7237823225495,6.906407641076732e-13
7974.3952573189235,586.8458603546763,-1.294184756884685e-13
7975.490316053904,587.006728726225,1.8530436839187384e-13
7975.528450125456,587.0123311671152,3.576716955991797e-13
7982.420060255652,588.0252471878698,-4.594901381016733e-14
7985.330133414084,588.4532270326563,-2.5462095142628907e-12
7986.007587678097,588.5528815416772,-4.460652858171664e-12
7987.673317143069,588.7979487212612,-2.3709721972156313e-12
7987.828047272818,588.8207156824078,-6.0070225845107166e-12
7992.989778321655,589.5804645347963,-1.0360523778900437e-11
7993.535417038856,589.6608051098078,2.0114905052821664e-12
7993.724859212377,589.6887001115781,1.3148503768316685e-12
7995.725534508782,589.9833361222925,7.685926377472134e-14
7996.139357679177,590.0442883517679,-2.1681694050191192e-15
8003.548019992679,591.1360478453106,-2.563374147375509e-13
8005.345205731652,591.4010381300218,2.7593534749419374e-13
8006.200531487917,591.5271745470136,-4.354511070515955e-14
8006.53818080157,591.5769720043724,9.752805841510433e-12
8008.915623015141,591.9276632291452,-2.5730759491718467e-12
8011.490750342075,592.3076320103263,1.0795304816561314e-12
8017.499752779965,593.1947558124808,3.8219220887025905e-13
8018.650679984554,593.3647459234217,5.214581559163573e-12
8019.425691310727,593.4792276067562,9.824302775230298e-12
8022.172658906278,593.8850881708212,7.34707948722725e-12
8023.704587887753,594.1114888773633,5.845766149445797e-12
8025.427717199817,594.3661983563959,3.0304139725754226e-12
8025.8007028164375,594.4213395343681,-7.978207226296734e-12
8026.652114778921,594.5472195620969,-3.553039566337865e-13
8029.085879021246,594.9071217265657,-5.92061529490611e-14
8034.233562686026,595.6687145216648,-6.895388985988345e-14
8034.64738585641,595.7299602941602,-1.509501035337803e-12
8035.535533006149,595.8614166008821,-4.717761395391108e-12
8037.947914043016,596.2185509259061,2.9284545404101126e-12
8038.562296509022,596.309522618152,9.69845848042599e-13
8039.609635427788,596.4646182586318,7.69588627198976e-15
8039.762701686824,596.4872868346682,7.941982667299645e-12
8040.8264704057565,596.6448391725962,5.475264425501293e-12
8047.117159401149,597.5769647617311,-2.310070941326125e-14
8050.390991704224,598.0623546930343,-1.2546889781169674e-12
8061.899998763344,599.7702877060004,-1.8335089128493568e-15
8062.469005622608,599.8547914420332,2.236069640239412e-13
8062.98997159977,599.9321658121281,-2.3240575800432256e-12
8063.31523740022,599.9804771381124,7.383885014218138e-12
8063.598096062564,600.0224913687631,-6.9637848173099725e-12
8064.689373496909,600.1845973765853,1.2289910475546497e-12
8066.274788531707,600.4201451366785,-5.65676597106386e-12
8069.67867822446,600.9260231339998,4.977577865269371e-12
8070.300490798368,601.0184584967143,7.483401193643734e-14
8071.191114650722,601.15086632629,1.0125234489242736e-12
8071.300109900947,601.1670715045145,1.4357055118002593e-13
8072.2033822529065,601.3013765070033,-2.671857182307188e-13
8073.909042153236,601.5550272224151,-3.4742024108948745e-13
8074.757618140266,601.6812399312702,1.168526365021623e-13
8075.571349590318,601.8022825063648,4.683760812138851e-13
8075.9864773586105,601.8640374715742,1.329288442272801e-12
8081.861679312766,602.7383808033061,5.825772087383049e-12
8083.8162986635825,603.029406808116,-9.536803573091456e-13
8086.077863364396,603.3662221569316,-6.873292790274709e-14
8087.75281930107,603.6157344565305,3.848665078858418e-12
8089.036734157107,603.8070297300937,-1.474766619373628e-13
8092.601573775902,604.3383277109875,1.2549939682920709e-12
8092.842517066132,604.3742459583112,-1.7731066973845607e-12
8095.379510321356,604.7525092041858,-1.0003349688104522e-11
8096.4801085138715,604.9166442063333,1.7613505581863586e-12
8096.793803633054,604.9634304419545,3.6165712841940428e-12
8097.983450961481,605.1408775364787,-3.1932570793669857e-13
8102.026036587363,605.7440620412093,-1.4061118259261178e-12
8102.738429674662,605.8503877042616,8.629098123212818e-13
8103.524784902472,605.967763174898,-1.4173340809925781e-12
8103.862660995676,606.0181998162044,-1.1770277484901645e-13
8105.401793305397,606.2479812541733,9.515083556242364e-13
8105.73637986403,606.2979384068326,4.672113605878772e-13
8107.871347409701,606.6167591861736,1.5146751922244048e-13
8107.889894639722,606.6195292646918,1.6501884778251958e-11
8108.359586279721,606.6896810822321,-3.606687007240251e-13
8110.436208653112,606.9998882400079,-3.328572733686599e-14
8111.732280242744,607.1935364909232,-8.616112623799508e-14
8115.250969629658,607.7194258689574,-5.821606228431475e-12
8115.854461753096,607.8096443238603,-4.835019115072723e-13
8118.715548703996,608.2374509697732,2.7736279041225443e-12
8120.726130810769,608.538175314432,-4.832489727089255e-13
8120.898103572599,608.5639008724814,5.0849132548272656e-12
8121.351857178419,608.631780892085,-6.146026759680211e-12
8124.394331935701,609.0870228972515,-9.046870000241105e-13
8126.347287415754,609.3793312384614,-2.9795439479215757e-13
8126.606777935996,609.4181757339051,2.994398844906017e-13
8127.726641904072,609.5858282653597,5.67442918487588e-14
8129.706652540405,609.8823081165558,8.619835402610637e-12
8132.717931568043,610.3333449142056,-5.431363133324232e-13
8134.071762277571,610.5361794456181,1.1709309078104228e-11
8135.181946214664,610.70253536206,4.4134576663247995e-13
8135.544041488722,610.7567985703771,-1.3829806663235672e-13
8139.8380632676235,611.4004802023566,1.6974304757435206e-13
8140.252964256321,611.4626926056438,-5.86310346673522e-13
8144.033488372834,612.0297100578073,7.432824165077634e-14
8144.3093704863995,612.0710982185288,3.2716167415351867e-13
8146.189933410255,612.353259841838,7.264123777057128e-12
8146.3253977644,612.3735875702223,-1.7102480504944518e-12
8147.707682514488,612.5810320060402,-3.2637513312537666e-13
8150.217393833754,612.957763359986,-6.500928008529903e-12
8154.082467240023,613.5381742878405,-5.351867617801163e-13
8156.326789308621,613.8753262708169,6.749969321439048e-13
8156.89133452856,613.9601493546677,1.9590334142505884e-12
8157.9346653671,614.1169255680473,4.0031481306692355e-12
8159.062318715847,614.2863950598995,-1.2491844755559746e-13
8161.401361871187,614.6379930695889,-2.459764442171194e-13
8161.748010877054,614.6901088918105,5.772391258646059e-13
8165.695383650011,615.283719984681,-6.913010901291357e-14
8165.860153083498,615.3085044686279,2.1295445199223165e-13
8165.884599043934,615.3121816526835,-7.0381868439771034e-12
8169.650584010494,615.8787960812205,-6.8232234336523504e-12
8170.117212895476,615.9490213126765,6.638803886433815e-12
8170.760994727132,616.0459137296124,1.5271790640296832e-13
8170.950436900629,616.0744271872892,-2.451237269280981e-13
8173.496164861548,616.4576557702316,-2.925827961548085e-14
8175.813465538641,616.8066011780617,9.120630426590035e-13
8175.853622753675,616.812649032122,-1.4180542407643276e-12
8177.966980314226,617.1309719384036,-8.012238861598952e-13
8179.478603908432,617.358709583862,-5.365527741951441e-12
8180.060618540035,617.446405758605,-5.021435487981903e-13
8181.096972829794,617.6025758833641,1.4420712964637297e-11
8181.460505194969,617.6573619280243,-5.785483027114126e-13
8183.097421346349,617.9040830842567,1.7842693130606085e-13
8186.6810349744965,618.4443889238221,4.600311851500913e-15
8188.008169800473,618.6445427016271,-1.037707440185591e-13
8192.89910463348,619.3824562908919,5.484755160974111e-12
8192.906534741394,619.383577634213,7.969478584579165e-13
8193.312927803814,619.4449115556545,-1.140218915903393e-12
8195.416832112935,619.7624870312791,1.7435343562464236e-13
8198.298091957558,620.1975333372596,7.227172778748064e-13
8200.527780589835,620.534302761273,2.206336353638839e-12
8201.347316483863,620.6581074691985,-1.5594695330833777e-12
8203.680460908716,621.0106360017338,-5.777825223723071e-14
8207.917668892638,621.651117127073,-6.1721687777381185e-12
8208.711681007877,621.7711739377245,7.84020686359186e-12
8210.664636487812,622.0665155761064,-1.468449974089022e-13
8212.203768797413,622.2993250492376,-9.724761272330832e-13
8213.459815665125,622.4893472959391,-1.178169253323751e-12
8214.074198131053,622.58230531661,4.924841601266201e-13
8215.364465276542,622.7775494729098,-3.0822667721111415e-13
8221.161602723103,623.655154920187,1.1849292392034864e-12
8222.394016462304,623.8418048981246,2.213843359016454e-12
8223.780668565234,624.0518478405281,2.079728569431823e-13
8223.996220569867,624.084501732557,-8.910403761017459e-13
8225.050895310038,624.2442863507448,6.275326128516842e-12
8226.378256915556,624.4454125111957,-1.5162369193542682e-12
8228.162340595485,624.7157938175585,-9.611476998402447e-12
8229.264961931382,624.8829275135538,-9.637578528676905e-13
8230.715857936993,625.1028862873271,4.969774890079154e-13
8233.510677841487,625.5266959367855,-3.0089274498541455e-12
8234.75713896457,625.7157571056791,4.528483516187346e-12
8236.777080036209,626.0221992076929,7.586181062960249e-12
8237.157949319835,626.0799887131515,-4.108577960094334e-12
8237.64618818981,626.1540733731262,-3.551337325950521e-13
8243.470248299353,627.0381464322893,5.583248096727038e-14
8245.257754007038,627.3096091990963,-1.329932927688262e-12
8248.793553532507,627.8467531068951,1.3865393677049638e-11
8249.303402387492,627.9242262150545,-2.897386116324669e-12
8252.261195361514,628.3737664589343,-3.374396509858855e-13
8252.490794750034,628.4086688684516,1.2323810037959685e-11
8254.582901598238,628.726743938368,-2.582694770502836e-14
8255.615115314598,628.8837070457804,2.649796702499116e-12
8256.947336038995,629.0863195939683,7.370388874287805e-14
8259.556135797731,629.4831770450108,1.1917067412917062e-12
8260.917396615052,629.6903053806479,3.2141339298098666e-13
8262.169302909377,629.8808245523414,2.1255940584035316e-13
8267.625690080326,630.7115324254223,-3.762771782387313e-13
8270.0680947417,631.0835541026163,-1.3461816065395195e-13
8272.325518868869,631.4274976710527,-2.1686851246825405e-13
8276.452559497664,632.0565407036696,-6.134687536294698e-12
8276.550702612183,632.0715034845706,7.098146687132462e-13
8277.66867592986,632.2419608708035,1.1055349302279001e-11
8277.907596076571,632.2783920102873,7.205600949050328e-14
8280.7503625767,632.7119448192079,2.642273177569066e-13
8281.752458381769,632.8648108148851,-4.4053770667505027e-13
8283.73967234622,633.1680076424934,-6.219836955721887e-13
8286.113106479186,633.5302268813023,-4.920054313619542e-13
8286.475201753205,633.5854968067072,7.760543344888972e-13
8287.15252352386,633.6888891300717,-3.0601313033547375e-13
8288.990225750284,633.969454651442,-8.841225901081179e-12
8289.76145577575,634.0872183497095,-3.3416186215663755e-15
8290.028017131093,634.1279237359151,1.864365071903987e-12
8293.705179741,634.6895802725303,-2.0585362722542336e-13
8293.778517622302,634.7007845678755,4.576966392673503e-12
8295.232968148835,634.9230107070096,2.026373949696304e-13
8295.84816344666,635.0170183955553,9.990668861645281e-13
8300.603142159182,635.7438595224855,-8.703158005947773e-14
8301.930276985053,635.9467983229207,2.6034543895118265e-13
8305.289868888865,636.4606752858734,1.965530767284564e-12
8306.650316874213,636.6688260361145,6.7013738738958875e-12
8306.771015298882,636.687294737576,2.2606382835755843e-12
8309.196630887247,637.0585078366855,1.0673302048637388e-12
8311.451937584501,637.4037543142821,7.528990394825662e-13
8312.32910010517,637.5380572657185,-5.061297893035014e-12
8312.730899035063,637.5995817068101,-7.724385171309187e-12
8312.824542303455,637.6139210218626,-3.391942247222558e-12
8313.559982466795,637.7265424016881,9.355991086671394e-14
8318.216099519175,638.4397865201705,-5.465170028172489e-13
8320.369614294546,638.7698062802093,-6.328517053539575e-12
8325.373098898297,639.5369052957756,-2.412843375793703e-12
8325.75113220648,639.5948814372218,-2.8194252662057222e-12
8327.096454989569,639.8012248856966,4.577627622711933e-13
8330.467390795004,640.3184000351758,2.7773519268954717e-13
8332.284522647866,640.597274564049,-6.520598198866577e-14
8335.600308529227,641.106303709003,-2.180489001512441e-12
8336.57854442618,641.2565181327544,4.0303520481086247e-13
8338.064190682291,641.4846823999388,1.2974450937083325e-12
8340.56386269747,641.8686716195475,4.7217662966687525e-12
8341.487307943138,642.0105565523149,1.6256632497351295e-11
8346.577005707297,642.792857107948,-8.177381470949199e-12
8347.18806043176,642.8868099849728,-4.755114345036257e-13
8348.759560575552,643.1284679859883,-6.329994217481939e-12
8351.305874588517,643.520124913782,1.5212047254540573e-12
8355.690476880172,644.1948148998788,-2.5342180406140483e-13
8357.568336321538,644.4838828219102,-7.628689941128846e-13
8358.113748259026,644.567852873864,-6.811500108583176e-13
8359.227940276081,644.739407700664,9.983524577583498e-14
8363.388255857266,645.3801836130268,3.790349698999189e-13
8365.099228435305,645.6438018218723,1.2856566730751651e-12
8365.88180236241,645.7643949224082,1.265345515158641e-13
8368.038247399501,646.0967572281347,-3.628387330528041e-12
8370.1246822967,646.4184107485614,4.164115919340117e-13
8373.189939143187,646.8911089928617,9.665824441798123e-13
8373.46725834784,646.9338833761258,2.0504741707812293e-13
8373.907777401619,647.0018330104081,7.413544464535133e-12
8375.55189688112,647.2554684036178,8.097787591159391e-13
8379.594841779006,647.8793781039993,5.962551976067335e-12
8380.354727902744,647.9966778040252,-2.4777355282133414e-13
8380.613367384167,648.0366050725214,1.1740853694372163e-12
8383.297754947045,648.4510780754919,-3.8714109851197984e-12
8384.004022524216,648.5601487830004,-1.0215814587871848e-11
8385.969626503522,648.8637504018184,6.385396023190185e-14
8390.650548788895,649.5870389401172,1.2174081961745947e-12
8391.29977579172,649.6873883183828,-9.181089024125784e-14
8392.695162600327,649.9030960108231,5.5906953894129236e-12
8392.76449240149,649.91381438399,-1.7635508360303072e-13
8392.915081957854,649.9370958038161,-4.423545462334147e-13
8395.241476613215,650.2968137308789,3.030361100250473e-14
8395.2607423888,650.2997931106424,6.607481103893255e-12
8396.162804428997,650.4393012684812,-4.908779490774494e-15
8398.811893895723,650.8490821192282,-4.4673985659886094e-13
8399.277444962287,650.9211103740993,1.5927955775424183e-12
8400.831702473934,651.1616079804652,-2.735044961392831e-12
8401.326917892617,651.2382443492211,-9.134111091799217e-12
8403.87323190549,651.6323669403539,-1.4058920776423087e-12
8405.196812210286,651.837280011824,-1.5301361268709315e-12
8412.702804804238,652.9999476047245,6.566038460923116e-12
8416.886034968207,653.6483743899162,7.968546863068572e-13
8417.523199523777,653.7471671614126,8.652878211815763e-13
8420.03291084258,654.1363722460911,4.731075130219386e-12
8422.530824700549,654.5238629936075,8.326326990205136e-12
8422.806706814064,654.5666664600545,-2.288453107792773e-12
8425.374044759556,654.9650594911282,-9.249319297569678e-13
8426.895934436843,655.2012798143321,-1.2980062732792169e-11
8427.844184915673,655.3484842210628,3.2160532110520005e-13
8433.52192853467,656.2302316790425,-6.737893830560525e-12
8435.740500044489,656.5749347924846,-8.650365888216985e-12
8437.421487204381,656.8361729138906,-4.1364577848092415e-14
8439.63308216543,657.1799507917893,1.7423515991528367e-14
8441.321272653657,657.4424295269472,1.4666403309241364e-12
8443.367191062945,657.760597925603,-5.575365330205972e-12
8446.043883531385,658.176976777313,2.8562321739528074e-12
8446.899209287387,658.3100567027926,1.068287905502033e-11
8452.1163170382,659.1220770121196,2.5169193449931056e-13
8452.612251002432,659.1992930892503,8.09475379363248e-14
8456.68635342289,659.8337954119196,8.06758823330267e-13
8457.036065183684,659.8882739088386,2.0610760809451202e-13
8457.126418917496,659.9023496827518,2.841380660305359e-12
8457.420848261021,659.9482184584826,6.004171425631722e-13
8461.196380764604,660.5365454294719,1.5766952082090287e-14
8462.492452353927,660.7385679114248,5.062450892105847e-13
8465.770198449829,661.2496178936481,-1.1484199850962363e-11
8466.160653478006,661.3105089048247,5.9878576739696886e-12
8467.625370087704,661.5389547975295,1.2040775364944655e-12
8469.721485015742,661.8659460632601,-1.2485299162825249e-11
8469.776408160227,661.8745150921477,2.0466532973856652e-13
8470.930757392229,662.0546278324287,-1.5628627792262227e-14
8472.112029287302,662.2389667185523,7.815984675013104e-12
8477.081841458297,663.0147933845349,1.528315614325721e-12
8477.930190665522,663.1472728114243,2.1692408366865597e-15
8483.21568289225,663.9729614481136,-1.1080782076793192e-13
8483.459329664625,664.0110358494886,-8.147382982850695e-12
8484.908240733344,664.2374781057482,1.068389066254593e-13
8486.101310089232,664.4239653145644,-1.556104037594946e-13
8487.640442398553,664.6645839310094,-7.64789544514266e-14
8492.304973090295,665.3940749085372,-5.900465581965872e-14
8494.935968885991,665.8057159618885,1.4722367787138578e-14
8495.020064616607,665.8188755374787,8.536576808083387e-12
8495.298064159962,665.8623787444324,1.0449429360806303e-13
8495.641877190332,665.9161828501117,-1.104512221934021e-12
8496.973020096171,666.1245170538809,6.302212949378087e-13
8497.565792576972,666.2173010550767,-1.9092975345536155e-13
8498.322710232022,666.3357873689223,6.134955300794031e-13
8500.466544976167,666.6714360730367,-7.366289409487474e-13
8502.598676545847,667.0053364438752,4.4980832095503235e-13
8504.875593227829,667.3620032079888,1.0605777626204818e-11
8505.704676659456,667.4918983906522,1.456825051716566e-12
8508.611819555044,667.9474699107736,4.815512636637367e-13
8510.459655371322,668.2371208378897,-7.535812233124985e-14
8512.889052259921,668.6180280067085,-2.7097449807772808e-12
8513.375306193164,668.6942812252752,-1.5659006713628276e-13
8514.013283580623,668.7943339714225,3.696150366891766e-13
8515.887002448455,669.0882289833361,-1.4671556297002942e-12
8515.96731687851,669.1008278417554,6.4487632466792006e-12
8518.51020886342,669.4997906485356,1.1325856380066865e-12
8519.504780274054,669.6558646794823,5.903391255486652e-12
8521.88290282551,670.0291276155406,2.705663051713259e-13
8526.005084334716,670.6763795753053,1.5183092313785918e-12
8529.986488811752,671.3018243280177,3.2824254325116033e-12
8530.149235101713,671.3273965967063,-6.438801867622538e-14
8530.876753391043,671.4417172612192,1.517513677770938e-12
8533.080237905328,671.7880275787527,-2.8931243563561744e-12
8533.508827005024,671.8553971111509,9.12621489434726e-13
8534.632472273352,672.0320379574819,-2.814123543873019e-12
8535.567488200162,672.1790433605156,-3.131023334799801e-13
8536.497909994476,672.3253424491049,9.356448943584336e-13
8537.325953814583,672.4555570838756,2.351966793423391e-12
8539.594721843037,672.8123985660294,-2.913342060525248e-12
8542.294102114669,673.2370920918744,-5.545146708176333e-13
8542.86855414501,673.3274879572197,1.7055702911236799e-12
8549.419678983566,674.3588039757984,-5.4627367716815295e-12
8549.541908785715,674.3780536119685,-2.7827360266076234e-13
8549.98868584264,674.4484176462558,-5.330307306112779e-13
8550.219363049466,674.4847490148845,-2.3177796414244858e-12
8550.29481836061,674.4966333438092,2.453315838432304e-13
8553.475952719326,674.9977623715146,-1.9658445776037612e-13
8555.593677632261,675.3314742145441,-1.178050381747777e-13
8557.477435803803,675.6283869214136,-1.8572434747331065e-12
8557.858305087346,675.6884264193382,1.0248887574507595e-12
8558.947597584682,675.86015513361,1.8314088405711876e-13
8560.042523826014,676.0327940437511,4.4247867234075745e-13
8561.42480857572,676.250772803992,-5.568802789023834e-13
8561.654407964195,676.2869827829878,-1.0872459931729056e-11
8561.675791169631,676.2903551646565,-8.206766622484439e-13
8562.148678057685,676.3649371121805,8.921936145451855e-13
8565.05875121496,676.8239936157822,-6.574224744266289e-13
8565.410126846433,676.8794327665914,4.535726723903163e-12
8565.74989358981,676.9330424594882,-1.5572840232519195e-13
8566.477411879127,677.0478402220281,-2.119633744500849e-12
8566.835045513797,677.1042761111623,9.612673425894797e-14
8567.799593299498,677.2564970081651,-1.0906045165297876e-11
8568.42531966696,677.3552556911658,-1.3920709726205515e-11
8572.486320028376,677.9963805616339,5.016432689008988e-13
8573.082022770934,678.0904518658765,5.757113411173592e-13
8575.846006217964,678.5270160423195,2.1708287795141295e-13
8585.964088103849,680.1263419106415,-2.86406212562933e-12
8586.748193408343,680.250361122062,-1.2644061798360723e-12
8587.693967184447,680.3999659426759,-7.465691940946772e-12
8588.031616497963,680.4533801323022,-2.349315364112492e-13
8590.211241104096,680.7982348093266,-4.591038891904761e-13
8590.728066507732,680.8800184493449,1.2154874808486974e-13
8591.201539448135,680.9549462144566,-3.1430467984485575e-12
8596.831657536768,681.8462368998577,-1.4445881252604077e-14
8600.620330305615,682.4463413981175,4.631948663005731e-12
8601.355411196031,682.5628047120383,-7.888239584253058e-12
8601.878362109652,682.6456650493795,-8.574806958630757e-12
8602.10003962422,682.6807908484092,-1.0679510889202612e-13
8604.819990269252,683.1118529519775,-9.201733738021572e-12
8608.448714516704,683.6871511252651,-2.269469447656338e-12
8608.76749553426,683.7377022782883,-4.254610120619225e-15
8611.080788130559,684.104592019732,-1.019989250753953e-12
8614.168732779934,684.5944957077469,-1.1522067874823764e-11
8614.64706483924,684.6703989971811,7.711224509825308e-15
8614.899673097007,684.7104853990576,5.014647773842797e-12
8615.12985853783,684.7470145479039,5.314098304639318e-13
8615.387911966862,684.7879673518647,-6.978058847973815e-13
8616.927044276057,685.0322514845587,2.074459950752e-12
8618.123441373258,685.2221683748751,-1.8304989491352983e-12
8619.16123275385,685.386929440972,-1.6732253652171076e-13
8620.81525904364,685.6495657445957,4.61120190844526e-13
8625.73559324097,686.4311441203797,-3.811264695420285e-12
8626.17318203289,686.5006752080067,-8.774173210663065e-12
8627.056243283794,686.6410008072793,9.830540129354533e-12
8628.693159434695,686.9011580606657,3.4046514960662668e-12
8630.111820098808,687.1266676054956,-1.4074546517293767e-11
8633.931291117566,687.7339929580162,-6.530713996612646e-13
8639.199673204897,688.5721473215325,-3.18182408347085e-13
8639.375654046808,688.6001531872278,4.977747921013432e-12
8641.54073950299,688.9447549476666,3.755733238630092e-12
8641.879466634848,688.9986756268283,-1.0141511681359458e-12
8643.493694982379,689.2556675115314,1.264006450350321e-13
8644.379138649541,689.3966542213068,1.4174166354266243e-11
8647.79681073846,689.9409760081265,1.1151798186013886e-12
8647.965002199673,689.9677688832226,1.162276313117375e-12
8651.989040594068,690.6089529847048,1.233190591768716e-11
8654.900777621886,691.0730906978916,1.03841420925685e-13
8656.221654444264,691.2836930549804,-4.911405254838958e-12
8658.283510887448,691.6125024276367,6.970492312458627e-14
8661.52155332708,692.1290391664719,2.2243008977209807e-13
8662.212109649534,692.2392225955316,2.3600650932986448e-12
8662.411817906304,692.2710891799617,1.0596147648681853e-12
8663.76672643371,692.4873054851215,9.010103680852492e-14
8664.643170408614,692.6271864284131,1.9844978669624354e-13
8665.49008252461,692.7623675134631,-3.7670541865099114e-12
8670.966680794867,693.6368415220326,1.5099067627805287e-13
8671.261828683919,693.6839848531068,1.2335450839720088e-12
8671.745473421264,693.7612398453844,1.0261866654341015e-11
8672.348965544481,693.8576447025897,-4.90972051072368e-13
8674.791370205223,694.247875186025,-1.4495372560479067e-14
8677.04879433181,694.6086484793575,-3.3605253390290786e-14
8677.776312621078,694.7249378009905,1.1815677353740863e-12
8678.957490229632,694.9137625379358,-1.7632106985386292e-13
8679.309905472586,694.9701051190777,2.9295635525232326e-13
8680.473707955838,695.1561849346858,-2.386469576384988e-13
8686.701551930173,696.1523758816165,-1.5794390303371204e-13
8687.510689247403,696.2818559838752,-3.1371625356899432e-12
8689.402236799488,696.5845930296144,2.453384811123637e-13
8689.492231260507,696.5989980410149,-6.88249712320201e-12
8690.566266062311,696.7709255092315,-7.470689026213552e-12
8693.890294882764,697.3031582411164,1.953118286909708e-12
8696.26372901511,697.6833093767809,-4.498265557195572e-13
8701.953723653136,698.5950940587604,5.893972361384273e-13
8704.275429889198,698.9673037225351,-4.7250597029168514e-15
8704.424355574823,698.9911824744827,-1.6168421152532075e-12
8706.865549923961,699.3826619364575,-2.3112545959036615e-13
8710.753764691339,700.0064179126776,2.7329089278650665e-13
8711.155336841559,700.0708548676964,8.502837607415735e-12
8711.431218955026,700.1151251055315,1.9812605073688123e-12
8711.701202338076,700.1584501435453,-4.397365752349429e-12
8715.369403461595,700.7472303619418,3.197272451721019e-12
8715.64740300491,700.7918619648163,-3.096171225810366e-13
8716.829979497728,700.9817353233151,1.7929361543947563e-12
8717.817933632261,701.1403800513293,-5.687891143855573e-13
8723.295344734282,702.0202636462935,-5.158192640650378e-12
8723.503334137728,702.0536856620037,1.374911677133226e-12
8727.444940672045,702.6872168222301,4.3207910894160487e-13
8727.552990597083,702.7045876274935,-7.276513485934749e-13
8728.366722046785,702.8354152704458,1.71613187808519e-12
8730.355013829028,703.1551341193133,-7.582370439063945e-12
8730.46013349228,703.1720394688849,8.197532094224557e-13
8732.307969308311,703.4692417561992,-1.4761937368346552e-13
8734.530813884274,703.8268430563886,1.1671978096101572e-12
8735.35719383357,703.959810577438,5.677875750596617e-14
8739.720545411954,704.6620981837807,3.410847353050064e-13
8743.051777560648,705.1985007920325,-1.2913732418526876e-13
8746.72916694908,705.7908798116276,-1.2655770699285917e-12
8747.182466995568,705.8639177274874,4.357939869728223e-12
8752.959034066662,706.7949978617918,-4.880261056271963e-13
8754.95736515263,707.1172364814284,-3.2120536874291076e-13
8754.995499224162,707.1233864632762,1.4118436606388508e-13
8755.579177726257,707.2175211707075,-1.0689953943150747e-11
8756.029150031329,707.2900962467731,-2.687358177552554e-12
8756.14642642819,707.3090121201117,-3.913344559914774e-12
8756.427526933338,707.3543527227658,2.4299117784346863e-13
8759.839073512041,707.9047401845687,-2.2373511008191857e-12
8763.200782844744,708.4472970815781,-1.134270835803181e-13
8763.41170250997,708.4813450134951,8.580901990822645e-13
8763.773117445155,708.5396887100388,-8.178599014857994e-12
8765.565217284744,708.829025330482,-4.729179775277108e-12
8765.841099398198,708.8735720758634,7.957711144643732e-13
8768.473173011807,709.2986440751843,-2.516078106034424e-12
8768.919364016318,709.3707152353638,-6.005655390076859e-12
8772.621105078755,709.9687816935723,-5.621062724672038e-13
8777.845907922863,710.8133489978874,3.516545123086036e-13
8778.063577357274,710.8485452534,-1.1243957909395637e-12
8784.569326588193,711.9009011111767,-1.4734421691487038e-12
8784.776238173285,711.9343834720294,9.032818257977711e-12
8784.888787944443,711.9525965680775,-1.8548796197962394e-13
8785.128067363861,711.9913181600614,6.018693383626268e-12
8785.292836797282,712.0179827244804,-3.989160485064323e-13
8785.702519394119,712.0842836452287,-2.5427818072773416e-12
8793.254341152182,713.3069853320818,2.2003578653268495e-12
8793.271583784273,713.3097782572412,-1.3371941754451994e-11
8793.500105354367,713.3467942161977,-9.182010497032698e-12
8795.093082989528,713.6048517025391,-1.6803077589789119e-13
8795.264923258079,713.6326920916727,6.86034146300639e-14
8799.802005755137,714.367956052185,-2.3886953756359216e-12
8803.065704466486,714.8970943125664,-4.044247652922076e-13
8806.313426936817,715.4238371442323,1.5413976928708492e-14
8808.977868384689,715.8561236613247,6.971656056211556e-13
8818.572280810069,717.4138315597927,5.896521455498102e-14
8819.0629963825,717.4935476294366,3.912471365362727e-12
8819.918775697459,717.63257841492,7.961395274963182e-13
8821.704750027002,717.9227730921382,-2.9544166055230933e-12
8821.758236080344,717.9314646987946,-9.489998041701965e-13
8821.846113111502,717.9457450328417,-3.83193314089984e-14
8822.476074338581,718.0481201660231,5.441708684674782e-13
8826.106235676702,718.6382008955196,1.3047810852843053e-13
8826.668304193761,718.7295865264321,-1.56641339856003e-11
8827.617859270287,718.8839860663523,6.13102022087295e-13
8827.673822026265,718.8930862398176,-2.7170659690639237e-12
8827.8676315526,718.92460229419,7.280684469460638e-13
8834.8640020694,720.0627702424084,1.1090639728583777e-11
8835.940154300964,720.2379184528401,3.1365295362066554e-13
8840.646014311471,721.0040671693387,-6.240474269969801e-12
8840.992304044408,721.0604618053867,-1.67964407688438e-14
8842.38769085263,721.2877283832305,-5.34968839231713e-12
8842.508521770473,721.307409796008,1.4053171834289885e-14
8842.974072836909,721.3832430900096,-1.6338805422536953e-12
8844.407631923503,721.6167796217178,7.590578704302075e-12
8847.394464989346,722.1034766597812,-6.079279339764023e-13
8847.710277538232,722.1549471376655,-4.268498941714338e-13
8848.293596767511,722.2500201332614,-5.607804314136762e-14
8849.78370466244,722.4929156413633,-5.4710885651903526e-14
8853.234954896836,723.0556448478734,4.269847188464284e-12
8854.017396330502,723.1832530813953,-4.256475437140673e-12
8855.763440224564,723.4680557301357,1.2055182675345286e-14
8858.600761552416,723.9309798100252,2.291446581305561e-12
8861.219827393505,724.3584259669399,3.569392540888235e-14
8862.144123677654,724.5093064420574,6.464948324215766e-14
8862.50788282225,724.5686901507693,9.998153118827403e-14
8866.6817922269,725.2502556286194,6.800547442672048e-13
8869.225402756847,725.6657639270588,1.3615309749626504e-11
8872.07406798635,726.1312455302979,-4.723726388270948e-14
8872.64307484532,726.2242411006812,-1.5896337301498214e-12
8875.346595689765,726.6661722052258,-5.49288658166766e-12
8876.318479296839,726.8250740840527,6.463399455432357e-12
8877.536713158439,727.0242785268501,-8.39836749564728e-15
8881.649933181377,727.6970703319378,-1.2274865241538037e-13
8882.37745147056,727.8161015916052,-3.041835191525262e-12
8889.55520979345,728.9909969024018,-1.2047979202187334e-12
8893.109915820305,729.5732022909531,6.474524656300375e-13
8895.321510780754,729.9355444982494,2.36557468405215e-13
8895.736411769252,730.00353087916,-3.2558976769030996e-12
8896.25193257487,730.0880094120176,4.886221147483464e-13
8896.932808866262,730.1995922954629,-2.257915275355311e-12
8899.589687712883,730.6350866996963,4.978154962344123e-12
8901.808845274441,730.9989329819484,-1.1120168625584584e-13
8906.8189471524,731.8207075451961,5.19812973529385e-13
8908.300679614229,732.0638351202614,-1.2670147795684188e-12
8909.91089988138,732.3280912561805,7.3208109916754e-13
8910.232025108311,732.3807974053874,-1.196308187694599e-11
8910.617167458327,732.4440131635725,-6.734541328537625e-13
8911.04197525737,732.5137426223728,7.56462802040483e-12
8914.280868735308,733.045495378231,-2.9957895367456842e-12
8915.372146169062,733.2247018733403,3.905110825993424e-12
8919.882759561904,733.9656547796726,3.6044981448337195e-13
8919.959651964162,733.9782890487788,5.97900674812838e-12
8920.610277851072,734.0851984120541,2.3662615446958155e-13
8926.462338439575,735.0471461652951,-8.129494429208971e-12
8927.42571412036,735.2055640340362,-2.5696190638858664e-12
8928.863508066597,735.4420272231001,-2.8362916342938596e-12
8929.684442844544,735.5770572887117,-1.6683298848776044e-12
8930.172681714312,735.6573703188794,-1.4576277297507033e-13
8933.00365075248,736.1231381444245,1.4474258756437023e-11
8933.166850601554,736.1499932526596,-1.3786394319257154e-12
8933.174772475453,736.1512968373124,9.062423888622847e-12
8933.618619270495,736.2243359323509,-3.3953434849255405e-14
8934.29108192198,736.3350027949045,1.8804934311503913e-13
8936.164800789351,736.6434037693699,-7.464457185835465e-13
8938.167272448456,736.9730680399838,-2.1302877196453233e-13
8938.716692465883,737.0635312469445,-2.685317639475018e-13
8938.78800720367,737.0752737821418,5.762260621754082e-13
8942.160701164932,737.63072148174,1.3765604917169707e-13
8944.827846094815,738.0701209473343,3.3192157263128417e-13
8945.718110673892,738.2168169799052,9.831439550950887e-13
8946.282882673131,738.3098865591189,7.724697974990268e-13
8951.154551728263,739.1129397476674,7.720643836040411e-13
8954.207557553706,739.616424614311,-8.181893808149878e-12
8955.289154956467,739.7948368754487,2.0960566245960348e-13
8955.306397588554,739.7976812662708,7.874257541391811e-13
8956.775708330322,740.0400828232082,4.760269356212488e-13
8957.31900283776,740.129723651428,-3.869375228710496e-13
8957.383832792773,740.140420627119,8.989303759160172e-12
8959.88634078244,740.5533948980872,-1.0679270403284195e-12
8960.03693033875,740.5782494924417,3.838857071915718e-12
8961.393105257008,740.8021030749884,-1.7195657957003038e-12
8961.491966917054,740.8184227497242,2.7462616883093816e-13
8962.564470341194,740.9954787585336,-3.092631597169161e-13
8962.978293511329,741.063801108847,6.321958987804404e-14
8963.146352479305,741.0915486039993,8.677399898846311e-13
8965.19866138437,741.4304384923879,-1.5683694267726194e-12
8965.773340194146,741.5253469020261,-3.525387050667936e-13
8968.508869599995,741.9772039566466,1.0305497822498545e-12
8969.063734788677,742.0688738720828,2.4509656475632325e-12
8970.2664841752,742.2676009507319,-2.7118876604254493e-13
8971.575431043306,742.4839050371208,1.7486010036819568e-12
8975.123160521242,743.0703276998809,2.6517025828983514e-12
8978.136103417997,743.5685347665317,5.214294739968624e-13
8980.935063894554,744.0315084628372,1.7385929588211886e-12
8981.124506067956,744.0628491475156,-6.314966232063958e-12
8982.772766120206,744.3355597205509,-5.292716107128761e-13
8984.771777544642,744.6663705257394,-2.0036205494930237e-12
8986.20344598085,744.9033385653297,5.2927540326775434e-14
8986.755210207693,744.9946759969598,-1.0783978535198414e-12
8994.668767965994,746.3052801437512,-2.5317914739801014e-12
8996.123804544271,746.54638163001,1.1044423368283954e-13
8998.182238959283,746.8875335476847,7.376803657353859e-13
8998.281100619326,746.9039202190773,-1.4381186961740199e-12
8998.725174193925,746.9775292124361,-1.4779683401761004e-12
9001.29476206161,747.4035317040505,1.2527383989934839e-13
9002.123486220215,747.5409487633179,-2.4176181198019606e-13
9006.241886427724,748.2240396961116,-1.457132814028993e-12
9006.823315006674,748.3205024543462,2.2779744200498706e-13
9008.498270942384,748.5984232761064,5.413219311441463e-12
9008.90574182295,748.6660416114479,5.025300783680736e-13
9010.182906909062,748.8780024063894,3.992580202105469e-13
9012.43078349746,749.2511373465237,1.8341102020312032e-12
9013.028150110578,749.3503125173053,-8.163835425188939e-12
9014.636026168204,749.6172857422648,-2.8665172066789473e-12
9017.109455858039,750.028069268128,-7.349535910466985e-15
9018.918117990737,750.328520519124,-3.889653864384216e-15
9020.333356626767,750.5636590872222,-2.935210036816319e-12
9020.736913713557,750.630715907553,4.930376145005975e-12
9021.11579806036,750.6936757273493,-6.486814781560695e-12
9021.726852784575,750.7952212426574,4.732760119709485e-13
9024.096505615926,751.1890769161432,-9.834120687542695e-13
9025.538534421798,751.4288045180149,2.191086372056991e-12
9025.961943336528,751.4992006804808,7.756311054215654e-13
9028.726512835203,751.9589204613567,-1.1546206766882944e-12
9039.223119792494,753.7056814608212,-7.202940240158266e-13
9039.953833329813,753.8273564983244,5.197712449863836e-12
9040.608599790023,753.9363935352312,-5.692883275370623e-13
9040.834417877877,753.9740004315471,-9.103834365649648e-13
9041.093057359201,754.0170744335289,2.346000962816516e-13
9044.203689811178,754.535217889728,9.254606886672552e-12
9045.052039018123,754.6765598260521,2.481323829006548e-13
9045.259177382755,754.7110727902938,1.9018921293225794e-12
9049.414445270617,755.403581853877,-2.6353423224245086e-14
9049.46617316688,755.412204731285,1.0436635332866342e-12
9051.417824047898,755.7375747985772,2.4424977433126455e-14
9051.514568278082,755.7537053674085,-1.504627359199416e-11
9053.644317430817,756.1088509969637,-3.968917477269568e-13
9054.209089430022,756.2030433848115,-3.322566730086711e-13
9057.051629149257,756.677209924827,7.814733359356176e-13
9059.624052992283,757.106446495155,1.1180676912987245e-14
9063.370545401633,757.731807069851,1.1606877272483564e-14
9064.756970724286,757.9632932718445,2.842868786833293e-12
9067.588393321405,758.4361552080821,6.3924767999552806e-12
9068.07460904765,758.5173705578052,5.673576191338069e-13
9068.853760946657,758.6475257660381,-3.0609688897814026e-14
9069.002686632253,758.6724046702773,5.47451157323137e-13
9070.335493408358,758.8950760036496,-1.2069464176458575e-13
9077.072240910938,760.0210815950328,-7.60743192446537e-14
9077.352036818113,760.0678658285118,1.474853041851955e-11
9080.242163860235,760.5512038049862,-1.532487750583306e-12
9082.499587986315,760.9288370758181,1.5416202352224381e-12
9082.689616212067,760.960630237544,5.390870223185274e-13
9082.810087857108,760.9807864009172,-1.0343894563295045e-12
9084.571256953192,761.2754788910545,3.719555174458644e-12
9084.859560786621,761.3237255695113,1.9023472755767027e-12
9088.288936049155,761.8977374300748,1.5518329152644818e-13
9090.924431690079,762.3390162358851,6.80686692650761e-12
9091.50644632136,762.4364841176496,-2.2743310085589196e-13
9092.251793294905,762.5613137872524,-1.8503138656225057e-12
9093.106986557379,762.7045529666777,-1.0758727383753128e-11
9095.289541424681,763.070177445226,1.3196952057034596e-11
9096.599074345058,763.289594251277,-9.052015767888591e-13
9096.761820634965,763.3168651663816,-2.5379625805102058e-14
9097.069617023546,763.3684430320401,6.604826414358158e-12
9097.19490958065,763.3894389785434,2.7434793344542644e-12
9098.054110923258,763.5334277514974,6.011298966262576e-13
9100.343449324488,763.9171516265321,2.680175846198528e-13
9105.533993683059,764.7875141882714,2.7226732360977475e-12
9110.238908367744,765.5768740442304,3.786378005240556e-12
9112.10434608826,765.8899578882991,-1.8506595138455606e-12
9113.90945369989,766.1929773150762,1.8700390135259796e-12
9114.168093181206,766.2363994695688,9.936582029964733e-13
9114.797600849035,766.3420906460324,-5.964873845815001e-12
9115.670849575517,766.4887168088861,-7.008951738430872e-13
9125.451055365347,768.1318592709856,9.79811487698448e-13
9127.135332059142,768.4150072927529,-2.6389159410471475e-12
9127.968556063814,768.555102010979,-5.199892307761358e-13
9129.270526383056,768.7740353328345,5.4025063319021724e-12
9130.431852163383,768.9693448658535,-2.2248778492402335e-12
9131.03156298589,769.0702128040958,1.3903762784010976e-13
9136.16213650828,769.9334167749337,3.735210682959334e-12
9140.641819157403,770.6875067758273,-1.917413048546538e-12
9142.458591736624,770.9934396105625,4.635104491451106e-13
9142.855304767842,771.060251625036,-5.3589193451180414e-14
9144.642810474574,771.3613285081644,1.206937313670692e-12
9148.644520337297,772.0355662098507,8.730849579059235e-13
9148.688458852868,772.0429709334519,3.0320565489255303e-12
9153.360778923552,772.8305750643038,7.799956810825141e-13
9154.530706916488,773.0278505594661,6.993430116196163e-13
9155.018945786198,773.1101857877486,3.196037395176787e-13
9157.172460560516,773.4734008539026,3.2871006892278125e-13
9157.849914824037,773.5876789809496,1.3903193277047948e-11
9161.39373050786,774.1856144892398,4.20754938404878e-12
9161.514561425682,774.2060059417524,1.7891438328627743e-14
9162.6785906882,774.4024615536002,-2.7123624038273707e-13
9164.926108003638,774.781850292138,-3.725448970067479e-13
9165.061931630482,774.8047807741892,5.84892797493154e-13
9165.366627057216,774.856222346529,-6.407393914017623e-13
9165.959758810573,774.9563653804721,-5.13826674395928e-14
9167.006965235407,775.13318918404,-6.438623715708191e-13
9171.863641580952,775.9535169827246,-3.7859817726672633e-13
9173.556199421388,776.2395043528786,-2.360515212027755e-13
9173.562324931374,776.2405394611972,-2.694305254470449e-12
9175.070167224121,776.4953605122455,1.3024591986908149e-12
9175.88934384489,776.6338165841187,3.692062207751281e-14
9176.055871435348,776.6619643533793,-1.3927607028123521e-11
9178.602185447095,777.0924254799975,-2.3318169284520108e-12
9180.298751367656,777.3793007405984,4.7402523796695394e-12
9183.150611844898,777.8616462241075,3.819793973738141e-13
9185.668698595651,778.2876638914737,2.492692543996593e-12
9186.118897680193,778.3638422663038,4.0484721958896465e-13
9186.131319400216,778.3659442036562,-9.367817884185703e-14
9187.733977066015,778.6371612445793,4.74386940071811e-13
9188.40823608132,778.7512799365734,-5.1203554619169415e-12
9189.698276446488,778.9696432842503,-2.62295972591195e-13
9195.116529542942,779.8871182594213,-3.8037430078786064e-13
9197.55893420299,780.3008684509185,-2.228323022204605e-13
9201.404874324466,780.9526042297816,3.7091010120036345e-12
9201.473844852813,780.9642945120328,-2.365089038039679e-12
9201.527330906147,780.973360286003,4.791145622319655e-13
9205.415545672482,781.6325457012277,-2.1540571378862692e-13
9205.980317671643,781.7283170387176,-1.2936314684669696e-12
9207.22502063694,781.93940856523,-8.559602394315998e-14
9208.796520779957,782.205963004138,-2.164123949292503e-12
9209.607775526814,782.3435840749787,-2.4087683670493374e-12
9212.115955466987,782.7691478327588,-3.803149768660808e-12
9212.615991797507,782.8540030242256,6.160144729779341e-12
9215.086850498084,783.2733705437023,7.037796943156825e-12
9226.591225209733,785.2274361257909,7.841779190017037e-15
9234.68679503253,786.6039635417136,-4.394298089406495e-12
9235.963600845715,786.8211749941402,7.100170073507479e-13
9236.193200234104,786.8602378519979,1.1087842666671448e-11
9237.29073567087,787.0469802961693,-6.675435235361397e-14
9237.742371846529,787.123831314504,1.6625186523903386e-11
9237.768481677655,787.1282743133302,5.604897206525609e-13
9238.018253959915,787.170777634112,-2.2860265537915763e-12
9238.942777023458,787.3281121371198,8.382106755073234e-13
9238.965691606383,787.3320119201799,-4.70246195356877e-12
9242.745856447636,787.9754823681025,1.665234353977463e-12
9246.977165698552,788.6960601265636,-4.337945274402859e-12
9247.95162029444,788.8620531944667,-1.3822877493804151e-12
9250.41941623998,789.2825071209637,3.663363978574797e-13
9251.957962496286,789.5446957016159,2.8991064986750895e-12
9255.11569050486,790.0829508005497,2.7731297381619636e-12
9257.936620238803,790.5639517978505,-3.258728584946513e-12
9258.63802869672,790.6835727703619,-2.151989679293967e-13
9262.307987976234,791.3096098998359,1.876129907340063e-12
9266.482615925579,792.0220371614821,9.467624128086632e-14
9267.23115814726,792.1498146752434,1.0764702128096837e-14
9269.664922387754,792.565333975538,2.441784497201516e-14
9270.061502925742,792.6330529541231,-2.7833661132806747e-14
9270.55671834418,792.7176186153795,1.5169171456655194e-12
9271.370449793647,792.8565856057435,-1.1207297252935979e-13
9271.39727817034,792.8611674954817,-5.404551863374815e-13
9271.450764223668,792.87030216148,4.1925479927177905e-13
9274.312437224957,793.3591125153146,1.002476005919831e-12
9277.222510381092,793.8563449334613,1.033716767839415e-11
9277.560159694483,793.9140478045751,-1.9011274219058053e-14
9278.859199751842,794.1360679597786,1.0143204593629334e-12
9278.979898176443,794.1566982190749,-4.782727652784306e-12
9279.358782523193,794.2214603960842,-7.298864515376327e-12
9281.10482641687,794.5199434346542,-1.779035797154186e-13
9283.254559890496,794.8875136106722,-8.732701573197204e-14
9284.939781909296,795.1757192523098,4.935706176691795e-12
9285.63268244095,795.2942338553713,-3.575154511758481e-13
9288.104259687005,795.7170476604118,-2.38758410066141e-13
9292.92087310362,796.5413511565725,-8.087083308465826e-13
9298.196950283398,797.4447766117125,-2.1994807376282531e-13
9301.65266215627,798.0367778810601,7.067452580367804e-12
9302.676632932164,798.2122375315699,-1.8264809975030838e-13
9304.360909625813,798.5008840695913,-2.0033696327394194e-13
9305.167437746934,798.6391230623333,-6.854298033028243e-12
9305.472133173642,798.6913510044479,-7.42746656883148e-13
9306.771400010559,798.9140779493293,-6.254041165412187e-12
9307.769260955329,799.0851574716756,-5.0606229874503825e-12
9308.103620734146,799.1424863063588,1.907555232669043e-12
9309.453537648971,799.3739620111452,8.422630377454677e-13
9312.772745556264,799.94326273502,1.15868243714118e-11
9316.529730828046,800.5878945960616,2.4857999022475513e-13
9317.287140248745,800.7178840758256,1.1310620912722274e-12
9318.699675402346,800.96033695143,6.303763040560049e-12
9319.06177067615,801.022494272005,-2.3402633690886853e-12
9319.906206089212,801.1674595458306,8.159397385870991e-13
9327.911781450657,802.5424391363749,-2.9518269891269668e-12
9331.03502419494,803.0791848023234,6.483081366153558e-12
9334.637903596264,803.698581744312,5.317345934944563e-13
9334.724116756692,803.7134061988701,3.6446520690439994e-14
9337.631486430533,804.2134120030606,1.120649133336704e-12
9340.323304099875,804.676486260988,4.576653894569434e-13
9340.888076098998,804.7736611092707,1.2037988839563816e-13
9342.955377712691,805.1294117930261,1.8648847910677887e-12
9342.987745547009,805.1349824234283,-2.537967641372517e-14
9348.22754109858,806.0370260900503,7.562656765675591e-13
9348.31789483235,806.0525851428043,-1.9474438385978113e-13
9360.790145069948,808.2017690437679,5.489465482497138e-13
9361.477146871159,808.320234572466,-2.0970238782950317e-12
9363.00174002987,808.5831641154459,1.4310731236999352e-13
9363.57182470704,808.6814912468279,8.419627842869923e-12
9364.271966773837,808.8022586229305,-7.37249213434717e-12
9364.540872338448,808.8486444942769,1.0115270360701348e-12
9364.69605602722,808.8754140913641,-1.1484548667684085e-12
9365.995908916455,809.0996595753157,5.001570439333362e-13
9366.569774894182,809.1986705696473,4.558691433372503e-12
9366.786272223813,809.2360251456618,-1.0853676282446407e-12
9368.503276024507,809.5323085634981,5.652486018173116e-12
9369.19298130793,809.6513382877647,-3.5191247120890103e-12
9370.28569583256,809.8399375114504,-2.611426180879832e-13
9371.036128704483,809.969472695953,-4.082241444910014e-14
9372.565675268455,810.2335258942353,-8.406917744190574e-13
9373.040585299792,810.3155207325543,5.786186853789295e-12
9375.349510542226,810.7142237596578,-5.396169096255221e-13
9375.923962572308,810.8134348485581,1.1068929082433704e-12
9375.98090886025,810.8232701231819,-1.0742430722885365e-12
9376.687856775758,810.945373080014,-4.717617041759383e-12
9380.09480922087,811.5339457580391,4.4704877015020685e-12
9381.55952582983,811.7870505784894,-4.715136973851172e-12
9382.66038900793,811.9773070945698,5.710102474146245e-12
9384.565038618062,812.3065306061133,-2.7800013299590756e-13
9384.911687623686,812.3664569529982,9.937932800560777e-13
9385.694129057138,812.5017282984468,6.74429429235182e-12
9387.180682430671,812.7587601654845,-2.9071797431509583e-12
9387.859800564822,812.8761963383369,-3.896877164005696e-14
9388.967961357617,813.0678427460705,-2.3202104548164607e-13
9391.368771711293,813.4831188202836,-1.7843215533100792e-12
9391.85322928039,813.5669299157461,8.895656984463233e-13
9393.551326578274,813.860734659257,-5.299433798524056e-12
9394.405120956333,814.0084782043264,4.202749624085942e-12
9394.739707514713,814.0663798868486,-5.320096064212067e-12
9396.358076434939,814.346474890563,-1.1599409662407164e-11
9399.46857639316,814.8849520801615,1.0422649309166404e-12
9400.67145827263,815.0932379204984,1.656193202637946e-12
9400.902135479348,815.1331840368707,-1.3377803692217591e-11
9401.130657049373,815.1727578305286,1.0845557738590646e-11
9401.298848510518,815.2018846854475,-2.8787400398354036e-14
9401.476587509424,815.2326655184713,-6.8412692455932276e-12
9406.846761516417,816.1629464533929,5.15650938685612e-13
9408.160208230362,816.3905570734399,-5.900345445675542e-12
9408.541077513732,816.456564852334,-3.1844487560421076e-12
9411.912372589908,817.040954520558,-3.3359657737358483e-13
9412.274108590913,817.1036712827885,7.590734430188374e-13
9413.704472428893,817.3516873189019,7.700173314151936e-13
9413.992776262277,817.4016819425202,-1.7071269779967342e-13
9417.160184301574,817.9510414003254,6.585928784413177e-12
9418.460037190778,818.1765430945449,3.752783415517196e-13
9419.97143400433,818.4387830859268,-3.104160884590954e-13
9420.377694573257,818.5092798688676,2.874024396681661e-13
9424.821133800526,819.2805307063426,1.986295317842008e-13
9426.528778636144,819.577024552466,-6.744974780786881e-13
9428.022214272043,819.8363698540988,1.0886410481729645e-12
9435.15544802503,821.0756713989826,2.088331183957073e-13
9436.646860517436,821.3349023391853,8.898885778858612e-12
9436.743964020385,821.3517818754259,2.0780354394310516e-12
9444.457094974669,822.6931129989897,-5.755255661697932e-12
9444.677108618433,822.7313899508443,-9.181202745872576e-12
9445.816332647595,822.9296011181309,1.1146606975407125e-12
9446.785153499392,823.0981830092409,-4.322433273865165e-13
9447.514429945435,823.2250938333465,4.488441422945481e-14
9449.373742155658,823.5487011217433,2.2615341321993038e-12
9451.441270548825,823.9086225420798,5.528889430234418e-14
9452.038183602657,824.0125495696543,-3.3928375290906877e-12
9452.452006772697,824.0846031313231,3.899766621799997e-12
9453.169845030701,824.2095983059992,-9.182833852740904e-12
9454.038858897335,824.3609299689854,4.858550051230922e-13
9457.099521609498,824.8940301440753,1.6308791976470954e-11
9459.131486920136,825.2480491502473,7.0513791788906155e-12
9459.616795527987,825.3326132584624,9.540670699925298e-13
9465.048736734841,826.2794147934958,5.459553434669113e-13
9467.850759965717,826.7680272574175,2.3365861005299433e-12
9471.49803144152,827.4042494476188,-1.432722096383003e-12
9473.922115650814,827.8272370353565,-2.0190780939382794e-13
9474.089721059598,827.8564871354783,9.115219606133635e-14
9476.178500164955,828.2210593412124,-2.585208212655625e-13
9476.339129024978,828.2490985765996,1.7541361435215834e-13
9476.964004353365,828.3581807962731,-1.385019748561848e-12
9477.032748102132,828.370181582331,4.432610703228463e-12
9479.58392123241,828.8156084813868,1.823607405813659e-12
9482.316255389362,829.2927984959246,-2.4303365161521704e-12
9483.94903096619,829.5780211366315,-7.634242907119865e-12
9484.614063509582,829.6942069256281,2.0291140632354128e-12
9484.965439140884,829.7555979701937,-1.6499214142914124e-13
9485.798077093057,829.9010824591156,9.606543639646579e-12
9486.495344977557,830.0229239417938,-9.93928543959159e-14
9487.222863266517,830.1500609659219,2.3885184136705007e-13
9490.526945971305,830.7275866544425,8.710320397339062e-13
9491.71366303699,830.9350638369929,8.934605164161332e-13
9494.77468502188,831.470350935227,-3.5686464408552127e-12
9496.785267127058,831.8220394063482,-5.744942123002344e-14
9498.479583124305,832.1184648268755,-3.464882868110224e-12
9498.535224814323,832.1282003962025,-3.213069999149948e-12
9500.740467484542,832.5140953610778,-3.88340342568091e-12
9502.156651445372,832.7619603396168,4.862852822866322e-13
9502.777386200412,832.8706149375082,7.842531109825292e-13
9505.28912066122,833.310346204361,1.848475149780363e-12
9508.966283268643,833.9543194703614,2.2144021477938482e-13
9510.20094693001,834.1705992125834,3.261948948153305e-12
9513.094590285673,834.6775974363953,-3.292224193737324e-12
9513.838538374777,834.8079702698752,1.4181478229971111e-12
9514.28472937912,834.8861676938385,-4.550248348267441e-12
9514.449498812482,834.9150453691211,5.200258600311904e-13
9514.754194239162,834.9684479480646,4.457618752665048e-13
9520.092624670759,835.904367788202,-9.563191754475165e-14
9520.213323095346,835.9255343931425,-1.9267025440230205e-15
9525.821471923455,836.909318458256,2.2005980139211615e-12
9526.99436838481,837.1151417529019,-2.3294545450836328e-12
9528.459084993676,837.372210081657,-3.671112159422751e-12
9530.538089781643,837.7371582726315,-3.3284169667975866e-13
9531.378384621285,837.884686097318,-7.591643253916797e-14
9532.382144296362,838.0609299583074,-9.414626928845662e-13
9534.299801678742,838.3976909802847,-3.530535332763411e-13
9537.61900958569,838.9807392699297,1.112928238362553e-11
9538.015722616832,839.0504390076968,-1.023281502801225e-13
9538.58472947561,839.1504146412976,3.32922750307713e-13
9542.878751251083,839.9050751134737,-1.2130377572979535e-13
9544.573067248295,840.2029391325638,-6.068272704590822e-12
9546.092253442452,840.4700599586481,3.8099475842895584e-13
9547.350058466292,840.6912539057329,-9.321999489066223e-13
9548.16225853816,840.8341005420358,-1.707772727895847e-13
9555.537740178708,842.1318281851743,6.90323410687848e-12
9556.74841143878,842.3449434470276,-1.307508086291822e-11
9561.436537049518,843.1704520014538,-8.491005070579021e-13
9561.75189603914,843.2259965191388,-9.781166861806005e-12
9561.838109199562,843.241181654586,3.657041689065484e-12
9562.736389938636,843.3994082739092,2.3579457325255234e-13
9563.41042217425,843.5181446616057,6.6488304334247815e-12
9565.169568126437,843.8280722841129,-1.0034519276265467e-12
9565.847022389826,843.9474418758738,-8.948626675803516e-12
9567.516892426602,844.2417143793057,1.2613550450798039e-12
9568.098907057753,844.3442918591996,-9.734767132862371e-13
9571.66518376466,844.9729684618005,1.635517954800631e-14
9576.866939530528,845.8903735086595,3.227006064914875e-13
9578.643233828428,846.2037629244788,-3.9302563534493255e-14
9579.049494397324,846.2754471430983,-5.331898598636308e-12
9582.391616887127,846.8652762654434,1.7186220052015413e-13
9585.580767404386,847.4283002189256,-7.713723423482157e-12
9588.019976815787,847.85905335381,4.002533041111779e-12
9589.72172292087,848.1596387731672,-5.937249797861583e-13
9591.42360151916,848.4603009466792,5.26067909934389e-14
9592.385086549353,848.6301851671266,-3.1098342114217675e-12
9593.84012312721,848.8873071029036,-1.370625171303564e-12
9596.343349661662,849.3297476907699,-6.6330016334510715e-12
9597.411939291704,849.518654054705,3.932031485020285e-12
9598.45752005246,849.7035132470642,1.680761478043783e-13
9599.127184935145,849.8219209067975,-6.182813466641023e-13
9599.265125991817,849.8463121586516,1.487757709723062e-12
9600.404350020897,850.0477673990832,1.42410818363872e-12
9601.110031545248,850.1725689289507,-8.073560090768677e-12
9601.568379283177,850.2536337785265,-9.212549472765212e-12
9603.842365702052,850.6558755294384,3.1667709476272195e-12
9605.267151875438,850.9079521712943,1.1942435464233716e-12
9610.521845849042,851.8379487045395,-7.107412331865009e-12
9614.317948723803,852.5101144598232,1.209923718531077e-12
9616.523871732634,852.9008332759133,-2.472370827562074e-12
9616.536293452653,852.9030336970418,-3.0140740469743824e-12
9616.588021348904,852.9121969639086,-9.055749724003461e-12
9617.202989866712,853.0211384903878,-2.800042940538755e-13
9625.693343862053,854.525914706314,-1.0957883926859761e-13
9626.746260444332,854.7126194769561,6.359852262999118e-12
9628.746349686497,855.0673345859608,-6.489283166448891e-12
9629.263761142207,855.1591093191038,-2.575657711708086e-13
9636.385291720098,856.4227763887989,7.900079657670946e-12
9637.314182136384,856.5876705375725,-1.5110186761058769e-13
9638.067810256416,856.7214642696981,1.8405087475989304e-12
9639.635888371342,856.9998831447745,3.242326773608893e-14
9639.974483009817,857.0600079953138,1.466633089132456e-11
9640.198637226902,857.0998126190531,-5.7187854497619965e-12
9641.410745578063,857.315071165782,1.1277719761005839e-12
9645.011961108172,857.9547713495574,3.0448705765333525e-13
9646.114223170425,858.1506188900364,-2.2291918600760276e-12
9646.1488409278,858.1567700608185,-1.178460413445836e-12
9646.420355688222,858.2050158251246,2.3414346830485383e-13
9647.832890841608,858.4560327005831,-5.656684315762646e-13
9651.16637291185,859.0485603121464,-4.326178831813146e-13
9651.219858965167,859.0580691454583,-2.1165099309431891e-13
9651.834241430608,859.1672987899775,-1.0930611205952285e-11
9655.410784220714,859.8033021551659,9.395653761621917e-13
9656.809498769784,860.0520944802839,-3.399324255833485e-13
9656.996199254078,860.0853060178706,-4.7888793844367684e-14
9657.156828114088,860.1138802734704,3.520598143927087e-12
9658.296052143141,860.3165503875992,-1.1629157749679417e-12
9659.71957192541,860.569830855493,6.6361232615688774e-12
9666.286143028343,861.7386745406055,-1.2540337067577455e-12
9672.38752233779,862.8254263948492,-1.2706346731990066e-12
9675.08100387743,863.3053961065132,-2.3404844040628037e-12
9676.891877725786,863.6281631050881,-5.502777469205293e-12
9678.356594334555,863.8892758300727,8.441431115825154e-12
9679.796184644181,864.1459478377918,-3.2243229418439945e-12
9683.946234139106,864.8860952980384,1.6888128398666672e-13
9684.463059542451,864.9782915967478,9.16380110464321e-13
9685.656128897594,865.1911416012692,-8.092478484630966e-13
9687.710782011367,865.5577642530087,5.968797266473326e-14
9687.719649210407,865.5593466428868,-4.6752272564047466e-14
9689.19359229099,865.8223982669391,1.545097363236446e-13
9691.64824797045,866.2605644926522,-5.701187695988446e-14
9691.824002032687,866.2919415801368,-1.3970765661311011e-12
9694.90096205147,866.8413584398513,3.7910505530767455e-12
9699.349808242612,867.6360453839853,9.247887723682333e-14
9700.46647696151,867.8355705347824,1.6997546229050818e-13
9704.27982246821,868.5171081107176,-2.004622321226465e-12
9707.56607648824,869.1046565072993,8.59254100409619e-15
9710.804118926158,869.6837797463736,-3.2728012714410573e-12
9712.826895971593,870.0456510258222,2.0536509940055544e-13
9719.419936178276,871.2256575882732,1.1218169465339309e-12
9720.136696617848,871.353989913346,-8.52943556057871e-12
9720.65329524161,871.4464901478467,2.7372675163052213e-12
9722.636141851608,871.8015769578712,1.0519926436348204e-11
9723.325847134924,871.9251058838128,4.938624739998813e-12
9725.491291862703,872.313002486603,-2.401191327929839e-12
9725.749931343946,872.3593384097991,-3.778353206426753e-13
9728.636409577844,872.8765419669876,-1.5523785405763874e-13
9729.482376368247,873.028152664176,-3.110017208999098e-12
9730.056828398236,873.1311111153159,-2.5617133777019983e-12
9732.536195024486,873.5755552021122,-3.3979744425442597e-12
9732.998815828936,873.6584958043169,-2.1732198002404064e-13
9733.081606961574,873.6733393624402,-5.876537837962329e-12
9734.610699966148,873.9475119652443,-2.195298148278235e-12
9734.747563204464,873.9720542012697,8.249720794797257e-14
9734.864253548913,873.9929793182474,-1.082005709025159e-13
9736.22092023266,874.236277574637,4.554136228446038e-13
9736.901077978206,874.3582666425066,-6.380759550224645e-12
9739.063686730558,874.7461959726338,2.7762045738920955e-13
9743.79268810149,875.5947856586228,3.736522910853005e-12
9744.041061499405,875.639366095981,1.080859379369038e-11
9745.724033594799,875.9414719911063,-1.4117805829226603e-11
9746.934704854772,876.1588286714092,-1.5180232874230093e-12
9746.954915955479,876.1624574807332,4.422722608686979e-14
9752.964863712621,877.2418494972346,-3.7810124665871516e-12
9754.437142922456,877.5063736264514,1.1106274543538077e-13
9756.778209219236,877.9270747918904,3.116688521096545e-12
9759.928639612384,878.4933820234378,-5.8829038544114e-14
9760.60110226361,878.6142845698023,2.328130185544515e-13
9765.463223779094,879.4886967617906,5.39850387928764e-12
9765.877179442277,879.5631633673441,-1.8646956807793569e-13
9769.110495254423,880.1449141117871,-3.9292659471427356e-12
9771.137866432297,880.5097848434008,9.007559257794214e-13
9771.293050121041,880.537716734254,-7.351302633435418e-13
9773.152362330999,880.8724133744968,-4.492944669190629e-13
9775.78443594331,881.3463244448834,8.931618506226749e-13
9776.352762463304,881.4486697295275,1.152506933617061e-13
9783.686423017425,882.769862549505,6.224839000750603e-12
9784.588485056971,882.9324416170227,-6.292519382450345e-13
9789.998721991691,883.9078457181788,1.6546060164325442e-13
9794.208061983785,884.6671147235592,-3.341533420402395e-12
9795.37375511667,884.8774369077161,4.246586220638755e-12
9796.201760729406,885.0268464458557,5.630696018867793e-13
9796.377514791633,885.0585620263265,6.023789963821438e-13
9796.400882933704,885.062778951461,-3.0543218194011518e-12
9796.745055236624,885.1248881279763,2.572816681495712e-13
9798.01042286145,885.3532545496694,-3.562131401042541e-14
9798.589960789901,885.4578561383544,-1.0711072217710342e-11
9802.557412166838,886.1741129859531,6.388221744634949e-12
9802.95507052308,886.2459195245298,6.003846544103414e-12
9804.103974583024,886.4533974518733,-8.068655632202478e-12
9804.191851614141,886.4692679627299,-1.8409375589659397e-12
9805.228205902986,886.6564433234603,1.1005812946896389e-12
9805.311715581189,886.6715268204557,-5.351575297438021e-14
9807.101924769586,886.994904846828,-4.368659957955289e-12
9809.725131182822,887.4688596280635,3.372426500124624e-12
9810.273965147668,887.5680376958768,3.155567037931616e-14
9813.097825142695,888.0784163156861,8.056462020801682e-13
9815.881433636352,888.5816637264948,-4.981888993736229e-12
9816.616514526322,888.714582514694,1.1486596983659036e-12
9816.997383809627,888.7834559705238,-1.618906605880679e-12
9817.220006649197,888.8237146006503,4.520952250577301e-12
9822.091675702328,889.7049252163451,4.5185715194013785e-12
9822.258203292742,889.7350552445807,-5.432308362015624e-12
9822.717402069396,889.8181412531883,-8.311977664433472e-12
9825.847394582179,890.3845759030685,6.51955251038426e-12
9827.71283230208,890.7222499385932,2.785981844094627e-12
9829.787337243666,891.0978437620487,-4.276977950273203e-12
9831.780582430107,891.4588000002401,1.2958801384892161e-12
9832.22110148355,891.5385833525014,-1.968649568874233e-12
9832.551906741312,891.5984985535907,3.861335191027095e-13
9834.083476448457,891.875921585653,5.078498869533109e-12
9834.690655585518,891.9859157928298,-2.0581926482867818e-12
9835.178894455077,892.074368170409,4.726887440172569e-13
9836.78677051209,892.3656919970296,1.4783277092912896e-13
9840.462174961916,893.0318008365214,-1.889837388514402e-12
9840.946046478557,893.1195134208857,-4.9665000456571e-12
9841.203608141443,893.166204018215,-1.5871439491779017e-12
9841.43428534812,893.2080220575268,-8.697906942901761e-12
9842.17940554183,893.3431069702526,-3.566664252840679e-12
9848.510478525528,894.4912974258075,-1.419516138919336e-12
9848.865011198131,894.5556165775965,-2.2917002363031e-12
9849.073227381034,894.5933921394052,3.0516797482448488e-12
9849.544129332142,894.678828337505,-4.237100941020131e-13
9849.613099860468,894.6913420703597,-9.645809982936665e-14
9850.376408011402,894.8298394558091,-9.98714700668057e-12
9854.58633405575,895.5938964660402,6.433965630619982e-12
9855.652938749026,895.7875257621977,3.698244482723067e-12
9857.692334167225,896.1578118947845,-6.311332088711579e-12
9859.588514057554,896.5021636007746,2.9000397589170548e-12
9861.591892834087,896.866054885805,-1.7358035382097803e-13
9862.085350095324,896.9556972106272,3.562978138434974e-12
9864.59871021961,897.4123482911042,-1.8031097056858941e-12
9866.86027491822,897.8233502536185,-1.520683816506712e-13
9867.060928500008,897.8598202723474,6.463735606299592e-13
9869.651540299295,898.3307464510705,1.1504136440108348e-12
9874.268937224013,899.170411899227,8.937948169840263e-14
9876.221306649853,899.5255649569265,-6.806829326110764e-12
9876.38193550985,899.554787876148,1.620514112476576e-12
9877.17901037937,899.6998053025221,-8.527821028463615e-12
9880.509562187508,900.3058825900953,-3.108432840072191e-12
9880.970878394006,900.3898467349001,9.910448332221871e-14
9884.670955583757,901.0634394563198,-6.194418223463736e-13
9885.881626843664,901.2838948459361,-2.706610026824942e-12
9886.518791398754,901.3999292257452,-2.2497140702974758e-13
9886.522931972093,901.4006832922398,-9.919644806712996e-13
9888.04657980531,901.6781860581729,-4.301274289720996e-14
9894.053824079894,902.7727052320726,2.2969981167399454e-12
9894.264649458637,902.81112966444,1.0335638311737736e-11
9895.734811238537,903.0790999200497,1.0670823735641842e-13
9896.645513697496,903.2451160236998,-2.091103512813136e-13
9896.800697386236,903.2734066893554,1.4875311196315885e-13
9899.663636777812,903.7954126545965,-6.757323595420357e-12
9901.02030346147,904.0428293668482,2.861938160348714e-13
9901.68051509268,904.1632451119663,-2.5883696870325634e-12
9904.327089647883,904.646033431423,1.232971662811495e-12
9905.046005724093,904.7772004378793,1.4859163689555061e-15
9906.935889404353,905.1220571451817,1.8036196098863883e-13
9907.359298318908,905.1993277490482,4.779953525885122e-12
9907.500661403335,905.2251267387946,1.2150008595798846e-13
9909.283213704179,905.5504769807511,-8.34681901109143e-12
9912.030181296868,906.0519662495253,1.3729718046937138e-12
9912.30727372173,906.1025602493627,4.445041714466471e-13
9916.415993896539,906.8529328994902,-7.15386464717308e-12
9918.133224476402,907.1666416466638,3.6314563348329777e-12
9919.685458843354,907.4502551412739,1.7389017235413255e-12
9919.908081682917,907.4909348812552,-7.887243691941828e-12
9924.196072234081,908.274655003467,-3.876318599211012e-14
9925.146213362466,908.4483590431254,-1.9444871273807994e-12
9926.416440106128,908.6806068550284,-1.2380864478671877e-12
9928.089732170427,908.9865963529656,1.2933895028700402e-12
9928.598994972604,909.0797338287065,-1.2695719405474538e-11
9933.182360192199,909.9181860923736,-4.789100773183731e-12
9938.608175887974,910.9112511897819,7.53549620238102e-13
9939.011732974599,910.9851342779971,3.3203667881820994e-12
9945.0955103785,912.0993135953462,-1.5466582201059849e-12
9946.099270053404,912.2832070596957,1.1194011928080383e-12
9950.815528637975,913.1474961458897,4.101578670664305e-14
9950.955946397258,913.1732350145398,6.408755211322795e-12
9953.02937352039,913.5533408159296,3.8082914723656377e-13
9953.143946434977,913.5743469156204,-3.677253677719687e-12
9953.62674013325,913.6628662391754,3.154901014025218e-12
9954.16247203932,913.7610967100167,1.8931625775037e-13
9954.981648659807,913.9113091218909,3.3810049370236994e-13
9956.6360342213,914.2147114829445,-1.6289997161422611e-13
9960.912000532006,914.9991263713425,4.725443176827497e-13
9961.988285256206,915.1966210587756,8.366623303123636e-12
9962.253901286182,915.2453640046834,2.284622490800319e-13
9962.472156772827,915.2854168348553,6.471318533493035e-12
9962.787118282777,915.3432180734982,5.7490823434536205e-12
9966.83893037642,916.0869631884888,-7.200891015974321e-13
9967.201025650125,916.1534436247338,3.8099066390274706e-13
9968.099438882253,916.3184020892785,-6.336158631296888e-13
9968.420696602232,916.377392118118,-3.2921766289640182e-12
9968.991234838404,916.4821602541289,3.517975097606651e-12
9970.840280964894,916.8217424479027,8.596038276403224e-12
9976.133827554773,917.7942644685172,5.6541383740697165e-12
9977.444665072555,918.035169203825,-4.470800526881582e-13
9980.879126232192,918.6665020042998,1.1835964214261587e-11
9982.281357095222,918.9243266916471,-3.4143813963998843e-13
9985.105217090055,919.4436526927616,5.815123056179635e-12
9985.447366249466,919.5065860991398,-5.104328544163979e-13
9985.680746938337,919.5495143501842,-1.149675652041311e-12
9991.447047922704,920.6104915117038,1.190710978647517e-13
9993.141363919596,920.9223555509531,-1.4398818246795244e-12
9995.070724476062,921.2775474274752,-3.8788900458145585e-13
9996.305388137178,921.5048828107275,-2.412542202535343e-12
9996.598512882554,921.5588592263579,2.740159531693583e-13
9999.872345182175,922.1618150077593,1.8639647598426225e-12
